[0.197s] DEBUG:colcon:Command line arguments: ['/usr/bin/colcon', 'build', '--symlink-install']
[0.197s] DEBUG:colcon:Parsed command line arguments: Namespace(log_base=None, log_level=None, verb_name='build', build_base='build', install_base='install', merge_install=False, symlink_install=True, test_result_base=None, continue_on_error=False, executor='parallel', parallel_workers=16, event_handlers=None, ignore_user_meta=False, metas=['./colcon.meta'], base_paths=['.'], packages_ignore=None, packages_ignore_regex=None, paths=None, packages_up_to=None, packages_up_to_regex=None, packages_above=None, packages_above_and_dependencies=None, packages_above_depth=None, packages_select_by_dep=None, packages_skip_by_dep=None, packages_skip_up_to=None, packages_select_build_failed=False, packages_skip_build_finished=False, packages_select_test_failures=False, packages_skip_test_passed=False, packages_select=None, packages_skip=None, packages_select_regex=None, packages_skip_regex=None, packages_start=None, packages_end=None, allow_overriding=[], cmake_args=None, cmake_target=None, cmake_target_skip_unavailable=False, cmake_clean_cache=False, cmake_clean_first=False, cmake_force_configure=False, ament_cmake_args=None, catkin_cmake_args=None, catkin_skip_building_tests=False, verb_parser=<colcon_defaults.argument_parser.defaults.DefaultArgumentsDecorator object at 0x7ffb6cce3d10>, verb_extension=<colcon_core.verb.build.BuildVerb object at 0x7ffb6ce8e450>, main=<bound method BuildVerb.main of <colcon_core.verb.build.BuildVerb object at 0x7ffb6ce8e450>>)
[0.274s] Level 1:colcon.colcon_core.package_discovery:discover_packages(colcon_meta) check parameters
[0.274s] Level 1:colcon.colcon_core.package_discovery:discover_packages(recursive) check parameters
[0.274s] Level 1:colcon.colcon_core.package_discovery:discover_packages(ignore) check parameters
[0.274s] Level 1:colcon.colcon_core.package_discovery:discover_packages(path) check parameters
[0.275s] Level 1:colcon.colcon_core.package_discovery:discover_packages(colcon_meta) discover
[0.275s] Level 1:colcon.colcon_core.package_discovery:discover_packages(recursive) discover
[0.275s] INFO:colcon.colcon_core.package_discovery:Crawling recursively for packages in '/home/njoy/ROS/turtlebot3_ws'
[0.275s] Level 1:colcon.colcon_core.package_identification:_identify(.) by extensions ['ignore', 'ignore_ament_install']
[0.275s] Level 1:colcon.colcon_core.package_identification:_identify(.) by extension 'ignore'
[0.275s] Level 1:colcon.colcon_core.package_identification:_identify(.) by extension 'ignore_ament_install'
[0.275s] Level 1:colcon.colcon_core.package_identification:_identify(.) by extensions ['colcon_pkg']
[0.275s] Level 1:colcon.colcon_core.package_identification:_identify(.) by extension 'colcon_pkg'
[0.276s] Level 1:colcon.colcon_core.package_identification:_identify(.) by extensions ['colcon_meta']
[0.276s] Level 1:colcon.colcon_core.package_identification:_identify(.) by extension 'colcon_meta'
[0.276s] Level 1:colcon.colcon_core.package_identification:_identify(.) by extensions ['ros']
[0.276s] Level 1:colcon.colcon_core.package_identification:_identify(.) by extension 'ros'
[0.320s] Level 1:colcon.colcon_core.package_identification:_identify(.) by extensions ['cmake', 'python']
[0.320s] Level 1:colcon.colcon_core.package_identification:_identify(.) by extension 'cmake'
[0.320s] Level 1:colcon.colcon_core.package_identification:_identify(.) by extension 'python'
[0.320s] Level 1:colcon.colcon_core.package_identification:_identify(.) by extensions ['python_setup_py']
[0.320s] Level 1:colcon.colcon_core.package_identification:_identify(.) by extension 'python_setup_py'
[0.321s] Level 1:colcon.colcon_core.package_identification:_identify(build) by extensions ['ignore', 'ignore_ament_install']
[0.321s] Level 1:colcon.colcon_core.package_identification:_identify(build) by extension 'ignore'
[0.321s] Level 1:colcon.colcon_core.package_identification:_identify(build) ignored
[0.321s] Level 1:colcon.colcon_core.package_identification:_identify(install) by extensions ['ignore', 'ignore_ament_install']
[0.321s] Level 1:colcon.colcon_core.package_identification:_identify(install) by extension 'ignore'
[0.321s] Level 1:colcon.colcon_core.package_identification:_identify(install) ignored
[0.322s] Level 1:colcon.colcon_core.package_identification:_identify(log) by extensions ['ignore', 'ignore_ament_install']
[0.322s] Level 1:colcon.colcon_core.package_identification:_identify(log) by extension 'ignore'
[0.322s] Level 1:colcon.colcon_core.package_identification:_identify(log) ignored
[0.322s] Level 1:colcon.colcon_core.package_identification:_identify(src) by extensions ['ignore', 'ignore_ament_install']
[0.322s] Level 1:colcon.colcon_core.package_identification:_identify(src) by extension 'ignore'
[0.323s] Level 1:colcon.colcon_core.package_identification:_identify(src) by extension 'ignore_ament_install'
[0.323s] Level 1:colcon.colcon_core.package_identification:_identify(src) by extensions ['colcon_pkg']
[0.323s] Level 1:colcon.colcon_core.package_identification:_identify(src) by extension 'colcon_pkg'
[0.323s] Level 1:colcon.colcon_core.package_identification:_identify(src) by extensions ['colcon_meta']
[0.323s] Level 1:colcon.colcon_core.package_identification:_identify(src) by extension 'colcon_meta'
[0.323s] Level 1:colcon.colcon_core.package_identification:_identify(src) by extensions ['ros']
[0.323s] Level 1:colcon.colcon_core.package_identification:_identify(src) by extension 'ros'
[0.323s] Level 1:colcon.colcon_core.package_identification:_identify(src) by extensions ['cmake', 'python']
[0.323s] Level 1:colcon.colcon_core.package_identification:_identify(src) by extension 'cmake'
[0.324s] Level 1:colcon.colcon_core.package_identification:_identify(src) by extension 'python'
[0.324s] Level 1:colcon.colcon_core.package_identification:_identify(src) by extensions ['python_setup_py']
[0.324s] Level 1:colcon.colcon_core.package_identification:_identify(src) by extension 'python_setup_py'
[0.324s] Level 1:colcon.colcon_core.package_identification:_identify(src/DynamixelSDK) by extensions ['ignore', 'ignore_ament_install']
[0.324s] Level 1:colcon.colcon_core.package_identification:_identify(src/DynamixelSDK) by extension 'ignore'
[0.324s] Level 1:colcon.colcon_core.package_identification:_identify(src/DynamixelSDK) by extension 'ignore_ament_install'
[0.324s] Level 1:colcon.colcon_core.package_identification:_identify(src/DynamixelSDK) by extensions ['colcon_pkg']
[0.324s] Level 1:colcon.colcon_core.package_identification:_identify(src/DynamixelSDK) by extension 'colcon_pkg'
[0.324s] Level 1:colcon.colcon_core.package_identification:_identify(src/DynamixelSDK) by extensions ['colcon_meta']
[0.325s] Level 1:colcon.colcon_core.package_identification:_identify(src/DynamixelSDK) by extension 'colcon_meta'
[0.325s] Level 1:colcon.colcon_core.package_identification:_identify(src/DynamixelSDK) by extensions ['ros']
[0.325s] Level 1:colcon.colcon_core.package_identification:_identify(src/DynamixelSDK) by extension 'ros'
[0.325s] Level 1:colcon.colcon_core.package_identification:_identify(src/DynamixelSDK) by extensions ['cmake', 'python']
[0.325s] Level 1:colcon.colcon_core.package_identification:_identify(src/DynamixelSDK) by extension 'cmake'
[0.325s] Level 1:colcon.colcon_core.package_identification:_identify(src/DynamixelSDK) by extension 'python'
[0.325s] Level 1:colcon.colcon_core.package_identification:_identify(src/DynamixelSDK) by extensions ['python_setup_py']
[0.325s] Level 1:colcon.colcon_core.package_identification:_identify(src/DynamixelSDK) by extension 'python_setup_py'
[0.325s] Level 1:colcon.colcon_core.package_identification:_identify(src/DynamixelSDK/c) by extensions ['ignore', 'ignore_ament_install']
[0.325s] Level 1:colcon.colcon_core.package_identification:_identify(src/DynamixelSDK/c) by extension 'ignore'
[0.326s] Level 1:colcon.colcon_core.package_identification:_identify(src/DynamixelSDK/c) ignored
[0.326s] Level 1:colcon.colcon_core.package_identification:_identify(src/DynamixelSDK/c#) by extensions ['ignore', 'ignore_ament_install']
[0.326s] Level 1:colcon.colcon_core.package_identification:_identify(src/DynamixelSDK/c#) by extension 'ignore'
[0.326s] Level 1:colcon.colcon_core.package_identification:_identify(src/DynamixelSDK/c#) by extension 'ignore_ament_install'
[0.326s] Level 1:colcon.colcon_core.package_identification:_identify(src/DynamixelSDK/c#) by extensions ['colcon_pkg']
[0.326s] Level 1:colcon.colcon_core.package_identification:_identify(src/DynamixelSDK/c#) by extension 'colcon_pkg'
[0.326s] Level 1:colcon.colcon_core.package_identification:_identify(src/DynamixelSDK/c#) by extensions ['colcon_meta']
[0.326s] Level 1:colcon.colcon_core.package_identification:_identify(src/DynamixelSDK/c#) by extension 'colcon_meta'
[0.326s] Level 1:colcon.colcon_core.package_identification:_identify(src/DynamixelSDK/c#) by extensions ['ros']
[0.326s] Level 1:colcon.colcon_core.package_identification:_identify(src/DynamixelSDK/c#) by extension 'ros'
[0.327s] Level 1:colcon.colcon_core.package_identification:_identify(src/DynamixelSDK/c#) by extensions ['cmake', 'python']
[0.327s] Level 1:colcon.colcon_core.package_identification:_identify(src/DynamixelSDK/c#) by extension 'cmake'
[0.327s] Level 1:colcon.colcon_core.package_identification:_identify(src/DynamixelSDK/c#) by extension 'python'
[0.327s] Level 1:colcon.colcon_core.package_identification:_identify(src/DynamixelSDK/c#) by extensions ['python_setup_py']
[0.327s] Level 1:colcon.colcon_core.package_identification:_identify(src/DynamixelSDK/c#) by extension 'python_setup_py'
[0.327s] Level 1:colcon.colcon_core.package_identification:_identify(src/DynamixelSDK/c#/dynamixel_functions_csharp) by extensions ['ignore', 'ignore_ament_install']
[0.327s] Level 1:colcon.colcon_core.package_identification:_identify(src/DynamixelSDK/c#/dynamixel_functions_csharp) by extension 'ignore'
[0.327s] Level 1:colcon.colcon_core.package_identification:_identify(src/DynamixelSDK/c#/dynamixel_functions_csharp) by extension 'ignore_ament_install'
[0.327s] Level 1:colcon.colcon_core.package_identification:_identify(src/DynamixelSDK/c#/dynamixel_functions_csharp) by extensions ['colcon_pkg']
[0.327s] Level 1:colcon.colcon_core.package_identification:_identify(src/DynamixelSDK/c#/dynamixel_functions_csharp) by extension 'colcon_pkg'
[0.327s] Level 1:colcon.colcon_core.package_identification:_identify(src/DynamixelSDK/c#/dynamixel_functions_csharp) by extensions ['colcon_meta']
[0.327s] Level 1:colcon.colcon_core.package_identification:_identify(src/DynamixelSDK/c#/dynamixel_functions_csharp) by extension 'colcon_meta'
[0.328s] Level 1:colcon.colcon_core.package_identification:_identify(src/DynamixelSDK/c#/dynamixel_functions_csharp) by extensions ['ros']
[0.328s] Level 1:colcon.colcon_core.package_identification:_identify(src/DynamixelSDK/c#/dynamixel_functions_csharp) by extension 'ros'
[0.328s] Level 1:colcon.colcon_core.package_identification:_identify(src/DynamixelSDK/c#/dynamixel_functions_csharp) by extensions ['cmake', 'python']
[0.328s] Level 1:colcon.colcon_core.package_identification:_identify(src/DynamixelSDK/c#/dynamixel_functions_csharp) by extension 'cmake'
[0.328s] Level 1:colcon.colcon_core.package_identification:_identify(src/DynamixelSDK/c#/dynamixel_functions_csharp) by extension 'python'
[0.328s] Level 1:colcon.colcon_core.package_identification:_identify(src/DynamixelSDK/c#/dynamixel_functions_csharp) by extensions ['python_setup_py']
[0.328s] Level 1:colcon.colcon_core.package_identification:_identify(src/DynamixelSDK/c#/dynamixel_functions_csharp) by extension 'python_setup_py'
[0.328s] Level 1:colcon.colcon_core.package_identification:_identify(src/DynamixelSDK/c#/dynamixel_functions_csharp/win32) by extensions ['ignore', 'ignore_ament_install']
[0.328s] Level 1:colcon.colcon_core.package_identification:_identify(src/DynamixelSDK/c#/dynamixel_functions_csharp/win32) by extension 'ignore'
[0.328s] Level 1:colcon.colcon_core.package_identification:_identify(src/DynamixelSDK/c#/dynamixel_functions_csharp/win32) by extension 'ignore_ament_install'
[0.328s] Level 1:colcon.colcon_core.package_identification:_identify(src/DynamixelSDK/c#/dynamixel_functions_csharp/win32) by extensions ['colcon_pkg']
[0.329s] Level 1:colcon.colcon_core.package_identification:_identify(src/DynamixelSDK/c#/dynamixel_functions_csharp/win32) by extension 'colcon_pkg'
[0.329s] Level 1:colcon.colcon_core.package_identification:_identify(src/DynamixelSDK/c#/dynamixel_functions_csharp/win32) by extensions ['colcon_meta']
[0.329s] Level 1:colcon.colcon_core.package_identification:_identify(src/DynamixelSDK/c#/dynamixel_functions_csharp/win32) by extension 'colcon_meta'
[0.329s] Level 1:colcon.colcon_core.package_identification:_identify(src/DynamixelSDK/c#/dynamixel_functions_csharp/win32) by extensions ['ros']
[0.329s] Level 1:colcon.colcon_core.package_identification:_identify(src/DynamixelSDK/c#/dynamixel_functions_csharp/win32) by extension 'ros'
[0.329s] Level 1:colcon.colcon_core.package_identification:_identify(src/DynamixelSDK/c#/dynamixel_functions_csharp/win32) by extensions ['cmake', 'python']
[0.329s] Level 1:colcon.colcon_core.package_identification:_identify(src/DynamixelSDK/c#/dynamixel_functions_csharp/win32) by extension 'cmake'
[0.329s] Level 1:colcon.colcon_core.package_identification:_identify(src/DynamixelSDK/c#/dynamixel_functions_csharp/win32) by extension 'python'
[0.329s] Level 1:colcon.colcon_core.package_identification:_identify(src/DynamixelSDK/c#/dynamixel_functions_csharp/win32) by extensions ['python_setup_py']
[0.329s] Level 1:colcon.colcon_core.package_identification:_identify(src/DynamixelSDK/c#/dynamixel_functions_csharp/win32) by extension 'python_setup_py'
[0.329s] Level 1:colcon.colcon_core.package_identification:_identify(src/DynamixelSDK/c#/dynamixel_functions_csharp/win64) by extensions ['ignore', 'ignore_ament_install']
[0.329s] Level 1:colcon.colcon_core.package_identification:_identify(src/DynamixelSDK/c#/dynamixel_functions_csharp/win64) by extension 'ignore'
[0.330s] Level 1:colcon.colcon_core.package_identification:_identify(src/DynamixelSDK/c#/dynamixel_functions_csharp/win64) by extension 'ignore_ament_install'
[0.330s] Level 1:colcon.colcon_core.package_identification:_identify(src/DynamixelSDK/c#/dynamixel_functions_csharp/win64) by extensions ['colcon_pkg']
[0.330s] Level 1:colcon.colcon_core.package_identification:_identify(src/DynamixelSDK/c#/dynamixel_functions_csharp/win64) by extension 'colcon_pkg'
[0.330s] Level 1:colcon.colcon_core.package_identification:_identify(src/DynamixelSDK/c#/dynamixel_functions_csharp/win64) by extensions ['colcon_meta']
[0.330s] Level 1:colcon.colcon_core.package_identification:_identify(src/DynamixelSDK/c#/dynamixel_functions_csharp/win64) by extension 'colcon_meta'
[0.330s] Level 1:colcon.colcon_core.package_identification:_identify(src/DynamixelSDK/c#/dynamixel_functions_csharp/win64) by extensions ['ros']
[0.330s] Level 1:colcon.colcon_core.package_identification:_identify(src/DynamixelSDK/c#/dynamixel_functions_csharp/win64) by extension 'ros'
[0.330s] Level 1:colcon.colcon_core.package_identification:_identify(src/DynamixelSDK/c#/dynamixel_functions_csharp/win64) by extensions ['cmake', 'python']
[0.330s] Level 1:colcon.colcon_core.package_identification:_identify(src/DynamixelSDK/c#/dynamixel_functions_csharp/win64) by extension 'cmake'
[0.330s] Level 1:colcon.colcon_core.package_identification:_identify(src/DynamixelSDK/c#/dynamixel_functions_csharp/win64) by extension 'python'
[0.330s] Level 1:colcon.colcon_core.package_identification:_identify(src/DynamixelSDK/c#/dynamixel_functions_csharp/win64) by extensions ['python_setup_py']
[0.330s] Level 1:colcon.colcon_core.package_identification:_identify(src/DynamixelSDK/c#/dynamixel_functions_csharp/win64) by extension 'python_setup_py'
[0.331s] Level 1:colcon.colcon_core.package_identification:_identify(src/DynamixelSDK/c#/protocol1.0) by extensions ['ignore', 'ignore_ament_install']
[0.331s] Level 1:colcon.colcon_core.package_identification:_identify(src/DynamixelSDK/c#/protocol1.0) by extension 'ignore'
[0.331s] Level 1:colcon.colcon_core.package_identification:_identify(src/DynamixelSDK/c#/protocol1.0) by extension 'ignore_ament_install'
[0.331s] Level 1:colcon.colcon_core.package_identification:_identify(src/DynamixelSDK/c#/protocol1.0) by extensions ['colcon_pkg']
[0.331s] Level 1:colcon.colcon_core.package_identification:_identify(src/DynamixelSDK/c#/protocol1.0) by extension 'colcon_pkg'
[0.331s] Level 1:colcon.colcon_core.package_identification:_identify(src/DynamixelSDK/c#/protocol1.0) by extensions ['colcon_meta']
[0.331s] Level 1:colcon.colcon_core.package_identification:_identify(src/DynamixelSDK/c#/protocol1.0) by extension 'colcon_meta'
[0.331s] Level 1:colcon.colcon_core.package_identification:_identify(src/DynamixelSDK/c#/protocol1.0) by extensions ['ros']
[0.331s] Level 1:colcon.colcon_core.package_identification:_identify(src/DynamixelSDK/c#/protocol1.0) by extension 'ros'
[0.331s] Level 1:colcon.colcon_core.package_identification:_identify(src/DynamixelSDK/c#/protocol1.0) by extensions ['cmake', 'python']
[0.331s] Level 1:colcon.colcon_core.package_identification:_identify(src/DynamixelSDK/c#/protocol1.0) by extension 'cmake'
[0.332s] Level 1:colcon.colcon_core.package_identification:_identify(src/DynamixelSDK/c#/protocol1.0) by extension 'python'
[0.332s] Level 1:colcon.colcon_core.package_identification:_identify(src/DynamixelSDK/c#/protocol1.0) by extensions ['python_setup_py']
[0.332s] Level 1:colcon.colcon_core.package_identification:_identify(src/DynamixelSDK/c#/protocol1.0) by extension 'python_setup_py'
[0.332s] Level 1:colcon.colcon_core.package_identification:_identify(src/DynamixelSDK/c#/protocol1.0/bulk_read) by extensions ['ignore', 'ignore_ament_install']
[0.332s] Level 1:colcon.colcon_core.package_identification:_identify(src/DynamixelSDK/c#/protocol1.0/bulk_read) by extension 'ignore'
[0.332s] Level 1:colcon.colcon_core.package_identification:_identify(src/DynamixelSDK/c#/protocol1.0/bulk_read) by extension 'ignore_ament_install'
[0.332s] Level 1:colcon.colcon_core.package_identification:_identify(src/DynamixelSDK/c#/protocol1.0/bulk_read) by extensions ['colcon_pkg']
[0.332s] Level 1:colcon.colcon_core.package_identification:_identify(src/DynamixelSDK/c#/protocol1.0/bulk_read) by extension 'colcon_pkg'
[0.332s] Level 1:colcon.colcon_core.package_identification:_identify(src/DynamixelSDK/c#/protocol1.0/bulk_read) by extensions ['colcon_meta']
[0.332s] Level 1:colcon.colcon_core.package_identification:_identify(src/DynamixelSDK/c#/protocol1.0/bulk_read) by extension 'colcon_meta'
[0.333s] Level 1:colcon.colcon_core.package_identification:_identify(src/DynamixelSDK/c#/protocol1.0/bulk_read) by extensions ['ros']
[0.333s] Level 1:colcon.colcon_core.package_identification:_identify(src/DynamixelSDK/c#/protocol1.0/bulk_read) by extension 'ros'
[0.333s] Level 1:colcon.colcon_core.package_identification:_identify(src/DynamixelSDK/c#/protocol1.0/bulk_read) by extensions ['cmake', 'python']
[0.333s] Level 1:colcon.colcon_core.package_identification:_identify(src/DynamixelSDK/c#/protocol1.0/bulk_read) by extension 'cmake'
[0.333s] Level 1:colcon.colcon_core.package_identification:_identify(src/DynamixelSDK/c#/protocol1.0/bulk_read) by extension 'python'
[0.333s] Level 1:colcon.colcon_core.package_identification:_identify(src/DynamixelSDK/c#/protocol1.0/bulk_read) by extensions ['python_setup_py']
[0.333s] Level 1:colcon.colcon_core.package_identification:_identify(src/DynamixelSDK/c#/protocol1.0/bulk_read) by extension 'python_setup_py'
[0.333s] Level 1:colcon.colcon_core.package_identification:_identify(src/DynamixelSDK/c#/protocol1.0/bulk_read/win32) by extensions ['ignore', 'ignore_ament_install']
[0.333s] Level 1:colcon.colcon_core.package_identification:_identify(src/DynamixelSDK/c#/protocol1.0/bulk_read/win32) by extension 'ignore'
[0.333s] Level 1:colcon.colcon_core.package_identification:_identify(src/DynamixelSDK/c#/protocol1.0/bulk_read/win32) by extension 'ignore_ament_install'
[0.334s] Level 1:colcon.colcon_core.package_identification:_identify(src/DynamixelSDK/c#/protocol1.0/bulk_read/win32) by extensions ['colcon_pkg']
[0.334s] Level 1:colcon.colcon_core.package_identification:_identify(src/DynamixelSDK/c#/protocol1.0/bulk_read/win32) by extension 'colcon_pkg'
[0.334s] Level 1:colcon.colcon_core.package_identification:_identify(src/DynamixelSDK/c#/protocol1.0/bulk_read/win32) by extensions ['colcon_meta']
[0.334s] Level 1:colcon.colcon_core.package_identification:_identify(src/DynamixelSDK/c#/protocol1.0/bulk_read/win32) by extension 'colcon_meta'
[0.334s] Level 1:colcon.colcon_core.package_identification:_identify(src/DynamixelSDK/c#/protocol1.0/bulk_read/win32) by extensions ['ros']
[0.334s] Level 1:colcon.colcon_core.package_identification:_identify(src/DynamixelSDK/c#/protocol1.0/bulk_read/win32) by extension 'ros'
[0.334s] Level 1:colcon.colcon_core.package_identification:_identify(src/DynamixelSDK/c#/protocol1.0/bulk_read/win32) by extensions ['cmake', 'python']
[0.334s] Level 1:colcon.colcon_core.package_identification:_identify(src/DynamixelSDK/c#/protocol1.0/bulk_read/win32) by extension 'cmake'
[0.334s] Level 1:colcon.colcon_core.package_identification:_identify(src/DynamixelSDK/c#/protocol1.0/bulk_read/win32) by extension 'python'
[0.335s] Level 1:colcon.colcon_core.package_identification:_identify(src/DynamixelSDK/c#/protocol1.0/bulk_read/win32) by extensions ['python_setup_py']
[0.335s] Level 1:colcon.colcon_core.package_identification:_identify(src/DynamixelSDK/c#/protocol1.0/bulk_read/win32) by extension 'python_setup_py'
[0.335s] Level 1:colcon.colcon_core.package_identification:_identify(src/DynamixelSDK/c#/protocol1.0/bulk_read/win32/bulk_read) by extensions ['ignore', 'ignore_ament_install']
[0.335s] Level 1:colcon.colcon_core.package_identification:_identify(src/DynamixelSDK/c#/protocol1.0/bulk_read/win32/bulk_read) by extension 'ignore'
[0.335s] Level 1:colcon.colcon_core.package_identification:_identify(src/DynamixelSDK/c#/protocol1.0/bulk_read/win32/bulk_read) by extension 'ignore_ament_install'
[0.335s] Level 1:colcon.colcon_core.package_identification:_identify(src/DynamixelSDK/c#/protocol1.0/bulk_read/win32/bulk_read) by extensions ['colcon_pkg']
[0.335s] Level 1:colcon.colcon_core.package_identification:_identify(src/DynamixelSDK/c#/protocol1.0/bulk_read/win32/bulk_read) by extension 'colcon_pkg'
[0.335s] Level 1:colcon.colcon_core.package_identification:_identify(src/DynamixelSDK/c#/protocol1.0/bulk_read/win32/bulk_read) by extensions ['colcon_meta']
[0.335s] Level 1:colcon.colcon_core.package_identification:_identify(src/DynamixelSDK/c#/protocol1.0/bulk_read/win32/bulk_read) by extension 'colcon_meta'
[0.335s] Level 1:colcon.colcon_core.package_identification:_identify(src/DynamixelSDK/c#/protocol1.0/bulk_read/win32/bulk_read) by extensions ['ros']
[0.335s] Level 1:colcon.colcon_core.package_identification:_identify(src/DynamixelSDK/c#/protocol1.0/bulk_read/win32/bulk_read) by extension 'ros'
[0.336s] Level 1:colcon.colcon_core.package_identification:_identify(src/DynamixelSDK/c#/protocol1.0/bulk_read/win32/bulk_read) by extensions ['cmake', 'python']
[0.336s] Level 1:colcon.colcon_core.package_identification:_identify(src/DynamixelSDK/c#/protocol1.0/bulk_read/win32/bulk_read) by extension 'cmake'
[0.336s] Level 1:colcon.colcon_core.package_identification:_identify(src/DynamixelSDK/c#/protocol1.0/bulk_read/win32/bulk_read) by extension 'python'
[0.336s] Level 1:colcon.colcon_core.package_identification:_identify(src/DynamixelSDK/c#/protocol1.0/bulk_read/win32/bulk_read) by extensions ['python_setup_py']
[0.336s] Level 1:colcon.colcon_core.package_identification:_identify(src/DynamixelSDK/c#/protocol1.0/bulk_read/win32/bulk_read) by extension 'python_setup_py'
[0.336s] Level 1:colcon.colcon_core.package_identification:_identify(src/DynamixelSDK/c#/protocol1.0/bulk_read/win32/bulk_read/Properties) by extensions ['ignore', 'ignore_ament_install']
[0.336s] Level 1:colcon.colcon_core.package_identification:_identify(src/DynamixelSDK/c#/protocol1.0/bulk_read/win32/bulk_read/Properties) by extension 'ignore'
[0.336s] Level 1:colcon.colcon_core.package_identification:_identify(src/DynamixelSDK/c#/protocol1.0/bulk_read/win32/bulk_read/Properties) by extension 'ignore_ament_install'
[0.336s] Level 1:colcon.colcon_core.package_identification:_identify(src/DynamixelSDK/c#/protocol1.0/bulk_read/win32/bulk_read/Properties) by extensions ['colcon_pkg']
[0.336s] Level 1:colcon.colcon_core.package_identification:_identify(src/DynamixelSDK/c#/protocol1.0/bulk_read/win32/bulk_read/Properties) by extension 'colcon_pkg'
[0.337s] Level 1:colcon.colcon_core.package_identification:_identify(src/DynamixelSDK/c#/protocol1.0/bulk_read/win32/bulk_read/Properties) by extensions ['colcon_meta']
[0.337s] Level 1:colcon.colcon_core.package_identification:_identify(src/DynamixelSDK/c#/protocol1.0/bulk_read/win32/bulk_read/Properties) by extension 'colcon_meta'
[0.337s] Level 1:colcon.colcon_core.package_identification:_identify(src/DynamixelSDK/c#/protocol1.0/bulk_read/win32/bulk_read/Properties) by extensions ['ros']
[0.337s] Level 1:colcon.colcon_core.package_identification:_identify(src/DynamixelSDK/c#/protocol1.0/bulk_read/win32/bulk_read/Properties) by extension 'ros'
[0.337s] Level 1:colcon.colcon_core.package_identification:_identify(src/DynamixelSDK/c#/protocol1.0/bulk_read/win32/bulk_read/Properties) by extensions ['cmake', 'python']
[0.337s] Level 1:colcon.colcon_core.package_identification:_identify(src/DynamixelSDK/c#/protocol1.0/bulk_read/win32/bulk_read/Properties) by extension 'cmake'
[0.337s] Level 1:colcon.colcon_core.package_identification:_identify(src/DynamixelSDK/c#/protocol1.0/bulk_read/win32/bulk_read/Properties) by extension 'python'
[0.337s] Level 1:colcon.colcon_core.package_identification:_identify(src/DynamixelSDK/c#/protocol1.0/bulk_read/win32/bulk_read/Properties) by extensions ['python_setup_py']
[0.337s] Level 1:colcon.colcon_core.package_identification:_identify(src/DynamixelSDK/c#/protocol1.0/bulk_read/win32/bulk_read/Properties) by extension 'python_setup_py'
[0.337s] Level 1:colcon.colcon_core.package_identification:_identify(src/DynamixelSDK/c#/protocol1.0/bulk_read/win64) by extensions ['ignore', 'ignore_ament_install']
[0.338s] Level 1:colcon.colcon_core.package_identification:_identify(src/DynamixelSDK/c#/protocol1.0/bulk_read/win64) by extension 'ignore'
[0.338s] Level 1:colcon.colcon_core.package_identification:_identify(src/DynamixelSDK/c#/protocol1.0/bulk_read/win64) by extension 'ignore_ament_install'
[0.338s] Level 1:colcon.colcon_core.package_identification:_identify(src/DynamixelSDK/c#/protocol1.0/bulk_read/win64) by extensions ['colcon_pkg']
[0.338s] Level 1:colcon.colcon_core.package_identification:_identify(src/DynamixelSDK/c#/protocol1.0/bulk_read/win64) by extension 'colcon_pkg'
[0.338s] Level 1:colcon.colcon_core.package_identification:_identify(src/DynamixelSDK/c#/protocol1.0/bulk_read/win64) by extensions ['colcon_meta']
[0.338s] Level 1:colcon.colcon_core.package_identification:_identify(src/DynamixelSDK/c#/protocol1.0/bulk_read/win64) by extension 'colcon_meta'
[0.338s] Level 1:colcon.colcon_core.package_identification:_identify(src/DynamixelSDK/c#/protocol1.0/bulk_read/win64) by extensions ['ros']
[0.338s] Level 1:colcon.colcon_core.package_identification:_identify(src/DynamixelSDK/c#/protocol1.0/bulk_read/win64) by extension 'ros'
[0.338s] Level 1:colcon.colcon_core.package_identification:_identify(src/DynamixelSDK/c#/protocol1.0/bulk_read/win64) by extensions ['cmake', 'python']
[0.338s] Level 1:colcon.colcon_core.package_identification:_identify(src/DynamixelSDK/c#/protocol1.0/bulk_read/win64) by extension 'cmake'
[0.338s] Level 1:colcon.colcon_core.package_identification:_identify(src/DynamixelSDK/c#/protocol1.0/bulk_read/win64) by extension 'python'
[0.339s] Level 1:colcon.colcon_core.package_identification:_identify(src/DynamixelSDK/c#/protocol1.0/bulk_read/win64) by extensions ['python_setup_py']
[0.339s] Level 1:colcon.colcon_core.package_identification:_identify(src/DynamixelSDK/c#/protocol1.0/bulk_read/win64) by extension 'python_setup_py'
[0.339s] Level 1:colcon.colcon_core.package_identification:_identify(src/DynamixelSDK/c#/protocol1.0/bulk_read/win64/bulk_read) by extensions ['ignore', 'ignore_ament_install']
[0.339s] Level 1:colcon.colcon_core.package_identification:_identify(src/DynamixelSDK/c#/protocol1.0/bulk_read/win64/bulk_read) by extension 'ignore'
[0.339s] Level 1:colcon.colcon_core.package_identification:_identify(src/DynamixelSDK/c#/protocol1.0/bulk_read/win64/bulk_read) by extension 'ignore_ament_install'
[0.339s] Level 1:colcon.colcon_core.package_identification:_identify(src/DynamixelSDK/c#/protocol1.0/bulk_read/win64/bulk_read) by extensions ['colcon_pkg']
[0.339s] Level 1:colcon.colcon_core.package_identification:_identify(src/DynamixelSDK/c#/protocol1.0/bulk_read/win64/bulk_read) by extension 'colcon_pkg'
[0.339s] Level 1:colcon.colcon_core.package_identification:_identify(src/DynamixelSDK/c#/protocol1.0/bulk_read/win64/bulk_read) by extensions ['colcon_meta']
[0.339s] Level 1:colcon.colcon_core.package_identification:_identify(src/DynamixelSDK/c#/protocol1.0/bulk_read/win64/bulk_read) by extension 'colcon_meta'
[0.340s] Level 1:colcon.colcon_core.package_identification:_identify(src/DynamixelSDK/c#/protocol1.0/bulk_read/win64/bulk_read) by extensions ['ros']
[0.340s] Level 1:colcon.colcon_core.package_identification:_identify(src/DynamixelSDK/c#/protocol1.0/bulk_read/win64/bulk_read) by extension 'ros'
[0.340s] Level 1:colcon.colcon_core.package_identification:_identify(src/DynamixelSDK/c#/protocol1.0/bulk_read/win64/bulk_read) by extensions ['cmake', 'python']
[0.340s] Level 1:colcon.colcon_core.package_identification:_identify(src/DynamixelSDK/c#/protocol1.0/bulk_read/win64/bulk_read) by extension 'cmake'
[0.340s] Level 1:colcon.colcon_core.package_identification:_identify(src/DynamixelSDK/c#/protocol1.0/bulk_read/win64/bulk_read) by extension 'python'
[0.340s] Level 1:colcon.colcon_core.package_identification:_identify(src/DynamixelSDK/c#/protocol1.0/bulk_read/win64/bulk_read) by extensions ['python_setup_py']
[0.340s] Level 1:colcon.colcon_core.package_identification:_identify(src/DynamixelSDK/c#/protocol1.0/bulk_read/win64/bulk_read) by extension 'python_setup_py'
[0.340s] Level 1:colcon.colcon_core.package_identification:_identify(src/DynamixelSDK/c#/protocol1.0/bulk_read/win64/bulk_read/Properties) by extensions ['ignore', 'ignore_ament_install']
[0.340s] Level 1:colcon.colcon_core.package_identification:_identify(src/DynamixelSDK/c#/protocol1.0/bulk_read/win64/bulk_read/Properties) by extension 'ignore'
[0.341s] Level 1:colcon.colcon_core.package_identification:_identify(src/DynamixelSDK/c#/protocol1.0/bulk_read/win64/bulk_read/Properties) by extension 'ignore_ament_install'
[0.341s] Level 1:colcon.colcon_core.package_identification:_identify(src/DynamixelSDK/c#/protocol1.0/bulk_read/win64/bulk_read/Properties) by extensions ['colcon_pkg']
[0.341s] Level 1:colcon.colcon_core.package_identification:_identify(src/DynamixelSDK/c#/protocol1.0/bulk_read/win64/bulk_read/Properties) by extension 'colcon_pkg'
[0.341s] Level 1:colcon.colcon_core.package_identification:_identify(src/DynamixelSDK/c#/protocol1.0/bulk_read/win64/bulk_read/Properties) by extensions ['colcon_meta']
[0.341s] Level 1:colcon.colcon_core.package_identification:_identify(src/DynamixelSDK/c#/protocol1.0/bulk_read/win64/bulk_read/Properties) by extension 'colcon_meta'
[0.341s] Level 1:colcon.colcon_core.package_identification:_identify(src/DynamixelSDK/c#/protocol1.0/bulk_read/win64/bulk_read/Properties) by extensions ['ros']
[0.341s] Level 1:colcon.colcon_core.package_identification:_identify(src/DynamixelSDK/c#/protocol1.0/bulk_read/win64/bulk_read/Properties) by extension 'ros'
[0.341s] Level 1:colcon.colcon_core.package_identification:_identify(src/DynamixelSDK/c#/protocol1.0/bulk_read/win64/bulk_read/Properties) by extensions ['cmake', 'python']
[0.341s] Level 1:colcon.colcon_core.package_identification:_identify(src/DynamixelSDK/c#/protocol1.0/bulk_read/win64/bulk_read/Properties) by extension 'cmake'
[0.341s] Level 1:colcon.colcon_core.package_identification:_identify(src/DynamixelSDK/c#/protocol1.0/bulk_read/win64/bulk_read/Properties) by extension 'python'
[0.341s] Level 1:colcon.colcon_core.package_identification:_identify(src/DynamixelSDK/c#/protocol1.0/bulk_read/win64/bulk_read/Properties) by extensions ['python_setup_py']
[0.342s] Level 1:colcon.colcon_core.package_identification:_identify(src/DynamixelSDK/c#/protocol1.0/bulk_read/win64/bulk_read/Properties) by extension 'python_setup_py'
[0.342s] Level 1:colcon.colcon_core.package_identification:_identify(src/DynamixelSDK/c#/protocol1.0/multi_port) by extensions ['ignore', 'ignore_ament_install']
[0.342s] Level 1:colcon.colcon_core.package_identification:_identify(src/DynamixelSDK/c#/protocol1.0/multi_port) by extension 'ignore'
[0.342s] Level 1:colcon.colcon_core.package_identification:_identify(src/DynamixelSDK/c#/protocol1.0/multi_port) by extension 'ignore_ament_install'
[0.342s] Level 1:colcon.colcon_core.package_identification:_identify(src/DynamixelSDK/c#/protocol1.0/multi_port) by extensions ['colcon_pkg']
[0.342s] Level 1:colcon.colcon_core.package_identification:_identify(src/DynamixelSDK/c#/protocol1.0/multi_port) by extension 'colcon_pkg'
[0.342s] Level 1:colcon.colcon_core.package_identification:_identify(src/DynamixelSDK/c#/protocol1.0/multi_port) by extensions ['colcon_meta']
[0.342s] Level 1:colcon.colcon_core.package_identification:_identify(src/DynamixelSDK/c#/protocol1.0/multi_port) by extension 'colcon_meta'
[0.342s] Level 1:colcon.colcon_core.package_identification:_identify(src/DynamixelSDK/c#/protocol1.0/multi_port) by extensions ['ros']
[0.342s] Level 1:colcon.colcon_core.package_identification:_identify(src/DynamixelSDK/c#/protocol1.0/multi_port) by extension 'ros'
[0.343s] Level 1:colcon.colcon_core.package_identification:_identify(src/DynamixelSDK/c#/protocol1.0/multi_port) by extensions ['cmake', 'python']
[0.343s] Level 1:colcon.colcon_core.package_identification:_identify(src/DynamixelSDK/c#/protocol1.0/multi_port) by extension 'cmake'
[0.343s] Level 1:colcon.colcon_core.package_identification:_identify(src/DynamixelSDK/c#/protocol1.0/multi_port) by extension 'python'
[0.343s] Level 1:colcon.colcon_core.package_identification:_identify(src/DynamixelSDK/c#/protocol1.0/multi_port) by extensions ['python_setup_py']
[0.343s] Level 1:colcon.colcon_core.package_identification:_identify(src/DynamixelSDK/c#/protocol1.0/multi_port) by extension 'python_setup_py'
[0.343s] Level 1:colcon.colcon_core.package_identification:_identify(src/DynamixelSDK/c#/protocol1.0/multi_port/win32) by extensions ['ignore', 'ignore_ament_install']
[0.343s] Level 1:colcon.colcon_core.package_identification:_identify(src/DynamixelSDK/c#/protocol1.0/multi_port/win32) by extension 'ignore'
[0.343s] Level 1:colcon.colcon_core.package_identification:_identify(src/DynamixelSDK/c#/protocol1.0/multi_port/win32) by extension 'ignore_ament_install'
[0.343s] Level 1:colcon.colcon_core.package_identification:_identify(src/DynamixelSDK/c#/protocol1.0/multi_port/win32) by extensions ['colcon_pkg']
[0.343s] Level 1:colcon.colcon_core.package_identification:_identify(src/DynamixelSDK/c#/protocol1.0/multi_port/win32) by extension 'colcon_pkg'
[0.343s] Level 1:colcon.colcon_core.package_identification:_identify(src/DynamixelSDK/c#/protocol1.0/multi_port/win32) by extensions ['colcon_meta']
[0.343s] Level 1:colcon.colcon_core.package_identification:_identify(src/DynamixelSDK/c#/protocol1.0/multi_port/win32) by extension 'colcon_meta'
[0.344s] Level 1:colcon.colcon_core.package_identification:_identify(src/DynamixelSDK/c#/protocol1.0/multi_port/win32) by extensions ['ros']
[0.344s] Level 1:colcon.colcon_core.package_identification:_identify(src/DynamixelSDK/c#/protocol1.0/multi_port/win32) by extension 'ros'
[0.344s] Level 1:colcon.colcon_core.package_identification:_identify(src/DynamixelSDK/c#/protocol1.0/multi_port/win32) by extensions ['cmake', 'python']
[0.344s] Level 1:colcon.colcon_core.package_identification:_identify(src/DynamixelSDK/c#/protocol1.0/multi_port/win32) by extension 'cmake'
[0.344s] Level 1:colcon.colcon_core.package_identification:_identify(src/DynamixelSDK/c#/protocol1.0/multi_port/win32) by extension 'python'
[0.344s] Level 1:colcon.colcon_core.package_identification:_identify(src/DynamixelSDK/c#/protocol1.0/multi_port/win32) by extensions ['python_setup_py']
[0.344s] Level 1:colcon.colcon_core.package_identification:_identify(src/DynamixelSDK/c#/protocol1.0/multi_port/win32) by extension 'python_setup_py'
[0.344s] Level 1:colcon.colcon_core.package_identification:_identify(src/DynamixelSDK/c#/protocol1.0/multi_port/win32/multi_port) by extensions ['ignore', 'ignore_ament_install']
[0.344s] Level 1:colcon.colcon_core.package_identification:_identify(src/DynamixelSDK/c#/protocol1.0/multi_port/win32/multi_port) by extension 'ignore'
[0.345s] Level 1:colcon.colcon_core.package_identification:_identify(src/DynamixelSDK/c#/protocol1.0/multi_port/win32/multi_port) by extension 'ignore_ament_install'
[0.345s] Level 1:colcon.colcon_core.package_identification:_identify(src/DynamixelSDK/c#/protocol1.0/multi_port/win32/multi_port) by extensions ['colcon_pkg']
[0.345s] Level 1:colcon.colcon_core.package_identification:_identify(src/DynamixelSDK/c#/protocol1.0/multi_port/win32/multi_port) by extension 'colcon_pkg'
[0.345s] Level 1:colcon.colcon_core.package_identification:_identify(src/DynamixelSDK/c#/protocol1.0/multi_port/win32/multi_port) by extensions ['colcon_meta']
[0.345s] Level 1:colcon.colcon_core.package_identification:_identify(src/DynamixelSDK/c#/protocol1.0/multi_port/win32/multi_port) by extension 'colcon_meta'
[0.345s] Level 1:colcon.colcon_core.package_identification:_identify(src/DynamixelSDK/c#/protocol1.0/multi_port/win32/multi_port) by extensions ['ros']
[0.345s] Level 1:colcon.colcon_core.package_identification:_identify(src/DynamixelSDK/c#/protocol1.0/multi_port/win32/multi_port) by extension 'ros'
[0.345s] Level 1:colcon.colcon_core.package_identification:_identify(src/DynamixelSDK/c#/protocol1.0/multi_port/win32/multi_port) by extensions ['cmake', 'python']
[0.345s] Level 1:colcon.colcon_core.package_identification:_identify(src/DynamixelSDK/c#/protocol1.0/multi_port/win32/multi_port) by extension 'cmake'
[0.345s] Level 1:colcon.colcon_core.package_identification:_identify(src/DynamixelSDK/c#/protocol1.0/multi_port/win32/multi_port) by extension 'python'
[0.345s] Level 1:colcon.colcon_core.package_identification:_identify(src/DynamixelSDK/c#/protocol1.0/multi_port/win32/multi_port) by extensions ['python_setup_py']
[0.345s] Level 1:colcon.colcon_core.package_identification:_identify(src/DynamixelSDK/c#/protocol1.0/multi_port/win32/multi_port) by extension 'python_setup_py'
[0.346s] Level 1:colcon.colcon_core.package_identification:_identify(src/DynamixelSDK/c#/protocol1.0/multi_port/win32/multi_port/Properties) by extensions ['ignore', 'ignore_ament_install']
[0.346s] Level 1:colcon.colcon_core.package_identification:_identify(src/DynamixelSDK/c#/protocol1.0/multi_port/win32/multi_port/Properties) by extension 'ignore'
[0.346s] Level 1:colcon.colcon_core.package_identification:_identify(src/DynamixelSDK/c#/protocol1.0/multi_port/win32/multi_port/Properties) by extension 'ignore_ament_install'
[0.346s] Level 1:colcon.colcon_core.package_identification:_identify(src/DynamixelSDK/c#/protocol1.0/multi_port/win32/multi_port/Properties) by extensions ['colcon_pkg']
[0.346s] Level 1:colcon.colcon_core.package_identification:_identify(src/DynamixelSDK/c#/protocol1.0/multi_port/win32/multi_port/Properties) by extension 'colcon_pkg'
[0.346s] Level 1:colcon.colcon_core.package_identification:_identify(src/DynamixelSDK/c#/protocol1.0/multi_port/win32/multi_port/Properties) by extensions ['colcon_meta']
[0.346s] Level 1:colcon.colcon_core.package_identification:_identify(src/DynamixelSDK/c#/protocol1.0/multi_port/win32/multi_port/Properties) by extension 'colcon_meta'
[0.346s] Level 1:colcon.colcon_core.package_identification:_identify(src/DynamixelSDK/c#/protocol1.0/multi_port/win32/multi_port/Properties) by extensions ['ros']
[0.346s] Level 1:colcon.colcon_core.package_identification:_identify(src/DynamixelSDK/c#/protocol1.0/multi_port/win32/multi_port/Properties) by extension 'ros'
[0.347s] Level 1:colcon.colcon_core.package_identification:_identify(src/DynamixelSDK/c#/protocol1.0/multi_port/win32/multi_port/Properties) by extensions ['cmake', 'python']
[0.347s] Level 1:colcon.colcon_core.package_identification:_identify(src/DynamixelSDK/c#/protocol1.0/multi_port/win32/multi_port/Properties) by extension 'cmake'
[0.347s] Level 1:colcon.colcon_core.package_identification:_identify(src/DynamixelSDK/c#/protocol1.0/multi_port/win32/multi_port/Properties) by extension 'python'
[0.347s] Level 1:colcon.colcon_core.package_identification:_identify(src/DynamixelSDK/c#/protocol1.0/multi_port/win32/multi_port/Properties) by extensions ['python_setup_py']
[0.347s] Level 1:colcon.colcon_core.package_identification:_identify(src/DynamixelSDK/c#/protocol1.0/multi_port/win32/multi_port/Properties) by extension 'python_setup_py'
[0.347s] Level 1:colcon.colcon_core.package_identification:_identify(src/DynamixelSDK/c#/protocol1.0/multi_port/win64) by extensions ['ignore', 'ignore_ament_install']
[0.347s] Level 1:colcon.colcon_core.package_identification:_identify(src/DynamixelSDK/c#/protocol1.0/multi_port/win64) by extension 'ignore'
[0.347s] Level 1:colcon.colcon_core.package_identification:_identify(src/DynamixelSDK/c#/protocol1.0/multi_port/win64) by extension 'ignore_ament_install'
[0.347s] Level 1:colcon.colcon_core.package_identification:_identify(src/DynamixelSDK/c#/protocol1.0/multi_port/win64) by extensions ['colcon_pkg']
[0.347s] Level 1:colcon.colcon_core.package_identification:_identify(src/DynamixelSDK/c#/protocol1.0/multi_port/win64) by extension 'colcon_pkg'
[0.348s] Level 1:colcon.colcon_core.package_identification:_identify(src/DynamixelSDK/c#/protocol1.0/multi_port/win64) by extensions ['colcon_meta']
[0.348s] Level 1:colcon.colcon_core.package_identification:_identify(src/DynamixelSDK/c#/protocol1.0/multi_port/win64) by extension 'colcon_meta'
[0.348s] Level 1:colcon.colcon_core.package_identification:_identify(src/DynamixelSDK/c#/protocol1.0/multi_port/win64) by extensions ['ros']
[0.348s] Level 1:colcon.colcon_core.package_identification:_identify(src/DynamixelSDK/c#/protocol1.0/multi_port/win64) by extension 'ros'
[0.348s] Level 1:colcon.colcon_core.package_identification:_identify(src/DynamixelSDK/c#/protocol1.0/multi_port/win64) by extensions ['cmake', 'python']
[0.348s] Level 1:colcon.colcon_core.package_identification:_identify(src/DynamixelSDK/c#/protocol1.0/multi_port/win64) by extension 'cmake'
[0.348s] Level 1:colcon.colcon_core.package_identification:_identify(src/DynamixelSDK/c#/protocol1.0/multi_port/win64) by extension 'python'
[0.348s] Level 1:colcon.colcon_core.package_identification:_identify(src/DynamixelSDK/c#/protocol1.0/multi_port/win64) by extensions ['python_setup_py']
[0.348s] Level 1:colcon.colcon_core.package_identification:_identify(src/DynamixelSDK/c#/protocol1.0/multi_port/win64) by extension 'python_setup_py'
[0.348s] Level 1:colcon.colcon_core.package_identification:_identify(src/DynamixelSDK/c#/protocol1.0/multi_port/win64/multi_port) by extensions ['ignore', 'ignore_ament_install']
[0.349s] Level 1:colcon.colcon_core.package_identification:_identify(src/DynamixelSDK/c#/protocol1.0/multi_port/win64/multi_port) by extension 'ignore'
[0.349s] Level 1:colcon.colcon_core.package_identification:_identify(src/DynamixelSDK/c#/protocol1.0/multi_port/win64/multi_port) by extension 'ignore_ament_install'
[0.349s] Level 1:colcon.colcon_core.package_identification:_identify(src/DynamixelSDK/c#/protocol1.0/multi_port/win64/multi_port) by extensions ['colcon_pkg']
[0.349s] Level 1:colcon.colcon_core.package_identification:_identify(src/DynamixelSDK/c#/protocol1.0/multi_port/win64/multi_port) by extension 'colcon_pkg'
[0.349s] Level 1:colcon.colcon_core.package_identification:_identify(src/DynamixelSDK/c#/protocol1.0/multi_port/win64/multi_port) by extensions ['colcon_meta']
[0.349s] Level 1:colcon.colcon_core.package_identification:_identify(src/DynamixelSDK/c#/protocol1.0/multi_port/win64/multi_port) by extension 'colcon_meta'
[0.349s] Level 1:colcon.colcon_core.package_identification:_identify(src/DynamixelSDK/c#/protocol1.0/multi_port/win64/multi_port) by extensions ['ros']
[0.349s] Level 1:colcon.colcon_core.package_identification:_identify(src/DynamixelSDK/c#/protocol1.0/multi_port/win64/multi_port) by extension 'ros'
[0.349s] Level 1:colcon.colcon_core.package_identification:_identify(src/DynamixelSDK/c#/protocol1.0/multi_port/win64/multi_port) by extensions ['cmake', 'python']
[0.349s] Level 1:colcon.colcon_core.package_identification:_identify(src/DynamixelSDK/c#/protocol1.0/multi_port/win64/multi_port) by extension 'cmake'
[0.349s] Level 1:colcon.colcon_core.package_identification:_identify(src/DynamixelSDK/c#/protocol1.0/multi_port/win64/multi_port) by extension 'python'
[0.349s] Level 1:colcon.colcon_core.package_identification:_identify(src/DynamixelSDK/c#/protocol1.0/multi_port/win64/multi_port) by extensions ['python_setup_py']
[0.349s] Level 1:colcon.colcon_core.package_identification:_identify(src/DynamixelSDK/c#/protocol1.0/multi_port/win64/multi_port) by extension 'python_setup_py'
[0.350s] Level 1:colcon.colcon_core.package_identification:_identify(src/DynamixelSDK/c#/protocol1.0/multi_port/win64/multi_port/Properties) by extensions ['ignore', 'ignore_ament_install']
[0.350s] Level 1:colcon.colcon_core.package_identification:_identify(src/DynamixelSDK/c#/protocol1.0/multi_port/win64/multi_port/Properties) by extension 'ignore'
[0.350s] Level 1:colcon.colcon_core.package_identification:_identify(src/DynamixelSDK/c#/protocol1.0/multi_port/win64/multi_port/Properties) by extension 'ignore_ament_install'
[0.350s] Level 1:colcon.colcon_core.package_identification:_identify(src/DynamixelSDK/c#/protocol1.0/multi_port/win64/multi_port/Properties) by extensions ['colcon_pkg']
[0.350s] Level 1:colcon.colcon_core.package_identification:_identify(src/DynamixelSDK/c#/protocol1.0/multi_port/win64/multi_port/Properties) by extension 'colcon_pkg'
[0.350s] Level 1:colcon.colcon_core.package_identification:_identify(src/DynamixelSDK/c#/protocol1.0/multi_port/win64/multi_port/Properties) by extensions ['colcon_meta']
[0.350s] Level 1:colcon.colcon_core.package_identification:_identify(src/DynamixelSDK/c#/protocol1.0/multi_port/win64/multi_port/Properties) by extension 'colcon_meta'
[0.350s] Level 1:colcon.colcon_core.package_identification:_identify(src/DynamixelSDK/c#/protocol1.0/multi_port/win64/multi_port/Properties) by extensions ['ros']
[0.350s] Level 1:colcon.colcon_core.package_identification:_identify(src/DynamixelSDK/c#/protocol1.0/multi_port/win64/multi_port/Properties) by extension 'ros'
[0.350s] Level 1:colcon.colcon_core.package_identification:_identify(src/DynamixelSDK/c#/protocol1.0/multi_port/win64/multi_port/Properties) by extensions ['cmake', 'python']
[0.350s] Level 1:colcon.colcon_core.package_identification:_identify(src/DynamixelSDK/c#/protocol1.0/multi_port/win64/multi_port/Properties) by extension 'cmake'
[0.351s] Level 1:colcon.colcon_core.package_identification:_identify(src/DynamixelSDK/c#/protocol1.0/multi_port/win64/multi_port/Properties) by extension 'python'
[0.351s] Level 1:colcon.colcon_core.package_identification:_identify(src/DynamixelSDK/c#/protocol1.0/multi_port/win64/multi_port/Properties) by extensions ['python_setup_py']
[0.351s] Level 1:colcon.colcon_core.package_identification:_identify(src/DynamixelSDK/c#/protocol1.0/multi_port/win64/multi_port/Properties) by extension 'python_setup_py'
[0.351s] Level 1:colcon.colcon_core.package_identification:_identify(src/DynamixelSDK/c#/protocol1.0/ping) by extensions ['ignore', 'ignore_ament_install']
[0.351s] Level 1:colcon.colcon_core.package_identification:_identify(src/DynamixelSDK/c#/protocol1.0/ping) by extension 'ignore'
[0.351s] Level 1:colcon.colcon_core.package_identification:_identify(src/DynamixelSDK/c#/protocol1.0/ping) by extension 'ignore_ament_install'
[0.351s] Level 1:colcon.colcon_core.package_identification:_identify(src/DynamixelSDK/c#/protocol1.0/ping) by extensions ['colcon_pkg']
[0.351s] Level 1:colcon.colcon_core.package_identification:_identify(src/DynamixelSDK/c#/protocol1.0/ping) by extension 'colcon_pkg'
[0.351s] Level 1:colcon.colcon_core.package_identification:_identify(src/DynamixelSDK/c#/protocol1.0/ping) by extensions ['colcon_meta']
[0.351s] Level 1:colcon.colcon_core.package_identification:_identify(src/DynamixelSDK/c#/protocol1.0/ping) by extension 'colcon_meta'
[0.351s] Level 1:colcon.colcon_core.package_identification:_identify(src/DynamixelSDK/c#/protocol1.0/ping) by extensions ['ros']
[0.352s] Level 1:colcon.colcon_core.package_identification:_identify(src/DynamixelSDK/c#/protocol1.0/ping) by extension 'ros'
[0.352s] Level 1:colcon.colcon_core.package_identification:_identify(src/DynamixelSDK/c#/protocol1.0/ping) by extensions ['cmake', 'python']
[0.352s] Level 1:colcon.colcon_core.package_identification:_identify(src/DynamixelSDK/c#/protocol1.0/ping) by extension 'cmake'
[0.352s] Level 1:colcon.colcon_core.package_identification:_identify(src/DynamixelSDK/c#/protocol1.0/ping) by extension 'python'
[0.352s] Level 1:colcon.colcon_core.package_identification:_identify(src/DynamixelSDK/c#/protocol1.0/ping) by extensions ['python_setup_py']
[0.352s] Level 1:colcon.colcon_core.package_identification:_identify(src/DynamixelSDK/c#/protocol1.0/ping) by extension 'python_setup_py'
[0.352s] Level 1:colcon.colcon_core.package_identification:_identify(src/DynamixelSDK/c#/protocol1.0/ping/win32) by extensions ['ignore', 'ignore_ament_install']
[0.352s] Level 1:colcon.colcon_core.package_identification:_identify(src/DynamixelSDK/c#/protocol1.0/ping/win32) by extension 'ignore'
[0.352s] Level 1:colcon.colcon_core.package_identification:_identify(src/DynamixelSDK/c#/protocol1.0/ping/win32) by extension 'ignore_ament_install'
[0.353s] Level 1:colcon.colcon_core.package_identification:_identify(src/DynamixelSDK/c#/protocol1.0/ping/win32) by extensions ['colcon_pkg']
[0.353s] Level 1:colcon.colcon_core.package_identification:_identify(src/DynamixelSDK/c#/protocol1.0/ping/win32) by extension 'colcon_pkg'
[0.353s] Level 1:colcon.colcon_core.package_identification:_identify(src/DynamixelSDK/c#/protocol1.0/ping/win32) by extensions ['colcon_meta']
[0.353s] Level 1:colcon.colcon_core.package_identification:_identify(src/DynamixelSDK/c#/protocol1.0/ping/win32) by extension 'colcon_meta'
[0.353s] Level 1:colcon.colcon_core.package_identification:_identify(src/DynamixelSDK/c#/protocol1.0/ping/win32) by extensions ['ros']
[0.353s] Level 1:colcon.colcon_core.package_identification:_identify(src/DynamixelSDK/c#/protocol1.0/ping/win32) by extension 'ros'
[0.353s] Level 1:colcon.colcon_core.package_identification:_identify(src/DynamixelSDK/c#/protocol1.0/ping/win32) by extensions ['cmake', 'python']
[0.353s] Level 1:colcon.colcon_core.package_identification:_identify(src/DynamixelSDK/c#/protocol1.0/ping/win32) by extension 'cmake'
[0.353s] Level 1:colcon.colcon_core.package_identification:_identify(src/DynamixelSDK/c#/protocol1.0/ping/win32) by extension 'python'
[0.353s] Level 1:colcon.colcon_core.package_identification:_identify(src/DynamixelSDK/c#/protocol1.0/ping/win32) by extensions ['python_setup_py']
[0.353s] Level 1:colcon.colcon_core.package_identification:_identify(src/DynamixelSDK/c#/protocol1.0/ping/win32) by extension 'python_setup_py'
[0.354s] Level 1:colcon.colcon_core.package_identification:_identify(src/DynamixelSDK/c#/protocol1.0/ping/win32/ping) by extensions ['ignore', 'ignore_ament_install']
[0.354s] Level 1:colcon.colcon_core.package_identification:_identify(src/DynamixelSDK/c#/protocol1.0/ping/win32/ping) by extension 'ignore'
[0.354s] Level 1:colcon.colcon_core.package_identification:_identify(src/DynamixelSDK/c#/protocol1.0/ping/win32/ping) by extension 'ignore_ament_install'
[0.354s] Level 1:colcon.colcon_core.package_identification:_identify(src/DynamixelSDK/c#/protocol1.0/ping/win32/ping) by extensions ['colcon_pkg']
[0.354s] Level 1:colcon.colcon_core.package_identification:_identify(src/DynamixelSDK/c#/protocol1.0/ping/win32/ping) by extension 'colcon_pkg'
[0.354s] Level 1:colcon.colcon_core.package_identification:_identify(src/DynamixelSDK/c#/protocol1.0/ping/win32/ping) by extensions ['colcon_meta']
[0.354s] Level 1:colcon.colcon_core.package_identification:_identify(src/DynamixelSDK/c#/protocol1.0/ping/win32/ping) by extension 'colcon_meta'
[0.354s] Level 1:colcon.colcon_core.package_identification:_identify(src/DynamixelSDK/c#/protocol1.0/ping/win32/ping) by extensions ['ros']
[0.354s] Level 1:colcon.colcon_core.package_identification:_identify(src/DynamixelSDK/c#/protocol1.0/ping/win32/ping) by extension 'ros'
[0.355s] Level 1:colcon.colcon_core.package_identification:_identify(src/DynamixelSDK/c#/protocol1.0/ping/win32/ping) by extensions ['cmake', 'python']
[0.355s] Level 1:colcon.colcon_core.package_identification:_identify(src/DynamixelSDK/c#/protocol1.0/ping/win32/ping) by extension 'cmake'
[0.355s] Level 1:colcon.colcon_core.package_identification:_identify(src/DynamixelSDK/c#/protocol1.0/ping/win32/ping) by extension 'python'
[0.355s] Level 1:colcon.colcon_core.package_identification:_identify(src/DynamixelSDK/c#/protocol1.0/ping/win32/ping) by extensions ['python_setup_py']
[0.355s] Level 1:colcon.colcon_core.package_identification:_identify(src/DynamixelSDK/c#/protocol1.0/ping/win32/ping) by extension 'python_setup_py'
[0.355s] Level 1:colcon.colcon_core.package_identification:_identify(src/DynamixelSDK/c#/protocol1.0/ping/win32/ping/Properties) by extensions ['ignore', 'ignore_ament_install']
[0.355s] Level 1:colcon.colcon_core.package_identification:_identify(src/DynamixelSDK/c#/protocol1.0/ping/win32/ping/Properties) by extension 'ignore'
[0.355s] Level 1:colcon.colcon_core.package_identification:_identify(src/DynamixelSDK/c#/protocol1.0/ping/win32/ping/Properties) by extension 'ignore_ament_install'
[0.355s] Level 1:colcon.colcon_core.package_identification:_identify(src/DynamixelSDK/c#/protocol1.0/ping/win32/ping/Properties) by extensions ['colcon_pkg']
[0.355s] Level 1:colcon.colcon_core.package_identification:_identify(src/DynamixelSDK/c#/protocol1.0/ping/win32/ping/Properties) by extension 'colcon_pkg'
[0.355s] Level 1:colcon.colcon_core.package_identification:_identify(src/DynamixelSDK/c#/protocol1.0/ping/win32/ping/Properties) by extensions ['colcon_meta']
[0.355s] Level 1:colcon.colcon_core.package_identification:_identify(src/DynamixelSDK/c#/protocol1.0/ping/win32/ping/Properties) by extension 'colcon_meta'
[0.356s] Level 1:colcon.colcon_core.package_identification:_identify(src/DynamixelSDK/c#/protocol1.0/ping/win32/ping/Properties) by extensions ['ros']
[0.356s] Level 1:colcon.colcon_core.package_identification:_identify(src/DynamixelSDK/c#/protocol1.0/ping/win32/ping/Properties) by extension 'ros'
[0.356s] Level 1:colcon.colcon_core.package_identification:_identify(src/DynamixelSDK/c#/protocol1.0/ping/win32/ping/Properties) by extensions ['cmake', 'python']
[0.356s] Level 1:colcon.colcon_core.package_identification:_identify(src/DynamixelSDK/c#/protocol1.0/ping/win32/ping/Properties) by extension 'cmake'
[0.356s] Level 1:colcon.colcon_core.package_identification:_identify(src/DynamixelSDK/c#/protocol1.0/ping/win32/ping/Properties) by extension 'python'
[0.356s] Level 1:colcon.colcon_core.package_identification:_identify(src/DynamixelSDK/c#/protocol1.0/ping/win32/ping/Properties) by extensions ['python_setup_py']
[0.356s] Level 1:colcon.colcon_core.package_identification:_identify(src/DynamixelSDK/c#/protocol1.0/ping/win32/ping/Properties) by extension 'python_setup_py'
[0.356s] Level 1:colcon.colcon_core.package_identification:_identify(src/DynamixelSDK/c#/protocol1.0/ping/win64) by extensions ['ignore', 'ignore_ament_install']
[0.356s] Level 1:colcon.colcon_core.package_identification:_identify(src/DynamixelSDK/c#/protocol1.0/ping/win64) by extension 'ignore'
[0.356s] Level 1:colcon.colcon_core.package_identification:_identify(src/DynamixelSDK/c#/protocol1.0/ping/win64) by extension 'ignore_ament_install'
[0.357s] Level 1:colcon.colcon_core.package_identification:_identify(src/DynamixelSDK/c#/protocol1.0/ping/win64) by extensions ['colcon_pkg']
[0.357s] Level 1:colcon.colcon_core.package_identification:_identify(src/DynamixelSDK/c#/protocol1.0/ping/win64) by extension 'colcon_pkg'
[0.357s] Level 1:colcon.colcon_core.package_identification:_identify(src/DynamixelSDK/c#/protocol1.0/ping/win64) by extensions ['colcon_meta']
[0.357s] Level 1:colcon.colcon_core.package_identification:_identify(src/DynamixelSDK/c#/protocol1.0/ping/win64) by extension 'colcon_meta'
[0.357s] Level 1:colcon.colcon_core.package_identification:_identify(src/DynamixelSDK/c#/protocol1.0/ping/win64) by extensions ['ros']
[0.357s] Level 1:colcon.colcon_core.package_identification:_identify(src/DynamixelSDK/c#/protocol1.0/ping/win64) by extension 'ros'
[0.357s] Level 1:colcon.colcon_core.package_identification:_identify(src/DynamixelSDK/c#/protocol1.0/ping/win64) by extensions ['cmake', 'python']
[0.357s] Level 1:colcon.colcon_core.package_identification:_identify(src/DynamixelSDK/c#/protocol1.0/ping/win64) by extension 'cmake'
[0.357s] Level 1:colcon.colcon_core.package_identification:_identify(src/DynamixelSDK/c#/protocol1.0/ping/win64) by extension 'python'
[0.357s] Level 1:colcon.colcon_core.package_identification:_identify(src/DynamixelSDK/c#/protocol1.0/ping/win64) by extensions ['python_setup_py']
[0.357s] Level 1:colcon.colcon_core.package_identification:_identify(src/DynamixelSDK/c#/protocol1.0/ping/win64) by extension 'python_setup_py'
[0.357s] Level 1:colcon.colcon_core.package_identification:_identify(src/DynamixelSDK/c#/protocol1.0/ping/win64/ping) by extensions ['ignore', 'ignore_ament_install']
[0.358s] Level 1:colcon.colcon_core.package_identification:_identify(src/DynamixelSDK/c#/protocol1.0/ping/win64/ping) by extension 'ignore'
[0.358s] Level 1:colcon.colcon_core.package_identification:_identify(src/DynamixelSDK/c#/protocol1.0/ping/win64/ping) by extension 'ignore_ament_install'
[0.358s] Level 1:colcon.colcon_core.package_identification:_identify(src/DynamixelSDK/c#/protocol1.0/ping/win64/ping) by extensions ['colcon_pkg']
[0.358s] Level 1:colcon.colcon_core.package_identification:_identify(src/DynamixelSDK/c#/protocol1.0/ping/win64/ping) by extension 'colcon_pkg'
[0.358s] Level 1:colcon.colcon_core.package_identification:_identify(src/DynamixelSDK/c#/protocol1.0/ping/win64/ping) by extensions ['colcon_meta']
[0.358s] Level 1:colcon.colcon_core.package_identification:_identify(src/DynamixelSDK/c#/protocol1.0/ping/win64/ping) by extension 'colcon_meta'
[0.358s] Level 1:colcon.colcon_core.package_identification:_identify(src/DynamixelSDK/c#/protocol1.0/ping/win64/ping) by extensions ['ros']
[0.358s] Level 1:colcon.colcon_core.package_identification:_identify(src/DynamixelSDK/c#/protocol1.0/ping/win64/ping) by extension 'ros'
[0.358s] Level 1:colcon.colcon_core.package_identification:_identify(src/DynamixelSDK/c#/protocol1.0/ping/win64/ping) by extensions ['cmake', 'python']
[0.358s] Level 1:colcon.colcon_core.package_identification:_identify(src/DynamixelSDK/c#/protocol1.0/ping/win64/ping) by extension 'cmake'
[0.358s] Level 1:colcon.colcon_core.package_identification:_identify(src/DynamixelSDK/c#/protocol1.0/ping/win64/ping) by extension 'python'
[0.359s] Level 1:colcon.colcon_core.package_identification:_identify(src/DynamixelSDK/c#/protocol1.0/ping/win64/ping) by extensions ['python_setup_py']
[0.359s] Level 1:colcon.colcon_core.package_identification:_identify(src/DynamixelSDK/c#/protocol1.0/ping/win64/ping) by extension 'python_setup_py'
[0.359s] Level 1:colcon.colcon_core.package_identification:_identify(src/DynamixelSDK/c#/protocol1.0/ping/win64/ping/Properties) by extensions ['ignore', 'ignore_ament_install']
[0.359s] Level 1:colcon.colcon_core.package_identification:_identify(src/DynamixelSDK/c#/protocol1.0/ping/win64/ping/Properties) by extension 'ignore'
[0.359s] Level 1:colcon.colcon_core.package_identification:_identify(src/DynamixelSDK/c#/protocol1.0/ping/win64/ping/Properties) by extension 'ignore_ament_install'
[0.359s] Level 1:colcon.colcon_core.package_identification:_identify(src/DynamixelSDK/c#/protocol1.0/ping/win64/ping/Properties) by extensions ['colcon_pkg']
[0.359s] Level 1:colcon.colcon_core.package_identification:_identify(src/DynamixelSDK/c#/protocol1.0/ping/win64/ping/Properties) by extension 'colcon_pkg'
[0.359s] Level 1:colcon.colcon_core.package_identification:_identify(src/DynamixelSDK/c#/protocol1.0/ping/win64/ping/Properties) by extensions ['colcon_meta']
[0.359s] Level 1:colcon.colcon_core.package_identification:_identify(src/DynamixelSDK/c#/protocol1.0/ping/win64/ping/Properties) by extension 'colcon_meta'
[0.359s] Level 1:colcon.colcon_core.package_identification:_identify(src/DynamixelSDK/c#/protocol1.0/ping/win64/ping/Properties) by extensions ['ros']
[0.359s] Level 1:colcon.colcon_core.package_identification:_identify(src/DynamixelSDK/c#/protocol1.0/ping/win64/ping/Properties) by extension 'ros'
[0.360s] Level 1:colcon.colcon_core.package_identification:_identify(src/DynamixelSDK/c#/protocol1.0/ping/win64/ping/Properties) by extensions ['cmake', 'python']
[0.360s] Level 1:colcon.colcon_core.package_identification:_identify(src/DynamixelSDK/c#/protocol1.0/ping/win64/ping/Properties) by extension 'cmake'
[0.360s] Level 1:colcon.colcon_core.package_identification:_identify(src/DynamixelSDK/c#/protocol1.0/ping/win64/ping/Properties) by extension 'python'
[0.360s] Level 1:colcon.colcon_core.package_identification:_identify(src/DynamixelSDK/c#/protocol1.0/ping/win64/ping/Properties) by extensions ['python_setup_py']
[0.360s] Level 1:colcon.colcon_core.package_identification:_identify(src/DynamixelSDK/c#/protocol1.0/ping/win64/ping/Properties) by extension 'python_setup_py'
[0.360s] Level 1:colcon.colcon_core.package_identification:_identify(src/DynamixelSDK/c#/protocol1.0/read_write) by extensions ['ignore', 'ignore_ament_install']
[0.360s] Level 1:colcon.colcon_core.package_identification:_identify(src/DynamixelSDK/c#/protocol1.0/read_write) by extension 'ignore'
[0.360s] Level 1:colcon.colcon_core.package_identification:_identify(src/DynamixelSDK/c#/protocol1.0/read_write) by extension 'ignore_ament_install'
[0.360s] Level 1:colcon.colcon_core.package_identification:_identify(src/DynamixelSDK/c#/protocol1.0/read_write) by extensions ['colcon_pkg']
[0.360s] Level 1:colcon.colcon_core.package_identification:_identify(src/DynamixelSDK/c#/protocol1.0/read_write) by extension 'colcon_pkg'
[0.361s] Level 1:colcon.colcon_core.package_identification:_identify(src/DynamixelSDK/c#/protocol1.0/read_write) by extensions ['colcon_meta']
[0.361s] Level 1:colcon.colcon_core.package_identification:_identify(src/DynamixelSDK/c#/protocol1.0/read_write) by extension 'colcon_meta'
[0.361s] Level 1:colcon.colcon_core.package_identification:_identify(src/DynamixelSDK/c#/protocol1.0/read_write) by extensions ['ros']
[0.361s] Level 1:colcon.colcon_core.package_identification:_identify(src/DynamixelSDK/c#/protocol1.0/read_write) by extension 'ros'
[0.361s] Level 1:colcon.colcon_core.package_identification:_identify(src/DynamixelSDK/c#/protocol1.0/read_write) by extensions ['cmake', 'python']
[0.361s] Level 1:colcon.colcon_core.package_identification:_identify(src/DynamixelSDK/c#/protocol1.0/read_write) by extension 'cmake'
[0.361s] Level 1:colcon.colcon_core.package_identification:_identify(src/DynamixelSDK/c#/protocol1.0/read_write) by extension 'python'
[0.361s] Level 1:colcon.colcon_core.package_identification:_identify(src/DynamixelSDK/c#/protocol1.0/read_write) by extensions ['python_setup_py']
[0.361s] Level 1:colcon.colcon_core.package_identification:_identify(src/DynamixelSDK/c#/protocol1.0/read_write) by extension 'python_setup_py'
[0.361s] Level 1:colcon.colcon_core.package_identification:_identify(src/DynamixelSDK/c#/protocol1.0/read_write/win32) by extensions ['ignore', 'ignore_ament_install']
[0.361s] Level 1:colcon.colcon_core.package_identification:_identify(src/DynamixelSDK/c#/protocol1.0/read_write/win32) by extension 'ignore'
[0.361s] Level 1:colcon.colcon_core.package_identification:_identify(src/DynamixelSDK/c#/protocol1.0/read_write/win32) by extension 'ignore_ament_install'
[0.362s] Level 1:colcon.colcon_core.package_identification:_identify(src/DynamixelSDK/c#/protocol1.0/read_write/win32) by extensions ['colcon_pkg']
[0.362s] Level 1:colcon.colcon_core.package_identification:_identify(src/DynamixelSDK/c#/protocol1.0/read_write/win32) by extension 'colcon_pkg'
[0.362s] Level 1:colcon.colcon_core.package_identification:_identify(src/DynamixelSDK/c#/protocol1.0/read_write/win32) by extensions ['colcon_meta']
[0.362s] Level 1:colcon.colcon_core.package_identification:_identify(src/DynamixelSDK/c#/protocol1.0/read_write/win32) by extension 'colcon_meta'
[0.362s] Level 1:colcon.colcon_core.package_identification:_identify(src/DynamixelSDK/c#/protocol1.0/read_write/win32) by extensions ['ros']
[0.362s] Level 1:colcon.colcon_core.package_identification:_identify(src/DynamixelSDK/c#/protocol1.0/read_write/win32) by extension 'ros'
[0.362s] Level 1:colcon.colcon_core.package_identification:_identify(src/DynamixelSDK/c#/protocol1.0/read_write/win32) by extensions ['cmake', 'python']
[0.362s] Level 1:colcon.colcon_core.package_identification:_identify(src/DynamixelSDK/c#/protocol1.0/read_write/win32) by extension 'cmake'
[0.362s] Level 1:colcon.colcon_core.package_identification:_identify(src/DynamixelSDK/c#/protocol1.0/read_write/win32) by extension 'python'
[0.362s] Level 1:colcon.colcon_core.package_identification:_identify(src/DynamixelSDK/c#/protocol1.0/read_write/win32) by extensions ['python_setup_py']
[0.362s] Level 1:colcon.colcon_core.package_identification:_identify(src/DynamixelSDK/c#/protocol1.0/read_write/win32) by extension 'python_setup_py'
[0.362s] Level 1:colcon.colcon_core.package_identification:_identify(src/DynamixelSDK/c#/protocol1.0/read_write/win32/read_write) by extensions ['ignore', 'ignore_ament_install']
[0.363s] Level 1:colcon.colcon_core.package_identification:_identify(src/DynamixelSDK/c#/protocol1.0/read_write/win32/read_write) by extension 'ignore'
[0.363s] Level 1:colcon.colcon_core.package_identification:_identify(src/DynamixelSDK/c#/protocol1.0/read_write/win32/read_write) by extension 'ignore_ament_install'
[0.363s] Level 1:colcon.colcon_core.package_identification:_identify(src/DynamixelSDK/c#/protocol1.0/read_write/win32/read_write) by extensions ['colcon_pkg']
[0.363s] Level 1:colcon.colcon_core.package_identification:_identify(src/DynamixelSDK/c#/protocol1.0/read_write/win32/read_write) by extension 'colcon_pkg'
[0.363s] Level 1:colcon.colcon_core.package_identification:_identify(src/DynamixelSDK/c#/protocol1.0/read_write/win32/read_write) by extensions ['colcon_meta']
[0.363s] Level 1:colcon.colcon_core.package_identification:_identify(src/DynamixelSDK/c#/protocol1.0/read_write/win32/read_write) by extension 'colcon_meta'
[0.363s] Level 1:colcon.colcon_core.package_identification:_identify(src/DynamixelSDK/c#/protocol1.0/read_write/win32/read_write) by extensions ['ros']
[0.363s] Level 1:colcon.colcon_core.package_identification:_identify(src/DynamixelSDK/c#/protocol1.0/read_write/win32/read_write) by extension 'ros'
[0.363s] Level 1:colcon.colcon_core.package_identification:_identify(src/DynamixelSDK/c#/protocol1.0/read_write/win32/read_write) by extensions ['cmake', 'python']
[0.363s] Level 1:colcon.colcon_core.package_identification:_identify(src/DynamixelSDK/c#/protocol1.0/read_write/win32/read_write) by extension 'cmake'
[0.363s] Level 1:colcon.colcon_core.package_identification:_identify(src/DynamixelSDK/c#/protocol1.0/read_write/win32/read_write) by extension 'python'
[0.363s] Level 1:colcon.colcon_core.package_identification:_identify(src/DynamixelSDK/c#/protocol1.0/read_write/win32/read_write) by extensions ['python_setup_py']
[0.363s] Level 1:colcon.colcon_core.package_identification:_identify(src/DynamixelSDK/c#/protocol1.0/read_write/win32/read_write) by extension 'python_setup_py'
[0.364s] Level 1:colcon.colcon_core.package_identification:_identify(src/DynamixelSDK/c#/protocol1.0/read_write/win32/read_write/Properties) by extensions ['ignore', 'ignore_ament_install']
[0.364s] Level 1:colcon.colcon_core.package_identification:_identify(src/DynamixelSDK/c#/protocol1.0/read_write/win32/read_write/Properties) by extension 'ignore'
[0.364s] Level 1:colcon.colcon_core.package_identification:_identify(src/DynamixelSDK/c#/protocol1.0/read_write/win32/read_write/Properties) by extension 'ignore_ament_install'
[0.364s] Level 1:colcon.colcon_core.package_identification:_identify(src/DynamixelSDK/c#/protocol1.0/read_write/win32/read_write/Properties) by extensions ['colcon_pkg']
[0.364s] Level 1:colcon.colcon_core.package_identification:_identify(src/DynamixelSDK/c#/protocol1.0/read_write/win32/read_write/Properties) by extension 'colcon_pkg'
[0.364s] Level 1:colcon.colcon_core.package_identification:_identify(src/DynamixelSDK/c#/protocol1.0/read_write/win32/read_write/Properties) by extensions ['colcon_meta']
[0.364s] Level 1:colcon.colcon_core.package_identification:_identify(src/DynamixelSDK/c#/protocol1.0/read_write/win32/read_write/Properties) by extension 'colcon_meta'
[0.364s] Level 1:colcon.colcon_core.package_identification:_identify(src/DynamixelSDK/c#/protocol1.0/read_write/win32/read_write/Properties) by extensions ['ros']
[0.364s] Level 1:colcon.colcon_core.package_identification:_identify(src/DynamixelSDK/c#/protocol1.0/read_write/win32/read_write/Properties) by extension 'ros'
[0.365s] Level 1:colcon.colcon_core.package_identification:_identify(src/DynamixelSDK/c#/protocol1.0/read_write/win32/read_write/Properties) by extensions ['cmake', 'python']
[0.365s] Level 1:colcon.colcon_core.package_identification:_identify(src/DynamixelSDK/c#/protocol1.0/read_write/win32/read_write/Properties) by extension 'cmake'
[0.365s] Level 1:colcon.colcon_core.package_identification:_identify(src/DynamixelSDK/c#/protocol1.0/read_write/win32/read_write/Properties) by extension 'python'
[0.365s] Level 1:colcon.colcon_core.package_identification:_identify(src/DynamixelSDK/c#/protocol1.0/read_write/win32/read_write/Properties) by extensions ['python_setup_py']
[0.365s] Level 1:colcon.colcon_core.package_identification:_identify(src/DynamixelSDK/c#/protocol1.0/read_write/win32/read_write/Properties) by extension 'python_setup_py'
[0.365s] Level 1:colcon.colcon_core.package_identification:_identify(src/DynamixelSDK/c#/protocol1.0/read_write/win64) by extensions ['ignore', 'ignore_ament_install']
[0.365s] Level 1:colcon.colcon_core.package_identification:_identify(src/DynamixelSDK/c#/protocol1.0/read_write/win64) by extension 'ignore'
[0.365s] Level 1:colcon.colcon_core.package_identification:_identify(src/DynamixelSDK/c#/protocol1.0/read_write/win64) by extension 'ignore_ament_install'
[0.366s] Level 1:colcon.colcon_core.package_identification:_identify(src/DynamixelSDK/c#/protocol1.0/read_write/win64) by extensions ['colcon_pkg']
[0.366s] Level 1:colcon.colcon_core.package_identification:_identify(src/DynamixelSDK/c#/protocol1.0/read_write/win64) by extension 'colcon_pkg'
[0.366s] Level 1:colcon.colcon_core.package_identification:_identify(src/DynamixelSDK/c#/protocol1.0/read_write/win64) by extensions ['colcon_meta']
[0.366s] Level 1:colcon.colcon_core.package_identification:_identify(src/DynamixelSDK/c#/protocol1.0/read_write/win64) by extension 'colcon_meta'
[0.366s] Level 1:colcon.colcon_core.package_identification:_identify(src/DynamixelSDK/c#/protocol1.0/read_write/win64) by extensions ['ros']
[0.366s] Level 1:colcon.colcon_core.package_identification:_identify(src/DynamixelSDK/c#/protocol1.0/read_write/win64) by extension 'ros'
[0.366s] Level 1:colcon.colcon_core.package_identification:_identify(src/DynamixelSDK/c#/protocol1.0/read_write/win64) by extensions ['cmake', 'python']
[0.366s] Level 1:colcon.colcon_core.package_identification:_identify(src/DynamixelSDK/c#/protocol1.0/read_write/win64) by extension 'cmake'
[0.366s] Level 1:colcon.colcon_core.package_identification:_identify(src/DynamixelSDK/c#/protocol1.0/read_write/win64) by extension 'python'
[0.366s] Level 1:colcon.colcon_core.package_identification:_identify(src/DynamixelSDK/c#/protocol1.0/read_write/win64) by extensions ['python_setup_py']
[0.366s] Level 1:colcon.colcon_core.package_identification:_identify(src/DynamixelSDK/c#/protocol1.0/read_write/win64) by extension 'python_setup_py'
[0.367s] Level 1:colcon.colcon_core.package_identification:_identify(src/DynamixelSDK/c#/protocol1.0/read_write/win64/read_write) by extensions ['ignore', 'ignore_ament_install']
[0.367s] Level 1:colcon.colcon_core.package_identification:_identify(src/DynamixelSDK/c#/protocol1.0/read_write/win64/read_write) by extension 'ignore'
[0.367s] Level 1:colcon.colcon_core.package_identification:_identify(src/DynamixelSDK/c#/protocol1.0/read_write/win64/read_write) by extension 'ignore_ament_install'
[0.367s] Level 1:colcon.colcon_core.package_identification:_identify(src/DynamixelSDK/c#/protocol1.0/read_write/win64/read_write) by extensions ['colcon_pkg']
[0.367s] Level 1:colcon.colcon_core.package_identification:_identify(src/DynamixelSDK/c#/protocol1.0/read_write/win64/read_write) by extension 'colcon_pkg'
[0.367s] Level 1:colcon.colcon_core.package_identification:_identify(src/DynamixelSDK/c#/protocol1.0/read_write/win64/read_write) by extensions ['colcon_meta']
[0.367s] Level 1:colcon.colcon_core.package_identification:_identify(src/DynamixelSDK/c#/protocol1.0/read_write/win64/read_write) by extension 'colcon_meta'
[0.367s] Level 1:colcon.colcon_core.package_identification:_identify(src/DynamixelSDK/c#/protocol1.0/read_write/win64/read_write) by extensions ['ros']
[0.367s] Level 1:colcon.colcon_core.package_identification:_identify(src/DynamixelSDK/c#/protocol1.0/read_write/win64/read_write) by extension 'ros'
[0.367s] Level 1:colcon.colcon_core.package_identification:_identify(src/DynamixelSDK/c#/protocol1.0/read_write/win64/read_write) by extensions ['cmake', 'python']
[0.367s] Level 1:colcon.colcon_core.package_identification:_identify(src/DynamixelSDK/c#/protocol1.0/read_write/win64/read_write) by extension 'cmake'
[0.368s] Level 1:colcon.colcon_core.package_identification:_identify(src/DynamixelSDK/c#/protocol1.0/read_write/win64/read_write) by extension 'python'
[0.368s] Level 1:colcon.colcon_core.package_identification:_identify(src/DynamixelSDK/c#/protocol1.0/read_write/win64/read_write) by extensions ['python_setup_py']
[0.368s] Level 1:colcon.colcon_core.package_identification:_identify(src/DynamixelSDK/c#/protocol1.0/read_write/win64/read_write) by extension 'python_setup_py'
[0.368s] Level 1:colcon.colcon_core.package_identification:_identify(src/DynamixelSDK/c#/protocol1.0/read_write/win64/read_write/Properties) by extensions ['ignore', 'ignore_ament_install']
[0.368s] Level 1:colcon.colcon_core.package_identification:_identify(src/DynamixelSDK/c#/protocol1.0/read_write/win64/read_write/Properties) by extension 'ignore'
[0.368s] Level 1:colcon.colcon_core.package_identification:_identify(src/DynamixelSDK/c#/protocol1.0/read_write/win64/read_write/Properties) by extension 'ignore_ament_install'
[0.368s] Level 1:colcon.colcon_core.package_identification:_identify(src/DynamixelSDK/c#/protocol1.0/read_write/win64/read_write/Properties) by extensions ['colcon_pkg']
[0.368s] Level 1:colcon.colcon_core.package_identification:_identify(src/DynamixelSDK/c#/protocol1.0/read_write/win64/read_write/Properties) by extension 'colcon_pkg'
[0.369s] Level 1:colcon.colcon_core.package_identification:_identify(src/DynamixelSDK/c#/protocol1.0/read_write/win64/read_write/Properties) by extensions ['colcon_meta']
[0.369s] Level 1:colcon.colcon_core.package_identification:_identify(src/DynamixelSDK/c#/protocol1.0/read_write/win64/read_write/Properties) by extension 'colcon_meta'
[0.369s] Level 1:colcon.colcon_core.package_identification:_identify(src/DynamixelSDK/c#/protocol1.0/read_write/win64/read_write/Properties) by extensions ['ros']
[0.369s] Level 1:colcon.colcon_core.package_identification:_identify(src/DynamixelSDK/c#/protocol1.0/read_write/win64/read_write/Properties) by extension 'ros'
[0.369s] Level 1:colcon.colcon_core.package_identification:_identify(src/DynamixelSDK/c#/protocol1.0/read_write/win64/read_write/Properties) by extensions ['cmake', 'python']
[0.369s] Level 1:colcon.colcon_core.package_identification:_identify(src/DynamixelSDK/c#/protocol1.0/read_write/win64/read_write/Properties) by extension 'cmake'
[0.369s] Level 1:colcon.colcon_core.package_identification:_identify(src/DynamixelSDK/c#/protocol1.0/read_write/win64/read_write/Properties) by extension 'python'
[0.369s] Level 1:colcon.colcon_core.package_identification:_identify(src/DynamixelSDK/c#/protocol1.0/read_write/win64/read_write/Properties) by extensions ['python_setup_py']
[0.369s] Level 1:colcon.colcon_core.package_identification:_identify(src/DynamixelSDK/c#/protocol1.0/read_write/win64/read_write/Properties) by extension 'python_setup_py'
[0.369s] Level 1:colcon.colcon_core.package_identification:_identify(src/DynamixelSDK/c#/protocol1.0/reset) by extensions ['ignore', 'ignore_ament_install']
[0.370s] Level 1:colcon.colcon_core.package_identification:_identify(src/DynamixelSDK/c#/protocol1.0/reset) by extension 'ignore'
[0.370s] Level 1:colcon.colcon_core.package_identification:_identify(src/DynamixelSDK/c#/protocol1.0/reset) by extension 'ignore_ament_install'
[0.370s] Level 1:colcon.colcon_core.package_identification:_identify(src/DynamixelSDK/c#/protocol1.0/reset) by extensions ['colcon_pkg']
[0.370s] Level 1:colcon.colcon_core.package_identification:_identify(src/DynamixelSDK/c#/protocol1.0/reset) by extension 'colcon_pkg'
[0.370s] Level 1:colcon.colcon_core.package_identification:_identify(src/DynamixelSDK/c#/protocol1.0/reset) by extensions ['colcon_meta']
[0.370s] Level 1:colcon.colcon_core.package_identification:_identify(src/DynamixelSDK/c#/protocol1.0/reset) by extension 'colcon_meta'
[0.370s] Level 1:colcon.colcon_core.package_identification:_identify(src/DynamixelSDK/c#/protocol1.0/reset) by extensions ['ros']
[0.370s] Level 1:colcon.colcon_core.package_identification:_identify(src/DynamixelSDK/c#/protocol1.0/reset) by extension 'ros'
[0.370s] Level 1:colcon.colcon_core.package_identification:_identify(src/DynamixelSDK/c#/protocol1.0/reset) by extensions ['cmake', 'python']
[0.370s] Level 1:colcon.colcon_core.package_identification:_identify(src/DynamixelSDK/c#/protocol1.0/reset) by extension 'cmake'
[0.370s] Level 1:colcon.colcon_core.package_identification:_identify(src/DynamixelSDK/c#/protocol1.0/reset) by extension 'python'
[0.370s] Level 1:colcon.colcon_core.package_identification:_identify(src/DynamixelSDK/c#/protocol1.0/reset) by extensions ['python_setup_py']
[0.371s] Level 1:colcon.colcon_core.package_identification:_identify(src/DynamixelSDK/c#/protocol1.0/reset) by extension 'python_setup_py'
[0.371s] Level 1:colcon.colcon_core.package_identification:_identify(src/DynamixelSDK/c#/protocol1.0/reset/win32) by extensions ['ignore', 'ignore_ament_install']
[0.371s] Level 1:colcon.colcon_core.package_identification:_identify(src/DynamixelSDK/c#/protocol1.0/reset/win32) by extension 'ignore'
[0.371s] Level 1:colcon.colcon_core.package_identification:_identify(src/DynamixelSDK/c#/protocol1.0/reset/win32) by extension 'ignore_ament_install'
[0.371s] Level 1:colcon.colcon_core.package_identification:_identify(src/DynamixelSDK/c#/protocol1.0/reset/win32) by extensions ['colcon_pkg']
[0.371s] Level 1:colcon.colcon_core.package_identification:_identify(src/DynamixelSDK/c#/protocol1.0/reset/win32) by extension 'colcon_pkg'
[0.371s] Level 1:colcon.colcon_core.package_identification:_identify(src/DynamixelSDK/c#/protocol1.0/reset/win32) by extensions ['colcon_meta']
[0.371s] Level 1:colcon.colcon_core.package_identification:_identify(src/DynamixelSDK/c#/protocol1.0/reset/win32) by extension 'colcon_meta'
[0.371s] Level 1:colcon.colcon_core.package_identification:_identify(src/DynamixelSDK/c#/protocol1.0/reset/win32) by extensions ['ros']
[0.371s] Level 1:colcon.colcon_core.package_identification:_identify(src/DynamixelSDK/c#/protocol1.0/reset/win32) by extension 'ros'
[0.371s] Level 1:colcon.colcon_core.package_identification:_identify(src/DynamixelSDK/c#/protocol1.0/reset/win32) by extensions ['cmake', 'python']
[0.372s] Level 1:colcon.colcon_core.package_identification:_identify(src/DynamixelSDK/c#/protocol1.0/reset/win32) by extension 'cmake'
[0.372s] Level 1:colcon.colcon_core.package_identification:_identify(src/DynamixelSDK/c#/protocol1.0/reset/win32) by extension 'python'
[0.372s] Level 1:colcon.colcon_core.package_identification:_identify(src/DynamixelSDK/c#/protocol1.0/reset/win32) by extensions ['python_setup_py']
[0.372s] Level 1:colcon.colcon_core.package_identification:_identify(src/DynamixelSDK/c#/protocol1.0/reset/win32) by extension 'python_setup_py'
[0.372s] Level 1:colcon.colcon_core.package_identification:_identify(src/DynamixelSDK/c#/protocol1.0/reset/win32/reset) by extensions ['ignore', 'ignore_ament_install']
[0.372s] Level 1:colcon.colcon_core.package_identification:_identify(src/DynamixelSDK/c#/protocol1.0/reset/win32/reset) by extension 'ignore'
[0.372s] Level 1:colcon.colcon_core.package_identification:_identify(src/DynamixelSDK/c#/protocol1.0/reset/win32/reset) by extension 'ignore_ament_install'
[0.372s] Level 1:colcon.colcon_core.package_identification:_identify(src/DynamixelSDK/c#/protocol1.0/reset/win32/reset) by extensions ['colcon_pkg']
[0.372s] Level 1:colcon.colcon_core.package_identification:_identify(src/DynamixelSDK/c#/protocol1.0/reset/win32/reset) by extension 'colcon_pkg'
[0.372s] Level 1:colcon.colcon_core.package_identification:_identify(src/DynamixelSDK/c#/protocol1.0/reset/win32/reset) by extensions ['colcon_meta']
[0.372s] Level 1:colcon.colcon_core.package_identification:_identify(src/DynamixelSDK/c#/protocol1.0/reset/win32/reset) by extension 'colcon_meta'
[0.373s] Level 1:colcon.colcon_core.package_identification:_identify(src/DynamixelSDK/c#/protocol1.0/reset/win32/reset) by extensions ['ros']
[0.373s] Level 1:colcon.colcon_core.package_identification:_identify(src/DynamixelSDK/c#/protocol1.0/reset/win32/reset) by extension 'ros'
[0.373s] Level 1:colcon.colcon_core.package_identification:_identify(src/DynamixelSDK/c#/protocol1.0/reset/win32/reset) by extensions ['cmake', 'python']
[0.373s] Level 1:colcon.colcon_core.package_identification:_identify(src/DynamixelSDK/c#/protocol1.0/reset/win32/reset) by extension 'cmake'
[0.373s] Level 1:colcon.colcon_core.package_identification:_identify(src/DynamixelSDK/c#/protocol1.0/reset/win32/reset) by extension 'python'
[0.373s] Level 1:colcon.colcon_core.package_identification:_identify(src/DynamixelSDK/c#/protocol1.0/reset/win32/reset) by extensions ['python_setup_py']
[0.373s] Level 1:colcon.colcon_core.package_identification:_identify(src/DynamixelSDK/c#/protocol1.0/reset/win32/reset) by extension 'python_setup_py'
[0.373s] Level 1:colcon.colcon_core.package_identification:_identify(src/DynamixelSDK/c#/protocol1.0/reset/win32/reset/Properties) by extensions ['ignore', 'ignore_ament_install']
[0.373s] Level 1:colcon.colcon_core.package_identification:_identify(src/DynamixelSDK/c#/protocol1.0/reset/win32/reset/Properties) by extension 'ignore'
[0.374s] Level 1:colcon.colcon_core.package_identification:_identify(src/DynamixelSDK/c#/protocol1.0/reset/win32/reset/Properties) by extension 'ignore_ament_install'
[0.374s] Level 1:colcon.colcon_core.package_identification:_identify(src/DynamixelSDK/c#/protocol1.0/reset/win32/reset/Properties) by extensions ['colcon_pkg']
[0.374s] Level 1:colcon.colcon_core.package_identification:_identify(src/DynamixelSDK/c#/protocol1.0/reset/win32/reset/Properties) by extension 'colcon_pkg'
[0.374s] Level 1:colcon.colcon_core.package_identification:_identify(src/DynamixelSDK/c#/protocol1.0/reset/win32/reset/Properties) by extensions ['colcon_meta']
[0.374s] Level 1:colcon.colcon_core.package_identification:_identify(src/DynamixelSDK/c#/protocol1.0/reset/win32/reset/Properties) by extension 'colcon_meta'
[0.374s] Level 1:colcon.colcon_core.package_identification:_identify(src/DynamixelSDK/c#/protocol1.0/reset/win32/reset/Properties) by extensions ['ros']
[0.374s] Level 1:colcon.colcon_core.package_identification:_identify(src/DynamixelSDK/c#/protocol1.0/reset/win32/reset/Properties) by extension 'ros'
[0.374s] Level 1:colcon.colcon_core.package_identification:_identify(src/DynamixelSDK/c#/protocol1.0/reset/win32/reset/Properties) by extensions ['cmake', 'python']
[0.374s] Level 1:colcon.colcon_core.package_identification:_identify(src/DynamixelSDK/c#/protocol1.0/reset/win32/reset/Properties) by extension 'cmake'
[0.374s] Level 1:colcon.colcon_core.package_identification:_identify(src/DynamixelSDK/c#/protocol1.0/reset/win32/reset/Properties) by extension 'python'
[0.374s] Level 1:colcon.colcon_core.package_identification:_identify(src/DynamixelSDK/c#/protocol1.0/reset/win32/reset/Properties) by extensions ['python_setup_py']
[0.374s] Level 1:colcon.colcon_core.package_identification:_identify(src/DynamixelSDK/c#/protocol1.0/reset/win32/reset/Properties) by extension 'python_setup_py'
[0.375s] Level 1:colcon.colcon_core.package_identification:_identify(src/DynamixelSDK/c#/protocol1.0/reset/win64) by extensions ['ignore', 'ignore_ament_install']
[0.375s] Level 1:colcon.colcon_core.package_identification:_identify(src/DynamixelSDK/c#/protocol1.0/reset/win64) by extension 'ignore'
[0.375s] Level 1:colcon.colcon_core.package_identification:_identify(src/DynamixelSDK/c#/protocol1.0/reset/win64) by extension 'ignore_ament_install'
[0.375s] Level 1:colcon.colcon_core.package_identification:_identify(src/DynamixelSDK/c#/protocol1.0/reset/win64) by extensions ['colcon_pkg']
[0.375s] Level 1:colcon.colcon_core.package_identification:_identify(src/DynamixelSDK/c#/protocol1.0/reset/win64) by extension 'colcon_pkg'
[0.375s] Level 1:colcon.colcon_core.package_identification:_identify(src/DynamixelSDK/c#/protocol1.0/reset/win64) by extensions ['colcon_meta']
[0.375s] Level 1:colcon.colcon_core.package_identification:_identify(src/DynamixelSDK/c#/protocol1.0/reset/win64) by extension 'colcon_meta'
[0.375s] Level 1:colcon.colcon_core.package_identification:_identify(src/DynamixelSDK/c#/protocol1.0/reset/win64) by extensions ['ros']
[0.375s] Level 1:colcon.colcon_core.package_identification:_identify(src/DynamixelSDK/c#/protocol1.0/reset/win64) by extension 'ros'
[0.376s] Level 1:colcon.colcon_core.package_identification:_identify(src/DynamixelSDK/c#/protocol1.0/reset/win64) by extensions ['cmake', 'python']
[0.376s] Level 1:colcon.colcon_core.package_identification:_identify(src/DynamixelSDK/c#/protocol1.0/reset/win64) by extension 'cmake'
[0.376s] Level 1:colcon.colcon_core.package_identification:_identify(src/DynamixelSDK/c#/protocol1.0/reset/win64) by extension 'python'
[0.376s] Level 1:colcon.colcon_core.package_identification:_identify(src/DynamixelSDK/c#/protocol1.0/reset/win64) by extensions ['python_setup_py']
[0.376s] Level 1:colcon.colcon_core.package_identification:_identify(src/DynamixelSDK/c#/protocol1.0/reset/win64) by extension 'python_setup_py'
[0.376s] Level 1:colcon.colcon_core.package_identification:_identify(src/DynamixelSDK/c#/protocol1.0/reset/win64/reset) by extensions ['ignore', 'ignore_ament_install']
[0.376s] Level 1:colcon.colcon_core.package_identification:_identify(src/DynamixelSDK/c#/protocol1.0/reset/win64/reset) by extension 'ignore'
[0.376s] Level 1:colcon.colcon_core.package_identification:_identify(src/DynamixelSDK/c#/protocol1.0/reset/win64/reset) by extension 'ignore_ament_install'
[0.376s] Level 1:colcon.colcon_core.package_identification:_identify(src/DynamixelSDK/c#/protocol1.0/reset/win64/reset) by extensions ['colcon_pkg']
[0.376s] Level 1:colcon.colcon_core.package_identification:_identify(src/DynamixelSDK/c#/protocol1.0/reset/win64/reset) by extension 'colcon_pkg'
[0.377s] Level 1:colcon.colcon_core.package_identification:_identify(src/DynamixelSDK/c#/protocol1.0/reset/win64/reset) by extensions ['colcon_meta']
[0.377s] Level 1:colcon.colcon_core.package_identification:_identify(src/DynamixelSDK/c#/protocol1.0/reset/win64/reset) by extension 'colcon_meta'
[0.377s] Level 1:colcon.colcon_core.package_identification:_identify(src/DynamixelSDK/c#/protocol1.0/reset/win64/reset) by extensions ['ros']
[0.377s] Level 1:colcon.colcon_core.package_identification:_identify(src/DynamixelSDK/c#/protocol1.0/reset/win64/reset) by extension 'ros'
[0.377s] Level 1:colcon.colcon_core.package_identification:_identify(src/DynamixelSDK/c#/protocol1.0/reset/win64/reset) by extensions ['cmake', 'python']
[0.377s] Level 1:colcon.colcon_core.package_identification:_identify(src/DynamixelSDK/c#/protocol1.0/reset/win64/reset) by extension 'cmake'
[0.377s] Level 1:colcon.colcon_core.package_identification:_identify(src/DynamixelSDK/c#/protocol1.0/reset/win64/reset) by extension 'python'
[0.377s] Level 1:colcon.colcon_core.package_identification:_identify(src/DynamixelSDK/c#/protocol1.0/reset/win64/reset) by extensions ['python_setup_py']
[0.377s] Level 1:colcon.colcon_core.package_identification:_identify(src/DynamixelSDK/c#/protocol1.0/reset/win64/reset) by extension 'python_setup_py'
[0.377s] Level 1:colcon.colcon_core.package_identification:_identify(src/DynamixelSDK/c#/protocol1.0/reset/win64/reset/Properties) by extensions ['ignore', 'ignore_ament_install']
[0.378s] Level 1:colcon.colcon_core.package_identification:_identify(src/DynamixelSDK/c#/protocol1.0/reset/win64/reset/Properties) by extension 'ignore'
[0.378s] Level 1:colcon.colcon_core.package_identification:_identify(src/DynamixelSDK/c#/protocol1.0/reset/win64/reset/Properties) by extension 'ignore_ament_install'
[0.378s] Level 1:colcon.colcon_core.package_identification:_identify(src/DynamixelSDK/c#/protocol1.0/reset/win64/reset/Properties) by extensions ['colcon_pkg']
[0.378s] Level 1:colcon.colcon_core.package_identification:_identify(src/DynamixelSDK/c#/protocol1.0/reset/win64/reset/Properties) by extension 'colcon_pkg'
[0.378s] Level 1:colcon.colcon_core.package_identification:_identify(src/DynamixelSDK/c#/protocol1.0/reset/win64/reset/Properties) by extensions ['colcon_meta']
[0.378s] Level 1:colcon.colcon_core.package_identification:_identify(src/DynamixelSDK/c#/protocol1.0/reset/win64/reset/Properties) by extension 'colcon_meta'
[0.378s] Level 1:colcon.colcon_core.package_identification:_identify(src/DynamixelSDK/c#/protocol1.0/reset/win64/reset/Properties) by extensions ['ros']
[0.378s] Level 1:colcon.colcon_core.package_identification:_identify(src/DynamixelSDK/c#/protocol1.0/reset/win64/reset/Properties) by extension 'ros'
[0.378s] Level 1:colcon.colcon_core.package_identification:_identify(src/DynamixelSDK/c#/protocol1.0/reset/win64/reset/Properties) by extensions ['cmake', 'python']
[0.378s] Level 1:colcon.colcon_core.package_identification:_identify(src/DynamixelSDK/c#/protocol1.0/reset/win64/reset/Properties) by extension 'cmake'
[0.378s] Level 1:colcon.colcon_core.package_identification:_identify(src/DynamixelSDK/c#/protocol1.0/reset/win64/reset/Properties) by extension 'python'
[0.378s] Level 1:colcon.colcon_core.package_identification:_identify(src/DynamixelSDK/c#/protocol1.0/reset/win64/reset/Properties) by extensions ['python_setup_py']
[0.379s] Level 1:colcon.colcon_core.package_identification:_identify(src/DynamixelSDK/c#/protocol1.0/reset/win64/reset/Properties) by extension 'python_setup_py'
[0.379s] Level 1:colcon.colcon_core.package_identification:_identify(src/DynamixelSDK/c#/protocol1.0/sync_write) by extensions ['ignore', 'ignore_ament_install']
[0.379s] Level 1:colcon.colcon_core.package_identification:_identify(src/DynamixelSDK/c#/protocol1.0/sync_write) by extension 'ignore'
[0.379s] Level 1:colcon.colcon_core.package_identification:_identify(src/DynamixelSDK/c#/protocol1.0/sync_write) by extension 'ignore_ament_install'
[0.379s] Level 1:colcon.colcon_core.package_identification:_identify(src/DynamixelSDK/c#/protocol1.0/sync_write) by extensions ['colcon_pkg']
[0.379s] Level 1:colcon.colcon_core.package_identification:_identify(src/DynamixelSDK/c#/protocol1.0/sync_write) by extension 'colcon_pkg'
[0.379s] Level 1:colcon.colcon_core.package_identification:_identify(src/DynamixelSDK/c#/protocol1.0/sync_write) by extensions ['colcon_meta']
[0.379s] Level 1:colcon.colcon_core.package_identification:_identify(src/DynamixelSDK/c#/protocol1.0/sync_write) by extension 'colcon_meta'
[0.379s] Level 1:colcon.colcon_core.package_identification:_identify(src/DynamixelSDK/c#/protocol1.0/sync_write) by extensions ['ros']
[0.379s] Level 1:colcon.colcon_core.package_identification:_identify(src/DynamixelSDK/c#/protocol1.0/sync_write) by extension 'ros'
[0.379s] Level 1:colcon.colcon_core.package_identification:_identify(src/DynamixelSDK/c#/protocol1.0/sync_write) by extensions ['cmake', 'python']
[0.379s] Level 1:colcon.colcon_core.package_identification:_identify(src/DynamixelSDK/c#/protocol1.0/sync_write) by extension 'cmake'
[0.380s] Level 1:colcon.colcon_core.package_identification:_identify(src/DynamixelSDK/c#/protocol1.0/sync_write) by extension 'python'
[0.380s] Level 1:colcon.colcon_core.package_identification:_identify(src/DynamixelSDK/c#/protocol1.0/sync_write) by extensions ['python_setup_py']
[0.380s] Level 1:colcon.colcon_core.package_identification:_identify(src/DynamixelSDK/c#/protocol1.0/sync_write) by extension 'python_setup_py'
[0.380s] Level 1:colcon.colcon_core.package_identification:_identify(src/DynamixelSDK/c#/protocol1.0/sync_write/win32) by extensions ['ignore', 'ignore_ament_install']
[0.380s] Level 1:colcon.colcon_core.package_identification:_identify(src/DynamixelSDK/c#/protocol1.0/sync_write/win32) by extension 'ignore'
[0.380s] Level 1:colcon.colcon_core.package_identification:_identify(src/DynamixelSDK/c#/protocol1.0/sync_write/win32) by extension 'ignore_ament_install'
[0.380s] Level 1:colcon.colcon_core.package_identification:_identify(src/DynamixelSDK/c#/protocol1.0/sync_write/win32) by extensions ['colcon_pkg']
[0.380s] Level 1:colcon.colcon_core.package_identification:_identify(src/DynamixelSDK/c#/protocol1.0/sync_write/win32) by extension 'colcon_pkg'
[0.380s] Level 1:colcon.colcon_core.package_identification:_identify(src/DynamixelSDK/c#/protocol1.0/sync_write/win32) by extensions ['colcon_meta']
[0.380s] Level 1:colcon.colcon_core.package_identification:_identify(src/DynamixelSDK/c#/protocol1.0/sync_write/win32) by extension 'colcon_meta'
[0.381s] Level 1:colcon.colcon_core.package_identification:_identify(src/DynamixelSDK/c#/protocol1.0/sync_write/win32) by extensions ['ros']
[0.381s] Level 1:colcon.colcon_core.package_identification:_identify(src/DynamixelSDK/c#/protocol1.0/sync_write/win32) by extension 'ros'
[0.381s] Level 1:colcon.colcon_core.package_identification:_identify(src/DynamixelSDK/c#/protocol1.0/sync_write/win32) by extensions ['cmake', 'python']
[0.381s] Level 1:colcon.colcon_core.package_identification:_identify(src/DynamixelSDK/c#/protocol1.0/sync_write/win32) by extension 'cmake'
[0.381s] Level 1:colcon.colcon_core.package_identification:_identify(src/DynamixelSDK/c#/protocol1.0/sync_write/win32) by extension 'python'
[0.381s] Level 1:colcon.colcon_core.package_identification:_identify(src/DynamixelSDK/c#/protocol1.0/sync_write/win32) by extensions ['python_setup_py']
[0.381s] Level 1:colcon.colcon_core.package_identification:_identify(src/DynamixelSDK/c#/protocol1.0/sync_write/win32) by extension 'python_setup_py'
[0.381s] Level 1:colcon.colcon_core.package_identification:_identify(src/DynamixelSDK/c#/protocol1.0/sync_write/win32/sync_write) by extensions ['ignore', 'ignore_ament_install']
[0.381s] Level 1:colcon.colcon_core.package_identification:_identify(src/DynamixelSDK/c#/protocol1.0/sync_write/win32/sync_write) by extension 'ignore'
[0.381s] Level 1:colcon.colcon_core.package_identification:_identify(src/DynamixelSDK/c#/protocol1.0/sync_write/win32/sync_write) by extension 'ignore_ament_install'
[0.382s] Level 1:colcon.colcon_core.package_identification:_identify(src/DynamixelSDK/c#/protocol1.0/sync_write/win32/sync_write) by extensions ['colcon_pkg']
[0.382s] Level 1:colcon.colcon_core.package_identification:_identify(src/DynamixelSDK/c#/protocol1.0/sync_write/win32/sync_write) by extension 'colcon_pkg'
[0.382s] Level 1:colcon.colcon_core.package_identification:_identify(src/DynamixelSDK/c#/protocol1.0/sync_write/win32/sync_write) by extensions ['colcon_meta']
[0.382s] Level 1:colcon.colcon_core.package_identification:_identify(src/DynamixelSDK/c#/protocol1.0/sync_write/win32/sync_write) by extension 'colcon_meta'
[0.382s] Level 1:colcon.colcon_core.package_identification:_identify(src/DynamixelSDK/c#/protocol1.0/sync_write/win32/sync_write) by extensions ['ros']
[0.382s] Level 1:colcon.colcon_core.package_identification:_identify(src/DynamixelSDK/c#/protocol1.0/sync_write/win32/sync_write) by extension 'ros'
[0.382s] Level 1:colcon.colcon_core.package_identification:_identify(src/DynamixelSDK/c#/protocol1.0/sync_write/win32/sync_write) by extensions ['cmake', 'python']
[0.382s] Level 1:colcon.colcon_core.package_identification:_identify(src/DynamixelSDK/c#/protocol1.0/sync_write/win32/sync_write) by extension 'cmake'
[0.382s] Level 1:colcon.colcon_core.package_identification:_identify(src/DynamixelSDK/c#/protocol1.0/sync_write/win32/sync_write) by extension 'python'
[0.382s] Level 1:colcon.colcon_core.package_identification:_identify(src/DynamixelSDK/c#/protocol1.0/sync_write/win32/sync_write) by extensions ['python_setup_py']
[0.382s] Level 1:colcon.colcon_core.package_identification:_identify(src/DynamixelSDK/c#/protocol1.0/sync_write/win32/sync_write) by extension 'python_setup_py'
[0.382s] Level 1:colcon.colcon_core.package_identification:_identify(src/DynamixelSDK/c#/protocol1.0/sync_write/win32/sync_write/Properties) by extensions ['ignore', 'ignore_ament_install']
[0.383s] Level 1:colcon.colcon_core.package_identification:_identify(src/DynamixelSDK/c#/protocol1.0/sync_write/win32/sync_write/Properties) by extension 'ignore'
[0.383s] Level 1:colcon.colcon_core.package_identification:_identify(src/DynamixelSDK/c#/protocol1.0/sync_write/win32/sync_write/Properties) by extension 'ignore_ament_install'
[0.383s] Level 1:colcon.colcon_core.package_identification:_identify(src/DynamixelSDK/c#/protocol1.0/sync_write/win32/sync_write/Properties) by extensions ['colcon_pkg']
[0.383s] Level 1:colcon.colcon_core.package_identification:_identify(src/DynamixelSDK/c#/protocol1.0/sync_write/win32/sync_write/Properties) by extension 'colcon_pkg'
[0.383s] Level 1:colcon.colcon_core.package_identification:_identify(src/DynamixelSDK/c#/protocol1.0/sync_write/win32/sync_write/Properties) by extensions ['colcon_meta']
[0.383s] Level 1:colcon.colcon_core.package_identification:_identify(src/DynamixelSDK/c#/protocol1.0/sync_write/win32/sync_write/Properties) by extension 'colcon_meta'
[0.383s] Level 1:colcon.colcon_core.package_identification:_identify(src/DynamixelSDK/c#/protocol1.0/sync_write/win32/sync_write/Properties) by extensions ['ros']
[0.383s] Level 1:colcon.colcon_core.package_identification:_identify(src/DynamixelSDK/c#/protocol1.0/sync_write/win32/sync_write/Properties) by extension 'ros'
[0.383s] Level 1:colcon.colcon_core.package_identification:_identify(src/DynamixelSDK/c#/protocol1.0/sync_write/win32/sync_write/Properties) by extensions ['cmake', 'python']
[0.383s] Level 1:colcon.colcon_core.package_identification:_identify(src/DynamixelSDK/c#/protocol1.0/sync_write/win32/sync_write/Properties) by extension 'cmake'
[0.384s] Level 1:colcon.colcon_core.package_identification:_identify(src/DynamixelSDK/c#/protocol1.0/sync_write/win32/sync_write/Properties) by extension 'python'
[0.384s] Level 1:colcon.colcon_core.package_identification:_identify(src/DynamixelSDK/c#/protocol1.0/sync_write/win32/sync_write/Properties) by extensions ['python_setup_py']
[0.384s] Level 1:colcon.colcon_core.package_identification:_identify(src/DynamixelSDK/c#/protocol1.0/sync_write/win32/sync_write/Properties) by extension 'python_setup_py'
[0.384s] Level 1:colcon.colcon_core.package_identification:_identify(src/DynamixelSDK/c#/protocol1.0/sync_write/win64) by extensions ['ignore', 'ignore_ament_install']
[0.384s] Level 1:colcon.colcon_core.package_identification:_identify(src/DynamixelSDK/c#/protocol1.0/sync_write/win64) by extension 'ignore'
[0.384s] Level 1:colcon.colcon_core.package_identification:_identify(src/DynamixelSDK/c#/protocol1.0/sync_write/win64) by extension 'ignore_ament_install'
[0.384s] Level 1:colcon.colcon_core.package_identification:_identify(src/DynamixelSDK/c#/protocol1.0/sync_write/win64) by extensions ['colcon_pkg']
[0.384s] Level 1:colcon.colcon_core.package_identification:_identify(src/DynamixelSDK/c#/protocol1.0/sync_write/win64) by extension 'colcon_pkg'
[0.384s] Level 1:colcon.colcon_core.package_identification:_identify(src/DynamixelSDK/c#/protocol1.0/sync_write/win64) by extensions ['colcon_meta']
[0.384s] Level 1:colcon.colcon_core.package_identification:_identify(src/DynamixelSDK/c#/protocol1.0/sync_write/win64) by extension 'colcon_meta'
[0.384s] Level 1:colcon.colcon_core.package_identification:_identify(src/DynamixelSDK/c#/protocol1.0/sync_write/win64) by extensions ['ros']
[0.384s] Level 1:colcon.colcon_core.package_identification:_identify(src/DynamixelSDK/c#/protocol1.0/sync_write/win64) by extension 'ros'
[0.385s] Level 1:colcon.colcon_core.package_identification:_identify(src/DynamixelSDK/c#/protocol1.0/sync_write/win64) by extensions ['cmake', 'python']
[0.385s] Level 1:colcon.colcon_core.package_identification:_identify(src/DynamixelSDK/c#/protocol1.0/sync_write/win64) by extension 'cmake'
[0.385s] Level 1:colcon.colcon_core.package_identification:_identify(src/DynamixelSDK/c#/protocol1.0/sync_write/win64) by extension 'python'
[0.385s] Level 1:colcon.colcon_core.package_identification:_identify(src/DynamixelSDK/c#/protocol1.0/sync_write/win64) by extensions ['python_setup_py']
[0.385s] Level 1:colcon.colcon_core.package_identification:_identify(src/DynamixelSDK/c#/protocol1.0/sync_write/win64) by extension 'python_setup_py'
[0.385s] Level 1:colcon.colcon_core.package_identification:_identify(src/DynamixelSDK/c#/protocol1.0/sync_write/win64/sync_write) by extensions ['ignore', 'ignore_ament_install']
[0.385s] Level 1:colcon.colcon_core.package_identification:_identify(src/DynamixelSDK/c#/protocol1.0/sync_write/win64/sync_write) by extension 'ignore'
[0.386s] Level 1:colcon.colcon_core.package_identification:_identify(src/DynamixelSDK/c#/protocol1.0/sync_write/win64/sync_write) by extension 'ignore_ament_install'
[0.386s] Level 1:colcon.colcon_core.package_identification:_identify(src/DynamixelSDK/c#/protocol1.0/sync_write/win64/sync_write) by extensions ['colcon_pkg']
[0.386s] Level 1:colcon.colcon_core.package_identification:_identify(src/DynamixelSDK/c#/protocol1.0/sync_write/win64/sync_write) by extension 'colcon_pkg'
[0.386s] Level 1:colcon.colcon_core.package_identification:_identify(src/DynamixelSDK/c#/protocol1.0/sync_write/win64/sync_write) by extensions ['colcon_meta']
[0.386s] Level 1:colcon.colcon_core.package_identification:_identify(src/DynamixelSDK/c#/protocol1.0/sync_write/win64/sync_write) by extension 'colcon_meta'
[0.386s] Level 1:colcon.colcon_core.package_identification:_identify(src/DynamixelSDK/c#/protocol1.0/sync_write/win64/sync_write) by extensions ['ros']
[0.386s] Level 1:colcon.colcon_core.package_identification:_identify(src/DynamixelSDK/c#/protocol1.0/sync_write/win64/sync_write) by extension 'ros'
[0.386s] Level 1:colcon.colcon_core.package_identification:_identify(src/DynamixelSDK/c#/protocol1.0/sync_write/win64/sync_write) by extensions ['cmake', 'python']
[0.386s] Level 1:colcon.colcon_core.package_identification:_identify(src/DynamixelSDK/c#/protocol1.0/sync_write/win64/sync_write) by extension 'cmake'
[0.386s] Level 1:colcon.colcon_core.package_identification:_identify(src/DynamixelSDK/c#/protocol1.0/sync_write/win64/sync_write) by extension 'python'
[0.387s] Level 1:colcon.colcon_core.package_identification:_identify(src/DynamixelSDK/c#/protocol1.0/sync_write/win64/sync_write) by extensions ['python_setup_py']
[0.387s] Level 1:colcon.colcon_core.package_identification:_identify(src/DynamixelSDK/c#/protocol1.0/sync_write/win64/sync_write) by extension 'python_setup_py'
[0.387s] Level 1:colcon.colcon_core.package_identification:_identify(src/DynamixelSDK/c#/protocol1.0/sync_write/win64/sync_write/Properties) by extensions ['ignore', 'ignore_ament_install']
[0.387s] Level 1:colcon.colcon_core.package_identification:_identify(src/DynamixelSDK/c#/protocol1.0/sync_write/win64/sync_write/Properties) by extension 'ignore'
[0.387s] Level 1:colcon.colcon_core.package_identification:_identify(src/DynamixelSDK/c#/protocol1.0/sync_write/win64/sync_write/Properties) by extension 'ignore_ament_install'
[0.387s] Level 1:colcon.colcon_core.package_identification:_identify(src/DynamixelSDK/c#/protocol1.0/sync_write/win64/sync_write/Properties) by extensions ['colcon_pkg']
[0.387s] Level 1:colcon.colcon_core.package_identification:_identify(src/DynamixelSDK/c#/protocol1.0/sync_write/win64/sync_write/Properties) by extension 'colcon_pkg'
[0.387s] Level 1:colcon.colcon_core.package_identification:_identify(src/DynamixelSDK/c#/protocol1.0/sync_write/win64/sync_write/Properties) by extensions ['colcon_meta']
[0.387s] Level 1:colcon.colcon_core.package_identification:_identify(src/DynamixelSDK/c#/protocol1.0/sync_write/win64/sync_write/Properties) by extension 'colcon_meta'
[0.388s] Level 1:colcon.colcon_core.package_identification:_identify(src/DynamixelSDK/c#/protocol1.0/sync_write/win64/sync_write/Properties) by extensions ['ros']
[0.388s] Level 1:colcon.colcon_core.package_identification:_identify(src/DynamixelSDK/c#/protocol1.0/sync_write/win64/sync_write/Properties) by extension 'ros'
[0.388s] Level 1:colcon.colcon_core.package_identification:_identify(src/DynamixelSDK/c#/protocol1.0/sync_write/win64/sync_write/Properties) by extensions ['cmake', 'python']
[0.388s] Level 1:colcon.colcon_core.package_identification:_identify(src/DynamixelSDK/c#/protocol1.0/sync_write/win64/sync_write/Properties) by extension 'cmake'
[0.388s] Level 1:colcon.colcon_core.package_identification:_identify(src/DynamixelSDK/c#/protocol1.0/sync_write/win64/sync_write/Properties) by extension 'python'
[0.388s] Level 1:colcon.colcon_core.package_identification:_identify(src/DynamixelSDK/c#/protocol1.0/sync_write/win64/sync_write/Properties) by extensions ['python_setup_py']
[0.388s] Level 1:colcon.colcon_core.package_identification:_identify(src/DynamixelSDK/c#/protocol1.0/sync_write/win64/sync_write/Properties) by extension 'python_setup_py'
[0.388s] Level 1:colcon.colcon_core.package_identification:_identify(src/DynamixelSDK/c#/protocol2.0) by extensions ['ignore', 'ignore_ament_install']
[0.388s] Level 1:colcon.colcon_core.package_identification:_identify(src/DynamixelSDK/c#/protocol2.0) by extension 'ignore'
[0.389s] Level 1:colcon.colcon_core.package_identification:_identify(src/DynamixelSDK/c#/protocol2.0) by extension 'ignore_ament_install'
[0.389s] Level 1:colcon.colcon_core.package_identification:_identify(src/DynamixelSDK/c#/protocol2.0) by extensions ['colcon_pkg']
[0.389s] Level 1:colcon.colcon_core.package_identification:_identify(src/DynamixelSDK/c#/protocol2.0) by extension 'colcon_pkg'
[0.389s] Level 1:colcon.colcon_core.package_identification:_identify(src/DynamixelSDK/c#/protocol2.0) by extensions ['colcon_meta']
[0.389s] Level 1:colcon.colcon_core.package_identification:_identify(src/DynamixelSDK/c#/protocol2.0) by extension 'colcon_meta'
[0.389s] Level 1:colcon.colcon_core.package_identification:_identify(src/DynamixelSDK/c#/protocol2.0) by extensions ['ros']
[0.389s] Level 1:colcon.colcon_core.package_identification:_identify(src/DynamixelSDK/c#/protocol2.0) by extension 'ros'
[0.389s] Level 1:colcon.colcon_core.package_identification:_identify(src/DynamixelSDK/c#/protocol2.0) by extensions ['cmake', 'python']
[0.389s] Level 1:colcon.colcon_core.package_identification:_identify(src/DynamixelSDK/c#/protocol2.0) by extension 'cmake'
[0.389s] Level 1:colcon.colcon_core.package_identification:_identify(src/DynamixelSDK/c#/protocol2.0) by extension 'python'
[0.389s] Level 1:colcon.colcon_core.package_identification:_identify(src/DynamixelSDK/c#/protocol2.0) by extensions ['python_setup_py']
[0.389s] Level 1:colcon.colcon_core.package_identification:_identify(src/DynamixelSDK/c#/protocol2.0) by extension 'python_setup_py'
[0.390s] Level 1:colcon.colcon_core.package_identification:_identify(src/DynamixelSDK/c#/protocol2.0/broadcast_ping) by extensions ['ignore', 'ignore_ament_install']
[0.390s] Level 1:colcon.colcon_core.package_identification:_identify(src/DynamixelSDK/c#/protocol2.0/broadcast_ping) by extension 'ignore'
[0.390s] Level 1:colcon.colcon_core.package_identification:_identify(src/DynamixelSDK/c#/protocol2.0/broadcast_ping) by extension 'ignore_ament_install'
[0.390s] Level 1:colcon.colcon_core.package_identification:_identify(src/DynamixelSDK/c#/protocol2.0/broadcast_ping) by extensions ['colcon_pkg']
[0.390s] Level 1:colcon.colcon_core.package_identification:_identify(src/DynamixelSDK/c#/protocol2.0/broadcast_ping) by extension 'colcon_pkg'
[0.390s] Level 1:colcon.colcon_core.package_identification:_identify(src/DynamixelSDK/c#/protocol2.0/broadcast_ping) by extensions ['colcon_meta']
[0.390s] Level 1:colcon.colcon_core.package_identification:_identify(src/DynamixelSDK/c#/protocol2.0/broadcast_ping) by extension 'colcon_meta'
[0.390s] Level 1:colcon.colcon_core.package_identification:_identify(src/DynamixelSDK/c#/protocol2.0/broadcast_ping) by extensions ['ros']
[0.390s] Level 1:colcon.colcon_core.package_identification:_identify(src/DynamixelSDK/c#/protocol2.0/broadcast_ping) by extension 'ros'
[0.390s] Level 1:colcon.colcon_core.package_identification:_identify(src/DynamixelSDK/c#/protocol2.0/broadcast_ping) by extensions ['cmake', 'python']
[0.390s] Level 1:colcon.colcon_core.package_identification:_identify(src/DynamixelSDK/c#/protocol2.0/broadcast_ping) by extension 'cmake'
[0.391s] Level 1:colcon.colcon_core.package_identification:_identify(src/DynamixelSDK/c#/protocol2.0/broadcast_ping) by extension 'python'
[0.391s] Level 1:colcon.colcon_core.package_identification:_identify(src/DynamixelSDK/c#/protocol2.0/broadcast_ping) by extensions ['python_setup_py']
[0.391s] Level 1:colcon.colcon_core.package_identification:_identify(src/DynamixelSDK/c#/protocol2.0/broadcast_ping) by extension 'python_setup_py'
[0.391s] Level 1:colcon.colcon_core.package_identification:_identify(src/DynamixelSDK/c#/protocol2.0/broadcast_ping/win32) by extensions ['ignore', 'ignore_ament_install']
[0.391s] Level 1:colcon.colcon_core.package_identification:_identify(src/DynamixelSDK/c#/protocol2.0/broadcast_ping/win32) by extension 'ignore'
[0.391s] Level 1:colcon.colcon_core.package_identification:_identify(src/DynamixelSDK/c#/protocol2.0/broadcast_ping/win32) by extension 'ignore_ament_install'
[0.391s] Level 1:colcon.colcon_core.package_identification:_identify(src/DynamixelSDK/c#/protocol2.0/broadcast_ping/win32) by extensions ['colcon_pkg']
[0.391s] Level 1:colcon.colcon_core.package_identification:_identify(src/DynamixelSDK/c#/protocol2.0/broadcast_ping/win32) by extension 'colcon_pkg'
[0.391s] Level 1:colcon.colcon_core.package_identification:_identify(src/DynamixelSDK/c#/protocol2.0/broadcast_ping/win32) by extensions ['colcon_meta']
[0.391s] Level 1:colcon.colcon_core.package_identification:_identify(src/DynamixelSDK/c#/protocol2.0/broadcast_ping/win32) by extension 'colcon_meta'
[0.391s] Level 1:colcon.colcon_core.package_identification:_identify(src/DynamixelSDK/c#/protocol2.0/broadcast_ping/win32) by extensions ['ros']
[0.391s] Level 1:colcon.colcon_core.package_identification:_identify(src/DynamixelSDK/c#/protocol2.0/broadcast_ping/win32) by extension 'ros'
[0.392s] Level 1:colcon.colcon_core.package_identification:_identify(src/DynamixelSDK/c#/protocol2.0/broadcast_ping/win32) by extensions ['cmake', 'python']
[0.392s] Level 1:colcon.colcon_core.package_identification:_identify(src/DynamixelSDK/c#/protocol2.0/broadcast_ping/win32) by extension 'cmake'
[0.392s] Level 1:colcon.colcon_core.package_identification:_identify(src/DynamixelSDK/c#/protocol2.0/broadcast_ping/win32) by extension 'python'
[0.392s] Level 1:colcon.colcon_core.package_identification:_identify(src/DynamixelSDK/c#/protocol2.0/broadcast_ping/win32) by extensions ['python_setup_py']
[0.392s] Level 1:colcon.colcon_core.package_identification:_identify(src/DynamixelSDK/c#/protocol2.0/broadcast_ping/win32) by extension 'python_setup_py'
[0.392s] Level 1:colcon.colcon_core.package_identification:_identify(src/DynamixelSDK/c#/protocol2.0/broadcast_ping/win32/broadcast_ping) by extensions ['ignore', 'ignore_ament_install']
[0.392s] Level 1:colcon.colcon_core.package_identification:_identify(src/DynamixelSDK/c#/protocol2.0/broadcast_ping/win32/broadcast_ping) by extension 'ignore'
[0.392s] Level 1:colcon.colcon_core.package_identification:_identify(src/DynamixelSDK/c#/protocol2.0/broadcast_ping/win32/broadcast_ping) by extension 'ignore_ament_install'
[0.392s] Level 1:colcon.colcon_core.package_identification:_identify(src/DynamixelSDK/c#/protocol2.0/broadcast_ping/win32/broadcast_ping) by extensions ['colcon_pkg']
[0.392s] Level 1:colcon.colcon_core.package_identification:_identify(src/DynamixelSDK/c#/protocol2.0/broadcast_ping/win32/broadcast_ping) by extension 'colcon_pkg'
[0.393s] Level 1:colcon.colcon_core.package_identification:_identify(src/DynamixelSDK/c#/protocol2.0/broadcast_ping/win32/broadcast_ping) by extensions ['colcon_meta']
[0.393s] Level 1:colcon.colcon_core.package_identification:_identify(src/DynamixelSDK/c#/protocol2.0/broadcast_ping/win32/broadcast_ping) by extension 'colcon_meta'
[0.393s] Level 1:colcon.colcon_core.package_identification:_identify(src/DynamixelSDK/c#/protocol2.0/broadcast_ping/win32/broadcast_ping) by extensions ['ros']
[0.393s] Level 1:colcon.colcon_core.package_identification:_identify(src/DynamixelSDK/c#/protocol2.0/broadcast_ping/win32/broadcast_ping) by extension 'ros'
[0.393s] Level 1:colcon.colcon_core.package_identification:_identify(src/DynamixelSDK/c#/protocol2.0/broadcast_ping/win32/broadcast_ping) by extensions ['cmake', 'python']
[0.393s] Level 1:colcon.colcon_core.package_identification:_identify(src/DynamixelSDK/c#/protocol2.0/broadcast_ping/win32/broadcast_ping) by extension 'cmake'
[0.393s] Level 1:colcon.colcon_core.package_identification:_identify(src/DynamixelSDK/c#/protocol2.0/broadcast_ping/win32/broadcast_ping) by extension 'python'
[0.393s] Level 1:colcon.colcon_core.package_identification:_identify(src/DynamixelSDK/c#/protocol2.0/broadcast_ping/win32/broadcast_ping) by extensions ['python_setup_py']
[0.393s] Level 1:colcon.colcon_core.package_identification:_identify(src/DynamixelSDK/c#/protocol2.0/broadcast_ping/win32/broadcast_ping) by extension 'python_setup_py'
[0.393s] Level 1:colcon.colcon_core.package_identification:_identify(src/DynamixelSDK/c#/protocol2.0/broadcast_ping/win32/broadcast_ping/Properties) by extensions ['ignore', 'ignore_ament_install']
[0.394s] Level 1:colcon.colcon_core.package_identification:_identify(src/DynamixelSDK/c#/protocol2.0/broadcast_ping/win32/broadcast_ping/Properties) by extension 'ignore'
[0.394s] Level 1:colcon.colcon_core.package_identification:_identify(src/DynamixelSDK/c#/protocol2.0/broadcast_ping/win32/broadcast_ping/Properties) by extension 'ignore_ament_install'
[0.394s] Level 1:colcon.colcon_core.package_identification:_identify(src/DynamixelSDK/c#/protocol2.0/broadcast_ping/win32/broadcast_ping/Properties) by extensions ['colcon_pkg']
[0.394s] Level 1:colcon.colcon_core.package_identification:_identify(src/DynamixelSDK/c#/protocol2.0/broadcast_ping/win32/broadcast_ping/Properties) by extension 'colcon_pkg'
[0.394s] Level 1:colcon.colcon_core.package_identification:_identify(src/DynamixelSDK/c#/protocol2.0/broadcast_ping/win32/broadcast_ping/Properties) by extensions ['colcon_meta']
[0.394s] Level 1:colcon.colcon_core.package_identification:_identify(src/DynamixelSDK/c#/protocol2.0/broadcast_ping/win32/broadcast_ping/Properties) by extension 'colcon_meta'
[0.394s] Level 1:colcon.colcon_core.package_identification:_identify(src/DynamixelSDK/c#/protocol2.0/broadcast_ping/win32/broadcast_ping/Properties) by extensions ['ros']
[0.394s] Level 1:colcon.colcon_core.package_identification:_identify(src/DynamixelSDK/c#/protocol2.0/broadcast_ping/win32/broadcast_ping/Properties) by extension 'ros'
[0.394s] Level 1:colcon.colcon_core.package_identification:_identify(src/DynamixelSDK/c#/protocol2.0/broadcast_ping/win32/broadcast_ping/Properties) by extensions ['cmake', 'python']
[0.394s] Level 1:colcon.colcon_core.package_identification:_identify(src/DynamixelSDK/c#/protocol2.0/broadcast_ping/win32/broadcast_ping/Properties) by extension 'cmake'
[0.394s] Level 1:colcon.colcon_core.package_identification:_identify(src/DynamixelSDK/c#/protocol2.0/broadcast_ping/win32/broadcast_ping/Properties) by extension 'python'
[0.395s] Level 1:colcon.colcon_core.package_identification:_identify(src/DynamixelSDK/c#/protocol2.0/broadcast_ping/win32/broadcast_ping/Properties) by extensions ['python_setup_py']
[0.395s] Level 1:colcon.colcon_core.package_identification:_identify(src/DynamixelSDK/c#/protocol2.0/broadcast_ping/win32/broadcast_ping/Properties) by extension 'python_setup_py'
[0.395s] Level 1:colcon.colcon_core.package_identification:_identify(src/DynamixelSDK/c#/protocol2.0/broadcast_ping/win64) by extensions ['ignore', 'ignore_ament_install']
[0.395s] Level 1:colcon.colcon_core.package_identification:_identify(src/DynamixelSDK/c#/protocol2.0/broadcast_ping/win64) by extension 'ignore'
[0.395s] Level 1:colcon.colcon_core.package_identification:_identify(src/DynamixelSDK/c#/protocol2.0/broadcast_ping/win64) by extension 'ignore_ament_install'
[0.395s] Level 1:colcon.colcon_core.package_identification:_identify(src/DynamixelSDK/c#/protocol2.0/broadcast_ping/win64) by extensions ['colcon_pkg']
[0.395s] Level 1:colcon.colcon_core.package_identification:_identify(src/DynamixelSDK/c#/protocol2.0/broadcast_ping/win64) by extension 'colcon_pkg'
[0.395s] Level 1:colcon.colcon_core.package_identification:_identify(src/DynamixelSDK/c#/protocol2.0/broadcast_ping/win64) by extensions ['colcon_meta']
[0.395s] Level 1:colcon.colcon_core.package_identification:_identify(src/DynamixelSDK/c#/protocol2.0/broadcast_ping/win64) by extension 'colcon_meta'
[0.395s] Level 1:colcon.colcon_core.package_identification:_identify(src/DynamixelSDK/c#/protocol2.0/broadcast_ping/win64) by extensions ['ros']
[0.395s] Level 1:colcon.colcon_core.package_identification:_identify(src/DynamixelSDK/c#/protocol2.0/broadcast_ping/win64) by extension 'ros'
[0.396s] Level 1:colcon.colcon_core.package_identification:_identify(src/DynamixelSDK/c#/protocol2.0/broadcast_ping/win64) by extensions ['cmake', 'python']
[0.396s] Level 1:colcon.colcon_core.package_identification:_identify(src/DynamixelSDK/c#/protocol2.0/broadcast_ping/win64) by extension 'cmake'
[0.396s] Level 1:colcon.colcon_core.package_identification:_identify(src/DynamixelSDK/c#/protocol2.0/broadcast_ping/win64) by extension 'python'
[0.396s] Level 1:colcon.colcon_core.package_identification:_identify(src/DynamixelSDK/c#/protocol2.0/broadcast_ping/win64) by extensions ['python_setup_py']
[0.396s] Level 1:colcon.colcon_core.package_identification:_identify(src/DynamixelSDK/c#/protocol2.0/broadcast_ping/win64) by extension 'python_setup_py'
[0.396s] Level 1:colcon.colcon_core.package_identification:_identify(src/DynamixelSDK/c#/protocol2.0/broadcast_ping/win64/broadcast_ping) by extensions ['ignore', 'ignore_ament_install']
[0.396s] Level 1:colcon.colcon_core.package_identification:_identify(src/DynamixelSDK/c#/protocol2.0/broadcast_ping/win64/broadcast_ping) by extension 'ignore'
[0.396s] Level 1:colcon.colcon_core.package_identification:_identify(src/DynamixelSDK/c#/protocol2.0/broadcast_ping/win64/broadcast_ping) by extension 'ignore_ament_install'
[0.396s] Level 1:colcon.colcon_core.package_identification:_identify(src/DynamixelSDK/c#/protocol2.0/broadcast_ping/win64/broadcast_ping) by extensions ['colcon_pkg']
[0.396s] Level 1:colcon.colcon_core.package_identification:_identify(src/DynamixelSDK/c#/protocol2.0/broadcast_ping/win64/broadcast_ping) by extension 'colcon_pkg'
[0.396s] Level 1:colcon.colcon_core.package_identification:_identify(src/DynamixelSDK/c#/protocol2.0/broadcast_ping/win64/broadcast_ping) by extensions ['colcon_meta']
[0.397s] Level 1:colcon.colcon_core.package_identification:_identify(src/DynamixelSDK/c#/protocol2.0/broadcast_ping/win64/broadcast_ping) by extension 'colcon_meta'
[0.397s] Level 1:colcon.colcon_core.package_identification:_identify(src/DynamixelSDK/c#/protocol2.0/broadcast_ping/win64/broadcast_ping) by extensions ['ros']
[0.397s] Level 1:colcon.colcon_core.package_identification:_identify(src/DynamixelSDK/c#/protocol2.0/broadcast_ping/win64/broadcast_ping) by extension 'ros'
[0.397s] Level 1:colcon.colcon_core.package_identification:_identify(src/DynamixelSDK/c#/protocol2.0/broadcast_ping/win64/broadcast_ping) by extensions ['cmake', 'python']
[0.397s] Level 1:colcon.colcon_core.package_identification:_identify(src/DynamixelSDK/c#/protocol2.0/broadcast_ping/win64/broadcast_ping) by extension 'cmake'
[0.397s] Level 1:colcon.colcon_core.package_identification:_identify(src/DynamixelSDK/c#/protocol2.0/broadcast_ping/win64/broadcast_ping) by extension 'python'
[0.397s] Level 1:colcon.colcon_core.package_identification:_identify(src/DynamixelSDK/c#/protocol2.0/broadcast_ping/win64/broadcast_ping) by extensions ['python_setup_py']
[0.397s] Level 1:colcon.colcon_core.package_identification:_identify(src/DynamixelSDK/c#/protocol2.0/broadcast_ping/win64/broadcast_ping) by extension 'python_setup_py'
[0.397s] Level 1:colcon.colcon_core.package_identification:_identify(src/DynamixelSDK/c#/protocol2.0/broadcast_ping/win64/broadcast_ping/Properties) by extensions ['ignore', 'ignore_ament_install']
[0.397s] Level 1:colcon.colcon_core.package_identification:_identify(src/DynamixelSDK/c#/protocol2.0/broadcast_ping/win64/broadcast_ping/Properties) by extension 'ignore'
[0.397s] Level 1:colcon.colcon_core.package_identification:_identify(src/DynamixelSDK/c#/protocol2.0/broadcast_ping/win64/broadcast_ping/Properties) by extension 'ignore_ament_install'
[0.398s] Level 1:colcon.colcon_core.package_identification:_identify(src/DynamixelSDK/c#/protocol2.0/broadcast_ping/win64/broadcast_ping/Properties) by extensions ['colcon_pkg']
[0.398s] Level 1:colcon.colcon_core.package_identification:_identify(src/DynamixelSDK/c#/protocol2.0/broadcast_ping/win64/broadcast_ping/Properties) by extension 'colcon_pkg'
[0.398s] Level 1:colcon.colcon_core.package_identification:_identify(src/DynamixelSDK/c#/protocol2.0/broadcast_ping/win64/broadcast_ping/Properties) by extensions ['colcon_meta']
[0.398s] Level 1:colcon.colcon_core.package_identification:_identify(src/DynamixelSDK/c#/protocol2.0/broadcast_ping/win64/broadcast_ping/Properties) by extension 'colcon_meta'
[0.398s] Level 1:colcon.colcon_core.package_identification:_identify(src/DynamixelSDK/c#/protocol2.0/broadcast_ping/win64/broadcast_ping/Properties) by extensions ['ros']
[0.398s] Level 1:colcon.colcon_core.package_identification:_identify(src/DynamixelSDK/c#/protocol2.0/broadcast_ping/win64/broadcast_ping/Properties) by extension 'ros'
[0.398s] Level 1:colcon.colcon_core.package_identification:_identify(src/DynamixelSDK/c#/protocol2.0/broadcast_ping/win64/broadcast_ping/Properties) by extensions ['cmake', 'python']
[0.398s] Level 1:colcon.colcon_core.package_identification:_identify(src/DynamixelSDK/c#/protocol2.0/broadcast_ping/win64/broadcast_ping/Properties) by extension 'cmake'
[0.398s] Level 1:colcon.colcon_core.package_identification:_identify(src/DynamixelSDK/c#/protocol2.0/broadcast_ping/win64/broadcast_ping/Properties) by extension 'python'
[0.398s] Level 1:colcon.colcon_core.package_identification:_identify(src/DynamixelSDK/c#/protocol2.0/broadcast_ping/win64/broadcast_ping/Properties) by extensions ['python_setup_py']
[0.398s] Level 1:colcon.colcon_core.package_identification:_identify(src/DynamixelSDK/c#/protocol2.0/broadcast_ping/win64/broadcast_ping/Properties) by extension 'python_setup_py'
[0.398s] Level 1:colcon.colcon_core.package_identification:_identify(src/DynamixelSDK/c#/protocol2.0/bulk_read_write) by extensions ['ignore', 'ignore_ament_install']
[0.399s] Level 1:colcon.colcon_core.package_identification:_identify(src/DynamixelSDK/c#/protocol2.0/bulk_read_write) by extension 'ignore'
[0.399s] Level 1:colcon.colcon_core.package_identification:_identify(src/DynamixelSDK/c#/protocol2.0/bulk_read_write) by extension 'ignore_ament_install'
[0.399s] Level 1:colcon.colcon_core.package_identification:_identify(src/DynamixelSDK/c#/protocol2.0/bulk_read_write) by extensions ['colcon_pkg']
[0.399s] Level 1:colcon.colcon_core.package_identification:_identify(src/DynamixelSDK/c#/protocol2.0/bulk_read_write) by extension 'colcon_pkg'
[0.399s] Level 1:colcon.colcon_core.package_identification:_identify(src/DynamixelSDK/c#/protocol2.0/bulk_read_write) by extensions ['colcon_meta']
[0.399s] Level 1:colcon.colcon_core.package_identification:_identify(src/DynamixelSDK/c#/protocol2.0/bulk_read_write) by extension 'colcon_meta'
[0.399s] Level 1:colcon.colcon_core.package_identification:_identify(src/DynamixelSDK/c#/protocol2.0/bulk_read_write) by extensions ['ros']
[0.399s] Level 1:colcon.colcon_core.package_identification:_identify(src/DynamixelSDK/c#/protocol2.0/bulk_read_write) by extension 'ros'
[0.399s] Level 1:colcon.colcon_core.package_identification:_identify(src/DynamixelSDK/c#/protocol2.0/bulk_read_write) by extensions ['cmake', 'python']
[0.399s] Level 1:colcon.colcon_core.package_identification:_identify(src/DynamixelSDK/c#/protocol2.0/bulk_read_write) by extension 'cmake'
[0.399s] Level 1:colcon.colcon_core.package_identification:_identify(src/DynamixelSDK/c#/protocol2.0/bulk_read_write) by extension 'python'
[0.399s] Level 1:colcon.colcon_core.package_identification:_identify(src/DynamixelSDK/c#/protocol2.0/bulk_read_write) by extensions ['python_setup_py']
[0.399s] Level 1:colcon.colcon_core.package_identification:_identify(src/DynamixelSDK/c#/protocol2.0/bulk_read_write) by extension 'python_setup_py'
[0.400s] Level 1:colcon.colcon_core.package_identification:_identify(src/DynamixelSDK/c#/protocol2.0/bulk_read_write/win32) by extensions ['ignore', 'ignore_ament_install']
[0.400s] Level 1:colcon.colcon_core.package_identification:_identify(src/DynamixelSDK/c#/protocol2.0/bulk_read_write/win32) by extension 'ignore'
[0.400s] Level 1:colcon.colcon_core.package_identification:_identify(src/DynamixelSDK/c#/protocol2.0/bulk_read_write/win32) by extension 'ignore_ament_install'
[0.400s] Level 1:colcon.colcon_core.package_identification:_identify(src/DynamixelSDK/c#/protocol2.0/bulk_read_write/win32) by extensions ['colcon_pkg']
[0.400s] Level 1:colcon.colcon_core.package_identification:_identify(src/DynamixelSDK/c#/protocol2.0/bulk_read_write/win32) by extension 'colcon_pkg'
[0.400s] Level 1:colcon.colcon_core.package_identification:_identify(src/DynamixelSDK/c#/protocol2.0/bulk_read_write/win32) by extensions ['colcon_meta']
[0.400s] Level 1:colcon.colcon_core.package_identification:_identify(src/DynamixelSDK/c#/protocol2.0/bulk_read_write/win32) by extension 'colcon_meta'
[0.400s] Level 1:colcon.colcon_core.package_identification:_identify(src/DynamixelSDK/c#/protocol2.0/bulk_read_write/win32) by extensions ['ros']
[0.400s] Level 1:colcon.colcon_core.package_identification:_identify(src/DynamixelSDK/c#/protocol2.0/bulk_read_write/win32) by extension 'ros'
[0.400s] Level 1:colcon.colcon_core.package_identification:_identify(src/DynamixelSDK/c#/protocol2.0/bulk_read_write/win32) by extensions ['cmake', 'python']
[0.401s] Level 1:colcon.colcon_core.package_identification:_identify(src/DynamixelSDK/c#/protocol2.0/bulk_read_write/win32) by extension 'cmake'
[0.401s] Level 1:colcon.colcon_core.package_identification:_identify(src/DynamixelSDK/c#/protocol2.0/bulk_read_write/win32) by extension 'python'
[0.401s] Level 1:colcon.colcon_core.package_identification:_identify(src/DynamixelSDK/c#/protocol2.0/bulk_read_write/win32) by extensions ['python_setup_py']
[0.401s] Level 1:colcon.colcon_core.package_identification:_identify(src/DynamixelSDK/c#/protocol2.0/bulk_read_write/win32) by extension 'python_setup_py'
[0.401s] Level 1:colcon.colcon_core.package_identification:_identify(src/DynamixelSDK/c#/protocol2.0/bulk_read_write/win32/bulk_read_write) by extensions ['ignore', 'ignore_ament_install']
[0.401s] Level 1:colcon.colcon_core.package_identification:_identify(src/DynamixelSDK/c#/protocol2.0/bulk_read_write/win32/bulk_read_write) by extension 'ignore'
[0.401s] Level 1:colcon.colcon_core.package_identification:_identify(src/DynamixelSDK/c#/protocol2.0/bulk_read_write/win32/bulk_read_write) by extension 'ignore_ament_install'
[0.401s] Level 1:colcon.colcon_core.package_identification:_identify(src/DynamixelSDK/c#/protocol2.0/bulk_read_write/win32/bulk_read_write) by extensions ['colcon_pkg']
[0.401s] Level 1:colcon.colcon_core.package_identification:_identify(src/DynamixelSDK/c#/protocol2.0/bulk_read_write/win32/bulk_read_write) by extension 'colcon_pkg'
[0.401s] Level 1:colcon.colcon_core.package_identification:_identify(src/DynamixelSDK/c#/protocol2.0/bulk_read_write/win32/bulk_read_write) by extensions ['colcon_meta']
[0.401s] Level 1:colcon.colcon_core.package_identification:_identify(src/DynamixelSDK/c#/protocol2.0/bulk_read_write/win32/bulk_read_write) by extension 'colcon_meta'
[0.402s] Level 1:colcon.colcon_core.package_identification:_identify(src/DynamixelSDK/c#/protocol2.0/bulk_read_write/win32/bulk_read_write) by extensions ['ros']
[0.402s] Level 1:colcon.colcon_core.package_identification:_identify(src/DynamixelSDK/c#/protocol2.0/bulk_read_write/win32/bulk_read_write) by extension 'ros'
[0.402s] Level 1:colcon.colcon_core.package_identification:_identify(src/DynamixelSDK/c#/protocol2.0/bulk_read_write/win32/bulk_read_write) by extensions ['cmake', 'python']
[0.402s] Level 1:colcon.colcon_core.package_identification:_identify(src/DynamixelSDK/c#/protocol2.0/bulk_read_write/win32/bulk_read_write) by extension 'cmake'
[0.402s] Level 1:colcon.colcon_core.package_identification:_identify(src/DynamixelSDK/c#/protocol2.0/bulk_read_write/win32/bulk_read_write) by extension 'python'
[0.402s] Level 1:colcon.colcon_core.package_identification:_identify(src/DynamixelSDK/c#/protocol2.0/bulk_read_write/win32/bulk_read_write) by extensions ['python_setup_py']
[0.402s] Level 1:colcon.colcon_core.package_identification:_identify(src/DynamixelSDK/c#/protocol2.0/bulk_read_write/win32/bulk_read_write) by extension 'python_setup_py'
[0.402s] Level 1:colcon.colcon_core.package_identification:_identify(src/DynamixelSDK/c#/protocol2.0/bulk_read_write/win32/bulk_read_write/Properties) by extensions ['ignore', 'ignore_ament_install']
[0.402s] Level 1:colcon.colcon_core.package_identification:_identify(src/DynamixelSDK/c#/protocol2.0/bulk_read_write/win32/bulk_read_write/Properties) by extension 'ignore'
[0.403s] Level 1:colcon.colcon_core.package_identification:_identify(src/DynamixelSDK/c#/protocol2.0/bulk_read_write/win32/bulk_read_write/Properties) by extension 'ignore_ament_install'
[0.403s] Level 1:colcon.colcon_core.package_identification:_identify(src/DynamixelSDK/c#/protocol2.0/bulk_read_write/win32/bulk_read_write/Properties) by extensions ['colcon_pkg']
[0.403s] Level 1:colcon.colcon_core.package_identification:_identify(src/DynamixelSDK/c#/protocol2.0/bulk_read_write/win32/bulk_read_write/Properties) by extension 'colcon_pkg'
[0.403s] Level 1:colcon.colcon_core.package_identification:_identify(src/DynamixelSDK/c#/protocol2.0/bulk_read_write/win32/bulk_read_write/Properties) by extensions ['colcon_meta']
[0.403s] Level 1:colcon.colcon_core.package_identification:_identify(src/DynamixelSDK/c#/protocol2.0/bulk_read_write/win32/bulk_read_write/Properties) by extension 'colcon_meta'
[0.403s] Level 1:colcon.colcon_core.package_identification:_identify(src/DynamixelSDK/c#/protocol2.0/bulk_read_write/win32/bulk_read_write/Properties) by extensions ['ros']
[0.403s] Level 1:colcon.colcon_core.package_identification:_identify(src/DynamixelSDK/c#/protocol2.0/bulk_read_write/win32/bulk_read_write/Properties) by extension 'ros'
[0.403s] Level 1:colcon.colcon_core.package_identification:_identify(src/DynamixelSDK/c#/protocol2.0/bulk_read_write/win32/bulk_read_write/Properties) by extensions ['cmake', 'python']
[0.403s] Level 1:colcon.colcon_core.package_identification:_identify(src/DynamixelSDK/c#/protocol2.0/bulk_read_write/win32/bulk_read_write/Properties) by extension 'cmake'
[0.403s] Level 1:colcon.colcon_core.package_identification:_identify(src/DynamixelSDK/c#/protocol2.0/bulk_read_write/win32/bulk_read_write/Properties) by extension 'python'
[0.404s] Level 1:colcon.colcon_core.package_identification:_identify(src/DynamixelSDK/c#/protocol2.0/bulk_read_write/win32/bulk_read_write/Properties) by extensions ['python_setup_py']
[0.404s] Level 1:colcon.colcon_core.package_identification:_identify(src/DynamixelSDK/c#/protocol2.0/bulk_read_write/win32/bulk_read_write/Properties) by extension 'python_setup_py'
[0.404s] Level 1:colcon.colcon_core.package_identification:_identify(src/DynamixelSDK/c#/protocol2.0/bulk_read_write/win64) by extensions ['ignore', 'ignore_ament_install']
[0.404s] Level 1:colcon.colcon_core.package_identification:_identify(src/DynamixelSDK/c#/protocol2.0/bulk_read_write/win64) by extension 'ignore'
[0.404s] Level 1:colcon.colcon_core.package_identification:_identify(src/DynamixelSDK/c#/protocol2.0/bulk_read_write/win64) by extension 'ignore_ament_install'
[0.404s] Level 1:colcon.colcon_core.package_identification:_identify(src/DynamixelSDK/c#/protocol2.0/bulk_read_write/win64) by extensions ['colcon_pkg']
[0.404s] Level 1:colcon.colcon_core.package_identification:_identify(src/DynamixelSDK/c#/protocol2.0/bulk_read_write/win64) by extension 'colcon_pkg'
[0.404s] Level 1:colcon.colcon_core.package_identification:_identify(src/DynamixelSDK/c#/protocol2.0/bulk_read_write/win64) by extensions ['colcon_meta']
[0.404s] Level 1:colcon.colcon_core.package_identification:_identify(src/DynamixelSDK/c#/protocol2.0/bulk_read_write/win64) by extension 'colcon_meta'
[0.404s] Level 1:colcon.colcon_core.package_identification:_identify(src/DynamixelSDK/c#/protocol2.0/bulk_read_write/win64) by extensions ['ros']
[0.404s] Level 1:colcon.colcon_core.package_identification:_identify(src/DynamixelSDK/c#/protocol2.0/bulk_read_write/win64) by extension 'ros'
[0.405s] Level 1:colcon.colcon_core.package_identification:_identify(src/DynamixelSDK/c#/protocol2.0/bulk_read_write/win64) by extensions ['cmake', 'python']
[0.405s] Level 1:colcon.colcon_core.package_identification:_identify(src/DynamixelSDK/c#/protocol2.0/bulk_read_write/win64) by extension 'cmake'
[0.405s] Level 1:colcon.colcon_core.package_identification:_identify(src/DynamixelSDK/c#/protocol2.0/bulk_read_write/win64) by extension 'python'
[0.405s] Level 1:colcon.colcon_core.package_identification:_identify(src/DynamixelSDK/c#/protocol2.0/bulk_read_write/win64) by extensions ['python_setup_py']
[0.405s] Level 1:colcon.colcon_core.package_identification:_identify(src/DynamixelSDK/c#/protocol2.0/bulk_read_write/win64) by extension 'python_setup_py'
[0.405s] Level 1:colcon.colcon_core.package_identification:_identify(src/DynamixelSDK/c#/protocol2.0/bulk_read_write/win64/bulk_read_write) by extensions ['ignore', 'ignore_ament_install']
[0.405s] Level 1:colcon.colcon_core.package_identification:_identify(src/DynamixelSDK/c#/protocol2.0/bulk_read_write/win64/bulk_read_write) by extension 'ignore'
[0.405s] Level 1:colcon.colcon_core.package_identification:_identify(src/DynamixelSDK/c#/protocol2.0/bulk_read_write/win64/bulk_read_write) by extension 'ignore_ament_install'
[0.405s] Level 1:colcon.colcon_core.package_identification:_identify(src/DynamixelSDK/c#/protocol2.0/bulk_read_write/win64/bulk_read_write) by extensions ['colcon_pkg']
[0.406s] Level 1:colcon.colcon_core.package_identification:_identify(src/DynamixelSDK/c#/protocol2.0/bulk_read_write/win64/bulk_read_write) by extension 'colcon_pkg'
[0.406s] Level 1:colcon.colcon_core.package_identification:_identify(src/DynamixelSDK/c#/protocol2.0/bulk_read_write/win64/bulk_read_write) by extensions ['colcon_meta']
[0.406s] Level 1:colcon.colcon_core.package_identification:_identify(src/DynamixelSDK/c#/protocol2.0/bulk_read_write/win64/bulk_read_write) by extension 'colcon_meta'
[0.406s] Level 1:colcon.colcon_core.package_identification:_identify(src/DynamixelSDK/c#/protocol2.0/bulk_read_write/win64/bulk_read_write) by extensions ['ros']
[0.406s] Level 1:colcon.colcon_core.package_identification:_identify(src/DynamixelSDK/c#/protocol2.0/bulk_read_write/win64/bulk_read_write) by extension 'ros'
[0.406s] Level 1:colcon.colcon_core.package_identification:_identify(src/DynamixelSDK/c#/protocol2.0/bulk_read_write/win64/bulk_read_write) by extensions ['cmake', 'python']
[0.406s] Level 1:colcon.colcon_core.package_identification:_identify(src/DynamixelSDK/c#/protocol2.0/bulk_read_write/win64/bulk_read_write) by extension 'cmake'
[0.406s] Level 1:colcon.colcon_core.package_identification:_identify(src/DynamixelSDK/c#/protocol2.0/bulk_read_write/win64/bulk_read_write) by extension 'python'
[0.406s] Level 1:colcon.colcon_core.package_identification:_identify(src/DynamixelSDK/c#/protocol2.0/bulk_read_write/win64/bulk_read_write) by extensions ['python_setup_py']
[0.406s] Level 1:colcon.colcon_core.package_identification:_identify(src/DynamixelSDK/c#/protocol2.0/bulk_read_write/win64/bulk_read_write) by extension 'python_setup_py'
[0.406s] Level 1:colcon.colcon_core.package_identification:_identify(src/DynamixelSDK/c#/protocol2.0/bulk_read_write/win64/bulk_read_write/Properties) by extensions ['ignore', 'ignore_ament_install']
[0.407s] Level 1:colcon.colcon_core.package_identification:_identify(src/DynamixelSDK/c#/protocol2.0/bulk_read_write/win64/bulk_read_write/Properties) by extension 'ignore'
[0.407s] Level 1:colcon.colcon_core.package_identification:_identify(src/DynamixelSDK/c#/protocol2.0/bulk_read_write/win64/bulk_read_write/Properties) by extension 'ignore_ament_install'
[0.407s] Level 1:colcon.colcon_core.package_identification:_identify(src/DynamixelSDK/c#/protocol2.0/bulk_read_write/win64/bulk_read_write/Properties) by extensions ['colcon_pkg']
[0.407s] Level 1:colcon.colcon_core.package_identification:_identify(src/DynamixelSDK/c#/protocol2.0/bulk_read_write/win64/bulk_read_write/Properties) by extension 'colcon_pkg'
[0.407s] Level 1:colcon.colcon_core.package_identification:_identify(src/DynamixelSDK/c#/protocol2.0/bulk_read_write/win64/bulk_read_write/Properties) by extensions ['colcon_meta']
[0.407s] Level 1:colcon.colcon_core.package_identification:_identify(src/DynamixelSDK/c#/protocol2.0/bulk_read_write/win64/bulk_read_write/Properties) by extension 'colcon_meta'
[0.407s] Level 1:colcon.colcon_core.package_identification:_identify(src/DynamixelSDK/c#/protocol2.0/bulk_read_write/win64/bulk_read_write/Properties) by extensions ['ros']
[0.407s] Level 1:colcon.colcon_core.package_identification:_identify(src/DynamixelSDK/c#/protocol2.0/bulk_read_write/win64/bulk_read_write/Properties) by extension 'ros'
[0.407s] Level 1:colcon.colcon_core.package_identification:_identify(src/DynamixelSDK/c#/protocol2.0/bulk_read_write/win64/bulk_read_write/Properties) by extensions ['cmake', 'python']
[0.407s] Level 1:colcon.colcon_core.package_identification:_identify(src/DynamixelSDK/c#/protocol2.0/bulk_read_write/win64/bulk_read_write/Properties) by extension 'cmake'
[0.408s] Level 1:colcon.colcon_core.package_identification:_identify(src/DynamixelSDK/c#/protocol2.0/bulk_read_write/win64/bulk_read_write/Properties) by extension 'python'
[0.408s] Level 1:colcon.colcon_core.package_identification:_identify(src/DynamixelSDK/c#/protocol2.0/bulk_read_write/win64/bulk_read_write/Properties) by extensions ['python_setup_py']
[0.408s] Level 1:colcon.colcon_core.package_identification:_identify(src/DynamixelSDK/c#/protocol2.0/bulk_read_write/win64/bulk_read_write/Properties) by extension 'python_setup_py'
[0.408s] Level 1:colcon.colcon_core.package_identification:_identify(src/DynamixelSDK/c#/protocol2.0/clear_multi_turn) by extensions ['ignore', 'ignore_ament_install']
[0.408s] Level 1:colcon.colcon_core.package_identification:_identify(src/DynamixelSDK/c#/protocol2.0/clear_multi_turn) by extension 'ignore'
[0.408s] Level 1:colcon.colcon_core.package_identification:_identify(src/DynamixelSDK/c#/protocol2.0/clear_multi_turn) by extension 'ignore_ament_install'
[0.408s] Level 1:colcon.colcon_core.package_identification:_identify(src/DynamixelSDK/c#/protocol2.0/clear_multi_turn) by extensions ['colcon_pkg']
[0.408s] Level 1:colcon.colcon_core.package_identification:_identify(src/DynamixelSDK/c#/protocol2.0/clear_multi_turn) by extension 'colcon_pkg'
[0.408s] Level 1:colcon.colcon_core.package_identification:_identify(src/DynamixelSDK/c#/protocol2.0/clear_multi_turn) by extensions ['colcon_meta']
[0.408s] Level 1:colcon.colcon_core.package_identification:_identify(src/DynamixelSDK/c#/protocol2.0/clear_multi_turn) by extension 'colcon_meta'
[0.409s] Level 1:colcon.colcon_core.package_identification:_identify(src/DynamixelSDK/c#/protocol2.0/clear_multi_turn) by extensions ['ros']
[0.409s] Level 1:colcon.colcon_core.package_identification:_identify(src/DynamixelSDK/c#/protocol2.0/clear_multi_turn) by extension 'ros'
[0.409s] Level 1:colcon.colcon_core.package_identification:_identify(src/DynamixelSDK/c#/protocol2.0/clear_multi_turn) by extensions ['cmake', 'python']
[0.409s] Level 1:colcon.colcon_core.package_identification:_identify(src/DynamixelSDK/c#/protocol2.0/clear_multi_turn) by extension 'cmake'
[0.409s] Level 1:colcon.colcon_core.package_identification:_identify(src/DynamixelSDK/c#/protocol2.0/clear_multi_turn) by extension 'python'
[0.409s] Level 1:colcon.colcon_core.package_identification:_identify(src/DynamixelSDK/c#/protocol2.0/clear_multi_turn) by extensions ['python_setup_py']
[0.409s] Level 1:colcon.colcon_core.package_identification:_identify(src/DynamixelSDK/c#/protocol2.0/clear_multi_turn) by extension 'python_setup_py'
[0.409s] Level 1:colcon.colcon_core.package_identification:_identify(src/DynamixelSDK/c#/protocol2.0/clear_multi_turn/win32) by extensions ['ignore', 'ignore_ament_install']
[0.409s] Level 1:colcon.colcon_core.package_identification:_identify(src/DynamixelSDK/c#/protocol2.0/clear_multi_turn/win32) by extension 'ignore'
[0.409s] Level 1:colcon.colcon_core.package_identification:_identify(src/DynamixelSDK/c#/protocol2.0/clear_multi_turn/win32) by extension 'ignore_ament_install'
[0.409s] Level 1:colcon.colcon_core.package_identification:_identify(src/DynamixelSDK/c#/protocol2.0/clear_multi_turn/win32) by extensions ['colcon_pkg']
[0.410s] Level 1:colcon.colcon_core.package_identification:_identify(src/DynamixelSDK/c#/protocol2.0/clear_multi_turn/win32) by extension 'colcon_pkg'
[0.410s] Level 1:colcon.colcon_core.package_identification:_identify(src/DynamixelSDK/c#/protocol2.0/clear_multi_turn/win32) by extensions ['colcon_meta']
[0.410s] Level 1:colcon.colcon_core.package_identification:_identify(src/DynamixelSDK/c#/protocol2.0/clear_multi_turn/win32) by extension 'colcon_meta'
[0.410s] Level 1:colcon.colcon_core.package_identification:_identify(src/DynamixelSDK/c#/protocol2.0/clear_multi_turn/win32) by extensions ['ros']
[0.410s] Level 1:colcon.colcon_core.package_identification:_identify(src/DynamixelSDK/c#/protocol2.0/clear_multi_turn/win32) by extension 'ros'
[0.410s] Level 1:colcon.colcon_core.package_identification:_identify(src/DynamixelSDK/c#/protocol2.0/clear_multi_turn/win32) by extensions ['cmake', 'python']
[0.410s] Level 1:colcon.colcon_core.package_identification:_identify(src/DynamixelSDK/c#/protocol2.0/clear_multi_turn/win32) by extension 'cmake'
[0.410s] Level 1:colcon.colcon_core.package_identification:_identify(src/DynamixelSDK/c#/protocol2.0/clear_multi_turn/win32) by extension 'python'
[0.410s] Level 1:colcon.colcon_core.package_identification:_identify(src/DynamixelSDK/c#/protocol2.0/clear_multi_turn/win32) by extensions ['python_setup_py']
[0.410s] Level 1:colcon.colcon_core.package_identification:_identify(src/DynamixelSDK/c#/protocol2.0/clear_multi_turn/win32) by extension 'python_setup_py'
[0.410s] Level 1:colcon.colcon_core.package_identification:_identify(src/DynamixelSDK/c#/protocol2.0/clear_multi_turn/win32/clear_multi_turn) by extensions ['ignore', 'ignore_ament_install']
[0.410s] Level 1:colcon.colcon_core.package_identification:_identify(src/DynamixelSDK/c#/protocol2.0/clear_multi_turn/win32/clear_multi_turn) by extension 'ignore'
[0.411s] Level 1:colcon.colcon_core.package_identification:_identify(src/DynamixelSDK/c#/protocol2.0/clear_multi_turn/win32/clear_multi_turn) by extension 'ignore_ament_install'
[0.411s] Level 1:colcon.colcon_core.package_identification:_identify(src/DynamixelSDK/c#/protocol2.0/clear_multi_turn/win32/clear_multi_turn) by extensions ['colcon_pkg']
[0.411s] Level 1:colcon.colcon_core.package_identification:_identify(src/DynamixelSDK/c#/protocol2.0/clear_multi_turn/win32/clear_multi_turn) by extension 'colcon_pkg'
[0.411s] Level 1:colcon.colcon_core.package_identification:_identify(src/DynamixelSDK/c#/protocol2.0/clear_multi_turn/win32/clear_multi_turn) by extensions ['colcon_meta']
[0.411s] Level 1:colcon.colcon_core.package_identification:_identify(src/DynamixelSDK/c#/protocol2.0/clear_multi_turn/win32/clear_multi_turn) by extension 'colcon_meta'
[0.411s] Level 1:colcon.colcon_core.package_identification:_identify(src/DynamixelSDK/c#/protocol2.0/clear_multi_turn/win32/clear_multi_turn) by extensions ['ros']
[0.411s] Level 1:colcon.colcon_core.package_identification:_identify(src/DynamixelSDK/c#/protocol2.0/clear_multi_turn/win32/clear_multi_turn) by extension 'ros'
[0.411s] Level 1:colcon.colcon_core.package_identification:_identify(src/DynamixelSDK/c#/protocol2.0/clear_multi_turn/win32/clear_multi_turn) by extensions ['cmake', 'python']
[0.411s] Level 1:colcon.colcon_core.package_identification:_identify(src/DynamixelSDK/c#/protocol2.0/clear_multi_turn/win32/clear_multi_turn) by extension 'cmake'
[0.411s] Level 1:colcon.colcon_core.package_identification:_identify(src/DynamixelSDK/c#/protocol2.0/clear_multi_turn/win32/clear_multi_turn) by extension 'python'
[0.411s] Level 1:colcon.colcon_core.package_identification:_identify(src/DynamixelSDK/c#/protocol2.0/clear_multi_turn/win32/clear_multi_turn) by extensions ['python_setup_py']
[0.411s] Level 1:colcon.colcon_core.package_identification:_identify(src/DynamixelSDK/c#/protocol2.0/clear_multi_turn/win32/clear_multi_turn) by extension 'python_setup_py'
[0.412s] Level 1:colcon.colcon_core.package_identification:_identify(src/DynamixelSDK/c#/protocol2.0/clear_multi_turn/win32/clear_multi_turn/Properties) by extensions ['ignore', 'ignore_ament_install']
[0.412s] Level 1:colcon.colcon_core.package_identification:_identify(src/DynamixelSDK/c#/protocol2.0/clear_multi_turn/win32/clear_multi_turn/Properties) by extension 'ignore'
[0.412s] Level 1:colcon.colcon_core.package_identification:_identify(src/DynamixelSDK/c#/protocol2.0/clear_multi_turn/win32/clear_multi_turn/Properties) by extension 'ignore_ament_install'
[0.412s] Level 1:colcon.colcon_core.package_identification:_identify(src/DynamixelSDK/c#/protocol2.0/clear_multi_turn/win32/clear_multi_turn/Properties) by extensions ['colcon_pkg']
[0.412s] Level 1:colcon.colcon_core.package_identification:_identify(src/DynamixelSDK/c#/protocol2.0/clear_multi_turn/win32/clear_multi_turn/Properties) by extension 'colcon_pkg'
[0.412s] Level 1:colcon.colcon_core.package_identification:_identify(src/DynamixelSDK/c#/protocol2.0/clear_multi_turn/win32/clear_multi_turn/Properties) by extensions ['colcon_meta']
[0.412s] Level 1:colcon.colcon_core.package_identification:_identify(src/DynamixelSDK/c#/protocol2.0/clear_multi_turn/win32/clear_multi_turn/Properties) by extension 'colcon_meta'
[0.412s] Level 1:colcon.colcon_core.package_identification:_identify(src/DynamixelSDK/c#/protocol2.0/clear_multi_turn/win32/clear_multi_turn/Properties) by extensions ['ros']
[0.412s] Level 1:colcon.colcon_core.package_identification:_identify(src/DynamixelSDK/c#/protocol2.0/clear_multi_turn/win32/clear_multi_turn/Properties) by extension 'ros'
[0.412s] Level 1:colcon.colcon_core.package_identification:_identify(src/DynamixelSDK/c#/protocol2.0/clear_multi_turn/win32/clear_multi_turn/Properties) by extensions ['cmake', 'python']
[0.412s] Level 1:colcon.colcon_core.package_identification:_identify(src/DynamixelSDK/c#/protocol2.0/clear_multi_turn/win32/clear_multi_turn/Properties) by extension 'cmake'
[0.412s] Level 1:colcon.colcon_core.package_identification:_identify(src/DynamixelSDK/c#/protocol2.0/clear_multi_turn/win32/clear_multi_turn/Properties) by extension 'python'
[0.413s] Level 1:colcon.colcon_core.package_identification:_identify(src/DynamixelSDK/c#/protocol2.0/clear_multi_turn/win32/clear_multi_turn/Properties) by extensions ['python_setup_py']
[0.413s] Level 1:colcon.colcon_core.package_identification:_identify(src/DynamixelSDK/c#/protocol2.0/clear_multi_turn/win32/clear_multi_turn/Properties) by extension 'python_setup_py'
[0.413s] Level 1:colcon.colcon_core.package_identification:_identify(src/DynamixelSDK/c#/protocol2.0/clear_multi_turn/win64) by extensions ['ignore', 'ignore_ament_install']
[0.413s] Level 1:colcon.colcon_core.package_identification:_identify(src/DynamixelSDK/c#/protocol2.0/clear_multi_turn/win64) by extension 'ignore'
[0.413s] Level 1:colcon.colcon_core.package_identification:_identify(src/DynamixelSDK/c#/protocol2.0/clear_multi_turn/win64) by extension 'ignore_ament_install'
[0.413s] Level 1:colcon.colcon_core.package_identification:_identify(src/DynamixelSDK/c#/protocol2.0/clear_multi_turn/win64) by extensions ['colcon_pkg']
[0.413s] Level 1:colcon.colcon_core.package_identification:_identify(src/DynamixelSDK/c#/protocol2.0/clear_multi_turn/win64) by extension 'colcon_pkg'
[0.413s] Level 1:colcon.colcon_core.package_identification:_identify(src/DynamixelSDK/c#/protocol2.0/clear_multi_turn/win64) by extensions ['colcon_meta']
[0.413s] Level 1:colcon.colcon_core.package_identification:_identify(src/DynamixelSDK/c#/protocol2.0/clear_multi_turn/win64) by extension 'colcon_meta'
[0.413s] Level 1:colcon.colcon_core.package_identification:_identify(src/DynamixelSDK/c#/protocol2.0/clear_multi_turn/win64) by extensions ['ros']
[0.413s] Level 1:colcon.colcon_core.package_identification:_identify(src/DynamixelSDK/c#/protocol2.0/clear_multi_turn/win64) by extension 'ros'
[0.414s] Level 1:colcon.colcon_core.package_identification:_identify(src/DynamixelSDK/c#/protocol2.0/clear_multi_turn/win64) by extensions ['cmake', 'python']
[0.414s] Level 1:colcon.colcon_core.package_identification:_identify(src/DynamixelSDK/c#/protocol2.0/clear_multi_turn/win64) by extension 'cmake'
[0.414s] Level 1:colcon.colcon_core.package_identification:_identify(src/DynamixelSDK/c#/protocol2.0/clear_multi_turn/win64) by extension 'python'
[0.414s] Level 1:colcon.colcon_core.package_identification:_identify(src/DynamixelSDK/c#/protocol2.0/clear_multi_turn/win64) by extensions ['python_setup_py']
[0.414s] Level 1:colcon.colcon_core.package_identification:_identify(src/DynamixelSDK/c#/protocol2.0/clear_multi_turn/win64) by extension 'python_setup_py'
[0.414s] Level 1:colcon.colcon_core.package_identification:_identify(src/DynamixelSDK/c#/protocol2.0/clear_multi_turn/win64/clear_multi_turn) by extensions ['ignore', 'ignore_ament_install']
[0.414s] Level 1:colcon.colcon_core.package_identification:_identify(src/DynamixelSDK/c#/protocol2.0/clear_multi_turn/win64/clear_multi_turn) by extension 'ignore'
[0.414s] Level 1:colcon.colcon_core.package_identification:_identify(src/DynamixelSDK/c#/protocol2.0/clear_multi_turn/win64/clear_multi_turn) by extension 'ignore_ament_install'
[0.414s] Level 1:colcon.colcon_core.package_identification:_identify(src/DynamixelSDK/c#/protocol2.0/clear_multi_turn/win64/clear_multi_turn) by extensions ['colcon_pkg']
[0.415s] Level 1:colcon.colcon_core.package_identification:_identify(src/DynamixelSDK/c#/protocol2.0/clear_multi_turn/win64/clear_multi_turn) by extension 'colcon_pkg'
[0.415s] Level 1:colcon.colcon_core.package_identification:_identify(src/DynamixelSDK/c#/protocol2.0/clear_multi_turn/win64/clear_multi_turn) by extensions ['colcon_meta']
[0.415s] Level 1:colcon.colcon_core.package_identification:_identify(src/DynamixelSDK/c#/protocol2.0/clear_multi_turn/win64/clear_multi_turn) by extension 'colcon_meta'
[0.415s] Level 1:colcon.colcon_core.package_identification:_identify(src/DynamixelSDK/c#/protocol2.0/clear_multi_turn/win64/clear_multi_turn) by extensions ['ros']
[0.415s] Level 1:colcon.colcon_core.package_identification:_identify(src/DynamixelSDK/c#/protocol2.0/clear_multi_turn/win64/clear_multi_turn) by extension 'ros'
[0.415s] Level 1:colcon.colcon_core.package_identification:_identify(src/DynamixelSDK/c#/protocol2.0/clear_multi_turn/win64/clear_multi_turn) by extensions ['cmake', 'python']
[0.415s] Level 1:colcon.colcon_core.package_identification:_identify(src/DynamixelSDK/c#/protocol2.0/clear_multi_turn/win64/clear_multi_turn) by extension 'cmake'
[0.415s] Level 1:colcon.colcon_core.package_identification:_identify(src/DynamixelSDK/c#/protocol2.0/clear_multi_turn/win64/clear_multi_turn) by extension 'python'
[0.415s] Level 1:colcon.colcon_core.package_identification:_identify(src/DynamixelSDK/c#/protocol2.0/clear_multi_turn/win64/clear_multi_turn) by extensions ['python_setup_py']
[0.415s] Level 1:colcon.colcon_core.package_identification:_identify(src/DynamixelSDK/c#/protocol2.0/clear_multi_turn/win64/clear_multi_turn) by extension 'python_setup_py'
[0.415s] Level 1:colcon.colcon_core.package_identification:_identify(src/DynamixelSDK/c#/protocol2.0/clear_multi_turn/win64/clear_multi_turn/Properties) by extensions ['ignore', 'ignore_ament_install']
[0.416s] Level 1:colcon.colcon_core.package_identification:_identify(src/DynamixelSDK/c#/protocol2.0/clear_multi_turn/win64/clear_multi_turn/Properties) by extension 'ignore'
[0.416s] Level 1:colcon.colcon_core.package_identification:_identify(src/DynamixelSDK/c#/protocol2.0/clear_multi_turn/win64/clear_multi_turn/Properties) by extension 'ignore_ament_install'
[0.416s] Level 1:colcon.colcon_core.package_identification:_identify(src/DynamixelSDK/c#/protocol2.0/clear_multi_turn/win64/clear_multi_turn/Properties) by extensions ['colcon_pkg']
[0.416s] Level 1:colcon.colcon_core.package_identification:_identify(src/DynamixelSDK/c#/protocol2.0/clear_multi_turn/win64/clear_multi_turn/Properties) by extension 'colcon_pkg'
[0.416s] Level 1:colcon.colcon_core.package_identification:_identify(src/DynamixelSDK/c#/protocol2.0/clear_multi_turn/win64/clear_multi_turn/Properties) by extensions ['colcon_meta']
[0.416s] Level 1:colcon.colcon_core.package_identification:_identify(src/DynamixelSDK/c#/protocol2.0/clear_multi_turn/win64/clear_multi_turn/Properties) by extension 'colcon_meta'
[0.416s] Level 1:colcon.colcon_core.package_identification:_identify(src/DynamixelSDK/c#/protocol2.0/clear_multi_turn/win64/clear_multi_turn/Properties) by extensions ['ros']
[0.416s] Level 1:colcon.colcon_core.package_identification:_identify(src/DynamixelSDK/c#/protocol2.0/clear_multi_turn/win64/clear_multi_turn/Properties) by extension 'ros'
[0.416s] Level 1:colcon.colcon_core.package_identification:_identify(src/DynamixelSDK/c#/protocol2.0/clear_multi_turn/win64/clear_multi_turn/Properties) by extensions ['cmake', 'python']
[0.416s] Level 1:colcon.colcon_core.package_identification:_identify(src/DynamixelSDK/c#/protocol2.0/clear_multi_turn/win64/clear_multi_turn/Properties) by extension 'cmake'
[0.416s] Level 1:colcon.colcon_core.package_identification:_identify(src/DynamixelSDK/c#/protocol2.0/clear_multi_turn/win64/clear_multi_turn/Properties) by extension 'python'
[0.417s] Level 1:colcon.colcon_core.package_identification:_identify(src/DynamixelSDK/c#/protocol2.0/clear_multi_turn/win64/clear_multi_turn/Properties) by extensions ['python_setup_py']
[0.417s] Level 1:colcon.colcon_core.package_identification:_identify(src/DynamixelSDK/c#/protocol2.0/clear_multi_turn/win64/clear_multi_turn/Properties) by extension 'python_setup_py'
[0.417s] Level 1:colcon.colcon_core.package_identification:_identify(src/DynamixelSDK/c#/protocol2.0/factory_reset) by extensions ['ignore', 'ignore_ament_install']
[0.417s] Level 1:colcon.colcon_core.package_identification:_identify(src/DynamixelSDK/c#/protocol2.0/factory_reset) by extension 'ignore'
[0.417s] Level 1:colcon.colcon_core.package_identification:_identify(src/DynamixelSDK/c#/protocol2.0/factory_reset) by extension 'ignore_ament_install'
[0.417s] Level 1:colcon.colcon_core.package_identification:_identify(src/DynamixelSDK/c#/protocol2.0/factory_reset) by extensions ['colcon_pkg']
[0.417s] Level 1:colcon.colcon_core.package_identification:_identify(src/DynamixelSDK/c#/protocol2.0/factory_reset) by extension 'colcon_pkg'
[0.417s] Level 1:colcon.colcon_core.package_identification:_identify(src/DynamixelSDK/c#/protocol2.0/factory_reset) by extensions ['colcon_meta']
[0.417s] Level 1:colcon.colcon_core.package_identification:_identify(src/DynamixelSDK/c#/protocol2.0/factory_reset) by extension 'colcon_meta'
[0.417s] Level 1:colcon.colcon_core.package_identification:_identify(src/DynamixelSDK/c#/protocol2.0/factory_reset) by extensions ['ros']
[0.417s] Level 1:colcon.colcon_core.package_identification:_identify(src/DynamixelSDK/c#/protocol2.0/factory_reset) by extension 'ros'
[0.418s] Level 1:colcon.colcon_core.package_identification:_identify(src/DynamixelSDK/c#/protocol2.0/factory_reset) by extensions ['cmake', 'python']
[0.418s] Level 1:colcon.colcon_core.package_identification:_identify(src/DynamixelSDK/c#/protocol2.0/factory_reset) by extension 'cmake'
[0.418s] Level 1:colcon.colcon_core.package_identification:_identify(src/DynamixelSDK/c#/protocol2.0/factory_reset) by extension 'python'
[0.418s] Level 1:colcon.colcon_core.package_identification:_identify(src/DynamixelSDK/c#/protocol2.0/factory_reset) by extensions ['python_setup_py']
[0.418s] Level 1:colcon.colcon_core.package_identification:_identify(src/DynamixelSDK/c#/protocol2.0/factory_reset) by extension 'python_setup_py'
[0.418s] Level 1:colcon.colcon_core.package_identification:_identify(src/DynamixelSDK/c#/protocol2.0/factory_reset/win32) by extensions ['ignore', 'ignore_ament_install']
[0.418s] Level 1:colcon.colcon_core.package_identification:_identify(src/DynamixelSDK/c#/protocol2.0/factory_reset/win32) by extension 'ignore'
[0.418s] Level 1:colcon.colcon_core.package_identification:_identify(src/DynamixelSDK/c#/protocol2.0/factory_reset/win32) by extension 'ignore_ament_install'
[0.418s] Level 1:colcon.colcon_core.package_identification:_identify(src/DynamixelSDK/c#/protocol2.0/factory_reset/win32) by extensions ['colcon_pkg']
[0.418s] Level 1:colcon.colcon_core.package_identification:_identify(src/DynamixelSDK/c#/protocol2.0/factory_reset/win32) by extension 'colcon_pkg'
[0.418s] Level 1:colcon.colcon_core.package_identification:_identify(src/DynamixelSDK/c#/protocol2.0/factory_reset/win32) by extensions ['colcon_meta']
[0.418s] Level 1:colcon.colcon_core.package_identification:_identify(src/DynamixelSDK/c#/protocol2.0/factory_reset/win32) by extension 'colcon_meta'
[0.419s] Level 1:colcon.colcon_core.package_identification:_identify(src/DynamixelSDK/c#/protocol2.0/factory_reset/win32) by extensions ['ros']
[0.419s] Level 1:colcon.colcon_core.package_identification:_identify(src/DynamixelSDK/c#/protocol2.0/factory_reset/win32) by extension 'ros'
[0.419s] Level 1:colcon.colcon_core.package_identification:_identify(src/DynamixelSDK/c#/protocol2.0/factory_reset/win32) by extensions ['cmake', 'python']
[0.419s] Level 1:colcon.colcon_core.package_identification:_identify(src/DynamixelSDK/c#/protocol2.0/factory_reset/win32) by extension 'cmake'
[0.419s] Level 1:colcon.colcon_core.package_identification:_identify(src/DynamixelSDK/c#/protocol2.0/factory_reset/win32) by extension 'python'
[0.419s] Level 1:colcon.colcon_core.package_identification:_identify(src/DynamixelSDK/c#/protocol2.0/factory_reset/win32) by extensions ['python_setup_py']
[0.419s] Level 1:colcon.colcon_core.package_identification:_identify(src/DynamixelSDK/c#/protocol2.0/factory_reset/win32) by extension 'python_setup_py'
[0.419s] Level 1:colcon.colcon_core.package_identification:_identify(src/DynamixelSDK/c#/protocol2.0/factory_reset/win32/factory_reset) by extensions ['ignore', 'ignore_ament_install']
[0.420s] Level 1:colcon.colcon_core.package_identification:_identify(src/DynamixelSDK/c#/protocol2.0/factory_reset/win32/factory_reset) by extension 'ignore'
[0.420s] Level 1:colcon.colcon_core.package_identification:_identify(src/DynamixelSDK/c#/protocol2.0/factory_reset/win32/factory_reset) by extension 'ignore_ament_install'
[0.420s] Level 1:colcon.colcon_core.package_identification:_identify(src/DynamixelSDK/c#/protocol2.0/factory_reset/win32/factory_reset) by extensions ['colcon_pkg']
[0.420s] Level 1:colcon.colcon_core.package_identification:_identify(src/DynamixelSDK/c#/protocol2.0/factory_reset/win32/factory_reset) by extension 'colcon_pkg'
[0.420s] Level 1:colcon.colcon_core.package_identification:_identify(src/DynamixelSDK/c#/protocol2.0/factory_reset/win32/factory_reset) by extensions ['colcon_meta']
[0.420s] Level 1:colcon.colcon_core.package_identification:_identify(src/DynamixelSDK/c#/protocol2.0/factory_reset/win32/factory_reset) by extension 'colcon_meta'
[0.420s] Level 1:colcon.colcon_core.package_identification:_identify(src/DynamixelSDK/c#/protocol2.0/factory_reset/win32/factory_reset) by extensions ['ros']
[0.420s] Level 1:colcon.colcon_core.package_identification:_identify(src/DynamixelSDK/c#/protocol2.0/factory_reset/win32/factory_reset) by extension 'ros'
[0.420s] Level 1:colcon.colcon_core.package_identification:_identify(src/DynamixelSDK/c#/protocol2.0/factory_reset/win32/factory_reset) by extensions ['cmake', 'python']
[0.420s] Level 1:colcon.colcon_core.package_identification:_identify(src/DynamixelSDK/c#/protocol2.0/factory_reset/win32/factory_reset) by extension 'cmake'
[0.420s] Level 1:colcon.colcon_core.package_identification:_identify(src/DynamixelSDK/c#/protocol2.0/factory_reset/win32/factory_reset) by extension 'python'
[0.420s] Level 1:colcon.colcon_core.package_identification:_identify(src/DynamixelSDK/c#/protocol2.0/factory_reset/win32/factory_reset) by extensions ['python_setup_py']
[0.420s] Level 1:colcon.colcon_core.package_identification:_identify(src/DynamixelSDK/c#/protocol2.0/factory_reset/win32/factory_reset) by extension 'python_setup_py'
[0.421s] Level 1:colcon.colcon_core.package_identification:_identify(src/DynamixelSDK/c#/protocol2.0/factory_reset/win32/factory_reset/Properties) by extensions ['ignore', 'ignore_ament_install']
[0.421s] Level 1:colcon.colcon_core.package_identification:_identify(src/DynamixelSDK/c#/protocol2.0/factory_reset/win32/factory_reset/Properties) by extension 'ignore'
[0.421s] Level 1:colcon.colcon_core.package_identification:_identify(src/DynamixelSDK/c#/protocol2.0/factory_reset/win32/factory_reset/Properties) by extension 'ignore_ament_install'
[0.421s] Level 1:colcon.colcon_core.package_identification:_identify(src/DynamixelSDK/c#/protocol2.0/factory_reset/win32/factory_reset/Properties) by extensions ['colcon_pkg']
[0.421s] Level 1:colcon.colcon_core.package_identification:_identify(src/DynamixelSDK/c#/protocol2.0/factory_reset/win32/factory_reset/Properties) by extension 'colcon_pkg'
[0.421s] Level 1:colcon.colcon_core.package_identification:_identify(src/DynamixelSDK/c#/protocol2.0/factory_reset/win32/factory_reset/Properties) by extensions ['colcon_meta']
[0.421s] Level 1:colcon.colcon_core.package_identification:_identify(src/DynamixelSDK/c#/protocol2.0/factory_reset/win32/factory_reset/Properties) by extension 'colcon_meta'
[0.421s] Level 1:colcon.colcon_core.package_identification:_identify(src/DynamixelSDK/c#/protocol2.0/factory_reset/win32/factory_reset/Properties) by extensions ['ros']
[0.421s] Level 1:colcon.colcon_core.package_identification:_identify(src/DynamixelSDK/c#/protocol2.0/factory_reset/win32/factory_reset/Properties) by extension 'ros'
[0.422s] Level 1:colcon.colcon_core.package_identification:_identify(src/DynamixelSDK/c#/protocol2.0/factory_reset/win32/factory_reset/Properties) by extensions ['cmake', 'python']
[0.422s] Level 1:colcon.colcon_core.package_identification:_identify(src/DynamixelSDK/c#/protocol2.0/factory_reset/win32/factory_reset/Properties) by extension 'cmake'
[0.422s] Level 1:colcon.colcon_core.package_identification:_identify(src/DynamixelSDK/c#/protocol2.0/factory_reset/win32/factory_reset/Properties) by extension 'python'
[0.422s] Level 1:colcon.colcon_core.package_identification:_identify(src/DynamixelSDK/c#/protocol2.0/factory_reset/win32/factory_reset/Properties) by extensions ['python_setup_py']
[0.422s] Level 1:colcon.colcon_core.package_identification:_identify(src/DynamixelSDK/c#/protocol2.0/factory_reset/win32/factory_reset/Properties) by extension 'python_setup_py'
[0.422s] Level 1:colcon.colcon_core.package_identification:_identify(src/DynamixelSDK/c#/protocol2.0/factory_reset/win64) by extensions ['ignore', 'ignore_ament_install']
[0.422s] Level 1:colcon.colcon_core.package_identification:_identify(src/DynamixelSDK/c#/protocol2.0/factory_reset/win64) by extension 'ignore'
[0.422s] Level 1:colcon.colcon_core.package_identification:_identify(src/DynamixelSDK/c#/protocol2.0/factory_reset/win64) by extension 'ignore_ament_install'
[0.422s] Level 1:colcon.colcon_core.package_identification:_identify(src/DynamixelSDK/c#/protocol2.0/factory_reset/win64) by extensions ['colcon_pkg']
[0.422s] Level 1:colcon.colcon_core.package_identification:_identify(src/DynamixelSDK/c#/protocol2.0/factory_reset/win64) by extension 'colcon_pkg'
[0.423s] Level 1:colcon.colcon_core.package_identification:_identify(src/DynamixelSDK/c#/protocol2.0/factory_reset/win64) by extensions ['colcon_meta']
[0.423s] Level 1:colcon.colcon_core.package_identification:_identify(src/DynamixelSDK/c#/protocol2.0/factory_reset/win64) by extension 'colcon_meta'
[0.423s] Level 1:colcon.colcon_core.package_identification:_identify(src/DynamixelSDK/c#/protocol2.0/factory_reset/win64) by extensions ['ros']
[0.423s] Level 1:colcon.colcon_core.package_identification:_identify(src/DynamixelSDK/c#/protocol2.0/factory_reset/win64) by extension 'ros'
[0.423s] Level 1:colcon.colcon_core.package_identification:_identify(src/DynamixelSDK/c#/protocol2.0/factory_reset/win64) by extensions ['cmake', 'python']
[0.423s] Level 1:colcon.colcon_core.package_identification:_identify(src/DynamixelSDK/c#/protocol2.0/factory_reset/win64) by extension 'cmake'
[0.423s] Level 1:colcon.colcon_core.package_identification:_identify(src/DynamixelSDK/c#/protocol2.0/factory_reset/win64) by extension 'python'
[0.423s] Level 1:colcon.colcon_core.package_identification:_identify(src/DynamixelSDK/c#/protocol2.0/factory_reset/win64) by extensions ['python_setup_py']
[0.423s] Level 1:colcon.colcon_core.package_identification:_identify(src/DynamixelSDK/c#/protocol2.0/factory_reset/win64) by extension 'python_setup_py'
[0.423s] Level 1:colcon.colcon_core.package_identification:_identify(src/DynamixelSDK/c#/protocol2.0/factory_reset/win64/factory_reset) by extensions ['ignore', 'ignore_ament_install']
[0.424s] Level 1:colcon.colcon_core.package_identification:_identify(src/DynamixelSDK/c#/protocol2.0/factory_reset/win64/factory_reset) by extension 'ignore'
[0.424s] Level 1:colcon.colcon_core.package_identification:_identify(src/DynamixelSDK/c#/protocol2.0/factory_reset/win64/factory_reset) by extension 'ignore_ament_install'
[0.424s] Level 1:colcon.colcon_core.package_identification:_identify(src/DynamixelSDK/c#/protocol2.0/factory_reset/win64/factory_reset) by extensions ['colcon_pkg']
[0.424s] Level 1:colcon.colcon_core.package_identification:_identify(src/DynamixelSDK/c#/protocol2.0/factory_reset/win64/factory_reset) by extension 'colcon_pkg'
[0.424s] Level 1:colcon.colcon_core.package_identification:_identify(src/DynamixelSDK/c#/protocol2.0/factory_reset/win64/factory_reset) by extensions ['colcon_meta']
[0.424s] Level 1:colcon.colcon_core.package_identification:_identify(src/DynamixelSDK/c#/protocol2.0/factory_reset/win64/factory_reset) by extension 'colcon_meta'
[0.424s] Level 1:colcon.colcon_core.package_identification:_identify(src/DynamixelSDK/c#/protocol2.0/factory_reset/win64/factory_reset) by extensions ['ros']
[0.424s] Level 1:colcon.colcon_core.package_identification:_identify(src/DynamixelSDK/c#/protocol2.0/factory_reset/win64/factory_reset) by extension 'ros'
[0.424s] Level 1:colcon.colcon_core.package_identification:_identify(src/DynamixelSDK/c#/protocol2.0/factory_reset/win64/factory_reset) by extensions ['cmake', 'python']
[0.424s] Level 1:colcon.colcon_core.package_identification:_identify(src/DynamixelSDK/c#/protocol2.0/factory_reset/win64/factory_reset) by extension 'cmake'
[0.424s] Level 1:colcon.colcon_core.package_identification:_identify(src/DynamixelSDK/c#/protocol2.0/factory_reset/win64/factory_reset) by extension 'python'
[0.424s] Level 1:colcon.colcon_core.package_identification:_identify(src/DynamixelSDK/c#/protocol2.0/factory_reset/win64/factory_reset) by extensions ['python_setup_py']
[0.424s] Level 1:colcon.colcon_core.package_identification:_identify(src/DynamixelSDK/c#/protocol2.0/factory_reset/win64/factory_reset) by extension 'python_setup_py'
[0.425s] Level 1:colcon.colcon_core.package_identification:_identify(src/DynamixelSDK/c#/protocol2.0/factory_reset/win64/factory_reset/Properties) by extensions ['ignore', 'ignore_ament_install']
[0.425s] Level 1:colcon.colcon_core.package_identification:_identify(src/DynamixelSDK/c#/protocol2.0/factory_reset/win64/factory_reset/Properties) by extension 'ignore'
[0.425s] Level 1:colcon.colcon_core.package_identification:_identify(src/DynamixelSDK/c#/protocol2.0/factory_reset/win64/factory_reset/Properties) by extension 'ignore_ament_install'
[0.425s] Level 1:colcon.colcon_core.package_identification:_identify(src/DynamixelSDK/c#/protocol2.0/factory_reset/win64/factory_reset/Properties) by extensions ['colcon_pkg']
[0.425s] Level 1:colcon.colcon_core.package_identification:_identify(src/DynamixelSDK/c#/protocol2.0/factory_reset/win64/factory_reset/Properties) by extension 'colcon_pkg'
[0.425s] Level 1:colcon.colcon_core.package_identification:_identify(src/DynamixelSDK/c#/protocol2.0/factory_reset/win64/factory_reset/Properties) by extensions ['colcon_meta']
[0.425s] Level 1:colcon.colcon_core.package_identification:_identify(src/DynamixelSDK/c#/protocol2.0/factory_reset/win64/factory_reset/Properties) by extension 'colcon_meta'
[0.425s] Level 1:colcon.colcon_core.package_identification:_identify(src/DynamixelSDK/c#/protocol2.0/factory_reset/win64/factory_reset/Properties) by extensions ['ros']
[0.425s] Level 1:colcon.colcon_core.package_identification:_identify(src/DynamixelSDK/c#/protocol2.0/factory_reset/win64/factory_reset/Properties) by extension 'ros'
[0.425s] Level 1:colcon.colcon_core.package_identification:_identify(src/DynamixelSDK/c#/protocol2.0/factory_reset/win64/factory_reset/Properties) by extensions ['cmake', 'python']
[0.425s] Level 1:colcon.colcon_core.package_identification:_identify(src/DynamixelSDK/c#/protocol2.0/factory_reset/win64/factory_reset/Properties) by extension 'cmake'
[0.426s] Level 1:colcon.colcon_core.package_identification:_identify(src/DynamixelSDK/c#/protocol2.0/factory_reset/win64/factory_reset/Properties) by extension 'python'
[0.426s] Level 1:colcon.colcon_core.package_identification:_identify(src/DynamixelSDK/c#/protocol2.0/factory_reset/win64/factory_reset/Properties) by extensions ['python_setup_py']
[0.426s] Level 1:colcon.colcon_core.package_identification:_identify(src/DynamixelSDK/c#/protocol2.0/factory_reset/win64/factory_reset/Properties) by extension 'python_setup_py'
[0.426s] Level 1:colcon.colcon_core.package_identification:_identify(src/DynamixelSDK/c#/protocol2.0/indirect_address) by extensions ['ignore', 'ignore_ament_install']
[0.426s] Level 1:colcon.colcon_core.package_identification:_identify(src/DynamixelSDK/c#/protocol2.0/indirect_address) by extension 'ignore'
[0.426s] Level 1:colcon.colcon_core.package_identification:_identify(src/DynamixelSDK/c#/protocol2.0/indirect_address) by extension 'ignore_ament_install'
[0.426s] Level 1:colcon.colcon_core.package_identification:_identify(src/DynamixelSDK/c#/protocol2.0/indirect_address) by extensions ['colcon_pkg']
[0.426s] Level 1:colcon.colcon_core.package_identification:_identify(src/DynamixelSDK/c#/protocol2.0/indirect_address) by extension 'colcon_pkg'
[0.426s] Level 1:colcon.colcon_core.package_identification:_identify(src/DynamixelSDK/c#/protocol2.0/indirect_address) by extensions ['colcon_meta']
[0.426s] Level 1:colcon.colcon_core.package_identification:_identify(src/DynamixelSDK/c#/protocol2.0/indirect_address) by extension 'colcon_meta'
[0.426s] Level 1:colcon.colcon_core.package_identification:_identify(src/DynamixelSDK/c#/protocol2.0/indirect_address) by extensions ['ros']
[0.426s] Level 1:colcon.colcon_core.package_identification:_identify(src/DynamixelSDK/c#/protocol2.0/indirect_address) by extension 'ros'
[0.427s] Level 1:colcon.colcon_core.package_identification:_identify(src/DynamixelSDK/c#/protocol2.0/indirect_address) by extensions ['cmake', 'python']
[0.427s] Level 1:colcon.colcon_core.package_identification:_identify(src/DynamixelSDK/c#/protocol2.0/indirect_address) by extension 'cmake'
[0.427s] Level 1:colcon.colcon_core.package_identification:_identify(src/DynamixelSDK/c#/protocol2.0/indirect_address) by extension 'python'
[0.427s] Level 1:colcon.colcon_core.package_identification:_identify(src/DynamixelSDK/c#/protocol2.0/indirect_address) by extensions ['python_setup_py']
[0.427s] Level 1:colcon.colcon_core.package_identification:_identify(src/DynamixelSDK/c#/protocol2.0/indirect_address) by extension 'python_setup_py'
[0.427s] Level 1:colcon.colcon_core.package_identification:_identify(src/DynamixelSDK/c#/protocol2.0/indirect_address/win32) by extensions ['ignore', 'ignore_ament_install']
[0.427s] Level 1:colcon.colcon_core.package_identification:_identify(src/DynamixelSDK/c#/protocol2.0/indirect_address/win32) by extension 'ignore'
[0.427s] Level 1:colcon.colcon_core.package_identification:_identify(src/DynamixelSDK/c#/protocol2.0/indirect_address/win32) by extension 'ignore_ament_install'
[0.427s] Level 1:colcon.colcon_core.package_identification:_identify(src/DynamixelSDK/c#/protocol2.0/indirect_address/win32) by extensions ['colcon_pkg']
[0.427s] Level 1:colcon.colcon_core.package_identification:_identify(src/DynamixelSDK/c#/protocol2.0/indirect_address/win32) by extension 'colcon_pkg'
[0.428s] Level 1:colcon.colcon_core.package_identification:_identify(src/DynamixelSDK/c#/protocol2.0/indirect_address/win32) by extensions ['colcon_meta']
[0.428s] Level 1:colcon.colcon_core.package_identification:_identify(src/DynamixelSDK/c#/protocol2.0/indirect_address/win32) by extension 'colcon_meta'
[0.428s] Level 1:colcon.colcon_core.package_identification:_identify(src/DynamixelSDK/c#/protocol2.0/indirect_address/win32) by extensions ['ros']
[0.428s] Level 1:colcon.colcon_core.package_identification:_identify(src/DynamixelSDK/c#/protocol2.0/indirect_address/win32) by extension 'ros'
[0.428s] Level 1:colcon.colcon_core.package_identification:_identify(src/DynamixelSDK/c#/protocol2.0/indirect_address/win32) by extensions ['cmake', 'python']
[0.428s] Level 1:colcon.colcon_core.package_identification:_identify(src/DynamixelSDK/c#/protocol2.0/indirect_address/win32) by extension 'cmake'
[0.428s] Level 1:colcon.colcon_core.package_identification:_identify(src/DynamixelSDK/c#/protocol2.0/indirect_address/win32) by extension 'python'
[0.428s] Level 1:colcon.colcon_core.package_identification:_identify(src/DynamixelSDK/c#/protocol2.0/indirect_address/win32) by extensions ['python_setup_py']
[0.428s] Level 1:colcon.colcon_core.package_identification:_identify(src/DynamixelSDK/c#/protocol2.0/indirect_address/win32) by extension 'python_setup_py'
[0.428s] Level 1:colcon.colcon_core.package_identification:_identify(src/DynamixelSDK/c#/protocol2.0/indirect_address/win32/indirect_address) by extensions ['ignore', 'ignore_ament_install']
[0.429s] Level 1:colcon.colcon_core.package_identification:_identify(src/DynamixelSDK/c#/protocol2.0/indirect_address/win32/indirect_address) by extension 'ignore'
[0.429s] Level 1:colcon.colcon_core.package_identification:_identify(src/DynamixelSDK/c#/protocol2.0/indirect_address/win32/indirect_address) by extension 'ignore_ament_install'
[0.429s] Level 1:colcon.colcon_core.package_identification:_identify(src/DynamixelSDK/c#/protocol2.0/indirect_address/win32/indirect_address) by extensions ['colcon_pkg']
[0.429s] Level 1:colcon.colcon_core.package_identification:_identify(src/DynamixelSDK/c#/protocol2.0/indirect_address/win32/indirect_address) by extension 'colcon_pkg'
[0.429s] Level 1:colcon.colcon_core.package_identification:_identify(src/DynamixelSDK/c#/protocol2.0/indirect_address/win32/indirect_address) by extensions ['colcon_meta']
[0.429s] Level 1:colcon.colcon_core.package_identification:_identify(src/DynamixelSDK/c#/protocol2.0/indirect_address/win32/indirect_address) by extension 'colcon_meta'
[0.429s] Level 1:colcon.colcon_core.package_identification:_identify(src/DynamixelSDK/c#/protocol2.0/indirect_address/win32/indirect_address) by extensions ['ros']
[0.429s] Level 1:colcon.colcon_core.package_identification:_identify(src/DynamixelSDK/c#/protocol2.0/indirect_address/win32/indirect_address) by extension 'ros'
[0.429s] Level 1:colcon.colcon_core.package_identification:_identify(src/DynamixelSDK/c#/protocol2.0/indirect_address/win32/indirect_address) by extensions ['cmake', 'python']
[0.429s] Level 1:colcon.colcon_core.package_identification:_identify(src/DynamixelSDK/c#/protocol2.0/indirect_address/win32/indirect_address) by extension 'cmake'
[0.429s] Level 1:colcon.colcon_core.package_identification:_identify(src/DynamixelSDK/c#/protocol2.0/indirect_address/win32/indirect_address) by extension 'python'
[0.429s] Level 1:colcon.colcon_core.package_identification:_identify(src/DynamixelSDK/c#/protocol2.0/indirect_address/win32/indirect_address) by extensions ['python_setup_py']
[0.429s] Level 1:colcon.colcon_core.package_identification:_identify(src/DynamixelSDK/c#/protocol2.0/indirect_address/win32/indirect_address) by extension 'python_setup_py'
[0.430s] Level 1:colcon.colcon_core.package_identification:_identify(src/DynamixelSDK/c#/protocol2.0/indirect_address/win32/indirect_address/Properties) by extensions ['ignore', 'ignore_ament_install']
[0.430s] Level 1:colcon.colcon_core.package_identification:_identify(src/DynamixelSDK/c#/protocol2.0/indirect_address/win32/indirect_address/Properties) by extension 'ignore'
[0.430s] Level 1:colcon.colcon_core.package_identification:_identify(src/DynamixelSDK/c#/protocol2.0/indirect_address/win32/indirect_address/Properties) by extension 'ignore_ament_install'
[0.430s] Level 1:colcon.colcon_core.package_identification:_identify(src/DynamixelSDK/c#/protocol2.0/indirect_address/win32/indirect_address/Properties) by extensions ['colcon_pkg']
[0.430s] Level 1:colcon.colcon_core.package_identification:_identify(src/DynamixelSDK/c#/protocol2.0/indirect_address/win32/indirect_address/Properties) by extension 'colcon_pkg'
[0.430s] Level 1:colcon.colcon_core.package_identification:_identify(src/DynamixelSDK/c#/protocol2.0/indirect_address/win32/indirect_address/Properties) by extensions ['colcon_meta']
[0.430s] Level 1:colcon.colcon_core.package_identification:_identify(src/DynamixelSDK/c#/protocol2.0/indirect_address/win32/indirect_address/Properties) by extension 'colcon_meta'
[0.430s] Level 1:colcon.colcon_core.package_identification:_identify(src/DynamixelSDK/c#/protocol2.0/indirect_address/win32/indirect_address/Properties) by extensions ['ros']
[0.430s] Level 1:colcon.colcon_core.package_identification:_identify(src/DynamixelSDK/c#/protocol2.0/indirect_address/win32/indirect_address/Properties) by extension 'ros'
[0.430s] Level 1:colcon.colcon_core.package_identification:_identify(src/DynamixelSDK/c#/protocol2.0/indirect_address/win32/indirect_address/Properties) by extensions ['cmake', 'python']
[0.431s] Level 1:colcon.colcon_core.package_identification:_identify(src/DynamixelSDK/c#/protocol2.0/indirect_address/win32/indirect_address/Properties) by extension 'cmake'
[0.431s] Level 1:colcon.colcon_core.package_identification:_identify(src/DynamixelSDK/c#/protocol2.0/indirect_address/win32/indirect_address/Properties) by extension 'python'
[0.431s] Level 1:colcon.colcon_core.package_identification:_identify(src/DynamixelSDK/c#/protocol2.0/indirect_address/win32/indirect_address/Properties) by extensions ['python_setup_py']
[0.431s] Level 1:colcon.colcon_core.package_identification:_identify(src/DynamixelSDK/c#/protocol2.0/indirect_address/win32/indirect_address/Properties) by extension 'python_setup_py'
[0.431s] Level 1:colcon.colcon_core.package_identification:_identify(src/DynamixelSDK/c#/protocol2.0/indirect_address/win64) by extensions ['ignore', 'ignore_ament_install']
[0.431s] Level 1:colcon.colcon_core.package_identification:_identify(src/DynamixelSDK/c#/protocol2.0/indirect_address/win64) by extension 'ignore'
[0.431s] Level 1:colcon.colcon_core.package_identification:_identify(src/DynamixelSDK/c#/protocol2.0/indirect_address/win64) by extension 'ignore_ament_install'
[0.431s] Level 1:colcon.colcon_core.package_identification:_identify(src/DynamixelSDK/c#/protocol2.0/indirect_address/win64) by extensions ['colcon_pkg']
[0.431s] Level 1:colcon.colcon_core.package_identification:_identify(src/DynamixelSDK/c#/protocol2.0/indirect_address/win64) by extension 'colcon_pkg'
[0.431s] Level 1:colcon.colcon_core.package_identification:_identify(src/DynamixelSDK/c#/protocol2.0/indirect_address/win64) by extensions ['colcon_meta']
[0.431s] Level 1:colcon.colcon_core.package_identification:_identify(src/DynamixelSDK/c#/protocol2.0/indirect_address/win64) by extension 'colcon_meta'
[0.431s] Level 1:colcon.colcon_core.package_identification:_identify(src/DynamixelSDK/c#/protocol2.0/indirect_address/win64) by extensions ['ros']
[0.432s] Level 1:colcon.colcon_core.package_identification:_identify(src/DynamixelSDK/c#/protocol2.0/indirect_address/win64) by extension 'ros'
[0.432s] Level 1:colcon.colcon_core.package_identification:_identify(src/DynamixelSDK/c#/protocol2.0/indirect_address/win64) by extensions ['cmake', 'python']
[0.432s] Level 1:colcon.colcon_core.package_identification:_identify(src/DynamixelSDK/c#/protocol2.0/indirect_address/win64) by extension 'cmake'
[0.432s] Level 1:colcon.colcon_core.package_identification:_identify(src/DynamixelSDK/c#/protocol2.0/indirect_address/win64) by extension 'python'
[0.432s] Level 1:colcon.colcon_core.package_identification:_identify(src/DynamixelSDK/c#/protocol2.0/indirect_address/win64) by extensions ['python_setup_py']
[0.432s] Level 1:colcon.colcon_core.package_identification:_identify(src/DynamixelSDK/c#/protocol2.0/indirect_address/win64) by extension 'python_setup_py'
[0.432s] Level 1:colcon.colcon_core.package_identification:_identify(src/DynamixelSDK/c#/protocol2.0/indirect_address/win64/indirect_address) by extensions ['ignore', 'ignore_ament_install']
[0.432s] Level 1:colcon.colcon_core.package_identification:_identify(src/DynamixelSDK/c#/protocol2.0/indirect_address/win64/indirect_address) by extension 'ignore'
[0.432s] Level 1:colcon.colcon_core.package_identification:_identify(src/DynamixelSDK/c#/protocol2.0/indirect_address/win64/indirect_address) by extension 'ignore_ament_install'
[0.432s] Level 1:colcon.colcon_core.package_identification:_identify(src/DynamixelSDK/c#/protocol2.0/indirect_address/win64/indirect_address) by extensions ['colcon_pkg']
[0.432s] Level 1:colcon.colcon_core.package_identification:_identify(src/DynamixelSDK/c#/protocol2.0/indirect_address/win64/indirect_address) by extension 'colcon_pkg'
[0.433s] Level 1:colcon.colcon_core.package_identification:_identify(src/DynamixelSDK/c#/protocol2.0/indirect_address/win64/indirect_address) by extensions ['colcon_meta']
[0.433s] Level 1:colcon.colcon_core.package_identification:_identify(src/DynamixelSDK/c#/protocol2.0/indirect_address/win64/indirect_address) by extension 'colcon_meta'
[0.433s] Level 1:colcon.colcon_core.package_identification:_identify(src/DynamixelSDK/c#/protocol2.0/indirect_address/win64/indirect_address) by extensions ['ros']
[0.433s] Level 1:colcon.colcon_core.package_identification:_identify(src/DynamixelSDK/c#/protocol2.0/indirect_address/win64/indirect_address) by extension 'ros'
[0.433s] Level 1:colcon.colcon_core.package_identification:_identify(src/DynamixelSDK/c#/protocol2.0/indirect_address/win64/indirect_address) by extensions ['cmake', 'python']
[0.433s] Level 1:colcon.colcon_core.package_identification:_identify(src/DynamixelSDK/c#/protocol2.0/indirect_address/win64/indirect_address) by extension 'cmake'
[0.433s] Level 1:colcon.colcon_core.package_identification:_identify(src/DynamixelSDK/c#/protocol2.0/indirect_address/win64/indirect_address) by extension 'python'
[0.433s] Level 1:colcon.colcon_core.package_identification:_identify(src/DynamixelSDK/c#/protocol2.0/indirect_address/win64/indirect_address) by extensions ['python_setup_py']
[0.433s] Level 1:colcon.colcon_core.package_identification:_identify(src/DynamixelSDK/c#/protocol2.0/indirect_address/win64/indirect_address) by extension 'python_setup_py'
[0.433s] Level 1:colcon.colcon_core.package_identification:_identify(src/DynamixelSDK/c#/protocol2.0/indirect_address/win64/indirect_address/Properties) by extensions ['ignore', 'ignore_ament_install']
[0.433s] Level 1:colcon.colcon_core.package_identification:_identify(src/DynamixelSDK/c#/protocol2.0/indirect_address/win64/indirect_address/Properties) by extension 'ignore'
[0.434s] Level 1:colcon.colcon_core.package_identification:_identify(src/DynamixelSDK/c#/protocol2.0/indirect_address/win64/indirect_address/Properties) by extension 'ignore_ament_install'
[0.434s] Level 1:colcon.colcon_core.package_identification:_identify(src/DynamixelSDK/c#/protocol2.0/indirect_address/win64/indirect_address/Properties) by extensions ['colcon_pkg']
[0.434s] Level 1:colcon.colcon_core.package_identification:_identify(src/DynamixelSDK/c#/protocol2.0/indirect_address/win64/indirect_address/Properties) by extension 'colcon_pkg'
[0.434s] Level 1:colcon.colcon_core.package_identification:_identify(src/DynamixelSDK/c#/protocol2.0/indirect_address/win64/indirect_address/Properties) by extensions ['colcon_meta']
[0.434s] Level 1:colcon.colcon_core.package_identification:_identify(src/DynamixelSDK/c#/protocol2.0/indirect_address/win64/indirect_address/Properties) by extension 'colcon_meta'
[0.434s] Level 1:colcon.colcon_core.package_identification:_identify(src/DynamixelSDK/c#/protocol2.0/indirect_address/win64/indirect_address/Properties) by extensions ['ros']
[0.434s] Level 1:colcon.colcon_core.package_identification:_identify(src/DynamixelSDK/c#/protocol2.0/indirect_address/win64/indirect_address/Properties) by extension 'ros'
[0.434s] Level 1:colcon.colcon_core.package_identification:_identify(src/DynamixelSDK/c#/protocol2.0/indirect_address/win64/indirect_address/Properties) by extensions ['cmake', 'python']
[0.434s] Level 1:colcon.colcon_core.package_identification:_identify(src/DynamixelSDK/c#/protocol2.0/indirect_address/win64/indirect_address/Properties) by extension 'cmake'
[0.434s] Level 1:colcon.colcon_core.package_identification:_identify(src/DynamixelSDK/c#/protocol2.0/indirect_address/win64/indirect_address/Properties) by extension 'python'
[0.434s] Level 1:colcon.colcon_core.package_identification:_identify(src/DynamixelSDK/c#/protocol2.0/indirect_address/win64/indirect_address/Properties) by extensions ['python_setup_py']
[0.434s] Level 1:colcon.colcon_core.package_identification:_identify(src/DynamixelSDK/c#/protocol2.0/indirect_address/win64/indirect_address/Properties) by extension 'python_setup_py'
[0.435s] Level 1:colcon.colcon_core.package_identification:_identify(src/DynamixelSDK/c#/protocol2.0/multi_port) by extensions ['ignore', 'ignore_ament_install']
[0.435s] Level 1:colcon.colcon_core.package_identification:_identify(src/DynamixelSDK/c#/protocol2.0/multi_port) by extension 'ignore'
[0.435s] Level 1:colcon.colcon_core.package_identification:_identify(src/DynamixelSDK/c#/protocol2.0/multi_port) by extension 'ignore_ament_install'
[0.435s] Level 1:colcon.colcon_core.package_identification:_identify(src/DynamixelSDK/c#/protocol2.0/multi_port) by extensions ['colcon_pkg']
[0.435s] Level 1:colcon.colcon_core.package_identification:_identify(src/DynamixelSDK/c#/protocol2.0/multi_port) by extension 'colcon_pkg'
[0.435s] Level 1:colcon.colcon_core.package_identification:_identify(src/DynamixelSDK/c#/protocol2.0/multi_port) by extensions ['colcon_meta']
[0.435s] Level 1:colcon.colcon_core.package_identification:_identify(src/DynamixelSDK/c#/protocol2.0/multi_port) by extension 'colcon_meta'
[0.435s] Level 1:colcon.colcon_core.package_identification:_identify(src/DynamixelSDK/c#/protocol2.0/multi_port) by extensions ['ros']
[0.435s] Level 1:colcon.colcon_core.package_identification:_identify(src/DynamixelSDK/c#/protocol2.0/multi_port) by extension 'ros'
[0.436s] Level 1:colcon.colcon_core.package_identification:_identify(src/DynamixelSDK/c#/protocol2.0/multi_port) by extensions ['cmake', 'python']
[0.436s] Level 1:colcon.colcon_core.package_identification:_identify(src/DynamixelSDK/c#/protocol2.0/multi_port) by extension 'cmake'
[0.436s] Level 1:colcon.colcon_core.package_identification:_identify(src/DynamixelSDK/c#/protocol2.0/multi_port) by extension 'python'
[0.436s] Level 1:colcon.colcon_core.package_identification:_identify(src/DynamixelSDK/c#/protocol2.0/multi_port) by extensions ['python_setup_py']
[0.436s] Level 1:colcon.colcon_core.package_identification:_identify(src/DynamixelSDK/c#/protocol2.0/multi_port) by extension 'python_setup_py'
[0.436s] Level 1:colcon.colcon_core.package_identification:_identify(src/DynamixelSDK/c#/protocol2.0/multi_port/win32) by extensions ['ignore', 'ignore_ament_install']
[0.436s] Level 1:colcon.colcon_core.package_identification:_identify(src/DynamixelSDK/c#/protocol2.0/multi_port/win32) by extension 'ignore'
[0.436s] Level 1:colcon.colcon_core.package_identification:_identify(src/DynamixelSDK/c#/protocol2.0/multi_port/win32) by extension 'ignore_ament_install'
[0.437s] Level 1:colcon.colcon_core.package_identification:_identify(src/DynamixelSDK/c#/protocol2.0/multi_port/win32) by extensions ['colcon_pkg']
[0.437s] Level 1:colcon.colcon_core.package_identification:_identify(src/DynamixelSDK/c#/protocol2.0/multi_port/win32) by extension 'colcon_pkg'
[0.437s] Level 1:colcon.colcon_core.package_identification:_identify(src/DynamixelSDK/c#/protocol2.0/multi_port/win32) by extensions ['colcon_meta']
[0.437s] Level 1:colcon.colcon_core.package_identification:_identify(src/DynamixelSDK/c#/protocol2.0/multi_port/win32) by extension 'colcon_meta'
[0.437s] Level 1:colcon.colcon_core.package_identification:_identify(src/DynamixelSDK/c#/protocol2.0/multi_port/win32) by extensions ['ros']
[0.437s] Level 1:colcon.colcon_core.package_identification:_identify(src/DynamixelSDK/c#/protocol2.0/multi_port/win32) by extension 'ros'
[0.437s] Level 1:colcon.colcon_core.package_identification:_identify(src/DynamixelSDK/c#/protocol2.0/multi_port/win32) by extensions ['cmake', 'python']
[0.437s] Level 1:colcon.colcon_core.package_identification:_identify(src/DynamixelSDK/c#/protocol2.0/multi_port/win32) by extension 'cmake'
[0.437s] Level 1:colcon.colcon_core.package_identification:_identify(src/DynamixelSDK/c#/protocol2.0/multi_port/win32) by extension 'python'
[0.437s] Level 1:colcon.colcon_core.package_identification:_identify(src/DynamixelSDK/c#/protocol2.0/multi_port/win32) by extensions ['python_setup_py']
[0.437s] Level 1:colcon.colcon_core.package_identification:_identify(src/DynamixelSDK/c#/protocol2.0/multi_port/win32) by extension 'python_setup_py'
[0.437s] Level 1:colcon.colcon_core.package_identification:_identify(src/DynamixelSDK/c#/protocol2.0/multi_port/win32/multi_port) by extensions ['ignore', 'ignore_ament_install']
[0.438s] Level 1:colcon.colcon_core.package_identification:_identify(src/DynamixelSDK/c#/protocol2.0/multi_port/win32/multi_port) by extension 'ignore'
[0.438s] Level 1:colcon.colcon_core.package_identification:_identify(src/DynamixelSDK/c#/protocol2.0/multi_port/win32/multi_port) by extension 'ignore_ament_install'
[0.438s] Level 1:colcon.colcon_core.package_identification:_identify(src/DynamixelSDK/c#/protocol2.0/multi_port/win32/multi_port) by extensions ['colcon_pkg']
[0.438s] Level 1:colcon.colcon_core.package_identification:_identify(src/DynamixelSDK/c#/protocol2.0/multi_port/win32/multi_port) by extension 'colcon_pkg'
[0.438s] Level 1:colcon.colcon_core.package_identification:_identify(src/DynamixelSDK/c#/protocol2.0/multi_port/win32/multi_port) by extensions ['colcon_meta']
[0.438s] Level 1:colcon.colcon_core.package_identification:_identify(src/DynamixelSDK/c#/protocol2.0/multi_port/win32/multi_port) by extension 'colcon_meta'
[0.438s] Level 1:colcon.colcon_core.package_identification:_identify(src/DynamixelSDK/c#/protocol2.0/multi_port/win32/multi_port) by extensions ['ros']
[0.438s] Level 1:colcon.colcon_core.package_identification:_identify(src/DynamixelSDK/c#/protocol2.0/multi_port/win32/multi_port) by extension 'ros'
[0.438s] Level 1:colcon.colcon_core.package_identification:_identify(src/DynamixelSDK/c#/protocol2.0/multi_port/win32/multi_port) by extensions ['cmake', 'python']
[0.438s] Level 1:colcon.colcon_core.package_identification:_identify(src/DynamixelSDK/c#/protocol2.0/multi_port/win32/multi_port) by extension 'cmake'
[0.438s] Level 1:colcon.colcon_core.package_identification:_identify(src/DynamixelSDK/c#/protocol2.0/multi_port/win32/multi_port) by extension 'python'
[0.438s] Level 1:colcon.colcon_core.package_identification:_identify(src/DynamixelSDK/c#/protocol2.0/multi_port/win32/multi_port) by extensions ['python_setup_py']
[0.438s] Level 1:colcon.colcon_core.package_identification:_identify(src/DynamixelSDK/c#/protocol2.0/multi_port/win32/multi_port) by extension 'python_setup_py'
[0.439s] Level 1:colcon.colcon_core.package_identification:_identify(src/DynamixelSDK/c#/protocol2.0/multi_port/win32/multi_port/Properties) by extensions ['ignore', 'ignore_ament_install']
[0.439s] Level 1:colcon.colcon_core.package_identification:_identify(src/DynamixelSDK/c#/protocol2.0/multi_port/win32/multi_port/Properties) by extension 'ignore'
[0.439s] Level 1:colcon.colcon_core.package_identification:_identify(src/DynamixelSDK/c#/protocol2.0/multi_port/win32/multi_port/Properties) by extension 'ignore_ament_install'
[0.439s] Level 1:colcon.colcon_core.package_identification:_identify(src/DynamixelSDK/c#/protocol2.0/multi_port/win32/multi_port/Properties) by extensions ['colcon_pkg']
[0.439s] Level 1:colcon.colcon_core.package_identification:_identify(src/DynamixelSDK/c#/protocol2.0/multi_port/win32/multi_port/Properties) by extension 'colcon_pkg'
[0.439s] Level 1:colcon.colcon_core.package_identification:_identify(src/DynamixelSDK/c#/protocol2.0/multi_port/win32/multi_port/Properties) by extensions ['colcon_meta']
[0.439s] Level 1:colcon.colcon_core.package_identification:_identify(src/DynamixelSDK/c#/protocol2.0/multi_port/win32/multi_port/Properties) by extension 'colcon_meta'
[0.439s] Level 1:colcon.colcon_core.package_identification:_identify(src/DynamixelSDK/c#/protocol2.0/multi_port/win32/multi_port/Properties) by extensions ['ros']
[0.439s] Level 1:colcon.colcon_core.package_identification:_identify(src/DynamixelSDK/c#/protocol2.0/multi_port/win32/multi_port/Properties) by extension 'ros'
[0.440s] Level 1:colcon.colcon_core.package_identification:_identify(src/DynamixelSDK/c#/protocol2.0/multi_port/win32/multi_port/Properties) by extensions ['cmake', 'python']
[0.440s] Level 1:colcon.colcon_core.package_identification:_identify(src/DynamixelSDK/c#/protocol2.0/multi_port/win32/multi_port/Properties) by extension 'cmake'
[0.440s] Level 1:colcon.colcon_core.package_identification:_identify(src/DynamixelSDK/c#/protocol2.0/multi_port/win32/multi_port/Properties) by extension 'python'
[0.440s] Level 1:colcon.colcon_core.package_identification:_identify(src/DynamixelSDK/c#/protocol2.0/multi_port/win32/multi_port/Properties) by extensions ['python_setup_py']
[0.440s] Level 1:colcon.colcon_core.package_identification:_identify(src/DynamixelSDK/c#/protocol2.0/multi_port/win32/multi_port/Properties) by extension 'python_setup_py'
[0.440s] Level 1:colcon.colcon_core.package_identification:_identify(src/DynamixelSDK/c#/protocol2.0/multi_port/win64) by extensions ['ignore', 'ignore_ament_install']
[0.440s] Level 1:colcon.colcon_core.package_identification:_identify(src/DynamixelSDK/c#/protocol2.0/multi_port/win64) by extension 'ignore'
[0.440s] Level 1:colcon.colcon_core.package_identification:_identify(src/DynamixelSDK/c#/protocol2.0/multi_port/win64) by extension 'ignore_ament_install'
[0.440s] Level 1:colcon.colcon_core.package_identification:_identify(src/DynamixelSDK/c#/protocol2.0/multi_port/win64) by extensions ['colcon_pkg']
[0.440s] Level 1:colcon.colcon_core.package_identification:_identify(src/DynamixelSDK/c#/protocol2.0/multi_port/win64) by extension 'colcon_pkg'
[0.440s] Level 1:colcon.colcon_core.package_identification:_identify(src/DynamixelSDK/c#/protocol2.0/multi_port/win64) by extensions ['colcon_meta']
[0.440s] Level 1:colcon.colcon_core.package_identification:_identify(src/DynamixelSDK/c#/protocol2.0/multi_port/win64) by extension 'colcon_meta'
[0.441s] Level 1:colcon.colcon_core.package_identification:_identify(src/DynamixelSDK/c#/protocol2.0/multi_port/win64) by extensions ['ros']
[0.441s] Level 1:colcon.colcon_core.package_identification:_identify(src/DynamixelSDK/c#/protocol2.0/multi_port/win64) by extension 'ros'
[0.441s] Level 1:colcon.colcon_core.package_identification:_identify(src/DynamixelSDK/c#/protocol2.0/multi_port/win64) by extensions ['cmake', 'python']
[0.441s] Level 1:colcon.colcon_core.package_identification:_identify(src/DynamixelSDK/c#/protocol2.0/multi_port/win64) by extension 'cmake'
[0.441s] Level 1:colcon.colcon_core.package_identification:_identify(src/DynamixelSDK/c#/protocol2.0/multi_port/win64) by extension 'python'
[0.441s] Level 1:colcon.colcon_core.package_identification:_identify(src/DynamixelSDK/c#/protocol2.0/multi_port/win64) by extensions ['python_setup_py']
[0.441s] Level 1:colcon.colcon_core.package_identification:_identify(src/DynamixelSDK/c#/protocol2.0/multi_port/win64) by extension 'python_setup_py'
[0.441s] Level 1:colcon.colcon_core.package_identification:_identify(src/DynamixelSDK/c#/protocol2.0/multi_port/win64/multi_port) by extensions ['ignore', 'ignore_ament_install']
[0.441s] Level 1:colcon.colcon_core.package_identification:_identify(src/DynamixelSDK/c#/protocol2.0/multi_port/win64/multi_port) by extension 'ignore'
[0.441s] Level 1:colcon.colcon_core.package_identification:_identify(src/DynamixelSDK/c#/protocol2.0/multi_port/win64/multi_port) by extension 'ignore_ament_install'
[0.442s] Level 1:colcon.colcon_core.package_identification:_identify(src/DynamixelSDK/c#/protocol2.0/multi_port/win64/multi_port) by extensions ['colcon_pkg']
[0.442s] Level 1:colcon.colcon_core.package_identification:_identify(src/DynamixelSDK/c#/protocol2.0/multi_port/win64/multi_port) by extension 'colcon_pkg'
[0.442s] Level 1:colcon.colcon_core.package_identification:_identify(src/DynamixelSDK/c#/protocol2.0/multi_port/win64/multi_port) by extensions ['colcon_meta']
[0.442s] Level 1:colcon.colcon_core.package_identification:_identify(src/DynamixelSDK/c#/protocol2.0/multi_port/win64/multi_port) by extension 'colcon_meta'
[0.442s] Level 1:colcon.colcon_core.package_identification:_identify(src/DynamixelSDK/c#/protocol2.0/multi_port/win64/multi_port) by extensions ['ros']
[0.442s] Level 1:colcon.colcon_core.package_identification:_identify(src/DynamixelSDK/c#/protocol2.0/multi_port/win64/multi_port) by extension 'ros'
[0.442s] Level 1:colcon.colcon_core.package_identification:_identify(src/DynamixelSDK/c#/protocol2.0/multi_port/win64/multi_port) by extensions ['cmake', 'python']
[0.442s] Level 1:colcon.colcon_core.package_identification:_identify(src/DynamixelSDK/c#/protocol2.0/multi_port/win64/multi_port) by extension 'cmake'
[0.442s] Level 1:colcon.colcon_core.package_identification:_identify(src/DynamixelSDK/c#/protocol2.0/multi_port/win64/multi_port) by extension 'python'
[0.442s] Level 1:colcon.colcon_core.package_identification:_identify(src/DynamixelSDK/c#/protocol2.0/multi_port/win64/multi_port) by extensions ['python_setup_py']
[0.442s] Level 1:colcon.colcon_core.package_identification:_identify(src/DynamixelSDK/c#/protocol2.0/multi_port/win64/multi_port) by extension 'python_setup_py'
[0.443s] Level 1:colcon.colcon_core.package_identification:_identify(src/DynamixelSDK/c#/protocol2.0/multi_port/win64/multi_port/Properties) by extensions ['ignore', 'ignore_ament_install']
[0.443s] Level 1:colcon.colcon_core.package_identification:_identify(src/DynamixelSDK/c#/protocol2.0/multi_port/win64/multi_port/Properties) by extension 'ignore'
[0.443s] Level 1:colcon.colcon_core.package_identification:_identify(src/DynamixelSDK/c#/protocol2.0/multi_port/win64/multi_port/Properties) by extension 'ignore_ament_install'
[0.443s] Level 1:colcon.colcon_core.package_identification:_identify(src/DynamixelSDK/c#/protocol2.0/multi_port/win64/multi_port/Properties) by extensions ['colcon_pkg']
[0.443s] Level 1:colcon.colcon_core.package_identification:_identify(src/DynamixelSDK/c#/protocol2.0/multi_port/win64/multi_port/Properties) by extension 'colcon_pkg'
[0.443s] Level 1:colcon.colcon_core.package_identification:_identify(src/DynamixelSDK/c#/protocol2.0/multi_port/win64/multi_port/Properties) by extensions ['colcon_meta']
[0.443s] Level 1:colcon.colcon_core.package_identification:_identify(src/DynamixelSDK/c#/protocol2.0/multi_port/win64/multi_port/Properties) by extension 'colcon_meta'
[0.443s] Level 1:colcon.colcon_core.package_identification:_identify(src/DynamixelSDK/c#/protocol2.0/multi_port/win64/multi_port/Properties) by extensions ['ros']
[0.443s] Level 1:colcon.colcon_core.package_identification:_identify(src/DynamixelSDK/c#/protocol2.0/multi_port/win64/multi_port/Properties) by extension 'ros'
[0.443s] Level 1:colcon.colcon_core.package_identification:_identify(src/DynamixelSDK/c#/protocol2.0/multi_port/win64/multi_port/Properties) by extensions ['cmake', 'python']
[0.443s] Level 1:colcon.colcon_core.package_identification:_identify(src/DynamixelSDK/c#/protocol2.0/multi_port/win64/multi_port/Properties) by extension 'cmake'
[0.444s] Level 1:colcon.colcon_core.package_identification:_identify(src/DynamixelSDK/c#/protocol2.0/multi_port/win64/multi_port/Properties) by extension 'python'
[0.444s] Level 1:colcon.colcon_core.package_identification:_identify(src/DynamixelSDK/c#/protocol2.0/multi_port/win64/multi_port/Properties) by extensions ['python_setup_py']
[0.444s] Level 1:colcon.colcon_core.package_identification:_identify(src/DynamixelSDK/c#/protocol2.0/multi_port/win64/multi_port/Properties) by extension 'python_setup_py'
[0.444s] Level 1:colcon.colcon_core.package_identification:_identify(src/DynamixelSDK/c#/protocol2.0/ping) by extensions ['ignore', 'ignore_ament_install']
[0.444s] Level 1:colcon.colcon_core.package_identification:_identify(src/DynamixelSDK/c#/protocol2.0/ping) by extension 'ignore'
[0.444s] Level 1:colcon.colcon_core.package_identification:_identify(src/DynamixelSDK/c#/protocol2.0/ping) by extension 'ignore_ament_install'
[0.444s] Level 1:colcon.colcon_core.package_identification:_identify(src/DynamixelSDK/c#/protocol2.0/ping) by extensions ['colcon_pkg']
[0.444s] Level 1:colcon.colcon_core.package_identification:_identify(src/DynamixelSDK/c#/protocol2.0/ping) by extension 'colcon_pkg'
[0.444s] Level 1:colcon.colcon_core.package_identification:_identify(src/DynamixelSDK/c#/protocol2.0/ping) by extensions ['colcon_meta']
[0.444s] Level 1:colcon.colcon_core.package_identification:_identify(src/DynamixelSDK/c#/protocol2.0/ping) by extension 'colcon_meta'
[0.444s] Level 1:colcon.colcon_core.package_identification:_identify(src/DynamixelSDK/c#/protocol2.0/ping) by extensions ['ros']
[0.444s] Level 1:colcon.colcon_core.package_identification:_identify(src/DynamixelSDK/c#/protocol2.0/ping) by extension 'ros'
[0.445s] Level 1:colcon.colcon_core.package_identification:_identify(src/DynamixelSDK/c#/protocol2.0/ping) by extensions ['cmake', 'python']
[0.445s] Level 1:colcon.colcon_core.package_identification:_identify(src/DynamixelSDK/c#/protocol2.0/ping) by extension 'cmake'
[0.445s] Level 1:colcon.colcon_core.package_identification:_identify(src/DynamixelSDK/c#/protocol2.0/ping) by extension 'python'
[0.445s] Level 1:colcon.colcon_core.package_identification:_identify(src/DynamixelSDK/c#/protocol2.0/ping) by extensions ['python_setup_py']
[0.445s] Level 1:colcon.colcon_core.package_identification:_identify(src/DynamixelSDK/c#/protocol2.0/ping) by extension 'python_setup_py'
[0.445s] Level 1:colcon.colcon_core.package_identification:_identify(src/DynamixelSDK/c#/protocol2.0/ping/win32) by extensions ['ignore', 'ignore_ament_install']
[0.445s] Level 1:colcon.colcon_core.package_identification:_identify(src/DynamixelSDK/c#/protocol2.0/ping/win32) by extension 'ignore'
[0.445s] Level 1:colcon.colcon_core.package_identification:_identify(src/DynamixelSDK/c#/protocol2.0/ping/win32) by extension 'ignore_ament_install'
[0.445s] Level 1:colcon.colcon_core.package_identification:_identify(src/DynamixelSDK/c#/protocol2.0/ping/win32) by extensions ['colcon_pkg']
[0.445s] Level 1:colcon.colcon_core.package_identification:_identify(src/DynamixelSDK/c#/protocol2.0/ping/win32) by extension 'colcon_pkg'
[0.446s] Level 1:colcon.colcon_core.package_identification:_identify(src/DynamixelSDK/c#/protocol2.0/ping/win32) by extensions ['colcon_meta']
[0.446s] Level 1:colcon.colcon_core.package_identification:_identify(src/DynamixelSDK/c#/protocol2.0/ping/win32) by extension 'colcon_meta'
[0.446s] Level 1:colcon.colcon_core.package_identification:_identify(src/DynamixelSDK/c#/protocol2.0/ping/win32) by extensions ['ros']
[0.446s] Level 1:colcon.colcon_core.package_identification:_identify(src/DynamixelSDK/c#/protocol2.0/ping/win32) by extension 'ros'
[0.446s] Level 1:colcon.colcon_core.package_identification:_identify(src/DynamixelSDK/c#/protocol2.0/ping/win32) by extensions ['cmake', 'python']
[0.446s] Level 1:colcon.colcon_core.package_identification:_identify(src/DynamixelSDK/c#/protocol2.0/ping/win32) by extension 'cmake'
[0.446s] Level 1:colcon.colcon_core.package_identification:_identify(src/DynamixelSDK/c#/protocol2.0/ping/win32) by extension 'python'
[0.446s] Level 1:colcon.colcon_core.package_identification:_identify(src/DynamixelSDK/c#/protocol2.0/ping/win32) by extensions ['python_setup_py']
[0.446s] Level 1:colcon.colcon_core.package_identification:_identify(src/DynamixelSDK/c#/protocol2.0/ping/win32) by extension 'python_setup_py'
[0.446s] Level 1:colcon.colcon_core.package_identification:_identify(src/DynamixelSDK/c#/protocol2.0/ping/win32/ping) by extensions ['ignore', 'ignore_ament_install']
[0.446s] Level 1:colcon.colcon_core.package_identification:_identify(src/DynamixelSDK/c#/protocol2.0/ping/win32/ping) by extension 'ignore'
[0.447s] Level 1:colcon.colcon_core.package_identification:_identify(src/DynamixelSDK/c#/protocol2.0/ping/win32/ping) by extension 'ignore_ament_install'
[0.447s] Level 1:colcon.colcon_core.package_identification:_identify(src/DynamixelSDK/c#/protocol2.0/ping/win32/ping) by extensions ['colcon_pkg']
[0.447s] Level 1:colcon.colcon_core.package_identification:_identify(src/DynamixelSDK/c#/protocol2.0/ping/win32/ping) by extension 'colcon_pkg'
[0.447s] Level 1:colcon.colcon_core.package_identification:_identify(src/DynamixelSDK/c#/protocol2.0/ping/win32/ping) by extensions ['colcon_meta']
[0.447s] Level 1:colcon.colcon_core.package_identification:_identify(src/DynamixelSDK/c#/protocol2.0/ping/win32/ping) by extension 'colcon_meta'
[0.447s] Level 1:colcon.colcon_core.package_identification:_identify(src/DynamixelSDK/c#/protocol2.0/ping/win32/ping) by extensions ['ros']
[0.447s] Level 1:colcon.colcon_core.package_identification:_identify(src/DynamixelSDK/c#/protocol2.0/ping/win32/ping) by extension 'ros'
[0.447s] Level 1:colcon.colcon_core.package_identification:_identify(src/DynamixelSDK/c#/protocol2.0/ping/win32/ping) by extensions ['cmake', 'python']
[0.447s] Level 1:colcon.colcon_core.package_identification:_identify(src/DynamixelSDK/c#/protocol2.0/ping/win32/ping) by extension 'cmake'
[0.447s] Level 1:colcon.colcon_core.package_identification:_identify(src/DynamixelSDK/c#/protocol2.0/ping/win32/ping) by extension 'python'
[0.447s] Level 1:colcon.colcon_core.package_identification:_identify(src/DynamixelSDK/c#/protocol2.0/ping/win32/ping) by extensions ['python_setup_py']
[0.447s] Level 1:colcon.colcon_core.package_identification:_identify(src/DynamixelSDK/c#/protocol2.0/ping/win32/ping) by extension 'python_setup_py'
[0.448s] Level 1:colcon.colcon_core.package_identification:_identify(src/DynamixelSDK/c#/protocol2.0/ping/win32/ping/Properties) by extensions ['ignore', 'ignore_ament_install']
[0.448s] Level 1:colcon.colcon_core.package_identification:_identify(src/DynamixelSDK/c#/protocol2.0/ping/win32/ping/Properties) by extension 'ignore'
[0.448s] Level 1:colcon.colcon_core.package_identification:_identify(src/DynamixelSDK/c#/protocol2.0/ping/win32/ping/Properties) by extension 'ignore_ament_install'
[0.448s] Level 1:colcon.colcon_core.package_identification:_identify(src/DynamixelSDK/c#/protocol2.0/ping/win32/ping/Properties) by extensions ['colcon_pkg']
[0.448s] Level 1:colcon.colcon_core.package_identification:_identify(src/DynamixelSDK/c#/protocol2.0/ping/win32/ping/Properties) by extension 'colcon_pkg'
[0.448s] Level 1:colcon.colcon_core.package_identification:_identify(src/DynamixelSDK/c#/protocol2.0/ping/win32/ping/Properties) by extensions ['colcon_meta']
[0.448s] Level 1:colcon.colcon_core.package_identification:_identify(src/DynamixelSDK/c#/protocol2.0/ping/win32/ping/Properties) by extension 'colcon_meta'
[0.448s] Level 1:colcon.colcon_core.package_identification:_identify(src/DynamixelSDK/c#/protocol2.0/ping/win32/ping/Properties) by extensions ['ros']
[0.448s] Level 1:colcon.colcon_core.package_identification:_identify(src/DynamixelSDK/c#/protocol2.0/ping/win32/ping/Properties) by extension 'ros'
[0.448s] Level 1:colcon.colcon_core.package_identification:_identify(src/DynamixelSDK/c#/protocol2.0/ping/win32/ping/Properties) by extensions ['cmake', 'python']
[0.449s] Level 1:colcon.colcon_core.package_identification:_identify(src/DynamixelSDK/c#/protocol2.0/ping/win32/ping/Properties) by extension 'cmake'
[0.449s] Level 1:colcon.colcon_core.package_identification:_identify(src/DynamixelSDK/c#/protocol2.0/ping/win32/ping/Properties) by extension 'python'
[0.449s] Level 1:colcon.colcon_core.package_identification:_identify(src/DynamixelSDK/c#/protocol2.0/ping/win32/ping/Properties) by extensions ['python_setup_py']
[0.449s] Level 1:colcon.colcon_core.package_identification:_identify(src/DynamixelSDK/c#/protocol2.0/ping/win32/ping/Properties) by extension 'python_setup_py'
[0.449s] Level 1:colcon.colcon_core.package_identification:_identify(src/DynamixelSDK/c#/protocol2.0/ping/win64) by extensions ['ignore', 'ignore_ament_install']
[0.449s] Level 1:colcon.colcon_core.package_identification:_identify(src/DynamixelSDK/c#/protocol2.0/ping/win64) by extension 'ignore'
[0.449s] Level 1:colcon.colcon_core.package_identification:_identify(src/DynamixelSDK/c#/protocol2.0/ping/win64) by extension 'ignore_ament_install'
[0.449s] Level 1:colcon.colcon_core.package_identification:_identify(src/DynamixelSDK/c#/protocol2.0/ping/win64) by extensions ['colcon_pkg']
[0.449s] Level 1:colcon.colcon_core.package_identification:_identify(src/DynamixelSDK/c#/protocol2.0/ping/win64) by extension 'colcon_pkg'
[0.449s] Level 1:colcon.colcon_core.package_identification:_identify(src/DynamixelSDK/c#/protocol2.0/ping/win64) by extensions ['colcon_meta']
[0.449s] Level 1:colcon.colcon_core.package_identification:_identify(src/DynamixelSDK/c#/protocol2.0/ping/win64) by extension 'colcon_meta'
[0.450s] Level 1:colcon.colcon_core.package_identification:_identify(src/DynamixelSDK/c#/protocol2.0/ping/win64) by extensions ['ros']
[0.450s] Level 1:colcon.colcon_core.package_identification:_identify(src/DynamixelSDK/c#/protocol2.0/ping/win64) by extension 'ros'
[0.450s] Level 1:colcon.colcon_core.package_identification:_identify(src/DynamixelSDK/c#/protocol2.0/ping/win64) by extensions ['cmake', 'python']
[0.450s] Level 1:colcon.colcon_core.package_identification:_identify(src/DynamixelSDK/c#/protocol2.0/ping/win64) by extension 'cmake'
[0.450s] Level 1:colcon.colcon_core.package_identification:_identify(src/DynamixelSDK/c#/protocol2.0/ping/win64) by extension 'python'
[0.450s] Level 1:colcon.colcon_core.package_identification:_identify(src/DynamixelSDK/c#/protocol2.0/ping/win64) by extensions ['python_setup_py']
[0.450s] Level 1:colcon.colcon_core.package_identification:_identify(src/DynamixelSDK/c#/protocol2.0/ping/win64) by extension 'python_setup_py'
[0.450s] Level 1:colcon.colcon_core.package_identification:_identify(src/DynamixelSDK/c#/protocol2.0/ping/win64/ping) by extensions ['ignore', 'ignore_ament_install']
[0.450s] Level 1:colcon.colcon_core.package_identification:_identify(src/DynamixelSDK/c#/protocol2.0/ping/win64/ping) by extension 'ignore'
[0.451s] Level 1:colcon.colcon_core.package_identification:_identify(src/DynamixelSDK/c#/protocol2.0/ping/win64/ping) by extension 'ignore_ament_install'
[0.451s] Level 1:colcon.colcon_core.package_identification:_identify(src/DynamixelSDK/c#/protocol2.0/ping/win64/ping) by extensions ['colcon_pkg']
[0.451s] Level 1:colcon.colcon_core.package_identification:_identify(src/DynamixelSDK/c#/protocol2.0/ping/win64/ping) by extension 'colcon_pkg'
[0.451s] Level 1:colcon.colcon_core.package_identification:_identify(src/DynamixelSDK/c#/protocol2.0/ping/win64/ping) by extensions ['colcon_meta']
[0.451s] Level 1:colcon.colcon_core.package_identification:_identify(src/DynamixelSDK/c#/protocol2.0/ping/win64/ping) by extension 'colcon_meta'
[0.451s] Level 1:colcon.colcon_core.package_identification:_identify(src/DynamixelSDK/c#/protocol2.0/ping/win64/ping) by extensions ['ros']
[0.451s] Level 1:colcon.colcon_core.package_identification:_identify(src/DynamixelSDK/c#/protocol2.0/ping/win64/ping) by extension 'ros'
[0.451s] Level 1:colcon.colcon_core.package_identification:_identify(src/DynamixelSDK/c#/protocol2.0/ping/win64/ping) by extensions ['cmake', 'python']
[0.451s] Level 1:colcon.colcon_core.package_identification:_identify(src/DynamixelSDK/c#/protocol2.0/ping/win64/ping) by extension 'cmake'
[0.451s] Level 1:colcon.colcon_core.package_identification:_identify(src/DynamixelSDK/c#/protocol2.0/ping/win64/ping) by extension 'python'
[0.451s] Level 1:colcon.colcon_core.package_identification:_identify(src/DynamixelSDK/c#/protocol2.0/ping/win64/ping) by extensions ['python_setup_py']
[0.451s] Level 1:colcon.colcon_core.package_identification:_identify(src/DynamixelSDK/c#/protocol2.0/ping/win64/ping) by extension 'python_setup_py'
[0.452s] Level 1:colcon.colcon_core.package_identification:_identify(src/DynamixelSDK/c#/protocol2.0/ping/win64/ping/Properties) by extensions ['ignore', 'ignore_ament_install']
[0.452s] Level 1:colcon.colcon_core.package_identification:_identify(src/DynamixelSDK/c#/protocol2.0/ping/win64/ping/Properties) by extension 'ignore'
[0.452s] Level 1:colcon.colcon_core.package_identification:_identify(src/DynamixelSDK/c#/protocol2.0/ping/win64/ping/Properties) by extension 'ignore_ament_install'
[0.452s] Level 1:colcon.colcon_core.package_identification:_identify(src/DynamixelSDK/c#/protocol2.0/ping/win64/ping/Properties) by extensions ['colcon_pkg']
[0.452s] Level 1:colcon.colcon_core.package_identification:_identify(src/DynamixelSDK/c#/protocol2.0/ping/win64/ping/Properties) by extension 'colcon_pkg'
[0.452s] Level 1:colcon.colcon_core.package_identification:_identify(src/DynamixelSDK/c#/protocol2.0/ping/win64/ping/Properties) by extensions ['colcon_meta']
[0.452s] Level 1:colcon.colcon_core.package_identification:_identify(src/DynamixelSDK/c#/protocol2.0/ping/win64/ping/Properties) by extension 'colcon_meta'
[0.452s] Level 1:colcon.colcon_core.package_identification:_identify(src/DynamixelSDK/c#/protocol2.0/ping/win64/ping/Properties) by extensions ['ros']
[0.452s] Level 1:colcon.colcon_core.package_identification:_identify(src/DynamixelSDK/c#/protocol2.0/ping/win64/ping/Properties) by extension 'ros'
[0.453s] Level 1:colcon.colcon_core.package_identification:_identify(src/DynamixelSDK/c#/protocol2.0/ping/win64/ping/Properties) by extensions ['cmake', 'python']
[0.453s] Level 1:colcon.colcon_core.package_identification:_identify(src/DynamixelSDK/c#/protocol2.0/ping/win64/ping/Properties) by extension 'cmake'
[0.453s] Level 1:colcon.colcon_core.package_identification:_identify(src/DynamixelSDK/c#/protocol2.0/ping/win64/ping/Properties) by extension 'python'
[0.453s] Level 1:colcon.colcon_core.package_identification:_identify(src/DynamixelSDK/c#/protocol2.0/ping/win64/ping/Properties) by extensions ['python_setup_py']
[0.453s] Level 1:colcon.colcon_core.package_identification:_identify(src/DynamixelSDK/c#/protocol2.0/ping/win64/ping/Properties) by extension 'python_setup_py'
[0.453s] Level 1:colcon.colcon_core.package_identification:_identify(src/DynamixelSDK/c#/protocol2.0/read_write) by extensions ['ignore', 'ignore_ament_install']
[0.453s] Level 1:colcon.colcon_core.package_identification:_identify(src/DynamixelSDK/c#/protocol2.0/read_write) by extension 'ignore'
[0.453s] Level 1:colcon.colcon_core.package_identification:_identify(src/DynamixelSDK/c#/protocol2.0/read_write) by extension 'ignore_ament_install'
[0.453s] Level 1:colcon.colcon_core.package_identification:_identify(src/DynamixelSDK/c#/protocol2.0/read_write) by extensions ['colcon_pkg']
[0.453s] Level 1:colcon.colcon_core.package_identification:_identify(src/DynamixelSDK/c#/protocol2.0/read_write) by extension 'colcon_pkg'
[0.453s] Level 1:colcon.colcon_core.package_identification:_identify(src/DynamixelSDK/c#/protocol2.0/read_write) by extensions ['colcon_meta']
[0.453s] Level 1:colcon.colcon_core.package_identification:_identify(src/DynamixelSDK/c#/protocol2.0/read_write) by extension 'colcon_meta'
[0.453s] Level 1:colcon.colcon_core.package_identification:_identify(src/DynamixelSDK/c#/protocol2.0/read_write) by extensions ['ros']
[0.454s] Level 1:colcon.colcon_core.package_identification:_identify(src/DynamixelSDK/c#/protocol2.0/read_write) by extension 'ros'
[0.454s] Level 1:colcon.colcon_core.package_identification:_identify(src/DynamixelSDK/c#/protocol2.0/read_write) by extensions ['cmake', 'python']
[0.454s] Level 1:colcon.colcon_core.package_identification:_identify(src/DynamixelSDK/c#/protocol2.0/read_write) by extension 'cmake'
[0.454s] Level 1:colcon.colcon_core.package_identification:_identify(src/DynamixelSDK/c#/protocol2.0/read_write) by extension 'python'
[0.454s] Level 1:colcon.colcon_core.package_identification:_identify(src/DynamixelSDK/c#/protocol2.0/read_write) by extensions ['python_setup_py']
[0.454s] Level 1:colcon.colcon_core.package_identification:_identify(src/DynamixelSDK/c#/protocol2.0/read_write) by extension 'python_setup_py'
[0.454s] Level 1:colcon.colcon_core.package_identification:_identify(src/DynamixelSDK/c#/protocol2.0/read_write/win32) by extensions ['ignore', 'ignore_ament_install']
[0.454s] Level 1:colcon.colcon_core.package_identification:_identify(src/DynamixelSDK/c#/protocol2.0/read_write/win32) by extension 'ignore'
[0.454s] Level 1:colcon.colcon_core.package_identification:_identify(src/DynamixelSDK/c#/protocol2.0/read_write/win32) by extension 'ignore_ament_install'
[0.455s] Level 1:colcon.colcon_core.package_identification:_identify(src/DynamixelSDK/c#/protocol2.0/read_write/win32) by extensions ['colcon_pkg']
[0.455s] Level 1:colcon.colcon_core.package_identification:_identify(src/DynamixelSDK/c#/protocol2.0/read_write/win32) by extension 'colcon_pkg'
[0.455s] Level 1:colcon.colcon_core.package_identification:_identify(src/DynamixelSDK/c#/protocol2.0/read_write/win32) by extensions ['colcon_meta']
[0.455s] Level 1:colcon.colcon_core.package_identification:_identify(src/DynamixelSDK/c#/protocol2.0/read_write/win32) by extension 'colcon_meta'
[0.455s] Level 1:colcon.colcon_core.package_identification:_identify(src/DynamixelSDK/c#/protocol2.0/read_write/win32) by extensions ['ros']
[0.455s] Level 1:colcon.colcon_core.package_identification:_identify(src/DynamixelSDK/c#/protocol2.0/read_write/win32) by extension 'ros'
[0.455s] Level 1:colcon.colcon_core.package_identification:_identify(src/DynamixelSDK/c#/protocol2.0/read_write/win32) by extensions ['cmake', 'python']
[0.455s] Level 1:colcon.colcon_core.package_identification:_identify(src/DynamixelSDK/c#/protocol2.0/read_write/win32) by extension 'cmake'
[0.455s] Level 1:colcon.colcon_core.package_identification:_identify(src/DynamixelSDK/c#/protocol2.0/read_write/win32) by extension 'python'
[0.455s] Level 1:colcon.colcon_core.package_identification:_identify(src/DynamixelSDK/c#/protocol2.0/read_write/win32) by extensions ['python_setup_py']
[0.455s] Level 1:colcon.colcon_core.package_identification:_identify(src/DynamixelSDK/c#/protocol2.0/read_write/win32) by extension 'python_setup_py'
[0.455s] Level 1:colcon.colcon_core.package_identification:_identify(src/DynamixelSDK/c#/protocol2.0/read_write/win32/read_write) by extensions ['ignore', 'ignore_ament_install']
[0.456s] Level 1:colcon.colcon_core.package_identification:_identify(src/DynamixelSDK/c#/protocol2.0/read_write/win32/read_write) by extension 'ignore'
[0.456s] Level 1:colcon.colcon_core.package_identification:_identify(src/DynamixelSDK/c#/protocol2.0/read_write/win32/read_write) by extension 'ignore_ament_install'
[0.456s] Level 1:colcon.colcon_core.package_identification:_identify(src/DynamixelSDK/c#/protocol2.0/read_write/win32/read_write) by extensions ['colcon_pkg']
[0.456s] Level 1:colcon.colcon_core.package_identification:_identify(src/DynamixelSDK/c#/protocol2.0/read_write/win32/read_write) by extension 'colcon_pkg'
[0.456s] Level 1:colcon.colcon_core.package_identification:_identify(src/DynamixelSDK/c#/protocol2.0/read_write/win32/read_write) by extensions ['colcon_meta']
[0.456s] Level 1:colcon.colcon_core.package_identification:_identify(src/DynamixelSDK/c#/protocol2.0/read_write/win32/read_write) by extension 'colcon_meta'
[0.456s] Level 1:colcon.colcon_core.package_identification:_identify(src/DynamixelSDK/c#/protocol2.0/read_write/win32/read_write) by extensions ['ros']
[0.456s] Level 1:colcon.colcon_core.package_identification:_identify(src/DynamixelSDK/c#/protocol2.0/read_write/win32/read_write) by extension 'ros'
[0.456s] Level 1:colcon.colcon_core.package_identification:_identify(src/DynamixelSDK/c#/protocol2.0/read_write/win32/read_write) by extensions ['cmake', 'python']
[0.456s] Level 1:colcon.colcon_core.package_identification:_identify(src/DynamixelSDK/c#/protocol2.0/read_write/win32/read_write) by extension 'cmake'
[0.457s] Level 1:colcon.colcon_core.package_identification:_identify(src/DynamixelSDK/c#/protocol2.0/read_write/win32/read_write) by extension 'python'
[0.457s] Level 1:colcon.colcon_core.package_identification:_identify(src/DynamixelSDK/c#/protocol2.0/read_write/win32/read_write) by extensions ['python_setup_py']
[0.457s] Level 1:colcon.colcon_core.package_identification:_identify(src/DynamixelSDK/c#/protocol2.0/read_write/win32/read_write) by extension 'python_setup_py'
[0.457s] Level 1:colcon.colcon_core.package_identification:_identify(src/DynamixelSDK/c#/protocol2.0/read_write/win32/read_write/Properties) by extensions ['ignore', 'ignore_ament_install']
[0.457s] Level 1:colcon.colcon_core.package_identification:_identify(src/DynamixelSDK/c#/protocol2.0/read_write/win32/read_write/Properties) by extension 'ignore'
[0.457s] Level 1:colcon.colcon_core.package_identification:_identify(src/DynamixelSDK/c#/protocol2.0/read_write/win32/read_write/Properties) by extension 'ignore_ament_install'
[0.457s] Level 1:colcon.colcon_core.package_identification:_identify(src/DynamixelSDK/c#/protocol2.0/read_write/win32/read_write/Properties) by extensions ['colcon_pkg']
[0.457s] Level 1:colcon.colcon_core.package_identification:_identify(src/DynamixelSDK/c#/protocol2.0/read_write/win32/read_write/Properties) by extension 'colcon_pkg'
[0.457s] Level 1:colcon.colcon_core.package_identification:_identify(src/DynamixelSDK/c#/protocol2.0/read_write/win32/read_write/Properties) by extensions ['colcon_meta']
[0.457s] Level 1:colcon.colcon_core.package_identification:_identify(src/DynamixelSDK/c#/protocol2.0/read_write/win32/read_write/Properties) by extension 'colcon_meta'
[0.458s] Level 1:colcon.colcon_core.package_identification:_identify(src/DynamixelSDK/c#/protocol2.0/read_write/win32/read_write/Properties) by extensions ['ros']
[0.458s] Level 1:colcon.colcon_core.package_identification:_identify(src/DynamixelSDK/c#/protocol2.0/read_write/win32/read_write/Properties) by extension 'ros'
[0.458s] Level 1:colcon.colcon_core.package_identification:_identify(src/DynamixelSDK/c#/protocol2.0/read_write/win32/read_write/Properties) by extensions ['cmake', 'python']
[0.458s] Level 1:colcon.colcon_core.package_identification:_identify(src/DynamixelSDK/c#/protocol2.0/read_write/win32/read_write/Properties) by extension 'cmake'
[0.458s] Level 1:colcon.colcon_core.package_identification:_identify(src/DynamixelSDK/c#/protocol2.0/read_write/win32/read_write/Properties) by extension 'python'
[0.458s] Level 1:colcon.colcon_core.package_identification:_identify(src/DynamixelSDK/c#/protocol2.0/read_write/win32/read_write/Properties) by extensions ['python_setup_py']
[0.458s] Level 1:colcon.colcon_core.package_identification:_identify(src/DynamixelSDK/c#/protocol2.0/read_write/win32/read_write/Properties) by extension 'python_setup_py'
[0.458s] Level 1:colcon.colcon_core.package_identification:_identify(src/DynamixelSDK/c#/protocol2.0/read_write/win64) by extensions ['ignore', 'ignore_ament_install']
[0.458s] Level 1:colcon.colcon_core.package_identification:_identify(src/DynamixelSDK/c#/protocol2.0/read_write/win64) by extension 'ignore'
[0.458s] Level 1:colcon.colcon_core.package_identification:_identify(src/DynamixelSDK/c#/protocol2.0/read_write/win64) by extension 'ignore_ament_install'
[0.459s] Level 1:colcon.colcon_core.package_identification:_identify(src/DynamixelSDK/c#/protocol2.0/read_write/win64) by extensions ['colcon_pkg']
[0.459s] Level 1:colcon.colcon_core.package_identification:_identify(src/DynamixelSDK/c#/protocol2.0/read_write/win64) by extension 'colcon_pkg'
[0.459s] Level 1:colcon.colcon_core.package_identification:_identify(src/DynamixelSDK/c#/protocol2.0/read_write/win64) by extensions ['colcon_meta']
[0.459s] Level 1:colcon.colcon_core.package_identification:_identify(src/DynamixelSDK/c#/protocol2.0/read_write/win64) by extension 'colcon_meta'
[0.459s] Level 1:colcon.colcon_core.package_identification:_identify(src/DynamixelSDK/c#/protocol2.0/read_write/win64) by extensions ['ros']
[0.459s] Level 1:colcon.colcon_core.package_identification:_identify(src/DynamixelSDK/c#/protocol2.0/read_write/win64) by extension 'ros'
[0.459s] Level 1:colcon.colcon_core.package_identification:_identify(src/DynamixelSDK/c#/protocol2.0/read_write/win64) by extensions ['cmake', 'python']
[0.459s] Level 1:colcon.colcon_core.package_identification:_identify(src/DynamixelSDK/c#/protocol2.0/read_write/win64) by extension 'cmake'
[0.459s] Level 1:colcon.colcon_core.package_identification:_identify(src/DynamixelSDK/c#/protocol2.0/read_write/win64) by extension 'python'
[0.459s] Level 1:colcon.colcon_core.package_identification:_identify(src/DynamixelSDK/c#/protocol2.0/read_write/win64) by extensions ['python_setup_py']
[0.459s] Level 1:colcon.colcon_core.package_identification:_identify(src/DynamixelSDK/c#/protocol2.0/read_write/win64) by extension 'python_setup_py'
[0.459s] Level 1:colcon.colcon_core.package_identification:_identify(src/DynamixelSDK/c#/protocol2.0/read_write/win64/read_write) by extensions ['ignore', 'ignore_ament_install']
[0.460s] Level 1:colcon.colcon_core.package_identification:_identify(src/DynamixelSDK/c#/protocol2.0/read_write/win64/read_write) by extension 'ignore'
[0.460s] Level 1:colcon.colcon_core.package_identification:_identify(src/DynamixelSDK/c#/protocol2.0/read_write/win64/read_write) by extension 'ignore_ament_install'
[0.460s] Level 1:colcon.colcon_core.package_identification:_identify(src/DynamixelSDK/c#/protocol2.0/read_write/win64/read_write) by extensions ['colcon_pkg']
[0.460s] Level 1:colcon.colcon_core.package_identification:_identify(src/DynamixelSDK/c#/protocol2.0/read_write/win64/read_write) by extension 'colcon_pkg'
[0.460s] Level 1:colcon.colcon_core.package_identification:_identify(src/DynamixelSDK/c#/protocol2.0/read_write/win64/read_write) by extensions ['colcon_meta']
[0.460s] Level 1:colcon.colcon_core.package_identification:_identify(src/DynamixelSDK/c#/protocol2.0/read_write/win64/read_write) by extension 'colcon_meta'
[0.460s] Level 1:colcon.colcon_core.package_identification:_identify(src/DynamixelSDK/c#/protocol2.0/read_write/win64/read_write) by extensions ['ros']
[0.460s] Level 1:colcon.colcon_core.package_identification:_identify(src/DynamixelSDK/c#/protocol2.0/read_write/win64/read_write) by extension 'ros'
[0.460s] Level 1:colcon.colcon_core.package_identification:_identify(src/DynamixelSDK/c#/protocol2.0/read_write/win64/read_write) by extensions ['cmake', 'python']
[0.460s] Level 1:colcon.colcon_core.package_identification:_identify(src/DynamixelSDK/c#/protocol2.0/read_write/win64/read_write) by extension 'cmake'
[0.460s] Level 1:colcon.colcon_core.package_identification:_identify(src/DynamixelSDK/c#/protocol2.0/read_write/win64/read_write) by extension 'python'
[0.460s] Level 1:colcon.colcon_core.package_identification:_identify(src/DynamixelSDK/c#/protocol2.0/read_write/win64/read_write) by extensions ['python_setup_py']
[0.461s] Level 1:colcon.colcon_core.package_identification:_identify(src/DynamixelSDK/c#/protocol2.0/read_write/win64/read_write) by extension 'python_setup_py'
[0.461s] Level 1:colcon.colcon_core.package_identification:_identify(src/DynamixelSDK/c#/protocol2.0/read_write/win64/read_write/Properties) by extensions ['ignore', 'ignore_ament_install']
[0.461s] Level 1:colcon.colcon_core.package_identification:_identify(src/DynamixelSDK/c#/protocol2.0/read_write/win64/read_write/Properties) by extension 'ignore'
[0.461s] Level 1:colcon.colcon_core.package_identification:_identify(src/DynamixelSDK/c#/protocol2.0/read_write/win64/read_write/Properties) by extension 'ignore_ament_install'
[0.461s] Level 1:colcon.colcon_core.package_identification:_identify(src/DynamixelSDK/c#/protocol2.0/read_write/win64/read_write/Properties) by extensions ['colcon_pkg']
[0.461s] Level 1:colcon.colcon_core.package_identification:_identify(src/DynamixelSDK/c#/protocol2.0/read_write/win64/read_write/Properties) by extension 'colcon_pkg'
[0.461s] Level 1:colcon.colcon_core.package_identification:_identify(src/DynamixelSDK/c#/protocol2.0/read_write/win64/read_write/Properties) by extensions ['colcon_meta']
[0.461s] Level 1:colcon.colcon_core.package_identification:_identify(src/DynamixelSDK/c#/protocol2.0/read_write/win64/read_write/Properties) by extension 'colcon_meta'
[0.461s] Level 1:colcon.colcon_core.package_identification:_identify(src/DynamixelSDK/c#/protocol2.0/read_write/win64/read_write/Properties) by extensions ['ros']
[0.461s] Level 1:colcon.colcon_core.package_identification:_identify(src/DynamixelSDK/c#/protocol2.0/read_write/win64/read_write/Properties) by extension 'ros'
[0.462s] Level 1:colcon.colcon_core.package_identification:_identify(src/DynamixelSDK/c#/protocol2.0/read_write/win64/read_write/Properties) by extensions ['cmake', 'python']
[0.462s] Level 1:colcon.colcon_core.package_identification:_identify(src/DynamixelSDK/c#/protocol2.0/read_write/win64/read_write/Properties) by extension 'cmake'
[0.462s] Level 1:colcon.colcon_core.package_identification:_identify(src/DynamixelSDK/c#/protocol2.0/read_write/win64/read_write/Properties) by extension 'python'
[0.462s] Level 1:colcon.colcon_core.package_identification:_identify(src/DynamixelSDK/c#/protocol2.0/read_write/win64/read_write/Properties) by extensions ['python_setup_py']
[0.462s] Level 1:colcon.colcon_core.package_identification:_identify(src/DynamixelSDK/c#/protocol2.0/read_write/win64/read_write/Properties) by extension 'python_setup_py'
[0.462s] Level 1:colcon.colcon_core.package_identification:_identify(src/DynamixelSDK/c#/protocol2.0/reboot) by extensions ['ignore', 'ignore_ament_install']
[0.462s] Level 1:colcon.colcon_core.package_identification:_identify(src/DynamixelSDK/c#/protocol2.0/reboot) by extension 'ignore'
[0.462s] Level 1:colcon.colcon_core.package_identification:_identify(src/DynamixelSDK/c#/protocol2.0/reboot) by extension 'ignore_ament_install'
[0.462s] Level 1:colcon.colcon_core.package_identification:_identify(src/DynamixelSDK/c#/protocol2.0/reboot) by extensions ['colcon_pkg']
[0.462s] Level 1:colcon.colcon_core.package_identification:_identify(src/DynamixelSDK/c#/protocol2.0/reboot) by extension 'colcon_pkg'
[0.462s] Level 1:colcon.colcon_core.package_identification:_identify(src/DynamixelSDK/c#/protocol2.0/reboot) by extensions ['colcon_meta']
[0.463s] Level 1:colcon.colcon_core.package_identification:_identify(src/DynamixelSDK/c#/protocol2.0/reboot) by extension 'colcon_meta'
[0.463s] Level 1:colcon.colcon_core.package_identification:_identify(src/DynamixelSDK/c#/protocol2.0/reboot) by extensions ['ros']
[0.463s] Level 1:colcon.colcon_core.package_identification:_identify(src/DynamixelSDK/c#/protocol2.0/reboot) by extension 'ros'
[0.463s] Level 1:colcon.colcon_core.package_identification:_identify(src/DynamixelSDK/c#/protocol2.0/reboot) by extensions ['cmake', 'python']
[0.463s] Level 1:colcon.colcon_core.package_identification:_identify(src/DynamixelSDK/c#/protocol2.0/reboot) by extension 'cmake'
[0.463s] Level 1:colcon.colcon_core.package_identification:_identify(src/DynamixelSDK/c#/protocol2.0/reboot) by extension 'python'
[0.463s] Level 1:colcon.colcon_core.package_identification:_identify(src/DynamixelSDK/c#/protocol2.0/reboot) by extensions ['python_setup_py']
[0.463s] Level 1:colcon.colcon_core.package_identification:_identify(src/DynamixelSDK/c#/protocol2.0/reboot) by extension 'python_setup_py'
[0.463s] Level 1:colcon.colcon_core.package_identification:_identify(src/DynamixelSDK/c#/protocol2.0/reboot/win32) by extensions ['ignore', 'ignore_ament_install']
[0.463s] Level 1:colcon.colcon_core.package_identification:_identify(src/DynamixelSDK/c#/protocol2.0/reboot/win32) by extension 'ignore'
[0.463s] Level 1:colcon.colcon_core.package_identification:_identify(src/DynamixelSDK/c#/protocol2.0/reboot/win32) by extension 'ignore_ament_install'
[0.464s] Level 1:colcon.colcon_core.package_identification:_identify(src/DynamixelSDK/c#/protocol2.0/reboot/win32) by extensions ['colcon_pkg']
[0.464s] Level 1:colcon.colcon_core.package_identification:_identify(src/DynamixelSDK/c#/protocol2.0/reboot/win32) by extension 'colcon_pkg'
[0.464s] Level 1:colcon.colcon_core.package_identification:_identify(src/DynamixelSDK/c#/protocol2.0/reboot/win32) by extensions ['colcon_meta']
[0.464s] Level 1:colcon.colcon_core.package_identification:_identify(src/DynamixelSDK/c#/protocol2.0/reboot/win32) by extension 'colcon_meta'
[0.464s] Level 1:colcon.colcon_core.package_identification:_identify(src/DynamixelSDK/c#/protocol2.0/reboot/win32) by extensions ['ros']
[0.464s] Level 1:colcon.colcon_core.package_identification:_identify(src/DynamixelSDK/c#/protocol2.0/reboot/win32) by extension 'ros'
[0.464s] Level 1:colcon.colcon_core.package_identification:_identify(src/DynamixelSDK/c#/protocol2.0/reboot/win32) by extensions ['cmake', 'python']
[0.464s] Level 1:colcon.colcon_core.package_identification:_identify(src/DynamixelSDK/c#/protocol2.0/reboot/win32) by extension 'cmake'
[0.464s] Level 1:colcon.colcon_core.package_identification:_identify(src/DynamixelSDK/c#/protocol2.0/reboot/win32) by extension 'python'
[0.464s] Level 1:colcon.colcon_core.package_identification:_identify(src/DynamixelSDK/c#/protocol2.0/reboot/win32) by extensions ['python_setup_py']
[0.464s] Level 1:colcon.colcon_core.package_identification:_identify(src/DynamixelSDK/c#/protocol2.0/reboot/win32) by extension 'python_setup_py'
[0.464s] Level 1:colcon.colcon_core.package_identification:_identify(src/DynamixelSDK/c#/protocol2.0/reboot/win32/reboot) by extensions ['ignore', 'ignore_ament_install']
[0.464s] Level 1:colcon.colcon_core.package_identification:_identify(src/DynamixelSDK/c#/protocol2.0/reboot/win32/reboot) by extension 'ignore'
[0.465s] Level 1:colcon.colcon_core.package_identification:_identify(src/DynamixelSDK/c#/protocol2.0/reboot/win32/reboot) by extension 'ignore_ament_install'
[0.465s] Level 1:colcon.colcon_core.package_identification:_identify(src/DynamixelSDK/c#/protocol2.0/reboot/win32/reboot) by extensions ['colcon_pkg']
[0.465s] Level 1:colcon.colcon_core.package_identification:_identify(src/DynamixelSDK/c#/protocol2.0/reboot/win32/reboot) by extension 'colcon_pkg'
[0.465s] Level 1:colcon.colcon_core.package_identification:_identify(src/DynamixelSDK/c#/protocol2.0/reboot/win32/reboot) by extensions ['colcon_meta']
[0.465s] Level 1:colcon.colcon_core.package_identification:_identify(src/DynamixelSDK/c#/protocol2.0/reboot/win32/reboot) by extension 'colcon_meta'
[0.465s] Level 1:colcon.colcon_core.package_identification:_identify(src/DynamixelSDK/c#/protocol2.0/reboot/win32/reboot) by extensions ['ros']
[0.465s] Level 1:colcon.colcon_core.package_identification:_identify(src/DynamixelSDK/c#/protocol2.0/reboot/win32/reboot) by extension 'ros'
[0.465s] Level 1:colcon.colcon_core.package_identification:_identify(src/DynamixelSDK/c#/protocol2.0/reboot/win32/reboot) by extensions ['cmake', 'python']
[0.465s] Level 1:colcon.colcon_core.package_identification:_identify(src/DynamixelSDK/c#/protocol2.0/reboot/win32/reboot) by extension 'cmake'
[0.465s] Level 1:colcon.colcon_core.package_identification:_identify(src/DynamixelSDK/c#/protocol2.0/reboot/win32/reboot) by extension 'python'
[0.465s] Level 1:colcon.colcon_core.package_identification:_identify(src/DynamixelSDK/c#/protocol2.0/reboot/win32/reboot) by extensions ['python_setup_py']
[0.465s] Level 1:colcon.colcon_core.package_identification:_identify(src/DynamixelSDK/c#/protocol2.0/reboot/win32/reboot) by extension 'python_setup_py'
[0.466s] Level 1:colcon.colcon_core.package_identification:_identify(src/DynamixelSDK/c#/protocol2.0/reboot/win32/reboot/Properties) by extensions ['ignore', 'ignore_ament_install']
[0.466s] Level 1:colcon.colcon_core.package_identification:_identify(src/DynamixelSDK/c#/protocol2.0/reboot/win32/reboot/Properties) by extension 'ignore'
[0.466s] Level 1:colcon.colcon_core.package_identification:_identify(src/DynamixelSDK/c#/protocol2.0/reboot/win32/reboot/Properties) by extension 'ignore_ament_install'
[0.466s] Level 1:colcon.colcon_core.package_identification:_identify(src/DynamixelSDK/c#/protocol2.0/reboot/win32/reboot/Properties) by extensions ['colcon_pkg']
[0.466s] Level 1:colcon.colcon_core.package_identification:_identify(src/DynamixelSDK/c#/protocol2.0/reboot/win32/reboot/Properties) by extension 'colcon_pkg'
[0.466s] Level 1:colcon.colcon_core.package_identification:_identify(src/DynamixelSDK/c#/protocol2.0/reboot/win32/reboot/Properties) by extensions ['colcon_meta']
[0.466s] Level 1:colcon.colcon_core.package_identification:_identify(src/DynamixelSDK/c#/protocol2.0/reboot/win32/reboot/Properties) by extension 'colcon_meta'
[0.466s] Level 1:colcon.colcon_core.package_identification:_identify(src/DynamixelSDK/c#/protocol2.0/reboot/win32/reboot/Properties) by extensions ['ros']
[0.466s] Level 1:colcon.colcon_core.package_identification:_identify(src/DynamixelSDK/c#/protocol2.0/reboot/win32/reboot/Properties) by extension 'ros'
[0.466s] Level 1:colcon.colcon_core.package_identification:_identify(src/DynamixelSDK/c#/protocol2.0/reboot/win32/reboot/Properties) by extensions ['cmake', 'python']
[0.466s] Level 1:colcon.colcon_core.package_identification:_identify(src/DynamixelSDK/c#/protocol2.0/reboot/win32/reboot/Properties) by extension 'cmake'
[0.466s] Level 1:colcon.colcon_core.package_identification:_identify(src/DynamixelSDK/c#/protocol2.0/reboot/win32/reboot/Properties) by extension 'python'
[0.467s] Level 1:colcon.colcon_core.package_identification:_identify(src/DynamixelSDK/c#/protocol2.0/reboot/win32/reboot/Properties) by extensions ['python_setup_py']
[0.467s] Level 1:colcon.colcon_core.package_identification:_identify(src/DynamixelSDK/c#/protocol2.0/reboot/win32/reboot/Properties) by extension 'python_setup_py'
[0.467s] Level 1:colcon.colcon_core.package_identification:_identify(src/DynamixelSDK/c#/protocol2.0/reboot/win64) by extensions ['ignore', 'ignore_ament_install']
[0.467s] Level 1:colcon.colcon_core.package_identification:_identify(src/DynamixelSDK/c#/protocol2.0/reboot/win64) by extension 'ignore'
[0.467s] Level 1:colcon.colcon_core.package_identification:_identify(src/DynamixelSDK/c#/protocol2.0/reboot/win64) by extension 'ignore_ament_install'
[0.467s] Level 1:colcon.colcon_core.package_identification:_identify(src/DynamixelSDK/c#/protocol2.0/reboot/win64) by extensions ['colcon_pkg']
[0.467s] Level 1:colcon.colcon_core.package_identification:_identify(src/DynamixelSDK/c#/protocol2.0/reboot/win64) by extension 'colcon_pkg'
[0.467s] Level 1:colcon.colcon_core.package_identification:_identify(src/DynamixelSDK/c#/protocol2.0/reboot/win64) by extensions ['colcon_meta']
[0.467s] Level 1:colcon.colcon_core.package_identification:_identify(src/DynamixelSDK/c#/protocol2.0/reboot/win64) by extension 'colcon_meta'
[0.467s] Level 1:colcon.colcon_core.package_identification:_identify(src/DynamixelSDK/c#/protocol2.0/reboot/win64) by extensions ['ros']
[0.467s] Level 1:colcon.colcon_core.package_identification:_identify(src/DynamixelSDK/c#/protocol2.0/reboot/win64) by extension 'ros'
[0.468s] Level 1:colcon.colcon_core.package_identification:_identify(src/DynamixelSDK/c#/protocol2.0/reboot/win64) by extensions ['cmake', 'python']
[0.468s] Level 1:colcon.colcon_core.package_identification:_identify(src/DynamixelSDK/c#/protocol2.0/reboot/win64) by extension 'cmake'
[0.468s] Level 1:colcon.colcon_core.package_identification:_identify(src/DynamixelSDK/c#/protocol2.0/reboot/win64) by extension 'python'
[0.468s] Level 1:colcon.colcon_core.package_identification:_identify(src/DynamixelSDK/c#/protocol2.0/reboot/win64) by extensions ['python_setup_py']
[0.468s] Level 1:colcon.colcon_core.package_identification:_identify(src/DynamixelSDK/c#/protocol2.0/reboot/win64) by extension 'python_setup_py'
[0.468s] Level 1:colcon.colcon_core.package_identification:_identify(src/DynamixelSDK/c#/protocol2.0/reboot/win64/reboot) by extensions ['ignore', 'ignore_ament_install']
[0.468s] Level 1:colcon.colcon_core.package_identification:_identify(src/DynamixelSDK/c#/protocol2.0/reboot/win64/reboot) by extension 'ignore'
[0.468s] Level 1:colcon.colcon_core.package_identification:_identify(src/DynamixelSDK/c#/protocol2.0/reboot/win64/reboot) by extension 'ignore_ament_install'
[0.468s] Level 1:colcon.colcon_core.package_identification:_identify(src/DynamixelSDK/c#/protocol2.0/reboot/win64/reboot) by extensions ['colcon_pkg']
[0.469s] Level 1:colcon.colcon_core.package_identification:_identify(src/DynamixelSDK/c#/protocol2.0/reboot/win64/reboot) by extension 'colcon_pkg'
[0.469s] Level 1:colcon.colcon_core.package_identification:_identify(src/DynamixelSDK/c#/protocol2.0/reboot/win64/reboot) by extensions ['colcon_meta']
[0.469s] Level 1:colcon.colcon_core.package_identification:_identify(src/DynamixelSDK/c#/protocol2.0/reboot/win64/reboot) by extension 'colcon_meta'
[0.469s] Level 1:colcon.colcon_core.package_identification:_identify(src/DynamixelSDK/c#/protocol2.0/reboot/win64/reboot) by extensions ['ros']
[0.469s] Level 1:colcon.colcon_core.package_identification:_identify(src/DynamixelSDK/c#/protocol2.0/reboot/win64/reboot) by extension 'ros'
[0.469s] Level 1:colcon.colcon_core.package_identification:_identify(src/DynamixelSDK/c#/protocol2.0/reboot/win64/reboot) by extensions ['cmake', 'python']
[0.469s] Level 1:colcon.colcon_core.package_identification:_identify(src/DynamixelSDK/c#/protocol2.0/reboot/win64/reboot) by extension 'cmake'
[0.469s] Level 1:colcon.colcon_core.package_identification:_identify(src/DynamixelSDK/c#/protocol2.0/reboot/win64/reboot) by extension 'python'
[0.469s] Level 1:colcon.colcon_core.package_identification:_identify(src/DynamixelSDK/c#/protocol2.0/reboot/win64/reboot) by extensions ['python_setup_py']
[0.469s] Level 1:colcon.colcon_core.package_identification:_identify(src/DynamixelSDK/c#/protocol2.0/reboot/win64/reboot) by extension 'python_setup_py'
[0.470s] Level 1:colcon.colcon_core.package_identification:_identify(src/DynamixelSDK/c#/protocol2.0/reboot/win64/reboot/Properties) by extensions ['ignore', 'ignore_ament_install']
[0.470s] Level 1:colcon.colcon_core.package_identification:_identify(src/DynamixelSDK/c#/protocol2.0/reboot/win64/reboot/Properties) by extension 'ignore'
[0.470s] Level 1:colcon.colcon_core.package_identification:_identify(src/DynamixelSDK/c#/protocol2.0/reboot/win64/reboot/Properties) by extension 'ignore_ament_install'
[0.470s] Level 1:colcon.colcon_core.package_identification:_identify(src/DynamixelSDK/c#/protocol2.0/reboot/win64/reboot/Properties) by extensions ['colcon_pkg']
[0.470s] Level 1:colcon.colcon_core.package_identification:_identify(src/DynamixelSDK/c#/protocol2.0/reboot/win64/reboot/Properties) by extension 'colcon_pkg'
[0.470s] Level 1:colcon.colcon_core.package_identification:_identify(src/DynamixelSDK/c#/protocol2.0/reboot/win64/reboot/Properties) by extensions ['colcon_meta']
[0.470s] Level 1:colcon.colcon_core.package_identification:_identify(src/DynamixelSDK/c#/protocol2.0/reboot/win64/reboot/Properties) by extension 'colcon_meta'
[0.470s] Level 1:colcon.colcon_core.package_identification:_identify(src/DynamixelSDK/c#/protocol2.0/reboot/win64/reboot/Properties) by extensions ['ros']
[0.470s] Level 1:colcon.colcon_core.package_identification:_identify(src/DynamixelSDK/c#/protocol2.0/reboot/win64/reboot/Properties) by extension 'ros'
[0.470s] Level 1:colcon.colcon_core.package_identification:_identify(src/DynamixelSDK/c#/protocol2.0/reboot/win64/reboot/Properties) by extensions ['cmake', 'python']
[0.470s] Level 1:colcon.colcon_core.package_identification:_identify(src/DynamixelSDK/c#/protocol2.0/reboot/win64/reboot/Properties) by extension 'cmake'
[0.471s] Level 1:colcon.colcon_core.package_identification:_identify(src/DynamixelSDK/c#/protocol2.0/reboot/win64/reboot/Properties) by extension 'python'
[0.471s] Level 1:colcon.colcon_core.package_identification:_identify(src/DynamixelSDK/c#/protocol2.0/reboot/win64/reboot/Properties) by extensions ['python_setup_py']
[0.471s] Level 1:colcon.colcon_core.package_identification:_identify(src/DynamixelSDK/c#/protocol2.0/reboot/win64/reboot/Properties) by extension 'python_setup_py'
[0.471s] Level 1:colcon.colcon_core.package_identification:_identify(src/DynamixelSDK/c#/protocol2.0/sync_read_write) by extensions ['ignore', 'ignore_ament_install']
[0.471s] Level 1:colcon.colcon_core.package_identification:_identify(src/DynamixelSDK/c#/protocol2.0/sync_read_write) by extension 'ignore'
[0.471s] Level 1:colcon.colcon_core.package_identification:_identify(src/DynamixelSDK/c#/protocol2.0/sync_read_write) by extension 'ignore_ament_install'
[0.471s] Level 1:colcon.colcon_core.package_identification:_identify(src/DynamixelSDK/c#/protocol2.0/sync_read_write) by extensions ['colcon_pkg']
[0.471s] Level 1:colcon.colcon_core.package_identification:_identify(src/DynamixelSDK/c#/protocol2.0/sync_read_write) by extension 'colcon_pkg'
[0.471s] Level 1:colcon.colcon_core.package_identification:_identify(src/DynamixelSDK/c#/protocol2.0/sync_read_write) by extensions ['colcon_meta']
[0.471s] Level 1:colcon.colcon_core.package_identification:_identify(src/DynamixelSDK/c#/protocol2.0/sync_read_write) by extension 'colcon_meta'
[0.471s] Level 1:colcon.colcon_core.package_identification:_identify(src/DynamixelSDK/c#/protocol2.0/sync_read_write) by extensions ['ros']
[0.471s] Level 1:colcon.colcon_core.package_identification:_identify(src/DynamixelSDK/c#/protocol2.0/sync_read_write) by extension 'ros'
[0.472s] Level 1:colcon.colcon_core.package_identification:_identify(src/DynamixelSDK/c#/protocol2.0/sync_read_write) by extensions ['cmake', 'python']
[0.472s] Level 1:colcon.colcon_core.package_identification:_identify(src/DynamixelSDK/c#/protocol2.0/sync_read_write) by extension 'cmake'
[0.472s] Level 1:colcon.colcon_core.package_identification:_identify(src/DynamixelSDK/c#/protocol2.0/sync_read_write) by extension 'python'
[0.472s] Level 1:colcon.colcon_core.package_identification:_identify(src/DynamixelSDK/c#/protocol2.0/sync_read_write) by extensions ['python_setup_py']
[0.472s] Level 1:colcon.colcon_core.package_identification:_identify(src/DynamixelSDK/c#/protocol2.0/sync_read_write) by extension 'python_setup_py'
[0.472s] Level 1:colcon.colcon_core.package_identification:_identify(src/DynamixelSDK/c#/protocol2.0/sync_read_write/win32) by extensions ['ignore', 'ignore_ament_install']
[0.472s] Level 1:colcon.colcon_core.package_identification:_identify(src/DynamixelSDK/c#/protocol2.0/sync_read_write/win32) by extension 'ignore'
[0.472s] Level 1:colcon.colcon_core.package_identification:_identify(src/DynamixelSDK/c#/protocol2.0/sync_read_write/win32) by extension 'ignore_ament_install'
[0.472s] Level 1:colcon.colcon_core.package_identification:_identify(src/DynamixelSDK/c#/protocol2.0/sync_read_write/win32) by extensions ['colcon_pkg']
[0.472s] Level 1:colcon.colcon_core.package_identification:_identify(src/DynamixelSDK/c#/protocol2.0/sync_read_write/win32) by extension 'colcon_pkg'
[0.472s] Level 1:colcon.colcon_core.package_identification:_identify(src/DynamixelSDK/c#/protocol2.0/sync_read_write/win32) by extensions ['colcon_meta']
[0.473s] Level 1:colcon.colcon_core.package_identification:_identify(src/DynamixelSDK/c#/protocol2.0/sync_read_write/win32) by extension 'colcon_meta'
[0.473s] Level 1:colcon.colcon_core.package_identification:_identify(src/DynamixelSDK/c#/protocol2.0/sync_read_write/win32) by extensions ['ros']
[0.473s] Level 1:colcon.colcon_core.package_identification:_identify(src/DynamixelSDK/c#/protocol2.0/sync_read_write/win32) by extension 'ros'
[0.473s] Level 1:colcon.colcon_core.package_identification:_identify(src/DynamixelSDK/c#/protocol2.0/sync_read_write/win32) by extensions ['cmake', 'python']
[0.473s] Level 1:colcon.colcon_core.package_identification:_identify(src/DynamixelSDK/c#/protocol2.0/sync_read_write/win32) by extension 'cmake'
[0.473s] Level 1:colcon.colcon_core.package_identification:_identify(src/DynamixelSDK/c#/protocol2.0/sync_read_write/win32) by extension 'python'
[0.473s] Level 1:colcon.colcon_core.package_identification:_identify(src/DynamixelSDK/c#/protocol2.0/sync_read_write/win32) by extensions ['python_setup_py']
[0.473s] Level 1:colcon.colcon_core.package_identification:_identify(src/DynamixelSDK/c#/protocol2.0/sync_read_write/win32) by extension 'python_setup_py'
[0.473s] Level 1:colcon.colcon_core.package_identification:_identify(src/DynamixelSDK/c#/protocol2.0/sync_read_write/win32/sync_read_write) by extensions ['ignore', 'ignore_ament_install']
[0.473s] Level 1:colcon.colcon_core.package_identification:_identify(src/DynamixelSDK/c#/protocol2.0/sync_read_write/win32/sync_read_write) by extension 'ignore'
[0.474s] Level 1:colcon.colcon_core.package_identification:_identify(src/DynamixelSDK/c#/protocol2.0/sync_read_write/win32/sync_read_write) by extension 'ignore_ament_install'
[0.474s] Level 1:colcon.colcon_core.package_identification:_identify(src/DynamixelSDK/c#/protocol2.0/sync_read_write/win32/sync_read_write) by extensions ['colcon_pkg']
[0.474s] Level 1:colcon.colcon_core.package_identification:_identify(src/DynamixelSDK/c#/protocol2.0/sync_read_write/win32/sync_read_write) by extension 'colcon_pkg'
[0.474s] Level 1:colcon.colcon_core.package_identification:_identify(src/DynamixelSDK/c#/protocol2.0/sync_read_write/win32/sync_read_write) by extensions ['colcon_meta']
[0.474s] Level 1:colcon.colcon_core.package_identification:_identify(src/DynamixelSDK/c#/protocol2.0/sync_read_write/win32/sync_read_write) by extension 'colcon_meta'
[0.474s] Level 1:colcon.colcon_core.package_identification:_identify(src/DynamixelSDK/c#/protocol2.0/sync_read_write/win32/sync_read_write) by extensions ['ros']
[0.474s] Level 1:colcon.colcon_core.package_identification:_identify(src/DynamixelSDK/c#/protocol2.0/sync_read_write/win32/sync_read_write) by extension 'ros'
[0.474s] Level 1:colcon.colcon_core.package_identification:_identify(src/DynamixelSDK/c#/protocol2.0/sync_read_write/win32/sync_read_write) by extensions ['cmake', 'python']
[0.474s] Level 1:colcon.colcon_core.package_identification:_identify(src/DynamixelSDK/c#/protocol2.0/sync_read_write/win32/sync_read_write) by extension 'cmake'
[0.474s] Level 1:colcon.colcon_core.package_identification:_identify(src/DynamixelSDK/c#/protocol2.0/sync_read_write/win32/sync_read_write) by extension 'python'
[0.474s] Level 1:colcon.colcon_core.package_identification:_identify(src/DynamixelSDK/c#/protocol2.0/sync_read_write/win32/sync_read_write) by extensions ['python_setup_py']
[0.474s] Level 1:colcon.colcon_core.package_identification:_identify(src/DynamixelSDK/c#/protocol2.0/sync_read_write/win32/sync_read_write) by extension 'python_setup_py'
[0.475s] Level 1:colcon.colcon_core.package_identification:_identify(src/DynamixelSDK/c#/protocol2.0/sync_read_write/win32/sync_read_write/Properties) by extensions ['ignore', 'ignore_ament_install']
[0.475s] Level 1:colcon.colcon_core.package_identification:_identify(src/DynamixelSDK/c#/protocol2.0/sync_read_write/win32/sync_read_write/Properties) by extension 'ignore'
[0.475s] Level 1:colcon.colcon_core.package_identification:_identify(src/DynamixelSDK/c#/protocol2.0/sync_read_write/win32/sync_read_write/Properties) by extension 'ignore_ament_install'
[0.475s] Level 1:colcon.colcon_core.package_identification:_identify(src/DynamixelSDK/c#/protocol2.0/sync_read_write/win32/sync_read_write/Properties) by extensions ['colcon_pkg']
[0.475s] Level 1:colcon.colcon_core.package_identification:_identify(src/DynamixelSDK/c#/protocol2.0/sync_read_write/win32/sync_read_write/Properties) by extension 'colcon_pkg'
[0.475s] Level 1:colcon.colcon_core.package_identification:_identify(src/DynamixelSDK/c#/protocol2.0/sync_read_write/win32/sync_read_write/Properties) by extensions ['colcon_meta']
[0.475s] Level 1:colcon.colcon_core.package_identification:_identify(src/DynamixelSDK/c#/protocol2.0/sync_read_write/win32/sync_read_write/Properties) by extension 'colcon_meta'
[0.475s] Level 1:colcon.colcon_core.package_identification:_identify(src/DynamixelSDK/c#/protocol2.0/sync_read_write/win32/sync_read_write/Properties) by extensions ['ros']
[0.475s] Level 1:colcon.colcon_core.package_identification:_identify(src/DynamixelSDK/c#/protocol2.0/sync_read_write/win32/sync_read_write/Properties) by extension 'ros'
[0.475s] Level 1:colcon.colcon_core.package_identification:_identify(src/DynamixelSDK/c#/protocol2.0/sync_read_write/win32/sync_read_write/Properties) by extensions ['cmake', 'python']
[0.475s] Level 1:colcon.colcon_core.package_identification:_identify(src/DynamixelSDK/c#/protocol2.0/sync_read_write/win32/sync_read_write/Properties) by extension 'cmake'
[0.476s] Level 1:colcon.colcon_core.package_identification:_identify(src/DynamixelSDK/c#/protocol2.0/sync_read_write/win32/sync_read_write/Properties) by extension 'python'
[0.476s] Level 1:colcon.colcon_core.package_identification:_identify(src/DynamixelSDK/c#/protocol2.0/sync_read_write/win32/sync_read_write/Properties) by extensions ['python_setup_py']
[0.476s] Level 1:colcon.colcon_core.package_identification:_identify(src/DynamixelSDK/c#/protocol2.0/sync_read_write/win32/sync_read_write/Properties) by extension 'python_setup_py'
[0.476s] Level 1:colcon.colcon_core.package_identification:_identify(src/DynamixelSDK/c#/protocol2.0/sync_read_write/win64) by extensions ['ignore', 'ignore_ament_install']
[0.476s] Level 1:colcon.colcon_core.package_identification:_identify(src/DynamixelSDK/c#/protocol2.0/sync_read_write/win64) by extension 'ignore'
[0.476s] Level 1:colcon.colcon_core.package_identification:_identify(src/DynamixelSDK/c#/protocol2.0/sync_read_write/win64) by extension 'ignore_ament_install'
[0.476s] Level 1:colcon.colcon_core.package_identification:_identify(src/DynamixelSDK/c#/protocol2.0/sync_read_write/win64) by extensions ['colcon_pkg']
[0.476s] Level 1:colcon.colcon_core.package_identification:_identify(src/DynamixelSDK/c#/protocol2.0/sync_read_write/win64) by extension 'colcon_pkg'
[0.476s] Level 1:colcon.colcon_core.package_identification:_identify(src/DynamixelSDK/c#/protocol2.0/sync_read_write/win64) by extensions ['colcon_meta']
[0.476s] Level 1:colcon.colcon_core.package_identification:_identify(src/DynamixelSDK/c#/protocol2.0/sync_read_write/win64) by extension 'colcon_meta'
[0.477s] Level 1:colcon.colcon_core.package_identification:_identify(src/DynamixelSDK/c#/protocol2.0/sync_read_write/win64) by extensions ['ros']
[0.477s] Level 1:colcon.colcon_core.package_identification:_identify(src/DynamixelSDK/c#/protocol2.0/sync_read_write/win64) by extension 'ros'
[0.477s] Level 1:colcon.colcon_core.package_identification:_identify(src/DynamixelSDK/c#/protocol2.0/sync_read_write/win64) by extensions ['cmake', 'python']
[0.477s] Level 1:colcon.colcon_core.package_identification:_identify(src/DynamixelSDK/c#/protocol2.0/sync_read_write/win64) by extension 'cmake'
[0.477s] Level 1:colcon.colcon_core.package_identification:_identify(src/DynamixelSDK/c#/protocol2.0/sync_read_write/win64) by extension 'python'
[0.477s] Level 1:colcon.colcon_core.package_identification:_identify(src/DynamixelSDK/c#/protocol2.0/sync_read_write/win64) by extensions ['python_setup_py']
[0.477s] Level 1:colcon.colcon_core.package_identification:_identify(src/DynamixelSDK/c#/protocol2.0/sync_read_write/win64) by extension 'python_setup_py'
[0.477s] Level 1:colcon.colcon_core.package_identification:_identify(src/DynamixelSDK/c#/protocol2.0/sync_read_write/win64/sync_read_write) by extensions ['ignore', 'ignore_ament_install']
[0.477s] Level 1:colcon.colcon_core.package_identification:_identify(src/DynamixelSDK/c#/protocol2.0/sync_read_write/win64/sync_read_write) by extension 'ignore'
[0.477s] Level 1:colcon.colcon_core.package_identification:_identify(src/DynamixelSDK/c#/protocol2.0/sync_read_write/win64/sync_read_write) by extension 'ignore_ament_install'
[0.478s] Level 1:colcon.colcon_core.package_identification:_identify(src/DynamixelSDK/c#/protocol2.0/sync_read_write/win64/sync_read_write) by extensions ['colcon_pkg']
[0.478s] Level 1:colcon.colcon_core.package_identification:_identify(src/DynamixelSDK/c#/protocol2.0/sync_read_write/win64/sync_read_write) by extension 'colcon_pkg'
[0.478s] Level 1:colcon.colcon_core.package_identification:_identify(src/DynamixelSDK/c#/protocol2.0/sync_read_write/win64/sync_read_write) by extensions ['colcon_meta']
[0.478s] Level 1:colcon.colcon_core.package_identification:_identify(src/DynamixelSDK/c#/protocol2.0/sync_read_write/win64/sync_read_write) by extension 'colcon_meta'
[0.478s] Level 1:colcon.colcon_core.package_identification:_identify(src/DynamixelSDK/c#/protocol2.0/sync_read_write/win64/sync_read_write) by extensions ['ros']
[0.478s] Level 1:colcon.colcon_core.package_identification:_identify(src/DynamixelSDK/c#/protocol2.0/sync_read_write/win64/sync_read_write) by extension 'ros'
[0.478s] Level 1:colcon.colcon_core.package_identification:_identify(src/DynamixelSDK/c#/protocol2.0/sync_read_write/win64/sync_read_write) by extensions ['cmake', 'python']
[0.478s] Level 1:colcon.colcon_core.package_identification:_identify(src/DynamixelSDK/c#/protocol2.0/sync_read_write/win64/sync_read_write) by extension 'cmake'
[0.478s] Level 1:colcon.colcon_core.package_identification:_identify(src/DynamixelSDK/c#/protocol2.0/sync_read_write/win64/sync_read_write) by extension 'python'
[0.478s] Level 1:colcon.colcon_core.package_identification:_identify(src/DynamixelSDK/c#/protocol2.0/sync_read_write/win64/sync_read_write) by extensions ['python_setup_py']
[0.478s] Level 1:colcon.colcon_core.package_identification:_identify(src/DynamixelSDK/c#/protocol2.0/sync_read_write/win64/sync_read_write) by extension 'python_setup_py'
[0.478s] Level 1:colcon.colcon_core.package_identification:_identify(src/DynamixelSDK/c#/protocol2.0/sync_read_write/win64/sync_read_write/Properties) by extensions ['ignore', 'ignore_ament_install']
[0.479s] Level 1:colcon.colcon_core.package_identification:_identify(src/DynamixelSDK/c#/protocol2.0/sync_read_write/win64/sync_read_write/Properties) by extension 'ignore'
[0.479s] Level 1:colcon.colcon_core.package_identification:_identify(src/DynamixelSDK/c#/protocol2.0/sync_read_write/win64/sync_read_write/Properties) by extension 'ignore_ament_install'
[0.479s] Level 1:colcon.colcon_core.package_identification:_identify(src/DynamixelSDK/c#/protocol2.0/sync_read_write/win64/sync_read_write/Properties) by extensions ['colcon_pkg']
[0.479s] Level 1:colcon.colcon_core.package_identification:_identify(src/DynamixelSDK/c#/protocol2.0/sync_read_write/win64/sync_read_write/Properties) by extension 'colcon_pkg'
[0.479s] Level 1:colcon.colcon_core.package_identification:_identify(src/DynamixelSDK/c#/protocol2.0/sync_read_write/win64/sync_read_write/Properties) by extensions ['colcon_meta']
[0.479s] Level 1:colcon.colcon_core.package_identification:_identify(src/DynamixelSDK/c#/protocol2.0/sync_read_write/win64/sync_read_write/Properties) by extension 'colcon_meta'
[0.479s] Level 1:colcon.colcon_core.package_identification:_identify(src/DynamixelSDK/c#/protocol2.0/sync_read_write/win64/sync_read_write/Properties) by extensions ['ros']
[0.479s] Level 1:colcon.colcon_core.package_identification:_identify(src/DynamixelSDK/c#/protocol2.0/sync_read_write/win64/sync_read_write/Properties) by extension 'ros'
[0.479s] Level 1:colcon.colcon_core.package_identification:_identify(src/DynamixelSDK/c#/protocol2.0/sync_read_write/win64/sync_read_write/Properties) by extensions ['cmake', 'python']
[0.479s] Level 1:colcon.colcon_core.package_identification:_identify(src/DynamixelSDK/c#/protocol2.0/sync_read_write/win64/sync_read_write/Properties) by extension 'cmake'
[0.479s] Level 1:colcon.colcon_core.package_identification:_identify(src/DynamixelSDK/c#/protocol2.0/sync_read_write/win64/sync_read_write/Properties) by extension 'python'
[0.479s] Level 1:colcon.colcon_core.package_identification:_identify(src/DynamixelSDK/c#/protocol2.0/sync_read_write/win64/sync_read_write/Properties) by extensions ['python_setup_py']
[0.479s] Level 1:colcon.colcon_core.package_identification:_identify(src/DynamixelSDK/c#/protocol2.0/sync_read_write/win64/sync_read_write/Properties) by extension 'python_setup_py'
[0.480s] Level 1:colcon.colcon_core.package_identification:_identify(src/DynamixelSDK/c#/protocol_combined) by extensions ['ignore', 'ignore_ament_install']
[0.480s] Level 1:colcon.colcon_core.package_identification:_identify(src/DynamixelSDK/c#/protocol_combined) by extension 'ignore'
[0.480s] Level 1:colcon.colcon_core.package_identification:_identify(src/DynamixelSDK/c#/protocol_combined) by extension 'ignore_ament_install'
[0.480s] Level 1:colcon.colcon_core.package_identification:_identify(src/DynamixelSDK/c#/protocol_combined) by extensions ['colcon_pkg']
[0.480s] Level 1:colcon.colcon_core.package_identification:_identify(src/DynamixelSDK/c#/protocol_combined) by extension 'colcon_pkg'
[0.480s] Level 1:colcon.colcon_core.package_identification:_identify(src/DynamixelSDK/c#/protocol_combined) by extensions ['colcon_meta']
[0.480s] Level 1:colcon.colcon_core.package_identification:_identify(src/DynamixelSDK/c#/protocol_combined) by extension 'colcon_meta'
[0.480s] Level 1:colcon.colcon_core.package_identification:_identify(src/DynamixelSDK/c#/protocol_combined) by extensions ['ros']
[0.480s] Level 1:colcon.colcon_core.package_identification:_identify(src/DynamixelSDK/c#/protocol_combined) by extension 'ros'
[0.480s] Level 1:colcon.colcon_core.package_identification:_identify(src/DynamixelSDK/c#/protocol_combined) by extensions ['cmake', 'python']
[0.480s] Level 1:colcon.colcon_core.package_identification:_identify(src/DynamixelSDK/c#/protocol_combined) by extension 'cmake'
[0.481s] Level 1:colcon.colcon_core.package_identification:_identify(src/DynamixelSDK/c#/protocol_combined) by extension 'python'
[0.481s] Level 1:colcon.colcon_core.package_identification:_identify(src/DynamixelSDK/c#/protocol_combined) by extensions ['python_setup_py']
[0.481s] Level 1:colcon.colcon_core.package_identification:_identify(src/DynamixelSDK/c#/protocol_combined) by extension 'python_setup_py'
[0.481s] Level 1:colcon.colcon_core.package_identification:_identify(src/DynamixelSDK/c#/protocol_combined/win32) by extensions ['ignore', 'ignore_ament_install']
[0.481s] Level 1:colcon.colcon_core.package_identification:_identify(src/DynamixelSDK/c#/protocol_combined/win32) by extension 'ignore'
[0.481s] Level 1:colcon.colcon_core.package_identification:_identify(src/DynamixelSDK/c#/protocol_combined/win32) by extension 'ignore_ament_install'
[0.481s] Level 1:colcon.colcon_core.package_identification:_identify(src/DynamixelSDK/c#/protocol_combined/win32) by extensions ['colcon_pkg']
[0.481s] Level 1:colcon.colcon_core.package_identification:_identify(src/DynamixelSDK/c#/protocol_combined/win32) by extension 'colcon_pkg'
[0.481s] Level 1:colcon.colcon_core.package_identification:_identify(src/DynamixelSDK/c#/protocol_combined/win32) by extensions ['colcon_meta']
[0.482s] Level 1:colcon.colcon_core.package_identification:_identify(src/DynamixelSDK/c#/protocol_combined/win32) by extension 'colcon_meta'
[0.482s] Level 1:colcon.colcon_core.package_identification:_identify(src/DynamixelSDK/c#/protocol_combined/win32) by extensions ['ros']
[0.482s] Level 1:colcon.colcon_core.package_identification:_identify(src/DynamixelSDK/c#/protocol_combined/win32) by extension 'ros'
[0.482s] Level 1:colcon.colcon_core.package_identification:_identify(src/DynamixelSDK/c#/protocol_combined/win32) by extensions ['cmake', 'python']
[0.482s] Level 1:colcon.colcon_core.package_identification:_identify(src/DynamixelSDK/c#/protocol_combined/win32) by extension 'cmake'
[0.482s] Level 1:colcon.colcon_core.package_identification:_identify(src/DynamixelSDK/c#/protocol_combined/win32) by extension 'python'
[0.482s] Level 1:colcon.colcon_core.package_identification:_identify(src/DynamixelSDK/c#/protocol_combined/win32) by extensions ['python_setup_py']
[0.482s] Level 1:colcon.colcon_core.package_identification:_identify(src/DynamixelSDK/c#/protocol_combined/win32) by extension 'python_setup_py'
[0.482s] Level 1:colcon.colcon_core.package_identification:_identify(src/DynamixelSDK/c#/protocol_combined/win32/protocol_combined) by extensions ['ignore', 'ignore_ament_install']
[0.483s] Level 1:colcon.colcon_core.package_identification:_identify(src/DynamixelSDK/c#/protocol_combined/win32/protocol_combined) by extension 'ignore'
[0.483s] Level 1:colcon.colcon_core.package_identification:_identify(src/DynamixelSDK/c#/protocol_combined/win32/protocol_combined) by extension 'ignore_ament_install'
[0.483s] Level 1:colcon.colcon_core.package_identification:_identify(src/DynamixelSDK/c#/protocol_combined/win32/protocol_combined) by extensions ['colcon_pkg']
[0.483s] Level 1:colcon.colcon_core.package_identification:_identify(src/DynamixelSDK/c#/protocol_combined/win32/protocol_combined) by extension 'colcon_pkg'
[0.483s] Level 1:colcon.colcon_core.package_identification:_identify(src/DynamixelSDK/c#/protocol_combined/win32/protocol_combined) by extensions ['colcon_meta']
[0.483s] Level 1:colcon.colcon_core.package_identification:_identify(src/DynamixelSDK/c#/protocol_combined/win32/protocol_combined) by extension 'colcon_meta'
[0.483s] Level 1:colcon.colcon_core.package_identification:_identify(src/DynamixelSDK/c#/protocol_combined/win32/protocol_combined) by extensions ['ros']
[0.483s] Level 1:colcon.colcon_core.package_identification:_identify(src/DynamixelSDK/c#/protocol_combined/win32/protocol_combined) by extension 'ros'
[0.483s] Level 1:colcon.colcon_core.package_identification:_identify(src/DynamixelSDK/c#/protocol_combined/win32/protocol_combined) by extensions ['cmake', 'python']
[0.483s] Level 1:colcon.colcon_core.package_identification:_identify(src/DynamixelSDK/c#/protocol_combined/win32/protocol_combined) by extension 'cmake'
[0.483s] Level 1:colcon.colcon_core.package_identification:_identify(src/DynamixelSDK/c#/protocol_combined/win32/protocol_combined) by extension 'python'
[0.484s] Level 1:colcon.colcon_core.package_identification:_identify(src/DynamixelSDK/c#/protocol_combined/win32/protocol_combined) by extensions ['python_setup_py']
[0.484s] Level 1:colcon.colcon_core.package_identification:_identify(src/DynamixelSDK/c#/protocol_combined/win32/protocol_combined) by extension 'python_setup_py'
[0.484s] Level 1:colcon.colcon_core.package_identification:_identify(src/DynamixelSDK/c#/protocol_combined/win32/protocol_combined/Properties) by extensions ['ignore', 'ignore_ament_install']
[0.484s] Level 1:colcon.colcon_core.package_identification:_identify(src/DynamixelSDK/c#/protocol_combined/win32/protocol_combined/Properties) by extension 'ignore'
[0.484s] Level 1:colcon.colcon_core.package_identification:_identify(src/DynamixelSDK/c#/protocol_combined/win32/protocol_combined/Properties) by extension 'ignore_ament_install'
[0.484s] Level 1:colcon.colcon_core.package_identification:_identify(src/DynamixelSDK/c#/protocol_combined/win32/protocol_combined/Properties) by extensions ['colcon_pkg']
[0.484s] Level 1:colcon.colcon_core.package_identification:_identify(src/DynamixelSDK/c#/protocol_combined/win32/protocol_combined/Properties) by extension 'colcon_pkg'
[0.484s] Level 1:colcon.colcon_core.package_identification:_identify(src/DynamixelSDK/c#/protocol_combined/win32/protocol_combined/Properties) by extensions ['colcon_meta']
[0.484s] Level 1:colcon.colcon_core.package_identification:_identify(src/DynamixelSDK/c#/protocol_combined/win32/protocol_combined/Properties) by extension 'colcon_meta'
[0.484s] Level 1:colcon.colcon_core.package_identification:_identify(src/DynamixelSDK/c#/protocol_combined/win32/protocol_combined/Properties) by extensions ['ros']
[0.484s] Level 1:colcon.colcon_core.package_identification:_identify(src/DynamixelSDK/c#/protocol_combined/win32/protocol_combined/Properties) by extension 'ros'
[0.485s] Level 1:colcon.colcon_core.package_identification:_identify(src/DynamixelSDK/c#/protocol_combined/win32/protocol_combined/Properties) by extensions ['cmake', 'python']
[0.485s] Level 1:colcon.colcon_core.package_identification:_identify(src/DynamixelSDK/c#/protocol_combined/win32/protocol_combined/Properties) by extension 'cmake'
[0.485s] Level 1:colcon.colcon_core.package_identification:_identify(src/DynamixelSDK/c#/protocol_combined/win32/protocol_combined/Properties) by extension 'python'
[0.485s] Level 1:colcon.colcon_core.package_identification:_identify(src/DynamixelSDK/c#/protocol_combined/win32/protocol_combined/Properties) by extensions ['python_setup_py']
[0.485s] Level 1:colcon.colcon_core.package_identification:_identify(src/DynamixelSDK/c#/protocol_combined/win32/protocol_combined/Properties) by extension 'python_setup_py'
[0.485s] Level 1:colcon.colcon_core.package_identification:_identify(src/DynamixelSDK/c#/protocol_combined/win32/protocol_combined/obj) by extensions ['ignore', 'ignore_ament_install']
[0.485s] Level 1:colcon.colcon_core.package_identification:_identify(src/DynamixelSDK/c#/protocol_combined/win32/protocol_combined/obj) by extension 'ignore'
[0.485s] Level 1:colcon.colcon_core.package_identification:_identify(src/DynamixelSDK/c#/protocol_combined/win32/protocol_combined/obj) by extension 'ignore_ament_install'
[0.486s] Level 1:colcon.colcon_core.package_identification:_identify(src/DynamixelSDK/c#/protocol_combined/win32/protocol_combined/obj) by extensions ['colcon_pkg']
[0.486s] Level 1:colcon.colcon_core.package_identification:_identify(src/DynamixelSDK/c#/protocol_combined/win32/protocol_combined/obj) by extension 'colcon_pkg'
[0.486s] Level 1:colcon.colcon_core.package_identification:_identify(src/DynamixelSDK/c#/protocol_combined/win32/protocol_combined/obj) by extensions ['colcon_meta']
[0.486s] Level 1:colcon.colcon_core.package_identification:_identify(src/DynamixelSDK/c#/protocol_combined/win32/protocol_combined/obj) by extension 'colcon_meta'
[0.486s] Level 1:colcon.colcon_core.package_identification:_identify(src/DynamixelSDK/c#/protocol_combined/win32/protocol_combined/obj) by extensions ['ros']
[0.486s] Level 1:colcon.colcon_core.package_identification:_identify(src/DynamixelSDK/c#/protocol_combined/win32/protocol_combined/obj) by extension 'ros'
[0.486s] Level 1:colcon.colcon_core.package_identification:_identify(src/DynamixelSDK/c#/protocol_combined/win32/protocol_combined/obj) by extensions ['cmake', 'python']
[0.486s] Level 1:colcon.colcon_core.package_identification:_identify(src/DynamixelSDK/c#/protocol_combined/win32/protocol_combined/obj) by extension 'cmake'
[0.486s] Level 1:colcon.colcon_core.package_identification:_identify(src/DynamixelSDK/c#/protocol_combined/win32/protocol_combined/obj) by extension 'python'
[0.486s] Level 1:colcon.colcon_core.package_identification:_identify(src/DynamixelSDK/c#/protocol_combined/win32/protocol_combined/obj) by extensions ['python_setup_py']
[0.486s] Level 1:colcon.colcon_core.package_identification:_identify(src/DynamixelSDK/c#/protocol_combined/win32/protocol_combined/obj) by extension 'python_setup_py'
[0.487s] Level 1:colcon.colcon_core.package_identification:_identify(src/DynamixelSDK/c#/protocol_combined/win32/protocol_combined/obj/Debug) by extensions ['ignore', 'ignore_ament_install']
[0.487s] Level 1:colcon.colcon_core.package_identification:_identify(src/DynamixelSDK/c#/protocol_combined/win32/protocol_combined/obj/Debug) by extension 'ignore'
[0.487s] Level 1:colcon.colcon_core.package_identification:_identify(src/DynamixelSDK/c#/protocol_combined/win32/protocol_combined/obj/Debug) by extension 'ignore_ament_install'
[0.487s] Level 1:colcon.colcon_core.package_identification:_identify(src/DynamixelSDK/c#/protocol_combined/win32/protocol_combined/obj/Debug) by extensions ['colcon_pkg']
[0.487s] Level 1:colcon.colcon_core.package_identification:_identify(src/DynamixelSDK/c#/protocol_combined/win32/protocol_combined/obj/Debug) by extension 'colcon_pkg'
[0.487s] Level 1:colcon.colcon_core.package_identification:_identify(src/DynamixelSDK/c#/protocol_combined/win32/protocol_combined/obj/Debug) by extensions ['colcon_meta']
[0.487s] Level 1:colcon.colcon_core.package_identification:_identify(src/DynamixelSDK/c#/protocol_combined/win32/protocol_combined/obj/Debug) by extension 'colcon_meta'
[0.487s] Level 1:colcon.colcon_core.package_identification:_identify(src/DynamixelSDK/c#/protocol_combined/win32/protocol_combined/obj/Debug) by extensions ['ros']
[0.487s] Level 1:colcon.colcon_core.package_identification:_identify(src/DynamixelSDK/c#/protocol_combined/win32/protocol_combined/obj/Debug) by extension 'ros'
[0.487s] Level 1:colcon.colcon_core.package_identification:_identify(src/DynamixelSDK/c#/protocol_combined/win32/protocol_combined/obj/Debug) by extensions ['cmake', 'python']
[0.487s] Level 1:colcon.colcon_core.package_identification:_identify(src/DynamixelSDK/c#/protocol_combined/win32/protocol_combined/obj/Debug) by extension 'cmake'
[0.487s] Level 1:colcon.colcon_core.package_identification:_identify(src/DynamixelSDK/c#/protocol_combined/win32/protocol_combined/obj/Debug) by extension 'python'
[0.488s] Level 1:colcon.colcon_core.package_identification:_identify(src/DynamixelSDK/c#/protocol_combined/win32/protocol_combined/obj/Debug) by extensions ['python_setup_py']
[0.488s] Level 1:colcon.colcon_core.package_identification:_identify(src/DynamixelSDK/c#/protocol_combined/win32/protocol_combined/obj/Debug) by extension 'python_setup_py'
[0.488s] Level 1:colcon.colcon_core.package_identification:_identify(src/DynamixelSDK/c#/protocol_combined/win32/protocol_combined/obj/Release) by extensions ['ignore', 'ignore_ament_install']
[0.488s] Level 1:colcon.colcon_core.package_identification:_identify(src/DynamixelSDK/c#/protocol_combined/win32/protocol_combined/obj/Release) by extension 'ignore'
[0.488s] Level 1:colcon.colcon_core.package_identification:_identify(src/DynamixelSDK/c#/protocol_combined/win32/protocol_combined/obj/Release) by extension 'ignore_ament_install'
[0.488s] Level 1:colcon.colcon_core.package_identification:_identify(src/DynamixelSDK/c#/protocol_combined/win32/protocol_combined/obj/Release) by extensions ['colcon_pkg']
[0.488s] Level 1:colcon.colcon_core.package_identification:_identify(src/DynamixelSDK/c#/protocol_combined/win32/protocol_combined/obj/Release) by extension 'colcon_pkg'
[0.488s] Level 1:colcon.colcon_core.package_identification:_identify(src/DynamixelSDK/c#/protocol_combined/win32/protocol_combined/obj/Release) by extensions ['colcon_meta']
[0.488s] Level 1:colcon.colcon_core.package_identification:_identify(src/DynamixelSDK/c#/protocol_combined/win32/protocol_combined/obj/Release) by extension 'colcon_meta'
[0.488s] Level 1:colcon.colcon_core.package_identification:_identify(src/DynamixelSDK/c#/protocol_combined/win32/protocol_combined/obj/Release) by extensions ['ros']
[0.488s] Level 1:colcon.colcon_core.package_identification:_identify(src/DynamixelSDK/c#/protocol_combined/win32/protocol_combined/obj/Release) by extension 'ros'
[0.489s] Level 1:colcon.colcon_core.package_identification:_identify(src/DynamixelSDK/c#/protocol_combined/win32/protocol_combined/obj/Release) by extensions ['cmake', 'python']
[0.489s] Level 1:colcon.colcon_core.package_identification:_identify(src/DynamixelSDK/c#/protocol_combined/win32/protocol_combined/obj/Release) by extension 'cmake'
[0.489s] Level 1:colcon.colcon_core.package_identification:_identify(src/DynamixelSDK/c#/protocol_combined/win32/protocol_combined/obj/Release) by extension 'python'
[0.489s] Level 1:colcon.colcon_core.package_identification:_identify(src/DynamixelSDK/c#/protocol_combined/win32/protocol_combined/obj/Release) by extensions ['python_setup_py']
[0.489s] Level 1:colcon.colcon_core.package_identification:_identify(src/DynamixelSDK/c#/protocol_combined/win32/protocol_combined/obj/Release) by extension 'python_setup_py'
[0.489s] Level 1:colcon.colcon_core.package_identification:_identify(src/DynamixelSDK/c#/protocol_combined/win32/protocol_combined/obj/x86) by extensions ['ignore', 'ignore_ament_install']
[0.489s] Level 1:colcon.colcon_core.package_identification:_identify(src/DynamixelSDK/c#/protocol_combined/win32/protocol_combined/obj/x86) by extension 'ignore'
[0.489s] Level 1:colcon.colcon_core.package_identification:_identify(src/DynamixelSDK/c#/protocol_combined/win32/protocol_combined/obj/x86) by extension 'ignore_ament_install'
[0.489s] Level 1:colcon.colcon_core.package_identification:_identify(src/DynamixelSDK/c#/protocol_combined/win32/protocol_combined/obj/x86) by extensions ['colcon_pkg']
[0.489s] Level 1:colcon.colcon_core.package_identification:_identify(src/DynamixelSDK/c#/protocol_combined/win32/protocol_combined/obj/x86) by extension 'colcon_pkg'
[0.490s] Level 1:colcon.colcon_core.package_identification:_identify(src/DynamixelSDK/c#/protocol_combined/win32/protocol_combined/obj/x86) by extensions ['colcon_meta']
[0.490s] Level 1:colcon.colcon_core.package_identification:_identify(src/DynamixelSDK/c#/protocol_combined/win32/protocol_combined/obj/x86) by extension 'colcon_meta'
[0.490s] Level 1:colcon.colcon_core.package_identification:_identify(src/DynamixelSDK/c#/protocol_combined/win32/protocol_combined/obj/x86) by extensions ['ros']
[0.490s] Level 1:colcon.colcon_core.package_identification:_identify(src/DynamixelSDK/c#/protocol_combined/win32/protocol_combined/obj/x86) by extension 'ros'
[0.490s] Level 1:colcon.colcon_core.package_identification:_identify(src/DynamixelSDK/c#/protocol_combined/win32/protocol_combined/obj/x86) by extensions ['cmake', 'python']
[0.490s] Level 1:colcon.colcon_core.package_identification:_identify(src/DynamixelSDK/c#/protocol_combined/win32/protocol_combined/obj/x86) by extension 'cmake'
[0.490s] Level 1:colcon.colcon_core.package_identification:_identify(src/DynamixelSDK/c#/protocol_combined/win32/protocol_combined/obj/x86) by extension 'python'
[0.490s] Level 1:colcon.colcon_core.package_identification:_identify(src/DynamixelSDK/c#/protocol_combined/win32/protocol_combined/obj/x86) by extensions ['python_setup_py']
[0.490s] Level 1:colcon.colcon_core.package_identification:_identify(src/DynamixelSDK/c#/protocol_combined/win32/protocol_combined/obj/x86) by extension 'python_setup_py'
[0.490s] Level 1:colcon.colcon_core.package_identification:_identify(src/DynamixelSDK/c#/protocol_combined/win32/protocol_combined/obj/x86/Debug) by extensions ['ignore', 'ignore_ament_install']
[0.491s] Level 1:colcon.colcon_core.package_identification:_identify(src/DynamixelSDK/c#/protocol_combined/win32/protocol_combined/obj/x86/Debug) by extension 'ignore'
[0.491s] Level 1:colcon.colcon_core.package_identification:_identify(src/DynamixelSDK/c#/protocol_combined/win32/protocol_combined/obj/x86/Debug) by extension 'ignore_ament_install'
[0.491s] Level 1:colcon.colcon_core.package_identification:_identify(src/DynamixelSDK/c#/protocol_combined/win32/protocol_combined/obj/x86/Debug) by extensions ['colcon_pkg']
[0.491s] Level 1:colcon.colcon_core.package_identification:_identify(src/DynamixelSDK/c#/protocol_combined/win32/protocol_combined/obj/x86/Debug) by extension 'colcon_pkg'
[0.491s] Level 1:colcon.colcon_core.package_identification:_identify(src/DynamixelSDK/c#/protocol_combined/win32/protocol_combined/obj/x86/Debug) by extensions ['colcon_meta']
[0.491s] Level 1:colcon.colcon_core.package_identification:_identify(src/DynamixelSDK/c#/protocol_combined/win32/protocol_combined/obj/x86/Debug) by extension 'colcon_meta'
[0.491s] Level 1:colcon.colcon_core.package_identification:_identify(src/DynamixelSDK/c#/protocol_combined/win32/protocol_combined/obj/x86/Debug) by extensions ['ros']
[0.491s] Level 1:colcon.colcon_core.package_identification:_identify(src/DynamixelSDK/c#/protocol_combined/win32/protocol_combined/obj/x86/Debug) by extension 'ros'
[0.491s] Level 1:colcon.colcon_core.package_identification:_identify(src/DynamixelSDK/c#/protocol_combined/win32/protocol_combined/obj/x86/Debug) by extensions ['cmake', 'python']
[0.491s] Level 1:colcon.colcon_core.package_identification:_identify(src/DynamixelSDK/c#/protocol_combined/win32/protocol_combined/obj/x86/Debug) by extension 'cmake'
[0.491s] Level 1:colcon.colcon_core.package_identification:_identify(src/DynamixelSDK/c#/protocol_combined/win32/protocol_combined/obj/x86/Debug) by extension 'python'
[0.492s] Level 1:colcon.colcon_core.package_identification:_identify(src/DynamixelSDK/c#/protocol_combined/win32/protocol_combined/obj/x86/Debug) by extensions ['python_setup_py']
[0.492s] Level 1:colcon.colcon_core.package_identification:_identify(src/DynamixelSDK/c#/protocol_combined/win32/protocol_combined/obj/x86/Debug) by extension 'python_setup_py'
[0.492s] Level 1:colcon.colcon_core.package_identification:_identify(src/DynamixelSDK/c#/protocol_combined/win32/protocol_combined/obj/x86/Release) by extensions ['ignore', 'ignore_ament_install']
[0.492s] Level 1:colcon.colcon_core.package_identification:_identify(src/DynamixelSDK/c#/protocol_combined/win32/protocol_combined/obj/x86/Release) by extension 'ignore'
[0.492s] Level 1:colcon.colcon_core.package_identification:_identify(src/DynamixelSDK/c#/protocol_combined/win32/protocol_combined/obj/x86/Release) by extension 'ignore_ament_install'
[0.492s] Level 1:colcon.colcon_core.package_identification:_identify(src/DynamixelSDK/c#/protocol_combined/win32/protocol_combined/obj/x86/Release) by extensions ['colcon_pkg']
[0.492s] Level 1:colcon.colcon_core.package_identification:_identify(src/DynamixelSDK/c#/protocol_combined/win32/protocol_combined/obj/x86/Release) by extension 'colcon_pkg'
[0.492s] Level 1:colcon.colcon_core.package_identification:_identify(src/DynamixelSDK/c#/protocol_combined/win32/protocol_combined/obj/x86/Release) by extensions ['colcon_meta']
[0.492s] Level 1:colcon.colcon_core.package_identification:_identify(src/DynamixelSDK/c#/protocol_combined/win32/protocol_combined/obj/x86/Release) by extension 'colcon_meta'
[0.492s] Level 1:colcon.colcon_core.package_identification:_identify(src/DynamixelSDK/c#/protocol_combined/win32/protocol_combined/obj/x86/Release) by extensions ['ros']
[0.492s] Level 1:colcon.colcon_core.package_identification:_identify(src/DynamixelSDK/c#/protocol_combined/win32/protocol_combined/obj/x86/Release) by extension 'ros'
[0.493s] Level 1:colcon.colcon_core.package_identification:_identify(src/DynamixelSDK/c#/protocol_combined/win32/protocol_combined/obj/x86/Release) by extensions ['cmake', 'python']
[0.493s] Level 1:colcon.colcon_core.package_identification:_identify(src/DynamixelSDK/c#/protocol_combined/win32/protocol_combined/obj/x86/Release) by extension 'cmake'
[0.493s] Level 1:colcon.colcon_core.package_identification:_identify(src/DynamixelSDK/c#/protocol_combined/win32/protocol_combined/obj/x86/Release) by extension 'python'
[0.493s] Level 1:colcon.colcon_core.package_identification:_identify(src/DynamixelSDK/c#/protocol_combined/win32/protocol_combined/obj/x86/Release) by extensions ['python_setup_py']
[0.493s] Level 1:colcon.colcon_core.package_identification:_identify(src/DynamixelSDK/c#/protocol_combined/win32/protocol_combined/obj/x86/Release) by extension 'python_setup_py'
[0.493s] Level 1:colcon.colcon_core.package_identification:_identify(src/DynamixelSDK/c#/protocol_combined/win64) by extensions ['ignore', 'ignore_ament_install']
[0.493s] Level 1:colcon.colcon_core.package_identification:_identify(src/DynamixelSDK/c#/protocol_combined/win64) by extension 'ignore'
[0.493s] Level 1:colcon.colcon_core.package_identification:_identify(src/DynamixelSDK/c#/protocol_combined/win64) by extension 'ignore_ament_install'
[0.493s] Level 1:colcon.colcon_core.package_identification:_identify(src/DynamixelSDK/c#/protocol_combined/win64) by extensions ['colcon_pkg']
[0.493s] Level 1:colcon.colcon_core.package_identification:_identify(src/DynamixelSDK/c#/protocol_combined/win64) by extension 'colcon_pkg'
[0.493s] Level 1:colcon.colcon_core.package_identification:_identify(src/DynamixelSDK/c#/protocol_combined/win64) by extensions ['colcon_meta']
[0.493s] Level 1:colcon.colcon_core.package_identification:_identify(src/DynamixelSDK/c#/protocol_combined/win64) by extension 'colcon_meta'
[0.494s] Level 1:colcon.colcon_core.package_identification:_identify(src/DynamixelSDK/c#/protocol_combined/win64) by extensions ['ros']
[0.494s] Level 1:colcon.colcon_core.package_identification:_identify(src/DynamixelSDK/c#/protocol_combined/win64) by extension 'ros'
[0.494s] Level 1:colcon.colcon_core.package_identification:_identify(src/DynamixelSDK/c#/protocol_combined/win64) by extensions ['cmake', 'python']
[0.494s] Level 1:colcon.colcon_core.package_identification:_identify(src/DynamixelSDK/c#/protocol_combined/win64) by extension 'cmake'
[0.494s] Level 1:colcon.colcon_core.package_identification:_identify(src/DynamixelSDK/c#/protocol_combined/win64) by extension 'python'
[0.494s] Level 1:colcon.colcon_core.package_identification:_identify(src/DynamixelSDK/c#/protocol_combined/win64) by extensions ['python_setup_py']
[0.494s] Level 1:colcon.colcon_core.package_identification:_identify(src/DynamixelSDK/c#/protocol_combined/win64) by extension 'python_setup_py'
[0.494s] Level 1:colcon.colcon_core.package_identification:_identify(src/DynamixelSDK/c#/protocol_combined/win64/protocol_combined) by extensions ['ignore', 'ignore_ament_install']
[0.494s] Level 1:colcon.colcon_core.package_identification:_identify(src/DynamixelSDK/c#/protocol_combined/win64/protocol_combined) by extension 'ignore'
[0.494s] Level 1:colcon.colcon_core.package_identification:_identify(src/DynamixelSDK/c#/protocol_combined/win64/protocol_combined) by extension 'ignore_ament_install'
[0.494s] Level 1:colcon.colcon_core.package_identification:_identify(src/DynamixelSDK/c#/protocol_combined/win64/protocol_combined) by extensions ['colcon_pkg']
[0.495s] Level 1:colcon.colcon_core.package_identification:_identify(src/DynamixelSDK/c#/protocol_combined/win64/protocol_combined) by extension 'colcon_pkg'
[0.495s] Level 1:colcon.colcon_core.package_identification:_identify(src/DynamixelSDK/c#/protocol_combined/win64/protocol_combined) by extensions ['colcon_meta']
[0.495s] Level 1:colcon.colcon_core.package_identification:_identify(src/DynamixelSDK/c#/protocol_combined/win64/protocol_combined) by extension 'colcon_meta'
[0.495s] Level 1:colcon.colcon_core.package_identification:_identify(src/DynamixelSDK/c#/protocol_combined/win64/protocol_combined) by extensions ['ros']
[0.495s] Level 1:colcon.colcon_core.package_identification:_identify(src/DynamixelSDK/c#/protocol_combined/win64/protocol_combined) by extension 'ros'
[0.495s] Level 1:colcon.colcon_core.package_identification:_identify(src/DynamixelSDK/c#/protocol_combined/win64/protocol_combined) by extensions ['cmake', 'python']
[0.495s] Level 1:colcon.colcon_core.package_identification:_identify(src/DynamixelSDK/c#/protocol_combined/win64/protocol_combined) by extension 'cmake'
[0.495s] Level 1:colcon.colcon_core.package_identification:_identify(src/DynamixelSDK/c#/protocol_combined/win64/protocol_combined) by extension 'python'
[0.495s] Level 1:colcon.colcon_core.package_identification:_identify(src/DynamixelSDK/c#/protocol_combined/win64/protocol_combined) by extensions ['python_setup_py']
[0.495s] Level 1:colcon.colcon_core.package_identification:_identify(src/DynamixelSDK/c#/protocol_combined/win64/protocol_combined) by extension 'python_setup_py'
[0.495s] Level 1:colcon.colcon_core.package_identification:_identify(src/DynamixelSDK/c#/protocol_combined/win64/protocol_combined/Properties) by extensions ['ignore', 'ignore_ament_install']
[0.495s] Level 1:colcon.colcon_core.package_identification:_identify(src/DynamixelSDK/c#/protocol_combined/win64/protocol_combined/Properties) by extension 'ignore'
[0.496s] Level 1:colcon.colcon_core.package_identification:_identify(src/DynamixelSDK/c#/protocol_combined/win64/protocol_combined/Properties) by extension 'ignore_ament_install'
[0.496s] Level 1:colcon.colcon_core.package_identification:_identify(src/DynamixelSDK/c#/protocol_combined/win64/protocol_combined/Properties) by extensions ['colcon_pkg']
[0.496s] Level 1:colcon.colcon_core.package_identification:_identify(src/DynamixelSDK/c#/protocol_combined/win64/protocol_combined/Properties) by extension 'colcon_pkg'
[0.496s] Level 1:colcon.colcon_core.package_identification:_identify(src/DynamixelSDK/c#/protocol_combined/win64/protocol_combined/Properties) by extensions ['colcon_meta']
[0.496s] Level 1:colcon.colcon_core.package_identification:_identify(src/DynamixelSDK/c#/protocol_combined/win64/protocol_combined/Properties) by extension 'colcon_meta'
[0.496s] Level 1:colcon.colcon_core.package_identification:_identify(src/DynamixelSDK/c#/protocol_combined/win64/protocol_combined/Properties) by extensions ['ros']
[0.496s] Level 1:colcon.colcon_core.package_identification:_identify(src/DynamixelSDK/c#/protocol_combined/win64/protocol_combined/Properties) by extension 'ros'
[0.496s] Level 1:colcon.colcon_core.package_identification:_identify(src/DynamixelSDK/c#/protocol_combined/win64/protocol_combined/Properties) by extensions ['cmake', 'python']
[0.496s] Level 1:colcon.colcon_core.package_identification:_identify(src/DynamixelSDK/c#/protocol_combined/win64/protocol_combined/Properties) by extension 'cmake'
[0.496s] Level 1:colcon.colcon_core.package_identification:_identify(src/DynamixelSDK/c#/protocol_combined/win64/protocol_combined/Properties) by extension 'python'
[0.496s] Level 1:colcon.colcon_core.package_identification:_identify(src/DynamixelSDK/c#/protocol_combined/win64/protocol_combined/Properties) by extensions ['python_setup_py']
[0.496s] Level 1:colcon.colcon_core.package_identification:_identify(src/DynamixelSDK/c#/protocol_combined/win64/protocol_combined/Properties) by extension 'python_setup_py'
[0.497s] Level 1:colcon.colcon_core.package_identification:_identify(src/DynamixelSDK/c#/protocol_combined/win64/protocol_combined/obj) by extensions ['ignore', 'ignore_ament_install']
[0.497s] Level 1:colcon.colcon_core.package_identification:_identify(src/DynamixelSDK/c#/protocol_combined/win64/protocol_combined/obj) by extension 'ignore'
[0.497s] Level 1:colcon.colcon_core.package_identification:_identify(src/DynamixelSDK/c#/protocol_combined/win64/protocol_combined/obj) by extension 'ignore_ament_install'
[0.497s] Level 1:colcon.colcon_core.package_identification:_identify(src/DynamixelSDK/c#/protocol_combined/win64/protocol_combined/obj) by extensions ['colcon_pkg']
[0.497s] Level 1:colcon.colcon_core.package_identification:_identify(src/DynamixelSDK/c#/protocol_combined/win64/protocol_combined/obj) by extension 'colcon_pkg'
[0.497s] Level 1:colcon.colcon_core.package_identification:_identify(src/DynamixelSDK/c#/protocol_combined/win64/protocol_combined/obj) by extensions ['colcon_meta']
[0.497s] Level 1:colcon.colcon_core.package_identification:_identify(src/DynamixelSDK/c#/protocol_combined/win64/protocol_combined/obj) by extension 'colcon_meta'
[0.497s] Level 1:colcon.colcon_core.package_identification:_identify(src/DynamixelSDK/c#/protocol_combined/win64/protocol_combined/obj) by extensions ['ros']
[0.497s] Level 1:colcon.colcon_core.package_identification:_identify(src/DynamixelSDK/c#/protocol_combined/win64/protocol_combined/obj) by extension 'ros'
[0.497s] Level 1:colcon.colcon_core.package_identification:_identify(src/DynamixelSDK/c#/protocol_combined/win64/protocol_combined/obj) by extensions ['cmake', 'python']
[0.498s] Level 1:colcon.colcon_core.package_identification:_identify(src/DynamixelSDK/c#/protocol_combined/win64/protocol_combined/obj) by extension 'cmake'
[0.498s] Level 1:colcon.colcon_core.package_identification:_identify(src/DynamixelSDK/c#/protocol_combined/win64/protocol_combined/obj) by extension 'python'
[0.498s] Level 1:colcon.colcon_core.package_identification:_identify(src/DynamixelSDK/c#/protocol_combined/win64/protocol_combined/obj) by extensions ['python_setup_py']
[0.498s] Level 1:colcon.colcon_core.package_identification:_identify(src/DynamixelSDK/c#/protocol_combined/win64/protocol_combined/obj) by extension 'python_setup_py'
[0.498s] Level 1:colcon.colcon_core.package_identification:_identify(src/DynamixelSDK/c#/protocol_combined/win64/protocol_combined/obj/Debug) by extensions ['ignore', 'ignore_ament_install']
[0.498s] Level 1:colcon.colcon_core.package_identification:_identify(src/DynamixelSDK/c#/protocol_combined/win64/protocol_combined/obj/Debug) by extension 'ignore'
[0.498s] Level 1:colcon.colcon_core.package_identification:_identify(src/DynamixelSDK/c#/protocol_combined/win64/protocol_combined/obj/Debug) by extension 'ignore_ament_install'
[0.498s] Level 1:colcon.colcon_core.package_identification:_identify(src/DynamixelSDK/c#/protocol_combined/win64/protocol_combined/obj/Debug) by extensions ['colcon_pkg']
[0.498s] Level 1:colcon.colcon_core.package_identification:_identify(src/DynamixelSDK/c#/protocol_combined/win64/protocol_combined/obj/Debug) by extension 'colcon_pkg'
[0.498s] Level 1:colcon.colcon_core.package_identification:_identify(src/DynamixelSDK/c#/protocol_combined/win64/protocol_combined/obj/Debug) by extensions ['colcon_meta']
[0.499s] Level 1:colcon.colcon_core.package_identification:_identify(src/DynamixelSDK/c#/protocol_combined/win64/protocol_combined/obj/Debug) by extension 'colcon_meta'
[0.499s] Level 1:colcon.colcon_core.package_identification:_identify(src/DynamixelSDK/c#/protocol_combined/win64/protocol_combined/obj/Debug) by extensions ['ros']
[0.499s] Level 1:colcon.colcon_core.package_identification:_identify(src/DynamixelSDK/c#/protocol_combined/win64/protocol_combined/obj/Debug) by extension 'ros'
[0.499s] Level 1:colcon.colcon_core.package_identification:_identify(src/DynamixelSDK/c#/protocol_combined/win64/protocol_combined/obj/Debug) by extensions ['cmake', 'python']
[0.499s] Level 1:colcon.colcon_core.package_identification:_identify(src/DynamixelSDK/c#/protocol_combined/win64/protocol_combined/obj/Debug) by extension 'cmake'
[0.499s] Level 1:colcon.colcon_core.package_identification:_identify(src/DynamixelSDK/c#/protocol_combined/win64/protocol_combined/obj/Debug) by extension 'python'
[0.499s] Level 1:colcon.colcon_core.package_identification:_identify(src/DynamixelSDK/c#/protocol_combined/win64/protocol_combined/obj/Debug) by extensions ['python_setup_py']
[0.499s] Level 1:colcon.colcon_core.package_identification:_identify(src/DynamixelSDK/c#/protocol_combined/win64/protocol_combined/obj/Debug) by extension 'python_setup_py'
[0.499s] Level 1:colcon.colcon_core.package_identification:_identify(src/DynamixelSDK/c#/protocol_combined/win64/protocol_combined/obj/Release) by extensions ['ignore', 'ignore_ament_install']
[0.499s] Level 1:colcon.colcon_core.package_identification:_identify(src/DynamixelSDK/c#/protocol_combined/win64/protocol_combined/obj/Release) by extension 'ignore'
[0.500s] Level 1:colcon.colcon_core.package_identification:_identify(src/DynamixelSDK/c#/protocol_combined/win64/protocol_combined/obj/Release) by extension 'ignore_ament_install'
[0.500s] Level 1:colcon.colcon_core.package_identification:_identify(src/DynamixelSDK/c#/protocol_combined/win64/protocol_combined/obj/Release) by extensions ['colcon_pkg']
[0.500s] Level 1:colcon.colcon_core.package_identification:_identify(src/DynamixelSDK/c#/protocol_combined/win64/protocol_combined/obj/Release) by extension 'colcon_pkg'
[0.500s] Level 1:colcon.colcon_core.package_identification:_identify(src/DynamixelSDK/c#/protocol_combined/win64/protocol_combined/obj/Release) by extensions ['colcon_meta']
[0.500s] Level 1:colcon.colcon_core.package_identification:_identify(src/DynamixelSDK/c#/protocol_combined/win64/protocol_combined/obj/Release) by extension 'colcon_meta'
[0.500s] Level 1:colcon.colcon_core.package_identification:_identify(src/DynamixelSDK/c#/protocol_combined/win64/protocol_combined/obj/Release) by extensions ['ros']
[0.500s] Level 1:colcon.colcon_core.package_identification:_identify(src/DynamixelSDK/c#/protocol_combined/win64/protocol_combined/obj/Release) by extension 'ros'
[0.500s] Level 1:colcon.colcon_core.package_identification:_identify(src/DynamixelSDK/c#/protocol_combined/win64/protocol_combined/obj/Release) by extensions ['cmake', 'python']
[0.500s] Level 1:colcon.colcon_core.package_identification:_identify(src/DynamixelSDK/c#/protocol_combined/win64/protocol_combined/obj/Release) by extension 'cmake'
[0.500s] Level 1:colcon.colcon_core.package_identification:_identify(src/DynamixelSDK/c#/protocol_combined/win64/protocol_combined/obj/Release) by extension 'python'
[0.500s] Level 1:colcon.colcon_core.package_identification:_identify(src/DynamixelSDK/c#/protocol_combined/win64/protocol_combined/obj/Release) by extensions ['python_setup_py']
[0.500s] Level 1:colcon.colcon_core.package_identification:_identify(src/DynamixelSDK/c#/protocol_combined/win64/protocol_combined/obj/Release) by extension 'python_setup_py'
[0.500s] Level 1:colcon.colcon_core.package_identification:_identify(src/DynamixelSDK/c#/protocol_combined/win64/protocol_combined/obj/x64) by extensions ['ignore', 'ignore_ament_install']
[0.501s] Level 1:colcon.colcon_core.package_identification:_identify(src/DynamixelSDK/c#/protocol_combined/win64/protocol_combined/obj/x64) by extension 'ignore'
[0.501s] Level 1:colcon.colcon_core.package_identification:_identify(src/DynamixelSDK/c#/protocol_combined/win64/protocol_combined/obj/x64) by extension 'ignore_ament_install'
[0.501s] Level 1:colcon.colcon_core.package_identification:_identify(src/DynamixelSDK/c#/protocol_combined/win64/protocol_combined/obj/x64) by extensions ['colcon_pkg']
[0.501s] Level 1:colcon.colcon_core.package_identification:_identify(src/DynamixelSDK/c#/protocol_combined/win64/protocol_combined/obj/x64) by extension 'colcon_pkg'
[0.501s] Level 1:colcon.colcon_core.package_identification:_identify(src/DynamixelSDK/c#/protocol_combined/win64/protocol_combined/obj/x64) by extensions ['colcon_meta']
[0.501s] Level 1:colcon.colcon_core.package_identification:_identify(src/DynamixelSDK/c#/protocol_combined/win64/protocol_combined/obj/x64) by extension 'colcon_meta'
[0.501s] Level 1:colcon.colcon_core.package_identification:_identify(src/DynamixelSDK/c#/protocol_combined/win64/protocol_combined/obj/x64) by extensions ['ros']
[0.501s] Level 1:colcon.colcon_core.package_identification:_identify(src/DynamixelSDK/c#/protocol_combined/win64/protocol_combined/obj/x64) by extension 'ros'
[0.501s] Level 1:colcon.colcon_core.package_identification:_identify(src/DynamixelSDK/c#/protocol_combined/win64/protocol_combined/obj/x64) by extensions ['cmake', 'python']
[0.501s] Level 1:colcon.colcon_core.package_identification:_identify(src/DynamixelSDK/c#/protocol_combined/win64/protocol_combined/obj/x64) by extension 'cmake'
[0.501s] Level 1:colcon.colcon_core.package_identification:_identify(src/DynamixelSDK/c#/protocol_combined/win64/protocol_combined/obj/x64) by extension 'python'
[0.502s] Level 1:colcon.colcon_core.package_identification:_identify(src/DynamixelSDK/c#/protocol_combined/win64/protocol_combined/obj/x64) by extensions ['python_setup_py']
[0.502s] Level 1:colcon.colcon_core.package_identification:_identify(src/DynamixelSDK/c#/protocol_combined/win64/protocol_combined/obj/x64) by extension 'python_setup_py'
[0.502s] Level 1:colcon.colcon_core.package_identification:_identify(src/DynamixelSDK/c#/protocol_combined/win64/protocol_combined/obj/x64/Debug) by extensions ['ignore', 'ignore_ament_install']
[0.502s] Level 1:colcon.colcon_core.package_identification:_identify(src/DynamixelSDK/c#/protocol_combined/win64/protocol_combined/obj/x64/Debug) by extension 'ignore'
[0.502s] Level 1:colcon.colcon_core.package_identification:_identify(src/DynamixelSDK/c#/protocol_combined/win64/protocol_combined/obj/x64/Debug) by extension 'ignore_ament_install'
[0.502s] Level 1:colcon.colcon_core.package_identification:_identify(src/DynamixelSDK/c#/protocol_combined/win64/protocol_combined/obj/x64/Debug) by extensions ['colcon_pkg']
[0.502s] Level 1:colcon.colcon_core.package_identification:_identify(src/DynamixelSDK/c#/protocol_combined/win64/protocol_combined/obj/x64/Debug) by extension 'colcon_pkg'
[0.502s] Level 1:colcon.colcon_core.package_identification:_identify(src/DynamixelSDK/c#/protocol_combined/win64/protocol_combined/obj/x64/Debug) by extensions ['colcon_meta']
[0.502s] Level 1:colcon.colcon_core.package_identification:_identify(src/DynamixelSDK/c#/protocol_combined/win64/protocol_combined/obj/x64/Debug) by extension 'colcon_meta'
[0.503s] Level 1:colcon.colcon_core.package_identification:_identify(src/DynamixelSDK/c#/protocol_combined/win64/protocol_combined/obj/x64/Debug) by extensions ['ros']
[0.503s] Level 1:colcon.colcon_core.package_identification:_identify(src/DynamixelSDK/c#/protocol_combined/win64/protocol_combined/obj/x64/Debug) by extension 'ros'
[0.503s] Level 1:colcon.colcon_core.package_identification:_identify(src/DynamixelSDK/c#/protocol_combined/win64/protocol_combined/obj/x64/Debug) by extensions ['cmake', 'python']
[0.503s] Level 1:colcon.colcon_core.package_identification:_identify(src/DynamixelSDK/c#/protocol_combined/win64/protocol_combined/obj/x64/Debug) by extension 'cmake'
[0.503s] Level 1:colcon.colcon_core.package_identification:_identify(src/DynamixelSDK/c#/protocol_combined/win64/protocol_combined/obj/x64/Debug) by extension 'python'
[0.503s] Level 1:colcon.colcon_core.package_identification:_identify(src/DynamixelSDK/c#/protocol_combined/win64/protocol_combined/obj/x64/Debug) by extensions ['python_setup_py']
[0.503s] Level 1:colcon.colcon_core.package_identification:_identify(src/DynamixelSDK/c#/protocol_combined/win64/protocol_combined/obj/x64/Debug) by extension 'python_setup_py'
[0.503s] Level 1:colcon.colcon_core.package_identification:_identify(src/DynamixelSDK/c#/protocol_combined/win64/protocol_combined/obj/x64/Release) by extensions ['ignore', 'ignore_ament_install']
[0.503s] Level 1:colcon.colcon_core.package_identification:_identify(src/DynamixelSDK/c#/protocol_combined/win64/protocol_combined/obj/x64/Release) by extension 'ignore'
[0.504s] Level 1:colcon.colcon_core.package_identification:_identify(src/DynamixelSDK/c#/protocol_combined/win64/protocol_combined/obj/x64/Release) by extension 'ignore_ament_install'
[0.504s] Level 1:colcon.colcon_core.package_identification:_identify(src/DynamixelSDK/c#/protocol_combined/win64/protocol_combined/obj/x64/Release) by extensions ['colcon_pkg']
[0.504s] Level 1:colcon.colcon_core.package_identification:_identify(src/DynamixelSDK/c#/protocol_combined/win64/protocol_combined/obj/x64/Release) by extension 'colcon_pkg'
[0.504s] Level 1:colcon.colcon_core.package_identification:_identify(src/DynamixelSDK/c#/protocol_combined/win64/protocol_combined/obj/x64/Release) by extensions ['colcon_meta']
[0.504s] Level 1:colcon.colcon_core.package_identification:_identify(src/DynamixelSDK/c#/protocol_combined/win64/protocol_combined/obj/x64/Release) by extension 'colcon_meta'
[0.504s] Level 1:colcon.colcon_core.package_identification:_identify(src/DynamixelSDK/c#/protocol_combined/win64/protocol_combined/obj/x64/Release) by extensions ['ros']
[0.504s] Level 1:colcon.colcon_core.package_identification:_identify(src/DynamixelSDK/c#/protocol_combined/win64/protocol_combined/obj/x64/Release) by extension 'ros'
[0.504s] Level 1:colcon.colcon_core.package_identification:_identify(src/DynamixelSDK/c#/protocol_combined/win64/protocol_combined/obj/x64/Release) by extensions ['cmake', 'python']
[0.504s] Level 1:colcon.colcon_core.package_identification:_identify(src/DynamixelSDK/c#/protocol_combined/win64/protocol_combined/obj/x64/Release) by extension 'cmake'
[0.504s] Level 1:colcon.colcon_core.package_identification:_identify(src/DynamixelSDK/c#/protocol_combined/win64/protocol_combined/obj/x64/Release) by extension 'python'
[0.504s] Level 1:colcon.colcon_core.package_identification:_identify(src/DynamixelSDK/c#/protocol_combined/win64/protocol_combined/obj/x64/Release) by extensions ['python_setup_py']
[0.505s] Level 1:colcon.colcon_core.package_identification:_identify(src/DynamixelSDK/c#/protocol_combined/win64/protocol_combined/obj/x64/Release) by extension 'python_setup_py'
[0.505s] Level 1:colcon.colcon_core.package_identification:_identify(src/DynamixelSDK/c++) by extensions ['ignore', 'ignore_ament_install']
[0.505s] Level 1:colcon.colcon_core.package_identification:_identify(src/DynamixelSDK/c++) by extension 'ignore'
[0.505s] Level 1:colcon.colcon_core.package_identification:_identify(src/DynamixelSDK/c++) ignored
[0.505s] Level 1:colcon.colcon_core.package_identification:_identify(src/DynamixelSDK/control_table) by extensions ['ignore', 'ignore_ament_install']
[0.505s] Level 1:colcon.colcon_core.package_identification:_identify(src/DynamixelSDK/control_table) by extension 'ignore'
[0.505s] Level 1:colcon.colcon_core.package_identification:_identify(src/DynamixelSDK/control_table) by extension 'ignore_ament_install'
[0.506s] Level 1:colcon.colcon_core.package_identification:_identify(src/DynamixelSDK/control_table) by extensions ['colcon_pkg']
[0.506s] Level 1:colcon.colcon_core.package_identification:_identify(src/DynamixelSDK/control_table) by extension 'colcon_pkg'
[0.506s] Level 1:colcon.colcon_core.package_identification:_identify(src/DynamixelSDK/control_table) by extensions ['colcon_meta']
[0.506s] Level 1:colcon.colcon_core.package_identification:_identify(src/DynamixelSDK/control_table) by extension 'colcon_meta'
[0.506s] Level 1:colcon.colcon_core.package_identification:_identify(src/DynamixelSDK/control_table) by extensions ['ros']
[0.506s] Level 1:colcon.colcon_core.package_identification:_identify(src/DynamixelSDK/control_table) by extension 'ros'
[0.506s] Level 1:colcon.colcon_core.package_identification:_identify(src/DynamixelSDK/control_table) by extensions ['cmake', 'python']
[0.506s] Level 1:colcon.colcon_core.package_identification:_identify(src/DynamixelSDK/control_table) by extension 'cmake'
[0.506s] Level 1:colcon.colcon_core.package_identification:_identify(src/DynamixelSDK/control_table) by extension 'python'
[0.506s] Level 1:colcon.colcon_core.package_identification:_identify(src/DynamixelSDK/control_table) by extensions ['python_setup_py']
[0.506s] Level 1:colcon.colcon_core.package_identification:_identify(src/DynamixelSDK/control_table) by extension 'python_setup_py'
[0.506s] Level 1:colcon.colcon_core.package_identification:_identify(src/DynamixelSDK/documents) by extensions ['ignore', 'ignore_ament_install']
[0.506s] Level 1:colcon.colcon_core.package_identification:_identify(src/DynamixelSDK/documents) by extension 'ignore'
[0.507s] Level 1:colcon.colcon_core.package_identification:_identify(src/DynamixelSDK/documents) by extension 'ignore_ament_install'
[0.507s] Level 1:colcon.colcon_core.package_identification:_identify(src/DynamixelSDK/documents) by extensions ['colcon_pkg']
[0.507s] Level 1:colcon.colcon_core.package_identification:_identify(src/DynamixelSDK/documents) by extension 'colcon_pkg'
[0.507s] Level 1:colcon.colcon_core.package_identification:_identify(src/DynamixelSDK/documents) by extensions ['colcon_meta']
[0.507s] Level 1:colcon.colcon_core.package_identification:_identify(src/DynamixelSDK/documents) by extension 'colcon_meta'
[0.507s] Level 1:colcon.colcon_core.package_identification:_identify(src/DynamixelSDK/documents) by extensions ['ros']
[0.507s] Level 1:colcon.colcon_core.package_identification:_identify(src/DynamixelSDK/documents) by extension 'ros'
[0.507s] Level 1:colcon.colcon_core.package_identification:_identify(src/DynamixelSDK/documents) by extensions ['cmake', 'python']
[0.507s] Level 1:colcon.colcon_core.package_identification:_identify(src/DynamixelSDK/documents) by extension 'cmake'
[0.507s] Level 1:colcon.colcon_core.package_identification:_identify(src/DynamixelSDK/documents) by extension 'python'
[0.507s] Level 1:colcon.colcon_core.package_identification:_identify(src/DynamixelSDK/documents) by extensions ['python_setup_py']
[0.507s] Level 1:colcon.colcon_core.package_identification:_identify(src/DynamixelSDK/documents) by extension 'python_setup_py'
[0.508s] Level 1:colcon.colcon_core.package_identification:_identify(src/DynamixelSDK/documents/cpp) by extensions ['ignore', 'ignore_ament_install']
[0.508s] Level 1:colcon.colcon_core.package_identification:_identify(src/DynamixelSDK/documents/cpp) by extension 'ignore'
[0.508s] Level 1:colcon.colcon_core.package_identification:_identify(src/DynamixelSDK/documents/cpp) by extension 'ignore_ament_install'
[0.508s] Level 1:colcon.colcon_core.package_identification:_identify(src/DynamixelSDK/documents/cpp) by extensions ['colcon_pkg']
[0.508s] Level 1:colcon.colcon_core.package_identification:_identify(src/DynamixelSDK/documents/cpp) by extension 'colcon_pkg'
[0.508s] Level 1:colcon.colcon_core.package_identification:_identify(src/DynamixelSDK/documents/cpp) by extensions ['colcon_meta']
[0.508s] Level 1:colcon.colcon_core.package_identification:_identify(src/DynamixelSDK/documents/cpp) by extension 'colcon_meta'
[0.508s] Level 1:colcon.colcon_core.package_identification:_identify(src/DynamixelSDK/documents/cpp) by extensions ['ros']
[0.508s] Level 1:colcon.colcon_core.package_identification:_identify(src/DynamixelSDK/documents/cpp) by extension 'ros'
[0.508s] Level 1:colcon.colcon_core.package_identification:_identify(src/DynamixelSDK/documents/cpp) by extensions ['cmake', 'python']
[0.508s] Level 1:colcon.colcon_core.package_identification:_identify(src/DynamixelSDK/documents/cpp) by extension 'cmake'
[0.508s] Level 1:colcon.colcon_core.package_identification:_identify(src/DynamixelSDK/documents/cpp) by extension 'python'
[0.509s] Level 1:colcon.colcon_core.package_identification:_identify(src/DynamixelSDK/documents/cpp) by extensions ['python_setup_py']
[0.509s] Level 1:colcon.colcon_core.package_identification:_identify(src/DynamixelSDK/documents/cpp) by extension 'python_setup_py'
[0.509s] Level 1:colcon.colcon_core.package_identification:_identify(src/DynamixelSDK/documents/cpp/html) by extensions ['ignore', 'ignore_ament_install']
[0.509s] Level 1:colcon.colcon_core.package_identification:_identify(src/DynamixelSDK/documents/cpp/html) by extension 'ignore'
[0.509s] Level 1:colcon.colcon_core.package_identification:_identify(src/DynamixelSDK/documents/cpp/html) by extension 'ignore_ament_install'
[0.509s] Level 1:colcon.colcon_core.package_identification:_identify(src/DynamixelSDK/documents/cpp/html) by extensions ['colcon_pkg']
[0.509s] Level 1:colcon.colcon_core.package_identification:_identify(src/DynamixelSDK/documents/cpp/html) by extension 'colcon_pkg'
[0.509s] Level 1:colcon.colcon_core.package_identification:_identify(src/DynamixelSDK/documents/cpp/html) by extensions ['colcon_meta']
[0.509s] Level 1:colcon.colcon_core.package_identification:_identify(src/DynamixelSDK/documents/cpp/html) by extension 'colcon_meta'
[0.509s] Level 1:colcon.colcon_core.package_identification:_identify(src/DynamixelSDK/documents/cpp/html) by extensions ['ros']
[0.509s] Level 1:colcon.colcon_core.package_identification:_identify(src/DynamixelSDK/documents/cpp/html) by extension 'ros'
[0.510s] Level 1:colcon.colcon_core.package_identification:_identify(src/DynamixelSDK/documents/cpp/html) by extensions ['cmake', 'python']
[0.510s] Level 1:colcon.colcon_core.package_identification:_identify(src/DynamixelSDK/documents/cpp/html) by extension 'cmake'
[0.510s] Level 1:colcon.colcon_core.package_identification:_identify(src/DynamixelSDK/documents/cpp/html) by extension 'python'
[0.510s] Level 1:colcon.colcon_core.package_identification:_identify(src/DynamixelSDK/documents/cpp/html) by extensions ['python_setup_py']
[0.510s] Level 1:colcon.colcon_core.package_identification:_identify(src/DynamixelSDK/documents/cpp/html) by extension 'python_setup_py'
[0.510s] Level 1:colcon.colcon_core.package_identification:_identify(src/DynamixelSDK/documents/cpp/html/search) by extensions ['ignore', 'ignore_ament_install']
[0.510s] Level 1:colcon.colcon_core.package_identification:_identify(src/DynamixelSDK/documents/cpp/html/search) by extension 'ignore'
[0.510s] Level 1:colcon.colcon_core.package_identification:_identify(src/DynamixelSDK/documents/cpp/html/search) by extension 'ignore_ament_install'
[0.510s] Level 1:colcon.colcon_core.package_identification:_identify(src/DynamixelSDK/documents/cpp/html/search) by extensions ['colcon_pkg']
[0.511s] Level 1:colcon.colcon_core.package_identification:_identify(src/DynamixelSDK/documents/cpp/html/search) by extension 'colcon_pkg'
[0.511s] Level 1:colcon.colcon_core.package_identification:_identify(src/DynamixelSDK/documents/cpp/html/search) by extensions ['colcon_meta']
[0.511s] Level 1:colcon.colcon_core.package_identification:_identify(src/DynamixelSDK/documents/cpp/html/search) by extension 'colcon_meta'
[0.511s] Level 1:colcon.colcon_core.package_identification:_identify(src/DynamixelSDK/documents/cpp/html/search) by extensions ['ros']
[0.511s] Level 1:colcon.colcon_core.package_identification:_identify(src/DynamixelSDK/documents/cpp/html/search) by extension 'ros'
[0.511s] Level 1:colcon.colcon_core.package_identification:_identify(src/DynamixelSDK/documents/cpp/html/search) by extensions ['cmake', 'python']
[0.511s] Level 1:colcon.colcon_core.package_identification:_identify(src/DynamixelSDK/documents/cpp/html/search) by extension 'cmake'
[0.511s] Level 1:colcon.colcon_core.package_identification:_identify(src/DynamixelSDK/documents/cpp/html/search) by extension 'python'
[0.511s] Level 1:colcon.colcon_core.package_identification:_identify(src/DynamixelSDK/documents/cpp/html/search) by extensions ['python_setup_py']
[0.511s] Level 1:colcon.colcon_core.package_identification:_identify(src/DynamixelSDK/documents/cpp/html/search) by extension 'python_setup_py'
[0.511s] Level 1:colcon.colcon_core.package_identification:_identify(src/DynamixelSDK/java) by extensions ['ignore', 'ignore_ament_install']
[0.511s] Level 1:colcon.colcon_core.package_identification:_identify(src/DynamixelSDK/java) by extension 'ignore'
[0.512s] Level 1:colcon.colcon_core.package_identification:_identify(src/DynamixelSDK/java) by extension 'ignore_ament_install'
[0.512s] Level 1:colcon.colcon_core.package_identification:_identify(src/DynamixelSDK/java) by extensions ['colcon_pkg']
[0.512s] Level 1:colcon.colcon_core.package_identification:_identify(src/DynamixelSDK/java) by extension 'colcon_pkg'
[0.512s] Level 1:colcon.colcon_core.package_identification:_identify(src/DynamixelSDK/java) by extensions ['colcon_meta']
[0.512s] Level 1:colcon.colcon_core.package_identification:_identify(src/DynamixelSDK/java) by extension 'colcon_meta'
[0.512s] Level 1:colcon.colcon_core.package_identification:_identify(src/DynamixelSDK/java) by extensions ['ros']
[0.512s] Level 1:colcon.colcon_core.package_identification:_identify(src/DynamixelSDK/java) by extension 'ros'
[0.512s] Level 1:colcon.colcon_core.package_identification:_identify(src/DynamixelSDK/java) by extensions ['cmake', 'python']
[0.512s] Level 1:colcon.colcon_core.package_identification:_identify(src/DynamixelSDK/java) by extension 'cmake'
[0.512s] Level 1:colcon.colcon_core.package_identification:_identify(src/DynamixelSDK/java) by extension 'python'
[0.512s] Level 1:colcon.colcon_core.package_identification:_identify(src/DynamixelSDK/java) by extensions ['python_setup_py']
[0.512s] Level 1:colcon.colcon_core.package_identification:_identify(src/DynamixelSDK/java) by extension 'python_setup_py'
[0.512s] Level 1:colcon.colcon_core.package_identification:_identify(src/DynamixelSDK/java/dynamixel_functions_java) by extensions ['ignore', 'ignore_ament_install']
[0.513s] Level 1:colcon.colcon_core.package_identification:_identify(src/DynamixelSDK/java/dynamixel_functions_java) by extension 'ignore'
[0.513s] Level 1:colcon.colcon_core.package_identification:_identify(src/DynamixelSDK/java/dynamixel_functions_java) by extension 'ignore_ament_install'
[0.513s] Level 1:colcon.colcon_core.package_identification:_identify(src/DynamixelSDK/java/dynamixel_functions_java) by extensions ['colcon_pkg']
[0.513s] Level 1:colcon.colcon_core.package_identification:_identify(src/DynamixelSDK/java/dynamixel_functions_java) by extension 'colcon_pkg'
[0.513s] Level 1:colcon.colcon_core.package_identification:_identify(src/DynamixelSDK/java/dynamixel_functions_java) by extensions ['colcon_meta']
[0.513s] Level 1:colcon.colcon_core.package_identification:_identify(src/DynamixelSDK/java/dynamixel_functions_java) by extension 'colcon_meta'
[0.513s] Level 1:colcon.colcon_core.package_identification:_identify(src/DynamixelSDK/java/dynamixel_functions_java) by extensions ['ros']
[0.513s] Level 1:colcon.colcon_core.package_identification:_identify(src/DynamixelSDK/java/dynamixel_functions_java) by extension 'ros'
[0.513s] Level 1:colcon.colcon_core.package_identification:_identify(src/DynamixelSDK/java/dynamixel_functions_java) by extensions ['cmake', 'python']
[0.513s] Level 1:colcon.colcon_core.package_identification:_identify(src/DynamixelSDK/java/dynamixel_functions_java) by extension 'cmake'
[0.513s] Level 1:colcon.colcon_core.package_identification:_identify(src/DynamixelSDK/java/dynamixel_functions_java) by extension 'python'
[0.513s] Level 1:colcon.colcon_core.package_identification:_identify(src/DynamixelSDK/java/dynamixel_functions_java) by extensions ['python_setup_py']
[0.513s] Level 1:colcon.colcon_core.package_identification:_identify(src/DynamixelSDK/java/dynamixel_functions_java) by extension 'python_setup_py'
[0.514s] Level 1:colcon.colcon_core.package_identification:_identify(src/DynamixelSDK/java/dynamixel_functions_java/mac_x64) by extensions ['ignore', 'ignore_ament_install']
[0.514s] Level 1:colcon.colcon_core.package_identification:_identify(src/DynamixelSDK/java/dynamixel_functions_java/mac_x64) by extension 'ignore'
[0.514s] Level 1:colcon.colcon_core.package_identification:_identify(src/DynamixelSDK/java/dynamixel_functions_java/mac_x64) by extension 'ignore_ament_install'
[0.514s] Level 1:colcon.colcon_core.package_identification:_identify(src/DynamixelSDK/java/dynamixel_functions_java/mac_x64) by extensions ['colcon_pkg']
[0.514s] Level 1:colcon.colcon_core.package_identification:_identify(src/DynamixelSDK/java/dynamixel_functions_java/mac_x64) by extension 'colcon_pkg'
[0.514s] Level 1:colcon.colcon_core.package_identification:_identify(src/DynamixelSDK/java/dynamixel_functions_java/mac_x64) by extensions ['colcon_meta']
[0.514s] Level 1:colcon.colcon_core.package_identification:_identify(src/DynamixelSDK/java/dynamixel_functions_java/mac_x64) by extension 'colcon_meta'
[0.514s] Level 1:colcon.colcon_core.package_identification:_identify(src/DynamixelSDK/java/dynamixel_functions_java/mac_x64) by extensions ['ros']
[0.514s] Level 1:colcon.colcon_core.package_identification:_identify(src/DynamixelSDK/java/dynamixel_functions_java/mac_x64) by extension 'ros'
[0.514s] Level 1:colcon.colcon_core.package_identification:_identify(src/DynamixelSDK/java/dynamixel_functions_java/mac_x64) by extensions ['cmake', 'python']
[0.514s] Level 1:colcon.colcon_core.package_identification:_identify(src/DynamixelSDK/java/dynamixel_functions_java/mac_x64) by extension 'cmake'
[0.514s] Level 1:colcon.colcon_core.package_identification:_identify(src/DynamixelSDK/java/dynamixel_functions_java/mac_x64) by extension 'python'
[0.515s] Level 1:colcon.colcon_core.package_identification:_identify(src/DynamixelSDK/java/dynamixel_functions_java/mac_x64) by extensions ['python_setup_py']
[0.515s] Level 1:colcon.colcon_core.package_identification:_identify(src/DynamixelSDK/java/dynamixel_functions_java/mac_x64) by extension 'python_setup_py'
[0.515s] Level 1:colcon.colcon_core.package_identification:_identify(src/DynamixelSDK/java/dynamixel_functions_java/x64) by extensions ['ignore', 'ignore_ament_install']
[0.515s] Level 1:colcon.colcon_core.package_identification:_identify(src/DynamixelSDK/java/dynamixel_functions_java/x64) by extension 'ignore'
[0.515s] Level 1:colcon.colcon_core.package_identification:_identify(src/DynamixelSDK/java/dynamixel_functions_java/x64) by extension 'ignore_ament_install'
[0.515s] Level 1:colcon.colcon_core.package_identification:_identify(src/DynamixelSDK/java/dynamixel_functions_java/x64) by extensions ['colcon_pkg']
[0.515s] Level 1:colcon.colcon_core.package_identification:_identify(src/DynamixelSDK/java/dynamixel_functions_java/x64) by extension 'colcon_pkg'
[0.515s] Level 1:colcon.colcon_core.package_identification:_identify(src/DynamixelSDK/java/dynamixel_functions_java/x64) by extensions ['colcon_meta']
[0.515s] Level 1:colcon.colcon_core.package_identification:_identify(src/DynamixelSDK/java/dynamixel_functions_java/x64) by extension 'colcon_meta'
[0.515s] Level 1:colcon.colcon_core.package_identification:_identify(src/DynamixelSDK/java/dynamixel_functions_java/x64) by extensions ['ros']
[0.515s] Level 1:colcon.colcon_core.package_identification:_identify(src/DynamixelSDK/java/dynamixel_functions_java/x64) by extension 'ros'
[0.516s] Level 1:colcon.colcon_core.package_identification:_identify(src/DynamixelSDK/java/dynamixel_functions_java/x64) by extensions ['cmake', 'python']
[0.516s] Level 1:colcon.colcon_core.package_identification:_identify(src/DynamixelSDK/java/dynamixel_functions_java/x64) by extension 'cmake'
[0.516s] Level 1:colcon.colcon_core.package_identification:_identify(src/DynamixelSDK/java/dynamixel_functions_java/x64) by extension 'python'
[0.516s] Level 1:colcon.colcon_core.package_identification:_identify(src/DynamixelSDK/java/dynamixel_functions_java/x64) by extensions ['python_setup_py']
[0.516s] Level 1:colcon.colcon_core.package_identification:_identify(src/DynamixelSDK/java/dynamixel_functions_java/x64) by extension 'python_setup_py'
[0.516s] Level 1:colcon.colcon_core.package_identification:_identify(src/DynamixelSDK/java/dynamixel_functions_java/x86) by extensions ['ignore', 'ignore_ament_install']
[0.516s] Level 1:colcon.colcon_core.package_identification:_identify(src/DynamixelSDK/java/dynamixel_functions_java/x86) by extension 'ignore'
[0.516s] Level 1:colcon.colcon_core.package_identification:_identify(src/DynamixelSDK/java/dynamixel_functions_java/x86) by extension 'ignore_ament_install'
[0.516s] Level 1:colcon.colcon_core.package_identification:_identify(src/DynamixelSDK/java/dynamixel_functions_java/x86) by extensions ['colcon_pkg']
[0.516s] Level 1:colcon.colcon_core.package_identification:_identify(src/DynamixelSDK/java/dynamixel_functions_java/x86) by extension 'colcon_pkg'
[0.517s] Level 1:colcon.colcon_core.package_identification:_identify(src/DynamixelSDK/java/dynamixel_functions_java/x86) by extensions ['colcon_meta']
[0.517s] Level 1:colcon.colcon_core.package_identification:_identify(src/DynamixelSDK/java/dynamixel_functions_java/x86) by extension 'colcon_meta'
[0.517s] Level 1:colcon.colcon_core.package_identification:_identify(src/DynamixelSDK/java/dynamixel_functions_java/x86) by extensions ['ros']
[0.517s] Level 1:colcon.colcon_core.package_identification:_identify(src/DynamixelSDK/java/dynamixel_functions_java/x86) by extension 'ros'
[0.517s] Level 1:colcon.colcon_core.package_identification:_identify(src/DynamixelSDK/java/dynamixel_functions_java/x86) by extensions ['cmake', 'python']
[0.517s] Level 1:colcon.colcon_core.package_identification:_identify(src/DynamixelSDK/java/dynamixel_functions_java/x86) by extension 'cmake'
[0.517s] Level 1:colcon.colcon_core.package_identification:_identify(src/DynamixelSDK/java/dynamixel_functions_java/x86) by extension 'python'
[0.517s] Level 1:colcon.colcon_core.package_identification:_identify(src/DynamixelSDK/java/dynamixel_functions_java/x86) by extensions ['python_setup_py']
[0.517s] Level 1:colcon.colcon_core.package_identification:_identify(src/DynamixelSDK/java/dynamixel_functions_java/x86) by extension 'python_setup_py'
[0.517s] Level 1:colcon.colcon_core.package_identification:_identify(src/DynamixelSDK/java/protocol1.0) by extensions ['ignore', 'ignore_ament_install']
[0.517s] Level 1:colcon.colcon_core.package_identification:_identify(src/DynamixelSDK/java/protocol1.0) by extension 'ignore'
[0.518s] Level 1:colcon.colcon_core.package_identification:_identify(src/DynamixelSDK/java/protocol1.0) by extension 'ignore_ament_install'
[0.518s] Level 1:colcon.colcon_core.package_identification:_identify(src/DynamixelSDK/java/protocol1.0) by extensions ['colcon_pkg']
[0.518s] Level 1:colcon.colcon_core.package_identification:_identify(src/DynamixelSDK/java/protocol1.0) by extension 'colcon_pkg'
[0.518s] Level 1:colcon.colcon_core.package_identification:_identify(src/DynamixelSDK/java/protocol1.0) by extensions ['colcon_meta']
[0.518s] Level 1:colcon.colcon_core.package_identification:_identify(src/DynamixelSDK/java/protocol1.0) by extension 'colcon_meta'
[0.518s] Level 1:colcon.colcon_core.package_identification:_identify(src/DynamixelSDK/java/protocol1.0) by extensions ['ros']
[0.518s] Level 1:colcon.colcon_core.package_identification:_identify(src/DynamixelSDK/java/protocol1.0) by extension 'ros'
[0.518s] Level 1:colcon.colcon_core.package_identification:_identify(src/DynamixelSDK/java/protocol1.0) by extensions ['cmake', 'python']
[0.518s] Level 1:colcon.colcon_core.package_identification:_identify(src/DynamixelSDK/java/protocol1.0) by extension 'cmake'
[0.518s] Level 1:colcon.colcon_core.package_identification:_identify(src/DynamixelSDK/java/protocol1.0) by extension 'python'
[0.518s] Level 1:colcon.colcon_core.package_identification:_identify(src/DynamixelSDK/java/protocol1.0) by extensions ['python_setup_py']
[0.518s] Level 1:colcon.colcon_core.package_identification:_identify(src/DynamixelSDK/java/protocol1.0) by extension 'python_setup_py'
[0.519s] Level 1:colcon.colcon_core.package_identification:_identify(src/DynamixelSDK/java/protocol1.0/bulk_read) by extensions ['ignore', 'ignore_ament_install']
[0.519s] Level 1:colcon.colcon_core.package_identification:_identify(src/DynamixelSDK/java/protocol1.0/bulk_read) by extension 'ignore'
[0.519s] Level 1:colcon.colcon_core.package_identification:_identify(src/DynamixelSDK/java/protocol1.0/bulk_read) by extension 'ignore_ament_install'
[0.519s] Level 1:colcon.colcon_core.package_identification:_identify(src/DynamixelSDK/java/protocol1.0/bulk_read) by extensions ['colcon_pkg']
[0.519s] Level 1:colcon.colcon_core.package_identification:_identify(src/DynamixelSDK/java/protocol1.0/bulk_read) by extension 'colcon_pkg'
[0.519s] Level 1:colcon.colcon_core.package_identification:_identify(src/DynamixelSDK/java/protocol1.0/bulk_read) by extensions ['colcon_meta']
[0.519s] Level 1:colcon.colcon_core.package_identification:_identify(src/DynamixelSDK/java/protocol1.0/bulk_read) by extension 'colcon_meta'
[0.519s] Level 1:colcon.colcon_core.package_identification:_identify(src/DynamixelSDK/java/protocol1.0/bulk_read) by extensions ['ros']
[0.519s] Level 1:colcon.colcon_core.package_identification:_identify(src/DynamixelSDK/java/protocol1.0/bulk_read) by extension 'ros'
[0.519s] Level 1:colcon.colcon_core.package_identification:_identify(src/DynamixelSDK/java/protocol1.0/bulk_read) by extensions ['cmake', 'python']
[0.520s] Level 1:colcon.colcon_core.package_identification:_identify(src/DynamixelSDK/java/protocol1.0/bulk_read) by extension 'cmake'
[0.520s] Level 1:colcon.colcon_core.package_identification:_identify(src/DynamixelSDK/java/protocol1.0/bulk_read) by extension 'python'
[0.520s] Level 1:colcon.colcon_core.package_identification:_identify(src/DynamixelSDK/java/protocol1.0/bulk_read) by extensions ['python_setup_py']
[0.520s] Level 1:colcon.colcon_core.package_identification:_identify(src/DynamixelSDK/java/protocol1.0/bulk_read) by extension 'python_setup_py'
[0.520s] Level 1:colcon.colcon_core.package_identification:_identify(src/DynamixelSDK/java/protocol1.0/multi_port) by extensions ['ignore', 'ignore_ament_install']
[0.520s] Level 1:colcon.colcon_core.package_identification:_identify(src/DynamixelSDK/java/protocol1.0/multi_port) by extension 'ignore'
[0.520s] Level 1:colcon.colcon_core.package_identification:_identify(src/DynamixelSDK/java/protocol1.0/multi_port) by extension 'ignore_ament_install'
[0.520s] Level 1:colcon.colcon_core.package_identification:_identify(src/DynamixelSDK/java/protocol1.0/multi_port) by extensions ['colcon_pkg']
[0.520s] Level 1:colcon.colcon_core.package_identification:_identify(src/DynamixelSDK/java/protocol1.0/multi_port) by extension 'colcon_pkg'
[0.520s] Level 1:colcon.colcon_core.package_identification:_identify(src/DynamixelSDK/java/protocol1.0/multi_port) by extensions ['colcon_meta']
[0.520s] Level 1:colcon.colcon_core.package_identification:_identify(src/DynamixelSDK/java/protocol1.0/multi_port) by extension 'colcon_meta'
[0.520s] Level 1:colcon.colcon_core.package_identification:_identify(src/DynamixelSDK/java/protocol1.0/multi_port) by extensions ['ros']
[0.521s] Level 1:colcon.colcon_core.package_identification:_identify(src/DynamixelSDK/java/protocol1.0/multi_port) by extension 'ros'
[0.521s] Level 1:colcon.colcon_core.package_identification:_identify(src/DynamixelSDK/java/protocol1.0/multi_port) by extensions ['cmake', 'python']
[0.521s] Level 1:colcon.colcon_core.package_identification:_identify(src/DynamixelSDK/java/protocol1.0/multi_port) by extension 'cmake'
[0.521s] Level 1:colcon.colcon_core.package_identification:_identify(src/DynamixelSDK/java/protocol1.0/multi_port) by extension 'python'
[0.521s] Level 1:colcon.colcon_core.package_identification:_identify(src/DynamixelSDK/java/protocol1.0/multi_port) by extensions ['python_setup_py']
[0.521s] Level 1:colcon.colcon_core.package_identification:_identify(src/DynamixelSDK/java/protocol1.0/multi_port) by extension 'python_setup_py'
[0.521s] Level 1:colcon.colcon_core.package_identification:_identify(src/DynamixelSDK/java/protocol1.0/ping) by extensions ['ignore', 'ignore_ament_install']
[0.521s] Level 1:colcon.colcon_core.package_identification:_identify(src/DynamixelSDK/java/protocol1.0/ping) by extension 'ignore'
[0.521s] Level 1:colcon.colcon_core.package_identification:_identify(src/DynamixelSDK/java/protocol1.0/ping) by extension 'ignore_ament_install'
[0.521s] Level 1:colcon.colcon_core.package_identification:_identify(src/DynamixelSDK/java/protocol1.0/ping) by extensions ['colcon_pkg']
[0.521s] Level 1:colcon.colcon_core.package_identification:_identify(src/DynamixelSDK/java/protocol1.0/ping) by extension 'colcon_pkg'
[0.521s] Level 1:colcon.colcon_core.package_identification:_identify(src/DynamixelSDK/java/protocol1.0/ping) by extensions ['colcon_meta']
[0.522s] Level 1:colcon.colcon_core.package_identification:_identify(src/DynamixelSDK/java/protocol1.0/ping) by extension 'colcon_meta'
[0.522s] Level 1:colcon.colcon_core.package_identification:_identify(src/DynamixelSDK/java/protocol1.0/ping) by extensions ['ros']
[0.522s] Level 1:colcon.colcon_core.package_identification:_identify(src/DynamixelSDK/java/protocol1.0/ping) by extension 'ros'
[0.522s] Level 1:colcon.colcon_core.package_identification:_identify(src/DynamixelSDK/java/protocol1.0/ping) by extensions ['cmake', 'python']
[0.522s] Level 1:colcon.colcon_core.package_identification:_identify(src/DynamixelSDK/java/protocol1.0/ping) by extension 'cmake'
[0.522s] Level 1:colcon.colcon_core.package_identification:_identify(src/DynamixelSDK/java/protocol1.0/ping) by extension 'python'
[0.522s] Level 1:colcon.colcon_core.package_identification:_identify(src/DynamixelSDK/java/protocol1.0/ping) by extensions ['python_setup_py']
[0.522s] Level 1:colcon.colcon_core.package_identification:_identify(src/DynamixelSDK/java/protocol1.0/ping) by extension 'python_setup_py'
[0.522s] Level 1:colcon.colcon_core.package_identification:_identify(src/DynamixelSDK/java/protocol1.0/read_write) by extensions ['ignore', 'ignore_ament_install']
[0.522s] Level 1:colcon.colcon_core.package_identification:_identify(src/DynamixelSDK/java/protocol1.0/read_write) by extension 'ignore'
[0.522s] Level 1:colcon.colcon_core.package_identification:_identify(src/DynamixelSDK/java/protocol1.0/read_write) by extension 'ignore_ament_install'
[0.523s] Level 1:colcon.colcon_core.package_identification:_identify(src/DynamixelSDK/java/protocol1.0/read_write) by extensions ['colcon_pkg']
[0.523s] Level 1:colcon.colcon_core.package_identification:_identify(src/DynamixelSDK/java/protocol1.0/read_write) by extension 'colcon_pkg'
[0.523s] Level 1:colcon.colcon_core.package_identification:_identify(src/DynamixelSDK/java/protocol1.0/read_write) by extensions ['colcon_meta']
[0.523s] Level 1:colcon.colcon_core.package_identification:_identify(src/DynamixelSDK/java/protocol1.0/read_write) by extension 'colcon_meta'
[0.523s] Level 1:colcon.colcon_core.package_identification:_identify(src/DynamixelSDK/java/protocol1.0/read_write) by extensions ['ros']
[0.523s] Level 1:colcon.colcon_core.package_identification:_identify(src/DynamixelSDK/java/protocol1.0/read_write) by extension 'ros'
[0.523s] Level 1:colcon.colcon_core.package_identification:_identify(src/DynamixelSDK/java/protocol1.0/read_write) by extensions ['cmake', 'python']
[0.523s] Level 1:colcon.colcon_core.package_identification:_identify(src/DynamixelSDK/java/protocol1.0/read_write) by extension 'cmake'
[0.523s] Level 1:colcon.colcon_core.package_identification:_identify(src/DynamixelSDK/java/protocol1.0/read_write) by extension 'python'
[0.523s] Level 1:colcon.colcon_core.package_identification:_identify(src/DynamixelSDK/java/protocol1.0/read_write) by extensions ['python_setup_py']
[0.523s] Level 1:colcon.colcon_core.package_identification:_identify(src/DynamixelSDK/java/protocol1.0/read_write) by extension 'python_setup_py'
[0.524s] Level 1:colcon.colcon_core.package_identification:_identify(src/DynamixelSDK/java/protocol1.0/reset) by extensions ['ignore', 'ignore_ament_install']
[0.524s] Level 1:colcon.colcon_core.package_identification:_identify(src/DynamixelSDK/java/protocol1.0/reset) by extension 'ignore'
[0.524s] Level 1:colcon.colcon_core.package_identification:_identify(src/DynamixelSDK/java/protocol1.0/reset) by extension 'ignore_ament_install'
[0.524s] Level 1:colcon.colcon_core.package_identification:_identify(src/DynamixelSDK/java/protocol1.0/reset) by extensions ['colcon_pkg']
[0.524s] Level 1:colcon.colcon_core.package_identification:_identify(src/DynamixelSDK/java/protocol1.0/reset) by extension 'colcon_pkg'
[0.524s] Level 1:colcon.colcon_core.package_identification:_identify(src/DynamixelSDK/java/protocol1.0/reset) by extensions ['colcon_meta']
[0.524s] Level 1:colcon.colcon_core.package_identification:_identify(src/DynamixelSDK/java/protocol1.0/reset) by extension 'colcon_meta'
[0.524s] Level 1:colcon.colcon_core.package_identification:_identify(src/DynamixelSDK/java/protocol1.0/reset) by extensions ['ros']
[0.524s] Level 1:colcon.colcon_core.package_identification:_identify(src/DynamixelSDK/java/protocol1.0/reset) by extension 'ros'
[0.524s] Level 1:colcon.colcon_core.package_identification:_identify(src/DynamixelSDK/java/protocol1.0/reset) by extensions ['cmake', 'python']
[0.524s] Level 1:colcon.colcon_core.package_identification:_identify(src/DynamixelSDK/java/protocol1.0/reset) by extension 'cmake'
[0.525s] Level 1:colcon.colcon_core.package_identification:_identify(src/DynamixelSDK/java/protocol1.0/reset) by extension 'python'
[0.525s] Level 1:colcon.colcon_core.package_identification:_identify(src/DynamixelSDK/java/protocol1.0/reset) by extensions ['python_setup_py']
[0.525s] Level 1:colcon.colcon_core.package_identification:_identify(src/DynamixelSDK/java/protocol1.0/reset) by extension 'python_setup_py'
[0.525s] Level 1:colcon.colcon_core.package_identification:_identify(src/DynamixelSDK/java/protocol1.0/sync_write) by extensions ['ignore', 'ignore_ament_install']
[0.525s] Level 1:colcon.colcon_core.package_identification:_identify(src/DynamixelSDK/java/protocol1.0/sync_write) by extension 'ignore'
[0.525s] Level 1:colcon.colcon_core.package_identification:_identify(src/DynamixelSDK/java/protocol1.0/sync_write) by extension 'ignore_ament_install'
[0.525s] Level 1:colcon.colcon_core.package_identification:_identify(src/DynamixelSDK/java/protocol1.0/sync_write) by extensions ['colcon_pkg']
[0.525s] Level 1:colcon.colcon_core.package_identification:_identify(src/DynamixelSDK/java/protocol1.0/sync_write) by extension 'colcon_pkg'
[0.525s] Level 1:colcon.colcon_core.package_identification:_identify(src/DynamixelSDK/java/protocol1.0/sync_write) by extensions ['colcon_meta']
[0.525s] Level 1:colcon.colcon_core.package_identification:_identify(src/DynamixelSDK/java/protocol1.0/sync_write) by extension 'colcon_meta'
[0.525s] Level 1:colcon.colcon_core.package_identification:_identify(src/DynamixelSDK/java/protocol1.0/sync_write) by extensions ['ros']
[0.526s] Level 1:colcon.colcon_core.package_identification:_identify(src/DynamixelSDK/java/protocol1.0/sync_write) by extension 'ros'
[0.526s] Level 1:colcon.colcon_core.package_identification:_identify(src/DynamixelSDK/java/protocol1.0/sync_write) by extensions ['cmake', 'python']
[0.526s] Level 1:colcon.colcon_core.package_identification:_identify(src/DynamixelSDK/java/protocol1.0/sync_write) by extension 'cmake'
[0.526s] Level 1:colcon.colcon_core.package_identification:_identify(src/DynamixelSDK/java/protocol1.0/sync_write) by extension 'python'
[0.526s] Level 1:colcon.colcon_core.package_identification:_identify(src/DynamixelSDK/java/protocol1.0/sync_write) by extensions ['python_setup_py']
[0.526s] Level 1:colcon.colcon_core.package_identification:_identify(src/DynamixelSDK/java/protocol1.0/sync_write) by extension 'python_setup_py'
[0.526s] Level 1:colcon.colcon_core.package_identification:_identify(src/DynamixelSDK/java/protocol2.0) by extensions ['ignore', 'ignore_ament_install']
[0.526s] Level 1:colcon.colcon_core.package_identification:_identify(src/DynamixelSDK/java/protocol2.0) by extension 'ignore'
[0.526s] Level 1:colcon.colcon_core.package_identification:_identify(src/DynamixelSDK/java/protocol2.0) by extension 'ignore_ament_install'
[0.526s] Level 1:colcon.colcon_core.package_identification:_identify(src/DynamixelSDK/java/protocol2.0) by extensions ['colcon_pkg']
[0.526s] Level 1:colcon.colcon_core.package_identification:_identify(src/DynamixelSDK/java/protocol2.0) by extension 'colcon_pkg'
[0.527s] Level 1:colcon.colcon_core.package_identification:_identify(src/DynamixelSDK/java/protocol2.0) by extensions ['colcon_meta']
[0.527s] Level 1:colcon.colcon_core.package_identification:_identify(src/DynamixelSDK/java/protocol2.0) by extension 'colcon_meta'
[0.527s] Level 1:colcon.colcon_core.package_identification:_identify(src/DynamixelSDK/java/protocol2.0) by extensions ['ros']
[0.527s] Level 1:colcon.colcon_core.package_identification:_identify(src/DynamixelSDK/java/protocol2.0) by extension 'ros'
[0.527s] Level 1:colcon.colcon_core.package_identification:_identify(src/DynamixelSDK/java/protocol2.0) by extensions ['cmake', 'python']
[0.527s] Level 1:colcon.colcon_core.package_identification:_identify(src/DynamixelSDK/java/protocol2.0) by extension 'cmake'
[0.527s] Level 1:colcon.colcon_core.package_identification:_identify(src/DynamixelSDK/java/protocol2.0) by extension 'python'
[0.527s] Level 1:colcon.colcon_core.package_identification:_identify(src/DynamixelSDK/java/protocol2.0) by extensions ['python_setup_py']
[0.527s] Level 1:colcon.colcon_core.package_identification:_identify(src/DynamixelSDK/java/protocol2.0) by extension 'python_setup_py'
[0.527s] Level 1:colcon.colcon_core.package_identification:_identify(src/DynamixelSDK/java/protocol2.0/broadcast_ping) by extensions ['ignore', 'ignore_ament_install']
[0.527s] Level 1:colcon.colcon_core.package_identification:_identify(src/DynamixelSDK/java/protocol2.0/broadcast_ping) by extension 'ignore'
[0.527s] Level 1:colcon.colcon_core.package_identification:_identify(src/DynamixelSDK/java/protocol2.0/broadcast_ping) by extension 'ignore_ament_install'
[0.528s] Level 1:colcon.colcon_core.package_identification:_identify(src/DynamixelSDK/java/protocol2.0/broadcast_ping) by extensions ['colcon_pkg']
[0.528s] Level 1:colcon.colcon_core.package_identification:_identify(src/DynamixelSDK/java/protocol2.0/broadcast_ping) by extension 'colcon_pkg'
[0.528s] Level 1:colcon.colcon_core.package_identification:_identify(src/DynamixelSDK/java/protocol2.0/broadcast_ping) by extensions ['colcon_meta']
[0.528s] Level 1:colcon.colcon_core.package_identification:_identify(src/DynamixelSDK/java/protocol2.0/broadcast_ping) by extension 'colcon_meta'
[0.528s] Level 1:colcon.colcon_core.package_identification:_identify(src/DynamixelSDK/java/protocol2.0/broadcast_ping) by extensions ['ros']
[0.528s] Level 1:colcon.colcon_core.package_identification:_identify(src/DynamixelSDK/java/protocol2.0/broadcast_ping) by extension 'ros'
[0.528s] Level 1:colcon.colcon_core.package_identification:_identify(src/DynamixelSDK/java/protocol2.0/broadcast_ping) by extensions ['cmake', 'python']
[0.528s] Level 1:colcon.colcon_core.package_identification:_identify(src/DynamixelSDK/java/protocol2.0/broadcast_ping) by extension 'cmake'
[0.528s] Level 1:colcon.colcon_core.package_identification:_identify(src/DynamixelSDK/java/protocol2.0/broadcast_ping) by extension 'python'
[0.528s] Level 1:colcon.colcon_core.package_identification:_identify(src/DynamixelSDK/java/protocol2.0/broadcast_ping) by extensions ['python_setup_py']
[0.528s] Level 1:colcon.colcon_core.package_identification:_identify(src/DynamixelSDK/java/protocol2.0/broadcast_ping) by extension 'python_setup_py'
[0.528s] Level 1:colcon.colcon_core.package_identification:_identify(src/DynamixelSDK/java/protocol2.0/bulk_read_write) by extensions ['ignore', 'ignore_ament_install']
[0.528s] Level 1:colcon.colcon_core.package_identification:_identify(src/DynamixelSDK/java/protocol2.0/bulk_read_write) by extension 'ignore'
[0.529s] Level 1:colcon.colcon_core.package_identification:_identify(src/DynamixelSDK/java/protocol2.0/bulk_read_write) by extension 'ignore_ament_install'
[0.529s] Level 1:colcon.colcon_core.package_identification:_identify(src/DynamixelSDK/java/protocol2.0/bulk_read_write) by extensions ['colcon_pkg']
[0.529s] Level 1:colcon.colcon_core.package_identification:_identify(src/DynamixelSDK/java/protocol2.0/bulk_read_write) by extension 'colcon_pkg'
[0.529s] Level 1:colcon.colcon_core.package_identification:_identify(src/DynamixelSDK/java/protocol2.0/bulk_read_write) by extensions ['colcon_meta']
[0.529s] Level 1:colcon.colcon_core.package_identification:_identify(src/DynamixelSDK/java/protocol2.0/bulk_read_write) by extension 'colcon_meta'
[0.529s] Level 1:colcon.colcon_core.package_identification:_identify(src/DynamixelSDK/java/protocol2.0/bulk_read_write) by extensions ['ros']
[0.529s] Level 1:colcon.colcon_core.package_identification:_identify(src/DynamixelSDK/java/protocol2.0/bulk_read_write) by extension 'ros'
[0.529s] Level 1:colcon.colcon_core.package_identification:_identify(src/DynamixelSDK/java/protocol2.0/bulk_read_write) by extensions ['cmake', 'python']
[0.529s] Level 1:colcon.colcon_core.package_identification:_identify(src/DynamixelSDK/java/protocol2.0/bulk_read_write) by extension 'cmake'
[0.529s] Level 1:colcon.colcon_core.package_identification:_identify(src/DynamixelSDK/java/protocol2.0/bulk_read_write) by extension 'python'
[0.529s] Level 1:colcon.colcon_core.package_identification:_identify(src/DynamixelSDK/java/protocol2.0/bulk_read_write) by extensions ['python_setup_py']
[0.529s] Level 1:colcon.colcon_core.package_identification:_identify(src/DynamixelSDK/java/protocol2.0/bulk_read_write) by extension 'python_setup_py'
[0.530s] Level 1:colcon.colcon_core.package_identification:_identify(src/DynamixelSDK/java/protocol2.0/clear_multi_turn) by extensions ['ignore', 'ignore_ament_install']
[0.530s] Level 1:colcon.colcon_core.package_identification:_identify(src/DynamixelSDK/java/protocol2.0/clear_multi_turn) by extension 'ignore'
[0.530s] Level 1:colcon.colcon_core.package_identification:_identify(src/DynamixelSDK/java/protocol2.0/clear_multi_turn) by extension 'ignore_ament_install'
[0.530s] Level 1:colcon.colcon_core.package_identification:_identify(src/DynamixelSDK/java/protocol2.0/clear_multi_turn) by extensions ['colcon_pkg']
[0.530s] Level 1:colcon.colcon_core.package_identification:_identify(src/DynamixelSDK/java/protocol2.0/clear_multi_turn) by extension 'colcon_pkg'
[0.530s] Level 1:colcon.colcon_core.package_identification:_identify(src/DynamixelSDK/java/protocol2.0/clear_multi_turn) by extensions ['colcon_meta']
[0.530s] Level 1:colcon.colcon_core.package_identification:_identify(src/DynamixelSDK/java/protocol2.0/clear_multi_turn) by extension 'colcon_meta'
[0.530s] Level 1:colcon.colcon_core.package_identification:_identify(src/DynamixelSDK/java/protocol2.0/clear_multi_turn) by extensions ['ros']
[0.530s] Level 1:colcon.colcon_core.package_identification:_identify(src/DynamixelSDK/java/protocol2.0/clear_multi_turn) by extension 'ros'
[0.530s] Level 1:colcon.colcon_core.package_identification:_identify(src/DynamixelSDK/java/protocol2.0/clear_multi_turn) by extensions ['cmake', 'python']
[0.530s] Level 1:colcon.colcon_core.package_identification:_identify(src/DynamixelSDK/java/protocol2.0/clear_multi_turn) by extension 'cmake'
[0.531s] Level 1:colcon.colcon_core.package_identification:_identify(src/DynamixelSDK/java/protocol2.0/clear_multi_turn) by extension 'python'
[0.531s] Level 1:colcon.colcon_core.package_identification:_identify(src/DynamixelSDK/java/protocol2.0/clear_multi_turn) by extensions ['python_setup_py']
[0.531s] Level 1:colcon.colcon_core.package_identification:_identify(src/DynamixelSDK/java/protocol2.0/clear_multi_turn) by extension 'python_setup_py'
[0.531s] Level 1:colcon.colcon_core.package_identification:_identify(src/DynamixelSDK/java/protocol2.0/factory_reset) by extensions ['ignore', 'ignore_ament_install']
[0.531s] Level 1:colcon.colcon_core.package_identification:_identify(src/DynamixelSDK/java/protocol2.0/factory_reset) by extension 'ignore'
[0.531s] Level 1:colcon.colcon_core.package_identification:_identify(src/DynamixelSDK/java/protocol2.0/factory_reset) by extension 'ignore_ament_install'
[0.531s] Level 1:colcon.colcon_core.package_identification:_identify(src/DynamixelSDK/java/protocol2.0/factory_reset) by extensions ['colcon_pkg']
[0.531s] Level 1:colcon.colcon_core.package_identification:_identify(src/DynamixelSDK/java/protocol2.0/factory_reset) by extension 'colcon_pkg'
[0.531s] Level 1:colcon.colcon_core.package_identification:_identify(src/DynamixelSDK/java/protocol2.0/factory_reset) by extensions ['colcon_meta']
[0.531s] Level 1:colcon.colcon_core.package_identification:_identify(src/DynamixelSDK/java/protocol2.0/factory_reset) by extension 'colcon_meta'
[0.532s] Level 1:colcon.colcon_core.package_identification:_identify(src/DynamixelSDK/java/protocol2.0/factory_reset) by extensions ['ros']
[0.532s] Level 1:colcon.colcon_core.package_identification:_identify(src/DynamixelSDK/java/protocol2.0/factory_reset) by extension 'ros'
[0.532s] Level 1:colcon.colcon_core.package_identification:_identify(src/DynamixelSDK/java/protocol2.0/factory_reset) by extensions ['cmake', 'python']
[0.532s] Level 1:colcon.colcon_core.package_identification:_identify(src/DynamixelSDK/java/protocol2.0/factory_reset) by extension 'cmake'
[0.532s] Level 1:colcon.colcon_core.package_identification:_identify(src/DynamixelSDK/java/protocol2.0/factory_reset) by extension 'python'
[0.532s] Level 1:colcon.colcon_core.package_identification:_identify(src/DynamixelSDK/java/protocol2.0/factory_reset) by extensions ['python_setup_py']
[0.532s] Level 1:colcon.colcon_core.package_identification:_identify(src/DynamixelSDK/java/protocol2.0/factory_reset) by extension 'python_setup_py'
[0.532s] Level 1:colcon.colcon_core.package_identification:_identify(src/DynamixelSDK/java/protocol2.0/indirect_address) by extensions ['ignore', 'ignore_ament_install']
[0.532s] Level 1:colcon.colcon_core.package_identification:_identify(src/DynamixelSDK/java/protocol2.0/indirect_address) by extension 'ignore'
[0.532s] Level 1:colcon.colcon_core.package_identification:_identify(src/DynamixelSDK/java/protocol2.0/indirect_address) by extension 'ignore_ament_install'
[0.532s] Level 1:colcon.colcon_core.package_identification:_identify(src/DynamixelSDK/java/protocol2.0/indirect_address) by extensions ['colcon_pkg']
[0.533s] Level 1:colcon.colcon_core.package_identification:_identify(src/DynamixelSDK/java/protocol2.0/indirect_address) by extension 'colcon_pkg'
[0.533s] Level 1:colcon.colcon_core.package_identification:_identify(src/DynamixelSDK/java/protocol2.0/indirect_address) by extensions ['colcon_meta']
[0.533s] Level 1:colcon.colcon_core.package_identification:_identify(src/DynamixelSDK/java/protocol2.0/indirect_address) by extension 'colcon_meta'
[0.533s] Level 1:colcon.colcon_core.package_identification:_identify(src/DynamixelSDK/java/protocol2.0/indirect_address) by extensions ['ros']
[0.533s] Level 1:colcon.colcon_core.package_identification:_identify(src/DynamixelSDK/java/protocol2.0/indirect_address) by extension 'ros'
[0.533s] Level 1:colcon.colcon_core.package_identification:_identify(src/DynamixelSDK/java/protocol2.0/indirect_address) by extensions ['cmake', 'python']
[0.533s] Level 1:colcon.colcon_core.package_identification:_identify(src/DynamixelSDK/java/protocol2.0/indirect_address) by extension 'cmake'
[0.533s] Level 1:colcon.colcon_core.package_identification:_identify(src/DynamixelSDK/java/protocol2.0/indirect_address) by extension 'python'
[0.533s] Level 1:colcon.colcon_core.package_identification:_identify(src/DynamixelSDK/java/protocol2.0/indirect_address) by extensions ['python_setup_py']
[0.533s] Level 1:colcon.colcon_core.package_identification:_identify(src/DynamixelSDK/java/protocol2.0/indirect_address) by extension 'python_setup_py'
[0.533s] Level 1:colcon.colcon_core.package_identification:_identify(src/DynamixelSDK/java/protocol2.0/multi_port) by extensions ['ignore', 'ignore_ament_install']
[0.533s] Level 1:colcon.colcon_core.package_identification:_identify(src/DynamixelSDK/java/protocol2.0/multi_port) by extension 'ignore'
[0.533s] Level 1:colcon.colcon_core.package_identification:_identify(src/DynamixelSDK/java/protocol2.0/multi_port) by extension 'ignore_ament_install'
[0.534s] Level 1:colcon.colcon_core.package_identification:_identify(src/DynamixelSDK/java/protocol2.0/multi_port) by extensions ['colcon_pkg']
[0.534s] Level 1:colcon.colcon_core.package_identification:_identify(src/DynamixelSDK/java/protocol2.0/multi_port) by extension 'colcon_pkg'
[0.534s] Level 1:colcon.colcon_core.package_identification:_identify(src/DynamixelSDK/java/protocol2.0/multi_port) by extensions ['colcon_meta']
[0.534s] Level 1:colcon.colcon_core.package_identification:_identify(src/DynamixelSDK/java/protocol2.0/multi_port) by extension 'colcon_meta'
[0.534s] Level 1:colcon.colcon_core.package_identification:_identify(src/DynamixelSDK/java/protocol2.0/multi_port) by extensions ['ros']
[0.534s] Level 1:colcon.colcon_core.package_identification:_identify(src/DynamixelSDK/java/protocol2.0/multi_port) by extension 'ros'
[0.534s] Level 1:colcon.colcon_core.package_identification:_identify(src/DynamixelSDK/java/protocol2.0/multi_port) by extensions ['cmake', 'python']
[0.534s] Level 1:colcon.colcon_core.package_identification:_identify(src/DynamixelSDK/java/protocol2.0/multi_port) by extension 'cmake'
[0.534s] Level 1:colcon.colcon_core.package_identification:_identify(src/DynamixelSDK/java/protocol2.0/multi_port) by extension 'python'
[0.534s] Level 1:colcon.colcon_core.package_identification:_identify(src/DynamixelSDK/java/protocol2.0/multi_port) by extensions ['python_setup_py']
[0.534s] Level 1:colcon.colcon_core.package_identification:_identify(src/DynamixelSDK/java/protocol2.0/multi_port) by extension 'python_setup_py'
[0.534s] Level 1:colcon.colcon_core.package_identification:_identify(src/DynamixelSDK/java/protocol2.0/ping) by extensions ['ignore', 'ignore_ament_install']
[0.535s] Level 1:colcon.colcon_core.package_identification:_identify(src/DynamixelSDK/java/protocol2.0/ping) by extension 'ignore'
[0.535s] Level 1:colcon.colcon_core.package_identification:_identify(src/DynamixelSDK/java/protocol2.0/ping) by extension 'ignore_ament_install'
[0.535s] Level 1:colcon.colcon_core.package_identification:_identify(src/DynamixelSDK/java/protocol2.0/ping) by extensions ['colcon_pkg']
[0.535s] Level 1:colcon.colcon_core.package_identification:_identify(src/DynamixelSDK/java/protocol2.0/ping) by extension 'colcon_pkg'
[0.535s] Level 1:colcon.colcon_core.package_identification:_identify(src/DynamixelSDK/java/protocol2.0/ping) by extensions ['colcon_meta']
[0.535s] Level 1:colcon.colcon_core.package_identification:_identify(src/DynamixelSDK/java/protocol2.0/ping) by extension 'colcon_meta'
[0.535s] Level 1:colcon.colcon_core.package_identification:_identify(src/DynamixelSDK/java/protocol2.0/ping) by extensions ['ros']
[0.535s] Level 1:colcon.colcon_core.package_identification:_identify(src/DynamixelSDK/java/protocol2.0/ping) by extension 'ros'
[0.535s] Level 1:colcon.colcon_core.package_identification:_identify(src/DynamixelSDK/java/protocol2.0/ping) by extensions ['cmake', 'python']
[0.535s] Level 1:colcon.colcon_core.package_identification:_identify(src/DynamixelSDK/java/protocol2.0/ping) by extension 'cmake'
[0.535s] Level 1:colcon.colcon_core.package_identification:_identify(src/DynamixelSDK/java/protocol2.0/ping) by extension 'python'
[0.535s] Level 1:colcon.colcon_core.package_identification:_identify(src/DynamixelSDK/java/protocol2.0/ping) by extensions ['python_setup_py']
[0.536s] Level 1:colcon.colcon_core.package_identification:_identify(src/DynamixelSDK/java/protocol2.0/ping) by extension 'python_setup_py'
[0.536s] Level 1:colcon.colcon_core.package_identification:_identify(src/DynamixelSDK/java/protocol2.0/read_write) by extensions ['ignore', 'ignore_ament_install']
[0.536s] Level 1:colcon.colcon_core.package_identification:_identify(src/DynamixelSDK/java/protocol2.0/read_write) by extension 'ignore'
[0.536s] Level 1:colcon.colcon_core.package_identification:_identify(src/DynamixelSDK/java/protocol2.0/read_write) by extension 'ignore_ament_install'
[0.536s] Level 1:colcon.colcon_core.package_identification:_identify(src/DynamixelSDK/java/protocol2.0/read_write) by extensions ['colcon_pkg']
[0.536s] Level 1:colcon.colcon_core.package_identification:_identify(src/DynamixelSDK/java/protocol2.0/read_write) by extension 'colcon_pkg'
[0.536s] Level 1:colcon.colcon_core.package_identification:_identify(src/DynamixelSDK/java/protocol2.0/read_write) by extensions ['colcon_meta']
[0.536s] Level 1:colcon.colcon_core.package_identification:_identify(src/DynamixelSDK/java/protocol2.0/read_write) by extension 'colcon_meta'
[0.536s] Level 1:colcon.colcon_core.package_identification:_identify(src/DynamixelSDK/java/protocol2.0/read_write) by extensions ['ros']
[0.536s] Level 1:colcon.colcon_core.package_identification:_identify(src/DynamixelSDK/java/protocol2.0/read_write) by extension 'ros'
[0.537s] Level 1:colcon.colcon_core.package_identification:_identify(src/DynamixelSDK/java/protocol2.0/read_write) by extensions ['cmake', 'python']
[0.537s] Level 1:colcon.colcon_core.package_identification:_identify(src/DynamixelSDK/java/protocol2.0/read_write) by extension 'cmake'
[0.537s] Level 1:colcon.colcon_core.package_identification:_identify(src/DynamixelSDK/java/protocol2.0/read_write) by extension 'python'
[0.537s] Level 1:colcon.colcon_core.package_identification:_identify(src/DynamixelSDK/java/protocol2.0/read_write) by extensions ['python_setup_py']
[0.537s] Level 1:colcon.colcon_core.package_identification:_identify(src/DynamixelSDK/java/protocol2.0/read_write) by extension 'python_setup_py'
[0.537s] Level 1:colcon.colcon_core.package_identification:_identify(src/DynamixelSDK/java/protocol2.0/reboot) by extensions ['ignore', 'ignore_ament_install']
[0.537s] Level 1:colcon.colcon_core.package_identification:_identify(src/DynamixelSDK/java/protocol2.0/reboot) by extension 'ignore'
[0.537s] Level 1:colcon.colcon_core.package_identification:_identify(src/DynamixelSDK/java/protocol2.0/reboot) by extension 'ignore_ament_install'
[0.537s] Level 1:colcon.colcon_core.package_identification:_identify(src/DynamixelSDK/java/protocol2.0/reboot) by extensions ['colcon_pkg']
[0.537s] Level 1:colcon.colcon_core.package_identification:_identify(src/DynamixelSDK/java/protocol2.0/reboot) by extension 'colcon_pkg'
[0.538s] Level 1:colcon.colcon_core.package_identification:_identify(src/DynamixelSDK/java/protocol2.0/reboot) by extensions ['colcon_meta']
[0.538s] Level 1:colcon.colcon_core.package_identification:_identify(src/DynamixelSDK/java/protocol2.0/reboot) by extension 'colcon_meta'
[0.538s] Level 1:colcon.colcon_core.package_identification:_identify(src/DynamixelSDK/java/protocol2.0/reboot) by extensions ['ros']
[0.538s] Level 1:colcon.colcon_core.package_identification:_identify(src/DynamixelSDK/java/protocol2.0/reboot) by extension 'ros'
[0.538s] Level 1:colcon.colcon_core.package_identification:_identify(src/DynamixelSDK/java/protocol2.0/reboot) by extensions ['cmake', 'python']
[0.538s] Level 1:colcon.colcon_core.package_identification:_identify(src/DynamixelSDK/java/protocol2.0/reboot) by extension 'cmake'
[0.538s] Level 1:colcon.colcon_core.package_identification:_identify(src/DynamixelSDK/java/protocol2.0/reboot) by extension 'python'
[0.538s] Level 1:colcon.colcon_core.package_identification:_identify(src/DynamixelSDK/java/protocol2.0/reboot) by extensions ['python_setup_py']
[0.538s] Level 1:colcon.colcon_core.package_identification:_identify(src/DynamixelSDK/java/protocol2.0/reboot) by extension 'python_setup_py'
[0.538s] Level 1:colcon.colcon_core.package_identification:_identify(src/DynamixelSDK/java/protocol2.0/sync_read_write) by extensions ['ignore', 'ignore_ament_install']
[0.538s] Level 1:colcon.colcon_core.package_identification:_identify(src/DynamixelSDK/java/protocol2.0/sync_read_write) by extension 'ignore'
[0.539s] Level 1:colcon.colcon_core.package_identification:_identify(src/DynamixelSDK/java/protocol2.0/sync_read_write) by extension 'ignore_ament_install'
[0.539s] Level 1:colcon.colcon_core.package_identification:_identify(src/DynamixelSDK/java/protocol2.0/sync_read_write) by extensions ['colcon_pkg']
[0.539s] Level 1:colcon.colcon_core.package_identification:_identify(src/DynamixelSDK/java/protocol2.0/sync_read_write) by extension 'colcon_pkg'
[0.539s] Level 1:colcon.colcon_core.package_identification:_identify(src/DynamixelSDK/java/protocol2.0/sync_read_write) by extensions ['colcon_meta']
[0.539s] Level 1:colcon.colcon_core.package_identification:_identify(src/DynamixelSDK/java/protocol2.0/sync_read_write) by extension 'colcon_meta'
[0.539s] Level 1:colcon.colcon_core.package_identification:_identify(src/DynamixelSDK/java/protocol2.0/sync_read_write) by extensions ['ros']
[0.539s] Level 1:colcon.colcon_core.package_identification:_identify(src/DynamixelSDK/java/protocol2.0/sync_read_write) by extension 'ros'
[0.539s] Level 1:colcon.colcon_core.package_identification:_identify(src/DynamixelSDK/java/protocol2.0/sync_read_write) by extensions ['cmake', 'python']
[0.539s] Level 1:colcon.colcon_core.package_identification:_identify(src/DynamixelSDK/java/protocol2.0/sync_read_write) by extension 'cmake'
[0.539s] Level 1:colcon.colcon_core.package_identification:_identify(src/DynamixelSDK/java/protocol2.0/sync_read_write) by extension 'python'
[0.539s] Level 1:colcon.colcon_core.package_identification:_identify(src/DynamixelSDK/java/protocol2.0/sync_read_write) by extensions ['python_setup_py']
[0.539s] Level 1:colcon.colcon_core.package_identification:_identify(src/DynamixelSDK/java/protocol2.0/sync_read_write) by extension 'python_setup_py'
[0.540s] Level 1:colcon.colcon_core.package_identification:_identify(src/DynamixelSDK/java/protocol_combined) by extensions ['ignore', 'ignore_ament_install']
[0.540s] Level 1:colcon.colcon_core.package_identification:_identify(src/DynamixelSDK/java/protocol_combined) by extension 'ignore'
[0.540s] Level 1:colcon.colcon_core.package_identification:_identify(src/DynamixelSDK/java/protocol_combined) by extension 'ignore_ament_install'
[0.540s] Level 1:colcon.colcon_core.package_identification:_identify(src/DynamixelSDK/java/protocol_combined) by extensions ['colcon_pkg']
[0.540s] Level 1:colcon.colcon_core.package_identification:_identify(src/DynamixelSDK/java/protocol_combined) by extension 'colcon_pkg'
[0.540s] Level 1:colcon.colcon_core.package_identification:_identify(src/DynamixelSDK/java/protocol_combined) by extensions ['colcon_meta']
[0.540s] Level 1:colcon.colcon_core.package_identification:_identify(src/DynamixelSDK/java/protocol_combined) by extension 'colcon_meta'
[0.540s] Level 1:colcon.colcon_core.package_identification:_identify(src/DynamixelSDK/java/protocol_combined) by extensions ['ros']
[0.540s] Level 1:colcon.colcon_core.package_identification:_identify(src/DynamixelSDK/java/protocol_combined) by extension 'ros'
[0.540s] Level 1:colcon.colcon_core.package_identification:_identify(src/DynamixelSDK/java/protocol_combined) by extensions ['cmake', 'python']
[0.540s] Level 1:colcon.colcon_core.package_identification:_identify(src/DynamixelSDK/java/protocol_combined) by extension 'cmake'
[0.541s] Level 1:colcon.colcon_core.package_identification:_identify(src/DynamixelSDK/java/protocol_combined) by extension 'python'
[0.541s] Level 1:colcon.colcon_core.package_identification:_identify(src/DynamixelSDK/java/protocol_combined) by extensions ['python_setup_py']
[0.541s] Level 1:colcon.colcon_core.package_identification:_identify(src/DynamixelSDK/java/protocol_combined) by extension 'python_setup_py'
[0.541s] Level 1:colcon.colcon_core.package_identification:_identify(src/DynamixelSDK/labview) by extensions ['ignore', 'ignore_ament_install']
[0.541s] Level 1:colcon.colcon_core.package_identification:_identify(src/DynamixelSDK/labview) by extension 'ignore'
[0.541s] Level 1:colcon.colcon_core.package_identification:_identify(src/DynamixelSDK/labview) by extension 'ignore_ament_install'
[0.541s] Level 1:colcon.colcon_core.package_identification:_identify(src/DynamixelSDK/labview) by extensions ['colcon_pkg']
[0.541s] Level 1:colcon.colcon_core.package_identification:_identify(src/DynamixelSDK/labview) by extension 'colcon_pkg'
[0.541s] Level 1:colcon.colcon_core.package_identification:_identify(src/DynamixelSDK/labview) by extensions ['colcon_meta']
[0.541s] Level 1:colcon.colcon_core.package_identification:_identify(src/DynamixelSDK/labview) by extension 'colcon_meta'
[0.541s] Level 1:colcon.colcon_core.package_identification:_identify(src/DynamixelSDK/labview) by extensions ['ros']
[0.541s] Level 1:colcon.colcon_core.package_identification:_identify(src/DynamixelSDK/labview) by extension 'ros'
[0.542s] Level 1:colcon.colcon_core.package_identification:_identify(src/DynamixelSDK/labview) by extensions ['cmake', 'python']
[0.542s] Level 1:colcon.colcon_core.package_identification:_identify(src/DynamixelSDK/labview) by extension 'cmake'
[0.542s] Level 1:colcon.colcon_core.package_identification:_identify(src/DynamixelSDK/labview) by extension 'python'
[0.542s] Level 1:colcon.colcon_core.package_identification:_identify(src/DynamixelSDK/labview) by extensions ['python_setup_py']
[0.542s] Level 1:colcon.colcon_core.package_identification:_identify(src/DynamixelSDK/labview) by extension 'python_setup_py'
[0.542s] Level 1:colcon.colcon_core.package_identification:_identify(src/DynamixelSDK/labview/dxl_x86_c.lvlib) by extensions ['ignore', 'ignore_ament_install']
[0.542s] Level 1:colcon.colcon_core.package_identification:_identify(src/DynamixelSDK/labview/dxl_x86_c.lvlib) by extension 'ignore'
[0.542s] Level 1:colcon.colcon_core.package_identification:_identify(src/DynamixelSDK/labview/dxl_x86_c.lvlib) by extension 'ignore_ament_install'
[0.542s] Level 1:colcon.colcon_core.package_identification:_identify(src/DynamixelSDK/labview/dxl_x86_c.lvlib) by extensions ['colcon_pkg']
[0.542s] Level 1:colcon.colcon_core.package_identification:_identify(src/DynamixelSDK/labview/dxl_x86_c.lvlib) by extension 'colcon_pkg'
[0.542s] Level 1:colcon.colcon_core.package_identification:_identify(src/DynamixelSDK/labview/dxl_x86_c.lvlib) by extensions ['colcon_meta']
[0.542s] Level 1:colcon.colcon_core.package_identification:_identify(src/DynamixelSDK/labview/dxl_x86_c.lvlib) by extension 'colcon_meta'
[0.543s] Level 1:colcon.colcon_core.package_identification:_identify(src/DynamixelSDK/labview/dxl_x86_c.lvlib) by extensions ['ros']
[0.543s] Level 1:colcon.colcon_core.package_identification:_identify(src/DynamixelSDK/labview/dxl_x86_c.lvlib) by extension 'ros'
[0.543s] Level 1:colcon.colcon_core.package_identification:_identify(src/DynamixelSDK/labview/dxl_x86_c.lvlib) by extensions ['cmake', 'python']
[0.543s] Level 1:colcon.colcon_core.package_identification:_identify(src/DynamixelSDK/labview/dxl_x86_c.lvlib) by extension 'cmake'
[0.543s] Level 1:colcon.colcon_core.package_identification:_identify(src/DynamixelSDK/labview/dxl_x86_c.lvlib) by extension 'python'
[0.543s] Level 1:colcon.colcon_core.package_identification:_identify(src/DynamixelSDK/labview/dxl_x86_c.lvlib) by extensions ['python_setup_py']
[0.543s] Level 1:colcon.colcon_core.package_identification:_identify(src/DynamixelSDK/labview/dxl_x86_c.lvlib) by extension 'python_setup_py'
[0.543s] Level 1:colcon.colcon_core.package_identification:_identify(src/DynamixelSDK/labview/dxl_x86_c.lvlib/VIs) by extensions ['ignore', 'ignore_ament_install']
[0.543s] Level 1:colcon.colcon_core.package_identification:_identify(src/DynamixelSDK/labview/dxl_x86_c.lvlib/VIs) by extension 'ignore'
[0.543s] Level 1:colcon.colcon_core.package_identification:_identify(src/DynamixelSDK/labview/dxl_x86_c.lvlib/VIs) by extension 'ignore_ament_install'
[0.544s] Level 1:colcon.colcon_core.package_identification:_identify(src/DynamixelSDK/labview/dxl_x86_c.lvlib/VIs) by extensions ['colcon_pkg']
[0.544s] Level 1:colcon.colcon_core.package_identification:_identify(src/DynamixelSDK/labview/dxl_x86_c.lvlib/VIs) by extension 'colcon_pkg'
[0.544s] Level 1:colcon.colcon_core.package_identification:_identify(src/DynamixelSDK/labview/dxl_x86_c.lvlib/VIs) by extensions ['colcon_meta']
[0.544s] Level 1:colcon.colcon_core.package_identification:_identify(src/DynamixelSDK/labview/dxl_x86_c.lvlib/VIs) by extension 'colcon_meta'
[0.544s] Level 1:colcon.colcon_core.package_identification:_identify(src/DynamixelSDK/labview/dxl_x86_c.lvlib/VIs) by extensions ['ros']
[0.544s] Level 1:colcon.colcon_core.package_identification:_identify(src/DynamixelSDK/labview/dxl_x86_c.lvlib/VIs) by extension 'ros'
[0.544s] Level 1:colcon.colcon_core.package_identification:_identify(src/DynamixelSDK/labview/dxl_x86_c.lvlib/VIs) by extensions ['cmake', 'python']
[0.544s] Level 1:colcon.colcon_core.package_identification:_identify(src/DynamixelSDK/labview/dxl_x86_c.lvlib/VIs) by extension 'cmake'
[0.544s] Level 1:colcon.colcon_core.package_identification:_identify(src/DynamixelSDK/labview/dxl_x86_c.lvlib/VIs) by extension 'python'
[0.544s] Level 1:colcon.colcon_core.package_identification:_identify(src/DynamixelSDK/labview/dxl_x86_c.lvlib/VIs) by extensions ['python_setup_py']
[0.544s] Level 1:colcon.colcon_core.package_identification:_identify(src/DynamixelSDK/labview/dxl_x86_c.lvlib/VIs) by extension 'python_setup_py'
[0.545s] Level 1:colcon.colcon_core.package_identification:_identify(src/DynamixelSDK/labview/protocol1.0) by extensions ['ignore', 'ignore_ament_install']
[0.545s] Level 1:colcon.colcon_core.package_identification:_identify(src/DynamixelSDK/labview/protocol1.0) by extension 'ignore'
[0.545s] Level 1:colcon.colcon_core.package_identification:_identify(src/DynamixelSDK/labview/protocol1.0) by extension 'ignore_ament_install'
[0.545s] Level 1:colcon.colcon_core.package_identification:_identify(src/DynamixelSDK/labview/protocol1.0) by extensions ['colcon_pkg']
[0.545s] Level 1:colcon.colcon_core.package_identification:_identify(src/DynamixelSDK/labview/protocol1.0) by extension 'colcon_pkg'
[0.545s] Level 1:colcon.colcon_core.package_identification:_identify(src/DynamixelSDK/labview/protocol1.0) by extensions ['colcon_meta']
[0.545s] Level 1:colcon.colcon_core.package_identification:_identify(src/DynamixelSDK/labview/protocol1.0) by extension 'colcon_meta'
[0.545s] Level 1:colcon.colcon_core.package_identification:_identify(src/DynamixelSDK/labview/protocol1.0) by extensions ['ros']
[0.545s] Level 1:colcon.colcon_core.package_identification:_identify(src/DynamixelSDK/labview/protocol1.0) by extension 'ros'
[0.545s] Level 1:colcon.colcon_core.package_identification:_identify(src/DynamixelSDK/labview/protocol1.0) by extensions ['cmake', 'python']
[0.545s] Level 1:colcon.colcon_core.package_identification:_identify(src/DynamixelSDK/labview/protocol1.0) by extension 'cmake'
[0.546s] Level 1:colcon.colcon_core.package_identification:_identify(src/DynamixelSDK/labview/protocol1.0) by extension 'python'
[0.546s] Level 1:colcon.colcon_core.package_identification:_identify(src/DynamixelSDK/labview/protocol1.0) by extensions ['python_setup_py']
[0.546s] Level 1:colcon.colcon_core.package_identification:_identify(src/DynamixelSDK/labview/protocol1.0) by extension 'python_setup_py'
[0.546s] Level 1:colcon.colcon_core.package_identification:_identify(src/DynamixelSDK/labview/protocol2.0) by extensions ['ignore', 'ignore_ament_install']
[0.546s] Level 1:colcon.colcon_core.package_identification:_identify(src/DynamixelSDK/labview/protocol2.0) by extension 'ignore'
[0.546s] Level 1:colcon.colcon_core.package_identification:_identify(src/DynamixelSDK/labview/protocol2.0) by extension 'ignore_ament_install'
[0.546s] Level 1:colcon.colcon_core.package_identification:_identify(src/DynamixelSDK/labview/protocol2.0) by extensions ['colcon_pkg']
[0.546s] Level 1:colcon.colcon_core.package_identification:_identify(src/DynamixelSDK/labview/protocol2.0) by extension 'colcon_pkg'
[0.546s] Level 1:colcon.colcon_core.package_identification:_identify(src/DynamixelSDK/labview/protocol2.0) by extensions ['colcon_meta']
[0.546s] Level 1:colcon.colcon_core.package_identification:_identify(src/DynamixelSDK/labview/protocol2.0) by extension 'colcon_meta'
[0.547s] Level 1:colcon.colcon_core.package_identification:_identify(src/DynamixelSDK/labview/protocol2.0) by extensions ['ros']
[0.547s] Level 1:colcon.colcon_core.package_identification:_identify(src/DynamixelSDK/labview/protocol2.0) by extension 'ros'
[0.547s] Level 1:colcon.colcon_core.package_identification:_identify(src/DynamixelSDK/labview/protocol2.0) by extensions ['cmake', 'python']
[0.547s] Level 1:colcon.colcon_core.package_identification:_identify(src/DynamixelSDK/labview/protocol2.0) by extension 'cmake'
[0.547s] Level 1:colcon.colcon_core.package_identification:_identify(src/DynamixelSDK/labview/protocol2.0) by extension 'python'
[0.547s] Level 1:colcon.colcon_core.package_identification:_identify(src/DynamixelSDK/labview/protocol2.0) by extensions ['python_setup_py']
[0.547s] Level 1:colcon.colcon_core.package_identification:_identify(src/DynamixelSDK/labview/protocol2.0) by extension 'python_setup_py'
[0.547s] Level 1:colcon.colcon_core.package_identification:_identify(src/DynamixelSDK/labview/protocol_combined) by extensions ['ignore', 'ignore_ament_install']
[0.547s] Level 1:colcon.colcon_core.package_identification:_identify(src/DynamixelSDK/labview/protocol_combined) by extension 'ignore'
[0.547s] Level 1:colcon.colcon_core.package_identification:_identify(src/DynamixelSDK/labview/protocol_combined) by extension 'ignore_ament_install'
[0.547s] Level 1:colcon.colcon_core.package_identification:_identify(src/DynamixelSDK/labview/protocol_combined) by extensions ['colcon_pkg']
[0.548s] Level 1:colcon.colcon_core.package_identification:_identify(src/DynamixelSDK/labview/protocol_combined) by extension 'colcon_pkg'
[0.548s] Level 1:colcon.colcon_core.package_identification:_identify(src/DynamixelSDK/labview/protocol_combined) by extensions ['colcon_meta']
[0.548s] Level 1:colcon.colcon_core.package_identification:_identify(src/DynamixelSDK/labview/protocol_combined) by extension 'colcon_meta'
[0.548s] Level 1:colcon.colcon_core.package_identification:_identify(src/DynamixelSDK/labview/protocol_combined) by extensions ['ros']
[0.548s] Level 1:colcon.colcon_core.package_identification:_identify(src/DynamixelSDK/labview/protocol_combined) by extension 'ros'
[0.548s] Level 1:colcon.colcon_core.package_identification:_identify(src/DynamixelSDK/labview/protocol_combined) by extensions ['cmake', 'python']
[0.548s] Level 1:colcon.colcon_core.package_identification:_identify(src/DynamixelSDK/labview/protocol_combined) by extension 'cmake'
[0.548s] Level 1:colcon.colcon_core.package_identification:_identify(src/DynamixelSDK/labview/protocol_combined) by extension 'python'
[0.548s] Level 1:colcon.colcon_core.package_identification:_identify(src/DynamixelSDK/labview/protocol_combined) by extensions ['python_setup_py']
[0.548s] Level 1:colcon.colcon_core.package_identification:_identify(src/DynamixelSDK/labview/protocol_combined) by extension 'python_setup_py'
[0.548s] Level 1:colcon.colcon_core.package_identification:_identify(src/DynamixelSDK/matlab) by extensions ['ignore', 'ignore_ament_install']
[0.548s] Level 1:colcon.colcon_core.package_identification:_identify(src/DynamixelSDK/matlab) by extension 'ignore'
[0.548s] Level 1:colcon.colcon_core.package_identification:_identify(src/DynamixelSDK/matlab) by extension 'ignore_ament_install'
[0.549s] Level 1:colcon.colcon_core.package_identification:_identify(src/DynamixelSDK/matlab) by extensions ['colcon_pkg']
[0.549s] Level 1:colcon.colcon_core.package_identification:_identify(src/DynamixelSDK/matlab) by extension 'colcon_pkg'
[0.549s] Level 1:colcon.colcon_core.package_identification:_identify(src/DynamixelSDK/matlab) by extensions ['colcon_meta']
[0.549s] Level 1:colcon.colcon_core.package_identification:_identify(src/DynamixelSDK/matlab) by extension 'colcon_meta'
[0.549s] Level 1:colcon.colcon_core.package_identification:_identify(src/DynamixelSDK/matlab) by extensions ['ros']
[0.549s] Level 1:colcon.colcon_core.package_identification:_identify(src/DynamixelSDK/matlab) by extension 'ros'
[0.549s] Level 1:colcon.colcon_core.package_identification:_identify(src/DynamixelSDK/matlab) by extensions ['cmake', 'python']
[0.549s] Level 1:colcon.colcon_core.package_identification:_identify(src/DynamixelSDK/matlab) by extension 'cmake'
[0.549s] Level 1:colcon.colcon_core.package_identification:_identify(src/DynamixelSDK/matlab) by extension 'python'
[0.549s] Level 1:colcon.colcon_core.package_identification:_identify(src/DynamixelSDK/matlab) by extensions ['python_setup_py']
[0.549s] Level 1:colcon.colcon_core.package_identification:_identify(src/DynamixelSDK/matlab) by extension 'python_setup_py'
[0.549s] Level 1:colcon.colcon_core.package_identification:_identify(src/DynamixelSDK/matlab/m_basic_function) by extensions ['ignore', 'ignore_ament_install']
[0.550s] Level 1:colcon.colcon_core.package_identification:_identify(src/DynamixelSDK/matlab/m_basic_function) by extension 'ignore'
[0.550s] Level 1:colcon.colcon_core.package_identification:_identify(src/DynamixelSDK/matlab/m_basic_function) by extension 'ignore_ament_install'
[0.550s] Level 1:colcon.colcon_core.package_identification:_identify(src/DynamixelSDK/matlab/m_basic_function) by extensions ['colcon_pkg']
[0.550s] Level 1:colcon.colcon_core.package_identification:_identify(src/DynamixelSDK/matlab/m_basic_function) by extension 'colcon_pkg'
[0.550s] Level 1:colcon.colcon_core.package_identification:_identify(src/DynamixelSDK/matlab/m_basic_function) by extensions ['colcon_meta']
[0.550s] Level 1:colcon.colcon_core.package_identification:_identify(src/DynamixelSDK/matlab/m_basic_function) by extension 'colcon_meta'
[0.550s] Level 1:colcon.colcon_core.package_identification:_identify(src/DynamixelSDK/matlab/m_basic_function) by extensions ['ros']
[0.550s] Level 1:colcon.colcon_core.package_identification:_identify(src/DynamixelSDK/matlab/m_basic_function) by extension 'ros'
[0.550s] Level 1:colcon.colcon_core.package_identification:_identify(src/DynamixelSDK/matlab/m_basic_function) by extensions ['cmake', 'python']
[0.550s] Level 1:colcon.colcon_core.package_identification:_identify(src/DynamixelSDK/matlab/m_basic_function) by extension 'cmake'
[0.550s] Level 1:colcon.colcon_core.package_identification:_identify(src/DynamixelSDK/matlab/m_basic_function) by extension 'python'
[0.550s] Level 1:colcon.colcon_core.package_identification:_identify(src/DynamixelSDK/matlab/m_basic_function) by extensions ['python_setup_py']
[0.550s] Level 1:colcon.colcon_core.package_identification:_identify(src/DynamixelSDK/matlab/m_basic_function) by extension 'python_setup_py'
[0.551s] Level 1:colcon.colcon_core.package_identification:_identify(src/DynamixelSDK/matlab/m_basic_function/group_bulk_read) by extensions ['ignore', 'ignore_ament_install']
[0.551s] Level 1:colcon.colcon_core.package_identification:_identify(src/DynamixelSDK/matlab/m_basic_function/group_bulk_read) by extension 'ignore'
[0.551s] Level 1:colcon.colcon_core.package_identification:_identify(src/DynamixelSDK/matlab/m_basic_function/group_bulk_read) by extension 'ignore_ament_install'
[0.551s] Level 1:colcon.colcon_core.package_identification:_identify(src/DynamixelSDK/matlab/m_basic_function/group_bulk_read) by extensions ['colcon_pkg']
[0.551s] Level 1:colcon.colcon_core.package_identification:_identify(src/DynamixelSDK/matlab/m_basic_function/group_bulk_read) by extension 'colcon_pkg'
[0.551s] Level 1:colcon.colcon_core.package_identification:_identify(src/DynamixelSDK/matlab/m_basic_function/group_bulk_read) by extensions ['colcon_meta']
[0.551s] Level 1:colcon.colcon_core.package_identification:_identify(src/DynamixelSDK/matlab/m_basic_function/group_bulk_read) by extension 'colcon_meta'
[0.551s] Level 1:colcon.colcon_core.package_identification:_identify(src/DynamixelSDK/matlab/m_basic_function/group_bulk_read) by extensions ['ros']
[0.551s] Level 1:colcon.colcon_core.package_identification:_identify(src/DynamixelSDK/matlab/m_basic_function/group_bulk_read) by extension 'ros'
[0.551s] Level 1:colcon.colcon_core.package_identification:_identify(src/DynamixelSDK/matlab/m_basic_function/group_bulk_read) by extensions ['cmake', 'python']
[0.552s] Level 1:colcon.colcon_core.package_identification:_identify(src/DynamixelSDK/matlab/m_basic_function/group_bulk_read) by extension 'cmake'
[0.552s] Level 1:colcon.colcon_core.package_identification:_identify(src/DynamixelSDK/matlab/m_basic_function/group_bulk_read) by extension 'python'
[0.552s] Level 1:colcon.colcon_core.package_identification:_identify(src/DynamixelSDK/matlab/m_basic_function/group_bulk_read) by extensions ['python_setup_py']
[0.552s] Level 1:colcon.colcon_core.package_identification:_identify(src/DynamixelSDK/matlab/m_basic_function/group_bulk_read) by extension 'python_setup_py'
[0.552s] Level 1:colcon.colcon_core.package_identification:_identify(src/DynamixelSDK/matlab/m_basic_function/group_bulk_write) by extensions ['ignore', 'ignore_ament_install']
[0.552s] Level 1:colcon.colcon_core.package_identification:_identify(src/DynamixelSDK/matlab/m_basic_function/group_bulk_write) by extension 'ignore'
[0.552s] Level 1:colcon.colcon_core.package_identification:_identify(src/DynamixelSDK/matlab/m_basic_function/group_bulk_write) by extension 'ignore_ament_install'
[0.552s] Level 1:colcon.colcon_core.package_identification:_identify(src/DynamixelSDK/matlab/m_basic_function/group_bulk_write) by extensions ['colcon_pkg']
[0.552s] Level 1:colcon.colcon_core.package_identification:_identify(src/DynamixelSDK/matlab/m_basic_function/group_bulk_write) by extension 'colcon_pkg'
[0.553s] Level 1:colcon.colcon_core.package_identification:_identify(src/DynamixelSDK/matlab/m_basic_function/group_bulk_write) by extensions ['colcon_meta']
[0.553s] Level 1:colcon.colcon_core.package_identification:_identify(src/DynamixelSDK/matlab/m_basic_function/group_bulk_write) by extension 'colcon_meta'
[0.553s] Level 1:colcon.colcon_core.package_identification:_identify(src/DynamixelSDK/matlab/m_basic_function/group_bulk_write) by extensions ['ros']
[0.553s] Level 1:colcon.colcon_core.package_identification:_identify(src/DynamixelSDK/matlab/m_basic_function/group_bulk_write) by extension 'ros'
[0.553s] Level 1:colcon.colcon_core.package_identification:_identify(src/DynamixelSDK/matlab/m_basic_function/group_bulk_write) by extensions ['cmake', 'python']
[0.553s] Level 1:colcon.colcon_core.package_identification:_identify(src/DynamixelSDK/matlab/m_basic_function/group_bulk_write) by extension 'cmake'
[0.553s] Level 1:colcon.colcon_core.package_identification:_identify(src/DynamixelSDK/matlab/m_basic_function/group_bulk_write) by extension 'python'
[0.553s] Level 1:colcon.colcon_core.package_identification:_identify(src/DynamixelSDK/matlab/m_basic_function/group_bulk_write) by extensions ['python_setup_py']
[0.553s] Level 1:colcon.colcon_core.package_identification:_identify(src/DynamixelSDK/matlab/m_basic_function/group_bulk_write) by extension 'python_setup_py'
[0.553s] Level 1:colcon.colcon_core.package_identification:_identify(src/DynamixelSDK/matlab/m_basic_function/group_sync_read) by extensions ['ignore', 'ignore_ament_install']
[0.553s] Level 1:colcon.colcon_core.package_identification:_identify(src/DynamixelSDK/matlab/m_basic_function/group_sync_read) by extension 'ignore'
[0.554s] Level 1:colcon.colcon_core.package_identification:_identify(src/DynamixelSDK/matlab/m_basic_function/group_sync_read) by extension 'ignore_ament_install'
[0.554s] Level 1:colcon.colcon_core.package_identification:_identify(src/DynamixelSDK/matlab/m_basic_function/group_sync_read) by extensions ['colcon_pkg']
[0.554s] Level 1:colcon.colcon_core.package_identification:_identify(src/DynamixelSDK/matlab/m_basic_function/group_sync_read) by extension 'colcon_pkg'
[0.554s] Level 1:colcon.colcon_core.package_identification:_identify(src/DynamixelSDK/matlab/m_basic_function/group_sync_read) by extensions ['colcon_meta']
[0.554s] Level 1:colcon.colcon_core.package_identification:_identify(src/DynamixelSDK/matlab/m_basic_function/group_sync_read) by extension 'colcon_meta'
[0.554s] Level 1:colcon.colcon_core.package_identification:_identify(src/DynamixelSDK/matlab/m_basic_function/group_sync_read) by extensions ['ros']
[0.554s] Level 1:colcon.colcon_core.package_identification:_identify(src/DynamixelSDK/matlab/m_basic_function/group_sync_read) by extension 'ros'
[0.554s] Level 1:colcon.colcon_core.package_identification:_identify(src/DynamixelSDK/matlab/m_basic_function/group_sync_read) by extensions ['cmake', 'python']
[0.554s] Level 1:colcon.colcon_core.package_identification:_identify(src/DynamixelSDK/matlab/m_basic_function/group_sync_read) by extension 'cmake'
[0.554s] Level 1:colcon.colcon_core.package_identification:_identify(src/DynamixelSDK/matlab/m_basic_function/group_sync_read) by extension 'python'
[0.554s] Level 1:colcon.colcon_core.package_identification:_identify(src/DynamixelSDK/matlab/m_basic_function/group_sync_read) by extensions ['python_setup_py']
[0.554s] Level 1:colcon.colcon_core.package_identification:_identify(src/DynamixelSDK/matlab/m_basic_function/group_sync_read) by extension 'python_setup_py'
[0.554s] Level 1:colcon.colcon_core.package_identification:_identify(src/DynamixelSDK/matlab/m_basic_function/group_sync_write) by extensions ['ignore', 'ignore_ament_install']
[0.555s] Level 1:colcon.colcon_core.package_identification:_identify(src/DynamixelSDK/matlab/m_basic_function/group_sync_write) by extension 'ignore'
[0.555s] Level 1:colcon.colcon_core.package_identification:_identify(src/DynamixelSDK/matlab/m_basic_function/group_sync_write) by extension 'ignore_ament_install'
[0.555s] Level 1:colcon.colcon_core.package_identification:_identify(src/DynamixelSDK/matlab/m_basic_function/group_sync_write) by extensions ['colcon_pkg']
[0.555s] Level 1:colcon.colcon_core.package_identification:_identify(src/DynamixelSDK/matlab/m_basic_function/group_sync_write) by extension 'colcon_pkg'
[0.555s] Level 1:colcon.colcon_core.package_identification:_identify(src/DynamixelSDK/matlab/m_basic_function/group_sync_write) by extensions ['colcon_meta']
[0.555s] Level 1:colcon.colcon_core.package_identification:_identify(src/DynamixelSDK/matlab/m_basic_function/group_sync_write) by extension 'colcon_meta'
[0.555s] Level 1:colcon.colcon_core.package_identification:_identify(src/DynamixelSDK/matlab/m_basic_function/group_sync_write) by extensions ['ros']
[0.555s] Level 1:colcon.colcon_core.package_identification:_identify(src/DynamixelSDK/matlab/m_basic_function/group_sync_write) by extension 'ros'
[0.555s] Level 1:colcon.colcon_core.package_identification:_identify(src/DynamixelSDK/matlab/m_basic_function/group_sync_write) by extensions ['cmake', 'python']
[0.555s] Level 1:colcon.colcon_core.package_identification:_identify(src/DynamixelSDK/matlab/m_basic_function/group_sync_write) by extension 'cmake'
[0.555s] Level 1:colcon.colcon_core.package_identification:_identify(src/DynamixelSDK/matlab/m_basic_function/group_sync_write) by extension 'python'
[0.555s] Level 1:colcon.colcon_core.package_identification:_identify(src/DynamixelSDK/matlab/m_basic_function/group_sync_write) by extensions ['python_setup_py']
[0.555s] Level 1:colcon.colcon_core.package_identification:_identify(src/DynamixelSDK/matlab/m_basic_function/group_sync_write) by extension 'python_setup_py'
[0.556s] Level 1:colcon.colcon_core.package_identification:_identify(src/DynamixelSDK/matlab/m_basic_function/packet_handler) by extensions ['ignore', 'ignore_ament_install']
[0.556s] Level 1:colcon.colcon_core.package_identification:_identify(src/DynamixelSDK/matlab/m_basic_function/packet_handler) by extension 'ignore'
[0.556s] Level 1:colcon.colcon_core.package_identification:_identify(src/DynamixelSDK/matlab/m_basic_function/packet_handler) by extension 'ignore_ament_install'
[0.556s] Level 1:colcon.colcon_core.package_identification:_identify(src/DynamixelSDK/matlab/m_basic_function/packet_handler) by extensions ['colcon_pkg']
[0.556s] Level 1:colcon.colcon_core.package_identification:_identify(src/DynamixelSDK/matlab/m_basic_function/packet_handler) by extension 'colcon_pkg'
[0.556s] Level 1:colcon.colcon_core.package_identification:_identify(src/DynamixelSDK/matlab/m_basic_function/packet_handler) by extensions ['colcon_meta']
[0.556s] Level 1:colcon.colcon_core.package_identification:_identify(src/DynamixelSDK/matlab/m_basic_function/packet_handler) by extension 'colcon_meta'
[0.556s] Level 1:colcon.colcon_core.package_identification:_identify(src/DynamixelSDK/matlab/m_basic_function/packet_handler) by extensions ['ros']
[0.556s] Level 1:colcon.colcon_core.package_identification:_identify(src/DynamixelSDK/matlab/m_basic_function/packet_handler) by extension 'ros'
[0.557s] Level 1:colcon.colcon_core.package_identification:_identify(src/DynamixelSDK/matlab/m_basic_function/packet_handler) by extensions ['cmake', 'python']
[0.557s] Level 1:colcon.colcon_core.package_identification:_identify(src/DynamixelSDK/matlab/m_basic_function/packet_handler) by extension 'cmake'
[0.557s] Level 1:colcon.colcon_core.package_identification:_identify(src/DynamixelSDK/matlab/m_basic_function/packet_handler) by extension 'python'
[0.557s] Level 1:colcon.colcon_core.package_identification:_identify(src/DynamixelSDK/matlab/m_basic_function/packet_handler) by extensions ['python_setup_py']
[0.557s] Level 1:colcon.colcon_core.package_identification:_identify(src/DynamixelSDK/matlab/m_basic_function/packet_handler) by extension 'python_setup_py'
[0.557s] Level 1:colcon.colcon_core.package_identification:_identify(src/DynamixelSDK/matlab/m_basic_function/port_handler) by extensions ['ignore', 'ignore_ament_install']
[0.557s] Level 1:colcon.colcon_core.package_identification:_identify(src/DynamixelSDK/matlab/m_basic_function/port_handler) by extension 'ignore'
[0.557s] Level 1:colcon.colcon_core.package_identification:_identify(src/DynamixelSDK/matlab/m_basic_function/port_handler) by extension 'ignore_ament_install'
[0.557s] Level 1:colcon.colcon_core.package_identification:_identify(src/DynamixelSDK/matlab/m_basic_function/port_handler) by extensions ['colcon_pkg']
[0.557s] Level 1:colcon.colcon_core.package_identification:_identify(src/DynamixelSDK/matlab/m_basic_function/port_handler) by extension 'colcon_pkg'
[0.558s] Level 1:colcon.colcon_core.package_identification:_identify(src/DynamixelSDK/matlab/m_basic_function/port_handler) by extensions ['colcon_meta']
[0.558s] Level 1:colcon.colcon_core.package_identification:_identify(src/DynamixelSDK/matlab/m_basic_function/port_handler) by extension 'colcon_meta'
[0.558s] Level 1:colcon.colcon_core.package_identification:_identify(src/DynamixelSDK/matlab/m_basic_function/port_handler) by extensions ['ros']
[0.558s] Level 1:colcon.colcon_core.package_identification:_identify(src/DynamixelSDK/matlab/m_basic_function/port_handler) by extension 'ros'
[0.558s] Level 1:colcon.colcon_core.package_identification:_identify(src/DynamixelSDK/matlab/m_basic_function/port_handler) by extensions ['cmake', 'python']
[0.558s] Level 1:colcon.colcon_core.package_identification:_identify(src/DynamixelSDK/matlab/m_basic_function/port_handler) by extension 'cmake'
[0.558s] Level 1:colcon.colcon_core.package_identification:_identify(src/DynamixelSDK/matlab/m_basic_function/port_handler) by extension 'python'
[0.558s] Level 1:colcon.colcon_core.package_identification:_identify(src/DynamixelSDK/matlab/m_basic_function/port_handler) by extensions ['python_setup_py']
[0.558s] Level 1:colcon.colcon_core.package_identification:_identify(src/DynamixelSDK/matlab/m_basic_function/port_handler) by extension 'python_setup_py'
[0.558s] Level 1:colcon.colcon_core.package_identification:_identify(src/DynamixelSDK/matlab/protocol1.0) by extensions ['ignore', 'ignore_ament_install']
[0.558s] Level 1:colcon.colcon_core.package_identification:_identify(src/DynamixelSDK/matlab/protocol1.0) by extension 'ignore'
[0.559s] Level 1:colcon.colcon_core.package_identification:_identify(src/DynamixelSDK/matlab/protocol1.0) by extension 'ignore_ament_install'
[0.559s] Level 1:colcon.colcon_core.package_identification:_identify(src/DynamixelSDK/matlab/protocol1.0) by extensions ['colcon_pkg']
[0.559s] Level 1:colcon.colcon_core.package_identification:_identify(src/DynamixelSDK/matlab/protocol1.0) by extension 'colcon_pkg'
[0.559s] Level 1:colcon.colcon_core.package_identification:_identify(src/DynamixelSDK/matlab/protocol1.0) by extensions ['colcon_meta']
[0.559s] Level 1:colcon.colcon_core.package_identification:_identify(src/DynamixelSDK/matlab/protocol1.0) by extension 'colcon_meta'
[0.559s] Level 1:colcon.colcon_core.package_identification:_identify(src/DynamixelSDK/matlab/protocol1.0) by extensions ['ros']
[0.559s] Level 1:colcon.colcon_core.package_identification:_identify(src/DynamixelSDK/matlab/protocol1.0) by extension 'ros'
[0.559s] Level 1:colcon.colcon_core.package_identification:_identify(src/DynamixelSDK/matlab/protocol1.0) by extensions ['cmake', 'python']
[0.559s] Level 1:colcon.colcon_core.package_identification:_identify(src/DynamixelSDK/matlab/protocol1.0) by extension 'cmake'
[0.559s] Level 1:colcon.colcon_core.package_identification:_identify(src/DynamixelSDK/matlab/protocol1.0) by extension 'python'
[0.559s] Level 1:colcon.colcon_core.package_identification:_identify(src/DynamixelSDK/matlab/protocol1.0) by extensions ['python_setup_py']
[0.559s] Level 1:colcon.colcon_core.package_identification:_identify(src/DynamixelSDK/matlab/protocol1.0) by extension 'python_setup_py'
[0.560s] Level 1:colcon.colcon_core.package_identification:_identify(src/DynamixelSDK/matlab/protocol2.0) by extensions ['ignore', 'ignore_ament_install']
[0.560s] Level 1:colcon.colcon_core.package_identification:_identify(src/DynamixelSDK/matlab/protocol2.0) by extension 'ignore'
[0.560s] Level 1:colcon.colcon_core.package_identification:_identify(src/DynamixelSDK/matlab/protocol2.0) by extension 'ignore_ament_install'
[0.560s] Level 1:colcon.colcon_core.package_identification:_identify(src/DynamixelSDK/matlab/protocol2.0) by extensions ['colcon_pkg']
[0.560s] Level 1:colcon.colcon_core.package_identification:_identify(src/DynamixelSDK/matlab/protocol2.0) by extension 'colcon_pkg'
[0.560s] Level 1:colcon.colcon_core.package_identification:_identify(src/DynamixelSDK/matlab/protocol2.0) by extensions ['colcon_meta']
[0.560s] Level 1:colcon.colcon_core.package_identification:_identify(src/DynamixelSDK/matlab/protocol2.0) by extension 'colcon_meta'
[0.560s] Level 1:colcon.colcon_core.package_identification:_identify(src/DynamixelSDK/matlab/protocol2.0) by extensions ['ros']
[0.560s] Level 1:colcon.colcon_core.package_identification:_identify(src/DynamixelSDK/matlab/protocol2.0) by extension 'ros'
[0.560s] Level 1:colcon.colcon_core.package_identification:_identify(src/DynamixelSDK/matlab/protocol2.0) by extensions ['cmake', 'python']
[0.560s] Level 1:colcon.colcon_core.package_identification:_identify(src/DynamixelSDK/matlab/protocol2.0) by extension 'cmake'
[0.560s] Level 1:colcon.colcon_core.package_identification:_identify(src/DynamixelSDK/matlab/protocol2.0) by extension 'python'
[0.560s] Level 1:colcon.colcon_core.package_identification:_identify(src/DynamixelSDK/matlab/protocol2.0) by extensions ['python_setup_py']
[0.561s] Level 1:colcon.colcon_core.package_identification:_identify(src/DynamixelSDK/matlab/protocol2.0) by extension 'python_setup_py'
[0.561s] Level 1:colcon.colcon_core.package_identification:_identify(src/DynamixelSDK/matlab/protocol_combined) by extensions ['ignore', 'ignore_ament_install']
[0.561s] Level 1:colcon.colcon_core.package_identification:_identify(src/DynamixelSDK/matlab/protocol_combined) by extension 'ignore'
[0.561s] Level 1:colcon.colcon_core.package_identification:_identify(src/DynamixelSDK/matlab/protocol_combined) by extension 'ignore_ament_install'
[0.561s] Level 1:colcon.colcon_core.package_identification:_identify(src/DynamixelSDK/matlab/protocol_combined) by extensions ['colcon_pkg']
[0.561s] Level 1:colcon.colcon_core.package_identification:_identify(src/DynamixelSDK/matlab/protocol_combined) by extension 'colcon_pkg'
[0.561s] Level 1:colcon.colcon_core.package_identification:_identify(src/DynamixelSDK/matlab/protocol_combined) by extensions ['colcon_meta']
[0.561s] Level 1:colcon.colcon_core.package_identification:_identify(src/DynamixelSDK/matlab/protocol_combined) by extension 'colcon_meta'
[0.561s] Level 1:colcon.colcon_core.package_identification:_identify(src/DynamixelSDK/matlab/protocol_combined) by extensions ['ros']
[0.561s] Level 1:colcon.colcon_core.package_identification:_identify(src/DynamixelSDK/matlab/protocol_combined) by extension 'ros'
[0.561s] Level 1:colcon.colcon_core.package_identification:_identify(src/DynamixelSDK/matlab/protocol_combined) by extensions ['cmake', 'python']
[0.561s] Level 1:colcon.colcon_core.package_identification:_identify(src/DynamixelSDK/matlab/protocol_combined) by extension 'cmake'
[0.561s] Level 1:colcon.colcon_core.package_identification:_identify(src/DynamixelSDK/matlab/protocol_combined) by extension 'python'
[0.562s] Level 1:colcon.colcon_core.package_identification:_identify(src/DynamixelSDK/matlab/protocol_combined) by extensions ['python_setup_py']
[0.562s] Level 1:colcon.colcon_core.package_identification:_identify(src/DynamixelSDK/matlab/protocol_combined) by extension 'python_setup_py'
[0.562s] Level 1:colcon.colcon_core.package_identification:_identify(src/DynamixelSDK/python) by extensions ['ignore', 'ignore_ament_install']
[0.562s] Level 1:colcon.colcon_core.package_identification:_identify(src/DynamixelSDK/python) by extension 'ignore'
[0.562s] Level 1:colcon.colcon_core.package_identification:_identify(src/DynamixelSDK/python) by extension 'ignore_ament_install'
[0.562s] Level 1:colcon.colcon_core.package_identification:_identify(src/DynamixelSDK/python) by extensions ['colcon_pkg']
[0.562s] Level 1:colcon.colcon_core.package_identification:_identify(src/DynamixelSDK/python) by extension 'colcon_pkg'
[0.562s] Level 1:colcon.colcon_core.package_identification:_identify(src/DynamixelSDK/python) by extensions ['colcon_meta']
[0.562s] Level 1:colcon.colcon_core.package_identification:_identify(src/DynamixelSDK/python) by extension 'colcon_meta'
[0.562s] Level 1:colcon.colcon_core.package_identification:_identify(src/DynamixelSDK/python) by extensions ['ros']
[0.562s] Level 1:colcon.colcon_core.package_identification:_identify(src/DynamixelSDK/python) by extension 'ros'
[0.562s] Level 1:colcon.colcon_core.package_identification:_identify(src/DynamixelSDK/python) ignored
[0.563s] Level 1:colcon.colcon_core.package_identification:_identify(src/DynamixelSDK/ros) by extensions ['ignore', 'ignore_ament_install']
[0.563s] Level 1:colcon.colcon_core.package_identification:_identify(src/DynamixelSDK/ros) by extension 'ignore'
[0.563s] Level 1:colcon.colcon_core.package_identification:_identify(src/DynamixelSDK/ros) by extension 'ignore_ament_install'
[0.563s] Level 1:colcon.colcon_core.package_identification:_identify(src/DynamixelSDK/ros) by extensions ['colcon_pkg']
[0.563s] Level 1:colcon.colcon_core.package_identification:_identify(src/DynamixelSDK/ros) by extension 'colcon_pkg'
[0.563s] Level 1:colcon.colcon_core.package_identification:_identify(src/DynamixelSDK/ros) by extensions ['colcon_meta']
[0.563s] Level 1:colcon.colcon_core.package_identification:_identify(src/DynamixelSDK/ros) by extension 'colcon_meta'
[0.563s] Level 1:colcon.colcon_core.package_identification:_identify(src/DynamixelSDK/ros) by extensions ['ros']
[0.563s] Level 1:colcon.colcon_core.package_identification:_identify(src/DynamixelSDK/ros) by extension 'ros'
[0.563s] Level 1:colcon.colcon_core.package_identification:_identify(src/DynamixelSDK/ros) by extensions ['cmake', 'python']
[0.563s] Level 1:colcon.colcon_core.package_identification:_identify(src/DynamixelSDK/ros) by extension 'cmake'
[0.564s] Level 1:colcon.colcon_core.package_identification:_identify(src/DynamixelSDK/ros) by extension 'python'
[0.564s] Level 1:colcon.colcon_core.package_identification:_identify(src/DynamixelSDK/ros) by extensions ['python_setup_py']
[0.564s] Level 1:colcon.colcon_core.package_identification:_identify(src/DynamixelSDK/ros) by extension 'python_setup_py'
[0.564s] Level 1:colcon.colcon_core.package_identification:_identify(src/DynamixelSDK/ros/dynamixel_sdk) by extensions ['ignore', 'ignore_ament_install']
[0.564s] Level 1:colcon.colcon_core.package_identification:_identify(src/DynamixelSDK/ros/dynamixel_sdk) by extension 'ignore'
[0.564s] Level 1:colcon.colcon_core.package_identification:_identify(src/DynamixelSDK/ros/dynamixel_sdk) by extension 'ignore_ament_install'
[0.564s] Level 1:colcon.colcon_core.package_identification:_identify(src/DynamixelSDK/ros/dynamixel_sdk) by extensions ['colcon_pkg']
[0.564s] Level 1:colcon.colcon_core.package_identification:_identify(src/DynamixelSDK/ros/dynamixel_sdk) by extension 'colcon_pkg'
[0.564s] Level 1:colcon.colcon_core.package_identification:_identify(src/DynamixelSDK/ros/dynamixel_sdk) by extensions ['colcon_meta']
[0.564s] Level 1:colcon.colcon_core.package_identification:_identify(src/DynamixelSDK/ros/dynamixel_sdk) by extension 'colcon_meta'
[0.564s] Level 1:colcon.colcon_core.package_identification:_identify(src/DynamixelSDK/ros/dynamixel_sdk) by extensions ['ros']
[0.564s] Level 1:colcon.colcon_core.package_identification:_identify(src/DynamixelSDK/ros/dynamixel_sdk) by extension 'ros'
[0.569s] DEBUG:colcon.colcon_core.package_identification:Package 'src/DynamixelSDK/ros/dynamixel_sdk' with type 'ros.ament_cmake' and name 'dynamixel_sdk'
[0.569s] Level 1:colcon.colcon_core.package_identification:_identify(src/DynamixelSDK/ros/dynamixel_sdk_custom_interfaces) by extensions ['ignore', 'ignore_ament_install']
[0.569s] Level 1:colcon.colcon_core.package_identification:_identify(src/DynamixelSDK/ros/dynamixel_sdk_custom_interfaces) by extension 'ignore'
[0.569s] Level 1:colcon.colcon_core.package_identification:_identify(src/DynamixelSDK/ros/dynamixel_sdk_custom_interfaces) by extension 'ignore_ament_install'
[0.569s] Level 1:colcon.colcon_core.package_identification:_identify(src/DynamixelSDK/ros/dynamixel_sdk_custom_interfaces) by extensions ['colcon_pkg']
[0.569s] Level 1:colcon.colcon_core.package_identification:_identify(src/DynamixelSDK/ros/dynamixel_sdk_custom_interfaces) by extension 'colcon_pkg'
[0.570s] Level 1:colcon.colcon_core.package_identification:_identify(src/DynamixelSDK/ros/dynamixel_sdk_custom_interfaces) by extensions ['colcon_meta']
[0.570s] Level 1:colcon.colcon_core.package_identification:_identify(src/DynamixelSDK/ros/dynamixel_sdk_custom_interfaces) by extension 'colcon_meta'
[0.570s] Level 1:colcon.colcon_core.package_identification:_identify(src/DynamixelSDK/ros/dynamixel_sdk_custom_interfaces) by extensions ['ros']
[0.570s] Level 1:colcon.colcon_core.package_identification:_identify(src/DynamixelSDK/ros/dynamixel_sdk_custom_interfaces) by extension 'ros'
[0.571s] DEBUG:colcon.colcon_core.package_identification:Package 'src/DynamixelSDK/ros/dynamixel_sdk_custom_interfaces' with type 'ros.ament_cmake' and name 'dynamixel_sdk_custom_interfaces'
[0.571s] Level 1:colcon.colcon_core.package_identification:_identify(src/DynamixelSDK/ros/dynamixel_sdk_examples) by extensions ['ignore', 'ignore_ament_install']
[0.571s] Level 1:colcon.colcon_core.package_identification:_identify(src/DynamixelSDK/ros/dynamixel_sdk_examples) by extension 'ignore'
[0.571s] Level 1:colcon.colcon_core.package_identification:_identify(src/DynamixelSDK/ros/dynamixel_sdk_examples) by extension 'ignore_ament_install'
[0.571s] Level 1:colcon.colcon_core.package_identification:_identify(src/DynamixelSDK/ros/dynamixel_sdk_examples) by extensions ['colcon_pkg']
[0.571s] Level 1:colcon.colcon_core.package_identification:_identify(src/DynamixelSDK/ros/dynamixel_sdk_examples) by extension 'colcon_pkg'
[0.571s] Level 1:colcon.colcon_core.package_identification:_identify(src/DynamixelSDK/ros/dynamixel_sdk_examples) by extensions ['colcon_meta']
[0.571s] Level 1:colcon.colcon_core.package_identification:_identify(src/DynamixelSDK/ros/dynamixel_sdk_examples) by extension 'colcon_meta'
[0.571s] Level 1:colcon.colcon_core.package_identification:_identify(src/DynamixelSDK/ros/dynamixel_sdk_examples) by extensions ['ros']
[0.571s] Level 1:colcon.colcon_core.package_identification:_identify(src/DynamixelSDK/ros/dynamixel_sdk_examples) by extension 'ros'
[0.573s] DEBUG:colcon.colcon_core.package_identification:Package 'src/DynamixelSDK/ros/dynamixel_sdk_examples' with type 'ros.ament_cmake' and name 'dynamixel_sdk_examples'
[0.573s] Level 1:colcon.colcon_core.package_identification:_identify(src/turtlebot3) by extensions ['ignore', 'ignore_ament_install']
[0.573s] Level 1:colcon.colcon_core.package_identification:_identify(src/turtlebot3) by extension 'ignore'
[0.573s] Level 1:colcon.colcon_core.package_identification:_identify(src/turtlebot3) by extension 'ignore_ament_install'
[0.573s] Level 1:colcon.colcon_core.package_identification:_identify(src/turtlebot3) by extensions ['colcon_pkg']
[0.573s] Level 1:colcon.colcon_core.package_identification:_identify(src/turtlebot3) by extension 'colcon_pkg'
[0.573s] Level 1:colcon.colcon_core.package_identification:_identify(src/turtlebot3) by extensions ['colcon_meta']
[0.574s] Level 1:colcon.colcon_core.package_identification:_identify(src/turtlebot3) by extension 'colcon_meta'
[0.574s] Level 1:colcon.colcon_core.package_identification:_identify(src/turtlebot3) by extensions ['ros']
[0.574s] Level 1:colcon.colcon_core.package_identification:_identify(src/turtlebot3) by extension 'ros'
[0.574s] Level 1:colcon.colcon_core.package_identification:_identify(src/turtlebot3) by extensions ['cmake', 'python']
[0.574s] Level 1:colcon.colcon_core.package_identification:_identify(src/turtlebot3) by extension 'cmake'
[0.574s] Level 1:colcon.colcon_core.package_identification:_identify(src/turtlebot3) by extension 'python'
[0.574s] Level 1:colcon.colcon_core.package_identification:_identify(src/turtlebot3) by extensions ['python_setup_py']
[0.574s] Level 1:colcon.colcon_core.package_identification:_identify(src/turtlebot3) by extension 'python_setup_py'
[0.574s] Level 1:colcon.colcon_core.package_identification:_identify(src/turtlebot3/docker) by extensions ['ignore', 'ignore_ament_install']
[0.574s] Level 1:colcon.colcon_core.package_identification:_identify(src/turtlebot3/docker) by extension 'ignore'
[0.574s] Level 1:colcon.colcon_core.package_identification:_identify(src/turtlebot3/docker) by extension 'ignore_ament_install'
[0.575s] Level 1:colcon.colcon_core.package_identification:_identify(src/turtlebot3/docker) by extensions ['colcon_pkg']
[0.575s] Level 1:colcon.colcon_core.package_identification:_identify(src/turtlebot3/docker) by extension 'colcon_pkg'
[0.575s] Level 1:colcon.colcon_core.package_identification:_identify(src/turtlebot3/docker) by extensions ['colcon_meta']
[0.575s] Level 1:colcon.colcon_core.package_identification:_identify(src/turtlebot3/docker) by extension 'colcon_meta'
[0.575s] Level 1:colcon.colcon_core.package_identification:_identify(src/turtlebot3/docker) by extensions ['ros']
[0.575s] Level 1:colcon.colcon_core.package_identification:_identify(src/turtlebot3/docker) by extension 'ros'
[0.575s] Level 1:colcon.colcon_core.package_identification:_identify(src/turtlebot3/docker) by extensions ['cmake', 'python']
[0.575s] Level 1:colcon.colcon_core.package_identification:_identify(src/turtlebot3/docker) by extension 'cmake'
[0.575s] Level 1:colcon.colcon_core.package_identification:_identify(src/turtlebot3/docker) by extension 'python'
[0.575s] Level 1:colcon.colcon_core.package_identification:_identify(src/turtlebot3/docker) by extensions ['python_setup_py']
[0.575s] Level 1:colcon.colcon_core.package_identification:_identify(src/turtlebot3/docker) by extension 'python_setup_py'
[0.575s] Level 1:colcon.colcon_core.package_identification:_identify(src/turtlebot3/docker/humble) by extensions ['ignore', 'ignore_ament_install']
[0.576s] Level 1:colcon.colcon_core.package_identification:_identify(src/turtlebot3/docker/humble) by extension 'ignore'
[0.576s] Level 1:colcon.colcon_core.package_identification:_identify(src/turtlebot3/docker/humble) by extension 'ignore_ament_install'
[0.576s] Level 1:colcon.colcon_core.package_identification:_identify(src/turtlebot3/docker/humble) by extensions ['colcon_pkg']
[0.576s] Level 1:colcon.colcon_core.package_identification:_identify(src/turtlebot3/docker/humble) by extension 'colcon_pkg'
[0.576s] Level 1:colcon.colcon_core.package_identification:_identify(src/turtlebot3/docker/humble) by extensions ['colcon_meta']
[0.576s] Level 1:colcon.colcon_core.package_identification:_identify(src/turtlebot3/docker/humble) by extension 'colcon_meta'
[0.576s] Level 1:colcon.colcon_core.package_identification:_identify(src/turtlebot3/docker/humble) by extensions ['ros']
[0.576s] Level 1:colcon.colcon_core.package_identification:_identify(src/turtlebot3/docker/humble) by extension 'ros'
[0.576s] Level 1:colcon.colcon_core.package_identification:_identify(src/turtlebot3/docker/humble) by extensions ['cmake', 'python']
[0.576s] Level 1:colcon.colcon_core.package_identification:_identify(src/turtlebot3/docker/humble) by extension 'cmake'
[0.576s] Level 1:colcon.colcon_core.package_identification:_identify(src/turtlebot3/docker/humble) by extension 'python'
[0.576s] Level 1:colcon.colcon_core.package_identification:_identify(src/turtlebot3/docker/humble) by extensions ['python_setup_py']
[0.577s] Level 1:colcon.colcon_core.package_identification:_identify(src/turtlebot3/docker/humble) by extension 'python_setup_py'
[0.577s] Level 1:colcon.colcon_core.package_identification:_identify(src/turtlebot3/docker/jazzy) by extensions ['ignore', 'ignore_ament_install']
[0.577s] Level 1:colcon.colcon_core.package_identification:_identify(src/turtlebot3/docker/jazzy) by extension 'ignore'
[0.577s] Level 1:colcon.colcon_core.package_identification:_identify(src/turtlebot3/docker/jazzy) by extension 'ignore_ament_install'
[0.577s] Level 1:colcon.colcon_core.package_identification:_identify(src/turtlebot3/docker/jazzy) by extensions ['colcon_pkg']
[0.577s] Level 1:colcon.colcon_core.package_identification:_identify(src/turtlebot3/docker/jazzy) by extension 'colcon_pkg'
[0.577s] Level 1:colcon.colcon_core.package_identification:_identify(src/turtlebot3/docker/jazzy) by extensions ['colcon_meta']
[0.577s] Level 1:colcon.colcon_core.package_identification:_identify(src/turtlebot3/docker/jazzy) by extension 'colcon_meta'
[0.577s] Level 1:colcon.colcon_core.package_identification:_identify(src/turtlebot3/docker/jazzy) by extensions ['ros']
[0.577s] Level 1:colcon.colcon_core.package_identification:_identify(src/turtlebot3/docker/jazzy) by extension 'ros'
[0.578s] Level 1:colcon.colcon_core.package_identification:_identify(src/turtlebot3/docker/jazzy) by extensions ['cmake', 'python']
[0.578s] Level 1:colcon.colcon_core.package_identification:_identify(src/turtlebot3/docker/jazzy) by extension 'cmake'
[0.578s] Level 1:colcon.colcon_core.package_identification:_identify(src/turtlebot3/docker/jazzy) by extension 'python'
[0.578s] Level 1:colcon.colcon_core.package_identification:_identify(src/turtlebot3/docker/jazzy) by extensions ['python_setup_py']
[0.578s] Level 1:colcon.colcon_core.package_identification:_identify(src/turtlebot3/docker/jazzy) by extension 'python_setup_py'
[0.578s] Level 1:colcon.colcon_core.package_identification:_identify(src/turtlebot3/turtlebot3) by extensions ['ignore', 'ignore_ament_install']
[0.578s] Level 1:colcon.colcon_core.package_identification:_identify(src/turtlebot3/turtlebot3) by extension 'ignore'
[0.578s] Level 1:colcon.colcon_core.package_identification:_identify(src/turtlebot3/turtlebot3) by extension 'ignore_ament_install'
[0.578s] Level 1:colcon.colcon_core.package_identification:_identify(src/turtlebot3/turtlebot3) by extensions ['colcon_pkg']
[0.578s] Level 1:colcon.colcon_core.package_identification:_identify(src/turtlebot3/turtlebot3) by extension 'colcon_pkg'
[0.578s] Level 1:colcon.colcon_core.package_identification:_identify(src/turtlebot3/turtlebot3) by extensions ['colcon_meta']
[0.579s] Level 1:colcon.colcon_core.package_identification:_identify(src/turtlebot3/turtlebot3) by extension 'colcon_meta'
[0.579s] Level 1:colcon.colcon_core.package_identification:_identify(src/turtlebot3/turtlebot3) by extensions ['ros']
[0.579s] Level 1:colcon.colcon_core.package_identification:_identify(src/turtlebot3/turtlebot3) by extension 'ros'
[0.580s] DEBUG:colcon.colcon_core.package_identification:Package 'src/turtlebot3/turtlebot3' with type 'ros.ament_cmake' and name 'turtlebot3'
[0.580s] Level 1:colcon.colcon_core.package_identification:_identify(src/turtlebot3/turtlebot3_bringup) by extensions ['ignore', 'ignore_ament_install']
[0.580s] Level 1:colcon.colcon_core.package_identification:_identify(src/turtlebot3/turtlebot3_bringup) by extension 'ignore'
[0.580s] Level 1:colcon.colcon_core.package_identification:_identify(src/turtlebot3/turtlebot3_bringup) by extension 'ignore_ament_install'
[0.580s] Level 1:colcon.colcon_core.package_identification:_identify(src/turtlebot3/turtlebot3_bringup) by extensions ['colcon_pkg']
[0.580s] Level 1:colcon.colcon_core.package_identification:_identify(src/turtlebot3/turtlebot3_bringup) by extension 'colcon_pkg'
[0.580s] Level 1:colcon.colcon_core.package_identification:_identify(src/turtlebot3/turtlebot3_bringup) by extensions ['colcon_meta']
[0.580s] Level 1:colcon.colcon_core.package_identification:_identify(src/turtlebot3/turtlebot3_bringup) by extension 'colcon_meta'
[0.580s] Level 1:colcon.colcon_core.package_identification:_identify(src/turtlebot3/turtlebot3_bringup) by extensions ['ros']
[0.580s] Level 1:colcon.colcon_core.package_identification:_identify(src/turtlebot3/turtlebot3_bringup) by extension 'ros'
[0.581s] DEBUG:colcon.colcon_core.package_identification:Package 'src/turtlebot3/turtlebot3_bringup' with type 'ros.ament_cmake' and name 'turtlebot3_bringup'
[0.581s] Level 1:colcon.colcon_core.package_identification:_identify(src/turtlebot3/turtlebot3_cartographer) by extensions ['ignore', 'ignore_ament_install']
[0.582s] Level 1:colcon.colcon_core.package_identification:_identify(src/turtlebot3/turtlebot3_cartographer) by extension 'ignore'
[0.582s] Level 1:colcon.colcon_core.package_identification:_identify(src/turtlebot3/turtlebot3_cartographer) by extension 'ignore_ament_install'
[0.582s] Level 1:colcon.colcon_core.package_identification:_identify(src/turtlebot3/turtlebot3_cartographer) by extensions ['colcon_pkg']
[0.582s] Level 1:colcon.colcon_core.package_identification:_identify(src/turtlebot3/turtlebot3_cartographer) by extension 'colcon_pkg'
[0.582s] Level 1:colcon.colcon_core.package_identification:_identify(src/turtlebot3/turtlebot3_cartographer) by extensions ['colcon_meta']
[0.582s] Level 1:colcon.colcon_core.package_identification:_identify(src/turtlebot3/turtlebot3_cartographer) by extension 'colcon_meta'
[0.582s] Level 1:colcon.colcon_core.package_identification:_identify(src/turtlebot3/turtlebot3_cartographer) by extensions ['ros']
[0.582s] Level 1:colcon.colcon_core.package_identification:_identify(src/turtlebot3/turtlebot3_cartographer) by extension 'ros'
[0.583s] DEBUG:colcon.colcon_core.package_identification:Package 'src/turtlebot3/turtlebot3_cartographer' with type 'ros.ament_cmake' and name 'turtlebot3_cartographer'
[0.583s] Level 1:colcon.colcon_core.package_identification:_identify(src/turtlebot3/turtlebot3_description) by extensions ['ignore', 'ignore_ament_install']
[0.583s] Level 1:colcon.colcon_core.package_identification:_identify(src/turtlebot3/turtlebot3_description) by extension 'ignore'
[0.583s] Level 1:colcon.colcon_core.package_identification:_identify(src/turtlebot3/turtlebot3_description) by extension 'ignore_ament_install'
[0.583s] Level 1:colcon.colcon_core.package_identification:_identify(src/turtlebot3/turtlebot3_description) by extensions ['colcon_pkg']
[0.583s] Level 1:colcon.colcon_core.package_identification:_identify(src/turtlebot3/turtlebot3_description) by extension 'colcon_pkg'
[0.583s] Level 1:colcon.colcon_core.package_identification:_identify(src/turtlebot3/turtlebot3_description) by extensions ['colcon_meta']
[0.584s] Level 1:colcon.colcon_core.package_identification:_identify(src/turtlebot3/turtlebot3_description) by extension 'colcon_meta'
[0.584s] Level 1:colcon.colcon_core.package_identification:_identify(src/turtlebot3/turtlebot3_description) by extensions ['ros']
[0.584s] Level 1:colcon.colcon_core.package_identification:_identify(src/turtlebot3/turtlebot3_description) by extension 'ros'
[0.585s] DEBUG:colcon.colcon_core.package_identification:Package 'src/turtlebot3/turtlebot3_description' with type 'ros.ament_cmake' and name 'turtlebot3_description'
[0.585s] Level 1:colcon.colcon_core.package_identification:_identify(src/turtlebot3/turtlebot3_example) by extensions ['ignore', 'ignore_ament_install']
[0.585s] Level 1:colcon.colcon_core.package_identification:_identify(src/turtlebot3/turtlebot3_example) by extension 'ignore'
[0.585s] Level 1:colcon.colcon_core.package_identification:_identify(src/turtlebot3/turtlebot3_example) by extension 'ignore_ament_install'
[0.585s] Level 1:colcon.colcon_core.package_identification:_identify(src/turtlebot3/turtlebot3_example) by extensions ['colcon_pkg']
[0.585s] Level 1:colcon.colcon_core.package_identification:_identify(src/turtlebot3/turtlebot3_example) by extension 'colcon_pkg'
[0.586s] Level 1:colcon.colcon_core.package_identification:_identify(src/turtlebot3/turtlebot3_example) by extensions ['colcon_meta']
[0.586s] Level 1:colcon.colcon_core.package_identification:_identify(src/turtlebot3/turtlebot3_example) by extension 'colcon_meta'
[0.586s] Level 1:colcon.colcon_core.package_identification:_identify(src/turtlebot3/turtlebot3_example) by extensions ['ros']
[0.586s] Level 1:colcon.colcon_core.package_identification:_identify(src/turtlebot3/turtlebot3_example) by extension 'ros'
[0.587s] DEBUG:colcon.colcon_core.package_identification:Package 'src/turtlebot3/turtlebot3_example' with type 'ros.ament_python' and name 'turtlebot3_example'
[0.587s] Level 1:colcon.colcon_core.package_identification:_identify(src/turtlebot3/turtlebot3_navigation2) by extensions ['ignore', 'ignore_ament_install']
[0.588s] Level 1:colcon.colcon_core.package_identification:_identify(src/turtlebot3/turtlebot3_navigation2) by extension 'ignore'
[0.588s] Level 1:colcon.colcon_core.package_identification:_identify(src/turtlebot3/turtlebot3_navigation2) by extension 'ignore_ament_install'
[0.588s] Level 1:colcon.colcon_core.package_identification:_identify(src/turtlebot3/turtlebot3_navigation2) by extensions ['colcon_pkg']
[0.588s] Level 1:colcon.colcon_core.package_identification:_identify(src/turtlebot3/turtlebot3_navigation2) by extension 'colcon_pkg'
[0.588s] Level 1:colcon.colcon_core.package_identification:_identify(src/turtlebot3/turtlebot3_navigation2) by extensions ['colcon_meta']
[0.588s] Level 1:colcon.colcon_core.package_identification:_identify(src/turtlebot3/turtlebot3_navigation2) by extension 'colcon_meta'
[0.588s] Level 1:colcon.colcon_core.package_identification:_identify(src/turtlebot3/turtlebot3_navigation2) by extensions ['ros']
[0.588s] Level 1:colcon.colcon_core.package_identification:_identify(src/turtlebot3/turtlebot3_navigation2) by extension 'ros'
[0.589s] DEBUG:colcon.colcon_core.package_identification:Package 'src/turtlebot3/turtlebot3_navigation2' with type 'ros.ament_cmake' and name 'turtlebot3_navigation2'
[0.589s] Level 1:colcon.colcon_core.package_identification:_identify(src/turtlebot3/turtlebot3_node) by extensions ['ignore', 'ignore_ament_install']
[0.589s] Level 1:colcon.colcon_core.package_identification:_identify(src/turtlebot3/turtlebot3_node) by extension 'ignore'
[0.589s] Level 1:colcon.colcon_core.package_identification:_identify(src/turtlebot3/turtlebot3_node) by extension 'ignore_ament_install'
[0.590s] Level 1:colcon.colcon_core.package_identification:_identify(src/turtlebot3/turtlebot3_node) by extensions ['colcon_pkg']
[0.590s] Level 1:colcon.colcon_core.package_identification:_identify(src/turtlebot3/turtlebot3_node) by extension 'colcon_pkg'
[0.590s] Level 1:colcon.colcon_core.package_identification:_identify(src/turtlebot3/turtlebot3_node) by extensions ['colcon_meta']
[0.590s] Level 1:colcon.colcon_core.package_identification:_identify(src/turtlebot3/turtlebot3_node) by extension 'colcon_meta'
[0.590s] Level 1:colcon.colcon_core.package_identification:_identify(src/turtlebot3/turtlebot3_node) by extensions ['ros']
[0.590s] Level 1:colcon.colcon_core.package_identification:_identify(src/turtlebot3/turtlebot3_node) by extension 'ros'
[0.592s] DEBUG:colcon.colcon_core.package_identification:Package 'src/turtlebot3/turtlebot3_node' with type 'ros.ament_cmake' and name 'turtlebot3_node'
[0.592s] Level 1:colcon.colcon_core.package_identification:_identify(src/turtlebot3/turtlebot3_teleop) by extensions ['ignore', 'ignore_ament_install']
[0.592s] Level 1:colcon.colcon_core.package_identification:_identify(src/turtlebot3/turtlebot3_teleop) by extension 'ignore'
[0.592s] Level 1:colcon.colcon_core.package_identification:_identify(src/turtlebot3/turtlebot3_teleop) by extension 'ignore_ament_install'
[0.592s] Level 1:colcon.colcon_core.package_identification:_identify(src/turtlebot3/turtlebot3_teleop) by extensions ['colcon_pkg']
[0.592s] Level 1:colcon.colcon_core.package_identification:_identify(src/turtlebot3/turtlebot3_teleop) by extension 'colcon_pkg'
[0.593s] Level 1:colcon.colcon_core.package_identification:_identify(src/turtlebot3/turtlebot3_teleop) by extensions ['colcon_meta']
[0.593s] Level 1:colcon.colcon_core.package_identification:_identify(src/turtlebot3/turtlebot3_teleop) by extension 'colcon_meta'
[0.593s] Level 1:colcon.colcon_core.package_identification:_identify(src/turtlebot3/turtlebot3_teleop) by extensions ['ros']
[0.593s] Level 1:colcon.colcon_core.package_identification:_identify(src/turtlebot3/turtlebot3_teleop) by extension 'ros'
[0.594s] DEBUG:colcon.colcon_core.package_identification:Package 'src/turtlebot3/turtlebot3_teleop' with type 'ros.ament_python' and name 'turtlebot3_teleop'
[0.594s] Level 1:colcon.colcon_core.package_identification:_identify(src/turtlebot3_msgs) by extensions ['ignore', 'ignore_ament_install']
[0.594s] Level 1:colcon.colcon_core.package_identification:_identify(src/turtlebot3_msgs) by extension 'ignore'
[0.594s] Level 1:colcon.colcon_core.package_identification:_identify(src/turtlebot3_msgs) by extension 'ignore_ament_install'
[0.594s] Level 1:colcon.colcon_core.package_identification:_identify(src/turtlebot3_msgs) by extensions ['colcon_pkg']
[0.594s] Level 1:colcon.colcon_core.package_identification:_identify(src/turtlebot3_msgs) by extension 'colcon_pkg'
[0.594s] Level 1:colcon.colcon_core.package_identification:_identify(src/turtlebot3_msgs) by extensions ['colcon_meta']
[0.594s] Level 1:colcon.colcon_core.package_identification:_identify(src/turtlebot3_msgs) by extension 'colcon_meta'
[0.594s] Level 1:colcon.colcon_core.package_identification:_identify(src/turtlebot3_msgs) by extensions ['ros']
[0.594s] Level 1:colcon.colcon_core.package_identification:_identify(src/turtlebot3_msgs) by extension 'ros'
[0.595s] DEBUG:colcon.colcon_core.package_identification:Package 'src/turtlebot3_msgs' with type 'ros.ament_cmake' and name 'turtlebot3_msgs'
[0.596s] Level 1:colcon.colcon_core.package_identification:_identify(src/turtlebot3_simulations) by extensions ['ignore', 'ignore_ament_install']
[0.596s] Level 1:colcon.colcon_core.package_identification:_identify(src/turtlebot3_simulations) by extension 'ignore'
[0.596s] Level 1:colcon.colcon_core.package_identification:_identify(src/turtlebot3_simulations) by extension 'ignore_ament_install'
[0.596s] Level 1:colcon.colcon_core.package_identification:_identify(src/turtlebot3_simulations) by extensions ['colcon_pkg']
[0.596s] Level 1:colcon.colcon_core.package_identification:_identify(src/turtlebot3_simulations) by extension 'colcon_pkg'
[0.596s] Level 1:colcon.colcon_core.package_identification:_identify(src/turtlebot3_simulations) by extensions ['colcon_meta']
[0.596s] Level 1:colcon.colcon_core.package_identification:_identify(src/turtlebot3_simulations) by extension 'colcon_meta'
[0.596s] Level 1:colcon.colcon_core.package_identification:_identify(src/turtlebot3_simulations) by extensions ['ros']
[0.596s] Level 1:colcon.colcon_core.package_identification:_identify(src/turtlebot3_simulations) by extension 'ros'
[0.596s] Level 1:colcon.colcon_core.package_identification:_identify(src/turtlebot3_simulations) by extensions ['cmake', 'python']
[0.596s] Level 1:colcon.colcon_core.package_identification:_identify(src/turtlebot3_simulations) by extension 'cmake'
[0.596s] Level 1:colcon.colcon_core.package_identification:_identify(src/turtlebot3_simulations) by extension 'python'
[0.597s] Level 1:colcon.colcon_core.package_identification:_identify(src/turtlebot3_simulations) by extensions ['python_setup_py']
[0.597s] Level 1:colcon.colcon_core.package_identification:_identify(src/turtlebot3_simulations) by extension 'python_setup_py'
[0.597s] Level 1:colcon.colcon_core.package_identification:_identify(src/turtlebot3_simulations/turtlebot3_fake_node) by extensions ['ignore', 'ignore_ament_install']
[0.597s] Level 1:colcon.colcon_core.package_identification:_identify(src/turtlebot3_simulations/turtlebot3_fake_node) by extension 'ignore'
[0.597s] Level 1:colcon.colcon_core.package_identification:_identify(src/turtlebot3_simulations/turtlebot3_fake_node) by extension 'ignore_ament_install'
[0.597s] Level 1:colcon.colcon_core.package_identification:_identify(src/turtlebot3_simulations/turtlebot3_fake_node) by extensions ['colcon_pkg']
[0.597s] Level 1:colcon.colcon_core.package_identification:_identify(src/turtlebot3_simulations/turtlebot3_fake_node) by extension 'colcon_pkg'
[0.597s] Level 1:colcon.colcon_core.package_identification:_identify(src/turtlebot3_simulations/turtlebot3_fake_node) by extensions ['colcon_meta']
[0.597s] Level 1:colcon.colcon_core.package_identification:_identify(src/turtlebot3_simulations/turtlebot3_fake_node) by extension 'colcon_meta'
[0.597s] Level 1:colcon.colcon_core.package_identification:_identify(src/turtlebot3_simulations/turtlebot3_fake_node) by extensions ['ros']
[0.597s] Level 1:colcon.colcon_core.package_identification:_identify(src/turtlebot3_simulations/turtlebot3_fake_node) by extension 'ros'
[0.599s] DEBUG:colcon.colcon_core.package_identification:Package 'src/turtlebot3_simulations/turtlebot3_fake_node' with type 'ros.ament_cmake' and name 'turtlebot3_fake_node'
[0.599s] Level 1:colcon.colcon_core.package_identification:_identify(src/turtlebot3_simulations/turtlebot3_gazebo) by extensions ['ignore', 'ignore_ament_install']
[0.599s] Level 1:colcon.colcon_core.package_identification:_identify(src/turtlebot3_simulations/turtlebot3_gazebo) by extension 'ignore'
[0.599s] Level 1:colcon.colcon_core.package_identification:_identify(src/turtlebot3_simulations/turtlebot3_gazebo) by extension 'ignore_ament_install'
[0.599s] Level 1:colcon.colcon_core.package_identification:_identify(src/turtlebot3_simulations/turtlebot3_gazebo) by extensions ['colcon_pkg']
[0.599s] Level 1:colcon.colcon_core.package_identification:_identify(src/turtlebot3_simulations/turtlebot3_gazebo) by extension 'colcon_pkg'
[0.599s] Level 1:colcon.colcon_core.package_identification:_identify(src/turtlebot3_simulations/turtlebot3_gazebo) by extensions ['colcon_meta']
[0.600s] Level 1:colcon.colcon_core.package_identification:_identify(src/turtlebot3_simulations/turtlebot3_gazebo) by extension 'colcon_meta'
[0.600s] Level 1:colcon.colcon_core.package_identification:_identify(src/turtlebot3_simulations/turtlebot3_gazebo) by extensions ['ros']
[0.600s] Level 1:colcon.colcon_core.package_identification:_identify(src/turtlebot3_simulations/turtlebot3_gazebo) by extension 'ros'
[0.601s] DEBUG:colcon.colcon_core.package_identification:Package 'src/turtlebot3_simulations/turtlebot3_gazebo' with type 'ros.ament_cmake' and name 'turtlebot3_gazebo'
[0.601s] Level 1:colcon.colcon_core.package_identification:_identify(src/turtlebot3_simulations/turtlebot3_simulations) by extensions ['ignore', 'ignore_ament_install']
[0.602s] Level 1:colcon.colcon_core.package_identification:_identify(src/turtlebot3_simulations/turtlebot3_simulations) by extension 'ignore'
[0.602s] Level 1:colcon.colcon_core.package_identification:_identify(src/turtlebot3_simulations/turtlebot3_simulations) by extension 'ignore_ament_install'
[0.602s] Level 1:colcon.colcon_core.package_identification:_identify(src/turtlebot3_simulations/turtlebot3_simulations) by extensions ['colcon_pkg']
[0.602s] Level 1:colcon.colcon_core.package_identification:_identify(src/turtlebot3_simulations/turtlebot3_simulations) by extension 'colcon_pkg'
[0.602s] Level 1:colcon.colcon_core.package_identification:_identify(src/turtlebot3_simulations/turtlebot3_simulations) by extensions ['colcon_meta']
[0.602s] Level 1:colcon.colcon_core.package_identification:_identify(src/turtlebot3_simulations/turtlebot3_simulations) by extension 'colcon_meta'
[0.602s] Level 1:colcon.colcon_core.package_identification:_identify(src/turtlebot3_simulations/turtlebot3_simulations) by extensions ['ros']
[0.602s] Level 1:colcon.colcon_core.package_identification:_identify(src/turtlebot3_simulations/turtlebot3_simulations) by extension 'ros'
[0.603s] DEBUG:colcon.colcon_core.package_identification:Package 'src/turtlebot3_simulations/turtlebot3_simulations' with type 'ros.ament_cmake' and name 'turtlebot3_simulations'
[0.603s] Level 1:colcon.colcon_core.package_discovery:discover_packages(recursive) using defaults
[0.603s] Level 1:colcon.colcon_core.package_discovery:discover_packages(ignore) discover
[0.603s] Level 1:colcon.colcon_core.package_discovery:discover_packages(ignore) using defaults
[0.603s] Level 1:colcon.colcon_core.package_discovery:discover_packages(path) discover
[0.603s] Level 1:colcon.colcon_core.package_discovery:discover_packages(path) using defaults
[0.638s] Level 1:colcon.colcon_core.package_discovery:discover_packages(prefix_path) check parameters
[0.638s] Level 1:colcon.colcon_core.package_discovery:discover_packages(prefix_path) discover
[0.640s] WARNING:colcon.colcon_core.prefix_path.colcon:The path '/home/njoy/ROS/ros_ws/turtlebot3_ws/install' in the environment variable COLCON_PREFIX_PATH doesn't exist
[0.640s] WARNING:colcon.colcon_ros.prefix_path.ament:The path '/home/njoy/ROS/turtlebot3_ws/install/turtlebot3_teleop' in the environment variable AMENT_PREFIX_PATH doesn't exist
[0.640s] WARNING:colcon.colcon_ros.prefix_path.ament:The path '/home/njoy/ROS/turtlebot3_ws/install/turtlebot3_example' in the environment variable AMENT_PREFIX_PATH doesn't exist
[0.640s] WARNING:colcon.colcon_ros.prefix_path.ament:The path '/home/njoy/ROS/ros_ws/turtlebot3_ws/install/turtlebot3' in the environment variable AMENT_PREFIX_PATH doesn't exist
[0.640s] WARNING:colcon.colcon_ros.prefix_path.ament:The path '/home/njoy/ROS/ros_ws/turtlebot3_ws/install/turtlebot3_teleop' in the environment variable AMENT_PREFIX_PATH doesn't exist
[0.640s] WARNING:colcon.colcon_ros.prefix_path.ament:The path '/home/njoy/ROS/ros_ws/turtlebot3_ws/install/turtlebot3_simulations' in the environment variable AMENT_PREFIX_PATH doesn't exist
[0.641s] WARNING:colcon.colcon_ros.prefix_path.ament:The path '/home/njoy/ROS/ros_ws/turtlebot3_ws/install/turtlebot3_bringup' in the environment variable AMENT_PREFIX_PATH doesn't exist
[0.641s] WARNING:colcon.colcon_ros.prefix_path.ament:The path '/home/njoy/ROS/ros_ws/turtlebot3_ws/install/turtlebot3_node' in the environment variable AMENT_PREFIX_PATH doesn't exist
[0.641s] WARNING:colcon.colcon_ros.prefix_path.ament:The path '/home/njoy/ROS/ros_ws/turtlebot3_ws/install/turtlebot3_navigation2' in the environment variable AMENT_PREFIX_PATH doesn't exist
[0.641s] WARNING:colcon.colcon_ros.prefix_path.ament:The path '/home/njoy/ROS/ros_ws/turtlebot3_ws/install/turtlebot3_fake_node' in the environment variable AMENT_PREFIX_PATH doesn't exist
[0.641s] WARNING:colcon.colcon_ros.prefix_path.ament:The path '/home/njoy/ROS/ros_ws/turtlebot3_ws/install/turtlebot3_example' in the environment variable AMENT_PREFIX_PATH doesn't exist
[0.641s] WARNING:colcon.colcon_ros.prefix_path.ament:The path '/home/njoy/ROS/ros_ws/turtlebot3_ws/install/turtlebot3_msgs' in the environment variable AMENT_PREFIX_PATH doesn't exist
[0.641s] WARNING:colcon.colcon_ros.prefix_path.ament:The path '/home/njoy/ROS/ros_ws/turtlebot3_ws/install/turtlebot3_gazebo' in the environment variable AMENT_PREFIX_PATH doesn't exist
[0.641s] WARNING:colcon.colcon_ros.prefix_path.ament:The path '/home/njoy/ROS/ros_ws/turtlebot3_ws/install/turtlebot3_description' in the environment variable AMENT_PREFIX_PATH doesn't exist
[0.641s] WARNING:colcon.colcon_ros.prefix_path.ament:The path '/home/njoy/ROS/ros_ws/turtlebot3_ws/install/turtlebot3_cartographer' in the environment variable AMENT_PREFIX_PATH doesn't exist
[0.642s] WARNING:colcon.colcon_ros.prefix_path.ament:The path '/home/njoy/ROS/ros_ws/turtlebot3_ws/install/dynamixel_sdk_examples' in the environment variable AMENT_PREFIX_PATH doesn't exist
[0.642s] WARNING:colcon.colcon_ros.prefix_path.ament:The path '/home/njoy/ROS/ros_ws/turtlebot3_ws/install/dynamixel_sdk_custom_interfaces' in the environment variable AMENT_PREFIX_PATH doesn't exist
[0.642s] WARNING:colcon.colcon_ros.prefix_path.ament:The path '/home/njoy/ROS/ros_ws/turtlebot3_ws/install/dynamixel_sdk' in the environment variable AMENT_PREFIX_PATH doesn't exist
[0.642s] WARNING:colcon.colcon_ros.prefix_path.catkin:The path '/home/njoy/ROS/turtlebot3_ws/install/turtlebot3' in the environment variable CMAKE_PREFIX_PATH doesn't exist
[0.642s] WARNING:colcon.colcon_ros.prefix_path.catkin:The path '/home/njoy/ROS/turtlebot3_ws/install/turtlebot3_simulations' in the environment variable CMAKE_PREFIX_PATH doesn't exist
[0.642s] WARNING:colcon.colcon_ros.prefix_path.catkin:The path '/home/njoy/ROS/turtlebot3_ws/install/turtlebot3_bringup' in the environment variable CMAKE_PREFIX_PATH doesn't exist
[0.642s] WARNING:colcon.colcon_ros.prefix_path.catkin:The path '/home/njoy/ROS/turtlebot3_ws/install/turtlebot3_node' in the environment variable CMAKE_PREFIX_PATH doesn't exist
[0.642s] WARNING:colcon.colcon_ros.prefix_path.catkin:The path '/home/njoy/ROS/turtlebot3_ws/install/turtlebot3_navigation2' in the environment variable CMAKE_PREFIX_PATH doesn't exist
[0.643s] WARNING:colcon.colcon_ros.prefix_path.catkin:The path '/home/njoy/ROS/turtlebot3_ws/install/turtlebot3_fake_node' in the environment variable CMAKE_PREFIX_PATH doesn't exist
[0.643s] WARNING:colcon.colcon_ros.prefix_path.catkin:The path '/home/njoy/ROS/turtlebot3_ws/install/turtlebot3_msgs' in the environment variable CMAKE_PREFIX_PATH doesn't exist
[0.643s] WARNING:colcon.colcon_ros.prefix_path.catkin:The path '/home/njoy/ROS/turtlebot3_ws/install/turtlebot3_gazebo' in the environment variable CMAKE_PREFIX_PATH doesn't exist
[0.643s] WARNING:colcon.colcon_ros.prefix_path.catkin:The path '/home/njoy/ROS/turtlebot3_ws/install/turtlebot3_description' in the environment variable CMAKE_PREFIX_PATH doesn't exist
[0.643s] WARNING:colcon.colcon_ros.prefix_path.catkin:The path '/home/njoy/ROS/turtlebot3_ws/install/turtlebot3_cartographer' in the environment variable CMAKE_PREFIX_PATH doesn't exist
[0.643s] WARNING:colcon.colcon_ros.prefix_path.catkin:The path '/home/njoy/ROS/turtlebot3_ws/install/dynamixel_sdk_examples' in the environment variable CMAKE_PREFIX_PATH doesn't exist
[0.643s] WARNING:colcon.colcon_ros.prefix_path.catkin:The path '/home/njoy/ROS/turtlebot3_ws/install/dynamixel_sdk_custom_interfaces' in the environment variable CMAKE_PREFIX_PATH doesn't exist
[0.643s] WARNING:colcon.colcon_ros.prefix_path.catkin:The path '/home/njoy/ROS/turtlebot3_ws/install/dynamixel_sdk' in the environment variable CMAKE_PREFIX_PATH doesn't exist
[0.644s] WARNING:colcon.colcon_ros.prefix_path.catkin:The path '/home/njoy/ROS/ros_ws/turtlebot3_ws/install/turtlebot3' in the environment variable CMAKE_PREFIX_PATH doesn't exist
[0.644s] WARNING:colcon.colcon_ros.prefix_path.catkin:The path '/home/njoy/ROS/ros_ws/turtlebot3_ws/install/turtlebot3_simulations' in the environment variable CMAKE_PREFIX_PATH doesn't exist
[0.644s] WARNING:colcon.colcon_ros.prefix_path.catkin:The path '/home/njoy/ROS/ros_ws/turtlebot3_ws/install/turtlebot3_bringup' in the environment variable CMAKE_PREFIX_PATH doesn't exist
[0.644s] WARNING:colcon.colcon_ros.prefix_path.catkin:The path '/home/njoy/ROS/ros_ws/turtlebot3_ws/install/turtlebot3_node' in the environment variable CMAKE_PREFIX_PATH doesn't exist
[0.644s] WARNING:colcon.colcon_ros.prefix_path.catkin:The path '/home/njoy/ROS/ros_ws/turtlebot3_ws/install/turtlebot3_navigation2' in the environment variable CMAKE_PREFIX_PATH doesn't exist
[0.644s] WARNING:colcon.colcon_ros.prefix_path.catkin:The path '/home/njoy/ROS/ros_ws/turtlebot3_ws/install/turtlebot3_fake_node' in the environment variable CMAKE_PREFIX_PATH doesn't exist
[0.644s] WARNING:colcon.colcon_ros.prefix_path.catkin:The path '/home/njoy/ROS/ros_ws/turtlebot3_ws/install/turtlebot3_msgs' in the environment variable CMAKE_PREFIX_PATH doesn't exist
[0.644s] WARNING:colcon.colcon_ros.prefix_path.catkin:The path '/home/njoy/ROS/ros_ws/turtlebot3_ws/install/turtlebot3_gazebo' in the environment variable CMAKE_PREFIX_PATH doesn't exist
[0.644s] WARNING:colcon.colcon_ros.prefix_path.catkin:The path '/home/njoy/ROS/ros_ws/turtlebot3_ws/install/turtlebot3_description' in the environment variable CMAKE_PREFIX_PATH doesn't exist
[0.644s] WARNING:colcon.colcon_ros.prefix_path.catkin:The path '/home/njoy/ROS/ros_ws/turtlebot3_ws/install/turtlebot3_cartographer' in the environment variable CMAKE_PREFIX_PATH doesn't exist
[0.645s] WARNING:colcon.colcon_ros.prefix_path.catkin:The path '/home/njoy/ROS/ros_ws/turtlebot3_ws/install/dynamixel_sdk_examples' in the environment variable CMAKE_PREFIX_PATH doesn't exist
[0.645s] WARNING:colcon.colcon_ros.prefix_path.catkin:The path '/home/njoy/ROS/ros_ws/turtlebot3_ws/install/dynamixel_sdk_custom_interfaces' in the environment variable CMAKE_PREFIX_PATH doesn't exist
[0.645s] WARNING:colcon.colcon_ros.prefix_path.catkin:The path '/home/njoy/ROS/ros_ws/turtlebot3_ws/install/dynamixel_sdk' in the environment variable CMAKE_PREFIX_PATH doesn't exist
[0.646s] DEBUG:colcon.colcon_installed_package_information.package_discovery:Found 0 installed packages in /home/njoy/ROS/turtlebot3_ws/install
[0.646s] DEBUG:colcon.colcon_installed_package_information.package_discovery:Found 0 installed packages in /home/njoy/ROS/ros_ws/install
[0.650s] DEBUG:colcon.colcon_installed_package_information.package_discovery:Found 386 installed packages in /opt/ros/jazzy
[0.651s] Level 1:colcon.colcon_core.package_discovery:discover_packages(prefix_path) using defaults
[0.746s] Level 5:colcon.colcon_core.verb:set package 'dynamixel_sdk' build argument 'cmake_args' from command line to 'None'
[0.746s] Level 5:colcon.colcon_core.verb:set package 'dynamixel_sdk' build argument 'cmake_target' from command line to 'None'
[0.746s] Level 5:colcon.colcon_core.verb:set package 'dynamixel_sdk' build argument 'cmake_target_skip_unavailable' from command line to 'False'
[0.747s] Level 5:colcon.colcon_core.verb:set package 'dynamixel_sdk' build argument 'cmake_clean_cache' from command line to 'False'
[0.747s] Level 5:colcon.colcon_core.verb:set package 'dynamixel_sdk' build argument 'cmake_clean_first' from command line to 'False'
[0.747s] Level 5:colcon.colcon_core.verb:set package 'dynamixel_sdk' build argument 'cmake_force_configure' from command line to 'False'
[0.747s] Level 5:colcon.colcon_core.verb:set package 'dynamixel_sdk' build argument 'ament_cmake_args' from command line to 'None'
[0.747s] Level 5:colcon.colcon_core.verb:set package 'dynamixel_sdk' build argument 'catkin_cmake_args' from command line to 'None'
[0.747s] Level 5:colcon.colcon_core.verb:set package 'dynamixel_sdk' build argument 'catkin_skip_building_tests' from command line to 'False'
[0.747s] DEBUG:colcon.colcon_core.verb:Building package 'dynamixel_sdk' with the following arguments: {'ament_cmake_args': None, 'build_base': '/home/njoy/ROS/turtlebot3_ws/build/dynamixel_sdk', 'catkin_cmake_args': None, 'catkin_skip_building_tests': False, 'cmake_args': None, 'cmake_clean_cache': False, 'cmake_clean_first': False, 'cmake_force_configure': False, 'cmake_target': None, 'cmake_target_skip_unavailable': False, 'install_base': '/home/njoy/ROS/turtlebot3_ws/install/dynamixel_sdk', 'merge_install': False, 'path': '/home/njoy/ROS/turtlebot3_ws/src/DynamixelSDK/ros/dynamixel_sdk', 'symlink_install': True, 'test_result_base': None}
[0.747s] Level 5:colcon.colcon_core.verb:set package 'dynamixel_sdk_custom_interfaces' build argument 'cmake_args' from command line to 'None'
[0.747s] Level 5:colcon.colcon_core.verb:set package 'dynamixel_sdk_custom_interfaces' build argument 'cmake_target' from command line to 'None'
[0.747s] Level 5:colcon.colcon_core.verb:set package 'dynamixel_sdk_custom_interfaces' build argument 'cmake_target_skip_unavailable' from command line to 'False'
[0.747s] Level 5:colcon.colcon_core.verb:set package 'dynamixel_sdk_custom_interfaces' build argument 'cmake_clean_cache' from command line to 'False'
[0.747s] Level 5:colcon.colcon_core.verb:set package 'dynamixel_sdk_custom_interfaces' build argument 'cmake_clean_first' from command line to 'False'
[0.747s] Level 5:colcon.colcon_core.verb:set package 'dynamixel_sdk_custom_interfaces' build argument 'cmake_force_configure' from command line to 'False'
[0.747s] Level 5:colcon.colcon_core.verb:set package 'dynamixel_sdk_custom_interfaces' build argument 'ament_cmake_args' from command line to 'None'
[0.747s] Level 5:colcon.colcon_core.verb:set package 'dynamixel_sdk_custom_interfaces' build argument 'catkin_cmake_args' from command line to 'None'
[0.748s] Level 5:colcon.colcon_core.verb:set package 'dynamixel_sdk_custom_interfaces' build argument 'catkin_skip_building_tests' from command line to 'False'
[0.748s] DEBUG:colcon.colcon_core.verb:Building package 'dynamixel_sdk_custom_interfaces' with the following arguments: {'ament_cmake_args': None, 'build_base': '/home/njoy/ROS/turtlebot3_ws/build/dynamixel_sdk_custom_interfaces', 'catkin_cmake_args': None, 'catkin_skip_building_tests': False, 'cmake_args': None, 'cmake_clean_cache': False, 'cmake_clean_first': False, 'cmake_force_configure': False, 'cmake_target': None, 'cmake_target_skip_unavailable': False, 'install_base': '/home/njoy/ROS/turtlebot3_ws/install/dynamixel_sdk_custom_interfaces', 'merge_install': False, 'path': '/home/njoy/ROS/turtlebot3_ws/src/DynamixelSDK/ros/dynamixel_sdk_custom_interfaces', 'symlink_install': True, 'test_result_base': None}
[0.748s] Level 5:colcon.colcon_core.verb:set package 'turtlebot3_cartographer' build argument 'cmake_args' from command line to 'None'
[0.748s] Level 5:colcon.colcon_core.verb:set package 'turtlebot3_cartographer' build argument 'cmake_target' from command line to 'None'
[0.748s] Level 5:colcon.colcon_core.verb:set package 'turtlebot3_cartographer' build argument 'cmake_target_skip_unavailable' from command line to 'False'
[0.748s] Level 5:colcon.colcon_core.verb:set package 'turtlebot3_cartographer' build argument 'cmake_clean_cache' from command line to 'False'
[0.748s] Level 5:colcon.colcon_core.verb:set package 'turtlebot3_cartographer' build argument 'cmake_clean_first' from command line to 'False'
[0.748s] Level 5:colcon.colcon_core.verb:set package 'turtlebot3_cartographer' build argument 'cmake_force_configure' from command line to 'False'
[0.748s] Level 5:colcon.colcon_core.verb:set package 'turtlebot3_cartographer' build argument 'ament_cmake_args' from command line to 'None'
[0.748s] Level 5:colcon.colcon_core.verb:set package 'turtlebot3_cartographer' build argument 'catkin_cmake_args' from command line to 'None'
[0.748s] Level 5:colcon.colcon_core.verb:set package 'turtlebot3_cartographer' build argument 'catkin_skip_building_tests' from command line to 'False'
[0.748s] DEBUG:colcon.colcon_core.verb:Building package 'turtlebot3_cartographer' with the following arguments: {'ament_cmake_args': None, 'build_base': '/home/njoy/ROS/turtlebot3_ws/build/turtlebot3_cartographer', 'catkin_cmake_args': None, 'catkin_skip_building_tests': False, 'cmake_args': None, 'cmake_clean_cache': False, 'cmake_clean_first': False, 'cmake_force_configure': False, 'cmake_target': None, 'cmake_target_skip_unavailable': False, 'install_base': '/home/njoy/ROS/turtlebot3_ws/install/turtlebot3_cartographer', 'merge_install': False, 'path': '/home/njoy/ROS/turtlebot3_ws/src/turtlebot3/turtlebot3_cartographer', 'symlink_install': True, 'test_result_base': None}
[0.749s] Level 5:colcon.colcon_core.verb:set package 'turtlebot3_description' build argument 'cmake_args' from command line to 'None'
[0.749s] Level 5:colcon.colcon_core.verb:set package 'turtlebot3_description' build argument 'cmake_target' from command line to 'None'
[0.749s] Level 5:colcon.colcon_core.verb:set package 'turtlebot3_description' build argument 'cmake_target_skip_unavailable' from command line to 'False'
[0.749s] Level 5:colcon.colcon_core.verb:set package 'turtlebot3_description' build argument 'cmake_clean_cache' from command line to 'False'
[0.749s] Level 5:colcon.colcon_core.verb:set package 'turtlebot3_description' build argument 'cmake_clean_first' from command line to 'False'
[0.749s] Level 5:colcon.colcon_core.verb:set package 'turtlebot3_description' build argument 'cmake_force_configure' from command line to 'False'
[0.749s] Level 5:colcon.colcon_core.verb:set package 'turtlebot3_description' build argument 'ament_cmake_args' from command line to 'None'
[0.749s] Level 5:colcon.colcon_core.verb:set package 'turtlebot3_description' build argument 'catkin_cmake_args' from command line to 'None'
[0.749s] Level 5:colcon.colcon_core.verb:set package 'turtlebot3_description' build argument 'catkin_skip_building_tests' from command line to 'False'
[0.749s] DEBUG:colcon.colcon_core.verb:Building package 'turtlebot3_description' with the following arguments: {'ament_cmake_args': None, 'build_base': '/home/njoy/ROS/turtlebot3_ws/build/turtlebot3_description', 'catkin_cmake_args': None, 'catkin_skip_building_tests': False, 'cmake_args': None, 'cmake_clean_cache': False, 'cmake_clean_first': False, 'cmake_force_configure': False, 'cmake_target': None, 'cmake_target_skip_unavailable': False, 'install_base': '/home/njoy/ROS/turtlebot3_ws/install/turtlebot3_description', 'merge_install': False, 'path': '/home/njoy/ROS/turtlebot3_ws/src/turtlebot3/turtlebot3_description', 'symlink_install': True, 'test_result_base': None}
[0.750s] Level 5:colcon.colcon_core.verb:set package 'turtlebot3_gazebo' build argument 'cmake_args' from command line to 'None'
[0.750s] Level 5:colcon.colcon_core.verb:set package 'turtlebot3_gazebo' build argument 'cmake_target' from command line to 'None'
[0.750s] Level 5:colcon.colcon_core.verb:set package 'turtlebot3_gazebo' build argument 'cmake_target_skip_unavailable' from command line to 'False'
[0.750s] Level 5:colcon.colcon_core.verb:set package 'turtlebot3_gazebo' build argument 'cmake_clean_cache' from command line to 'False'
[0.750s] Level 5:colcon.colcon_core.verb:set package 'turtlebot3_gazebo' build argument 'cmake_clean_first' from command line to 'False'
[0.750s] Level 5:colcon.colcon_core.verb:set package 'turtlebot3_gazebo' build argument 'cmake_force_configure' from command line to 'False'
[0.750s] Level 5:colcon.colcon_core.verb:set package 'turtlebot3_gazebo' build argument 'ament_cmake_args' from command line to 'None'
[0.750s] Level 5:colcon.colcon_core.verb:set package 'turtlebot3_gazebo' build argument 'catkin_cmake_args' from command line to 'None'
[0.750s] Level 5:colcon.colcon_core.verb:set package 'turtlebot3_gazebo' build argument 'catkin_skip_building_tests' from command line to 'False'
[0.750s] DEBUG:colcon.colcon_core.verb:Building package 'turtlebot3_gazebo' with the following arguments: {'ament_cmake_args': None, 'build_base': '/home/njoy/ROS/turtlebot3_ws/build/turtlebot3_gazebo', 'catkin_cmake_args': None, 'catkin_skip_building_tests': False, 'cmake_args': None, 'cmake_clean_cache': False, 'cmake_clean_first': False, 'cmake_force_configure': False, 'cmake_target': None, 'cmake_target_skip_unavailable': False, 'install_base': '/home/njoy/ROS/turtlebot3_ws/install/turtlebot3_gazebo', 'merge_install': False, 'path': '/home/njoy/ROS/turtlebot3_ws/src/turtlebot3_simulations/turtlebot3_gazebo', 'symlink_install': True, 'test_result_base': None}
[0.750s] Level 5:colcon.colcon_core.verb:set package 'turtlebot3_msgs' build argument 'cmake_args' from command line to 'None'
[0.750s] Level 5:colcon.colcon_core.verb:set package 'turtlebot3_msgs' build argument 'cmake_target' from command line to 'None'
[0.750s] Level 5:colcon.colcon_core.verb:set package 'turtlebot3_msgs' build argument 'cmake_target_skip_unavailable' from command line to 'False'
[0.751s] Level 5:colcon.colcon_core.verb:set package 'turtlebot3_msgs' build argument 'cmake_clean_cache' from command line to 'False'
[0.751s] Level 5:colcon.colcon_core.verb:set package 'turtlebot3_msgs' build argument 'cmake_clean_first' from command line to 'False'
[0.751s] Level 5:colcon.colcon_core.verb:set package 'turtlebot3_msgs' build argument 'cmake_force_configure' from command line to 'False'
[0.751s] Level 5:colcon.colcon_core.verb:set package 'turtlebot3_msgs' build argument 'ament_cmake_args' from command line to 'None'
[0.751s] Level 5:colcon.colcon_core.verb:set package 'turtlebot3_msgs' build argument 'catkin_cmake_args' from command line to 'None'
[0.751s] Level 5:colcon.colcon_core.verb:set package 'turtlebot3_msgs' build argument 'catkin_skip_building_tests' from command line to 'False'
[0.751s] DEBUG:colcon.colcon_core.verb:Building package 'turtlebot3_msgs' with the following arguments: {'ament_cmake_args': None, 'build_base': '/home/njoy/ROS/turtlebot3_ws/build/turtlebot3_msgs', 'catkin_cmake_args': None, 'catkin_skip_building_tests': False, 'cmake_args': None, 'cmake_clean_cache': False, 'cmake_clean_first': False, 'cmake_force_configure': False, 'cmake_target': None, 'cmake_target_skip_unavailable': False, 'install_base': '/home/njoy/ROS/turtlebot3_ws/install/turtlebot3_msgs', 'merge_install': False, 'path': '/home/njoy/ROS/turtlebot3_ws/src/turtlebot3_msgs', 'symlink_install': True, 'test_result_base': None}
[0.751s] Level 5:colcon.colcon_core.verb:set package 'turtlebot3_navigation2' build argument 'cmake_args' from command line to 'None'
[0.751s] Level 5:colcon.colcon_core.verb:set package 'turtlebot3_navigation2' build argument 'cmake_target' from command line to 'None'
[0.751s] Level 5:colcon.colcon_core.verb:set package 'turtlebot3_navigation2' build argument 'cmake_target_skip_unavailable' from command line to 'False'
[0.751s] Level 5:colcon.colcon_core.verb:set package 'turtlebot3_navigation2' build argument 'cmake_clean_cache' from command line to 'False'
[0.751s] Level 5:colcon.colcon_core.verb:set package 'turtlebot3_navigation2' build argument 'cmake_clean_first' from command line to 'False'
[0.751s] Level 5:colcon.colcon_core.verb:set package 'turtlebot3_navigation2' build argument 'cmake_force_configure' from command line to 'False'
[0.751s] Level 5:colcon.colcon_core.verb:set package 'turtlebot3_navigation2' build argument 'ament_cmake_args' from command line to 'None'
[0.752s] Level 5:colcon.colcon_core.verb:set package 'turtlebot3_navigation2' build argument 'catkin_cmake_args' from command line to 'None'
[0.752s] Level 5:colcon.colcon_core.verb:set package 'turtlebot3_navigation2' build argument 'catkin_skip_building_tests' from command line to 'False'
[0.752s] DEBUG:colcon.colcon_core.verb:Building package 'turtlebot3_navigation2' with the following arguments: {'ament_cmake_args': None, 'build_base': '/home/njoy/ROS/turtlebot3_ws/build/turtlebot3_navigation2', 'catkin_cmake_args': None, 'catkin_skip_building_tests': False, 'cmake_args': None, 'cmake_clean_cache': False, 'cmake_clean_first': False, 'cmake_force_configure': False, 'cmake_target': None, 'cmake_target_skip_unavailable': False, 'install_base': '/home/njoy/ROS/turtlebot3_ws/install/turtlebot3_navigation2', 'merge_install': False, 'path': '/home/njoy/ROS/turtlebot3_ws/src/turtlebot3/turtlebot3_navigation2', 'symlink_install': True, 'test_result_base': None}
[0.752s] Level 5:colcon.colcon_core.verb:set package 'turtlebot3_teleop' build argument 'cmake_args' from command line to 'None'
[0.752s] Level 5:colcon.colcon_core.verb:set package 'turtlebot3_teleop' build argument 'cmake_target' from command line to 'None'
[0.752s] Level 5:colcon.colcon_core.verb:set package 'turtlebot3_teleop' build argument 'cmake_target_skip_unavailable' from command line to 'False'
[0.752s] Level 5:colcon.colcon_core.verb:set package 'turtlebot3_teleop' build argument 'cmake_clean_cache' from command line to 'False'
[0.752s] Level 5:colcon.colcon_core.verb:set package 'turtlebot3_teleop' build argument 'cmake_clean_first' from command line to 'False'
[0.752s] Level 5:colcon.colcon_core.verb:set package 'turtlebot3_teleop' build argument 'cmake_force_configure' from command line to 'False'
[0.752s] Level 5:colcon.colcon_core.verb:set package 'turtlebot3_teleop' build argument 'ament_cmake_args' from command line to 'None'
[0.752s] Level 5:colcon.colcon_core.verb:set package 'turtlebot3_teleop' build argument 'catkin_cmake_args' from command line to 'None'
[0.752s] Level 5:colcon.colcon_core.verb:set package 'turtlebot3_teleop' build argument 'catkin_skip_building_tests' from command line to 'False'
[0.752s] DEBUG:colcon.colcon_core.verb:Building package 'turtlebot3_teleop' with the following arguments: {'ament_cmake_args': None, 'build_base': '/home/njoy/ROS/turtlebot3_ws/build/turtlebot3_teleop', 'catkin_cmake_args': None, 'catkin_skip_building_tests': False, 'cmake_args': None, 'cmake_clean_cache': False, 'cmake_clean_first': False, 'cmake_force_configure': False, 'cmake_target': None, 'cmake_target_skip_unavailable': False, 'install_base': '/home/njoy/ROS/turtlebot3_ws/install/turtlebot3_teleop', 'merge_install': False, 'path': '/home/njoy/ROS/turtlebot3_ws/src/turtlebot3/turtlebot3_teleop', 'symlink_install': True, 'test_result_base': None}
[0.753s] Level 5:colcon.colcon_core.verb:set package 'dynamixel_sdk_examples' build argument 'cmake_args' from command line to 'None'
[0.753s] Level 5:colcon.colcon_core.verb:set package 'dynamixel_sdk_examples' build argument 'cmake_target' from command line to 'None'
[0.753s] Level 5:colcon.colcon_core.verb:set package 'dynamixel_sdk_examples' build argument 'cmake_target_skip_unavailable' from command line to 'False'
[0.753s] Level 5:colcon.colcon_core.verb:set package 'dynamixel_sdk_examples' build argument 'cmake_clean_cache' from command line to 'False'
[0.753s] Level 5:colcon.colcon_core.verb:set package 'dynamixel_sdk_examples' build argument 'cmake_clean_first' from command line to 'False'
[0.753s] Level 5:colcon.colcon_core.verb:set package 'dynamixel_sdk_examples' build argument 'cmake_force_configure' from command line to 'False'
[0.753s] Level 5:colcon.colcon_core.verb:set package 'dynamixel_sdk_examples' build argument 'ament_cmake_args' from command line to 'None'
[0.753s] Level 5:colcon.colcon_core.verb:set package 'dynamixel_sdk_examples' build argument 'catkin_cmake_args' from command line to 'None'
[0.753s] Level 5:colcon.colcon_core.verb:set package 'dynamixel_sdk_examples' build argument 'catkin_skip_building_tests' from command line to 'False'
[0.753s] DEBUG:colcon.colcon_core.verb:Building package 'dynamixel_sdk_examples' with the following arguments: {'ament_cmake_args': None, 'build_base': '/home/njoy/ROS/turtlebot3_ws/build/dynamixel_sdk_examples', 'catkin_cmake_args': None, 'catkin_skip_building_tests': False, 'cmake_args': None, 'cmake_clean_cache': False, 'cmake_clean_first': False, 'cmake_force_configure': False, 'cmake_target': None, 'cmake_target_skip_unavailable': False, 'install_base': '/home/njoy/ROS/turtlebot3_ws/install/dynamixel_sdk_examples', 'merge_install': False, 'path': '/home/njoy/ROS/turtlebot3_ws/src/DynamixelSDK/ros/dynamixel_sdk_examples', 'symlink_install': True, 'test_result_base': None}
[0.754s] Level 5:colcon.colcon_core.verb:set package 'turtlebot3_example' build argument 'cmake_args' from command line to 'None'
[0.754s] Level 5:colcon.colcon_core.verb:set package 'turtlebot3_example' build argument 'cmake_target' from command line to 'None'
[0.754s] Level 5:colcon.colcon_core.verb:set package 'turtlebot3_example' build argument 'cmake_target_skip_unavailable' from command line to 'False'
[0.754s] Level 5:colcon.colcon_core.verb:set package 'turtlebot3_example' build argument 'cmake_clean_cache' from command line to 'False'
[0.754s] Level 5:colcon.colcon_core.verb:set package 'turtlebot3_example' build argument 'cmake_clean_first' from command line to 'False'
[0.754s] Level 5:colcon.colcon_core.verb:set package 'turtlebot3_example' build argument 'cmake_force_configure' from command line to 'False'
[0.754s] Level 5:colcon.colcon_core.verb:set package 'turtlebot3_example' build argument 'ament_cmake_args' from command line to 'None'
[0.754s] Level 5:colcon.colcon_core.verb:set package 'turtlebot3_example' build argument 'catkin_cmake_args' from command line to 'None'
[0.754s] Level 5:colcon.colcon_core.verb:set package 'turtlebot3_example' build argument 'catkin_skip_building_tests' from command line to 'False'
[0.754s] DEBUG:colcon.colcon_core.verb:Building package 'turtlebot3_example' with the following arguments: {'ament_cmake_args': None, 'build_base': '/home/njoy/ROS/turtlebot3_ws/build/turtlebot3_example', 'catkin_cmake_args': None, 'catkin_skip_building_tests': False, 'cmake_args': None, 'cmake_clean_cache': False, 'cmake_clean_first': False, 'cmake_force_configure': False, 'cmake_target': None, 'cmake_target_skip_unavailable': False, 'install_base': '/home/njoy/ROS/turtlebot3_ws/install/turtlebot3_example', 'merge_install': False, 'path': '/home/njoy/ROS/turtlebot3_ws/src/turtlebot3/turtlebot3_example', 'symlink_install': True, 'test_result_base': None}
[0.754s] Level 5:colcon.colcon_core.verb:set package 'turtlebot3_fake_node' build argument 'cmake_args' from command line to 'None'
[0.754s] Level 5:colcon.colcon_core.verb:set package 'turtlebot3_fake_node' build argument 'cmake_target' from command line to 'None'
[0.754s] Level 5:colcon.colcon_core.verb:set package 'turtlebot3_fake_node' build argument 'cmake_target_skip_unavailable' from command line to 'False'
[0.754s] Level 5:colcon.colcon_core.verb:set package 'turtlebot3_fake_node' build argument 'cmake_clean_cache' from command line to 'False'
[0.755s] Level 5:colcon.colcon_core.verb:set package 'turtlebot3_fake_node' build argument 'cmake_clean_first' from command line to 'False'
[0.755s] Level 5:colcon.colcon_core.verb:set package 'turtlebot3_fake_node' build argument 'cmake_force_configure' from command line to 'False'
[0.755s] Level 5:colcon.colcon_core.verb:set package 'turtlebot3_fake_node' build argument 'ament_cmake_args' from command line to 'None'
[0.755s] Level 5:colcon.colcon_core.verb:set package 'turtlebot3_fake_node' build argument 'catkin_cmake_args' from command line to 'None'
[0.755s] Level 5:colcon.colcon_core.verb:set package 'turtlebot3_fake_node' build argument 'catkin_skip_building_tests' from command line to 'False'
[0.755s] DEBUG:colcon.colcon_core.verb:Building package 'turtlebot3_fake_node' with the following arguments: {'ament_cmake_args': None, 'build_base': '/home/njoy/ROS/turtlebot3_ws/build/turtlebot3_fake_node', 'catkin_cmake_args': None, 'catkin_skip_building_tests': False, 'cmake_args': None, 'cmake_clean_cache': False, 'cmake_clean_first': False, 'cmake_force_configure': False, 'cmake_target': None, 'cmake_target_skip_unavailable': False, 'install_base': '/home/njoy/ROS/turtlebot3_ws/install/turtlebot3_fake_node', 'merge_install': False, 'path': '/home/njoy/ROS/turtlebot3_ws/src/turtlebot3_simulations/turtlebot3_fake_node', 'symlink_install': True, 'test_result_base': None}
[0.755s] Level 5:colcon.colcon_core.verb:set package 'turtlebot3_node' build argument 'cmake_args' from command line to 'None'
[0.755s] Level 5:colcon.colcon_core.verb:set package 'turtlebot3_node' build argument 'cmake_target' from command line to 'None'
[0.755s] Level 5:colcon.colcon_core.verb:set package 'turtlebot3_node' build argument 'cmake_target_skip_unavailable' from command line to 'False'
[0.755s] Level 5:colcon.colcon_core.verb:set package 'turtlebot3_node' build argument 'cmake_clean_cache' from command line to 'False'
[0.755s] Level 5:colcon.colcon_core.verb:set package 'turtlebot3_node' build argument 'cmake_clean_first' from command line to 'False'
[0.755s] Level 5:colcon.colcon_core.verb:set package 'turtlebot3_node' build argument 'cmake_force_configure' from command line to 'False'
[0.755s] Level 5:colcon.colcon_core.verb:set package 'turtlebot3_node' build argument 'ament_cmake_args' from command line to 'None'
[0.755s] Level 5:colcon.colcon_core.verb:set package 'turtlebot3_node' build argument 'catkin_cmake_args' from command line to 'None'
[0.755s] Level 5:colcon.colcon_core.verb:set package 'turtlebot3_node' build argument 'catkin_skip_building_tests' from command line to 'False'
[0.756s] DEBUG:colcon.colcon_core.verb:Building package 'turtlebot3_node' with the following arguments: {'ament_cmake_args': None, 'build_base': '/home/njoy/ROS/turtlebot3_ws/build/turtlebot3_node', 'catkin_cmake_args': None, 'catkin_skip_building_tests': False, 'cmake_args': None, 'cmake_clean_cache': False, 'cmake_clean_first': False, 'cmake_force_configure': False, 'cmake_target': None, 'cmake_target_skip_unavailable': False, 'install_base': '/home/njoy/ROS/turtlebot3_ws/install/turtlebot3_node', 'merge_install': False, 'path': '/home/njoy/ROS/turtlebot3_ws/src/turtlebot3/turtlebot3_node', 'symlink_install': True, 'test_result_base': None}
[0.756s] Level 5:colcon.colcon_core.verb:set package 'turtlebot3_bringup' build argument 'cmake_args' from command line to 'None'
[0.756s] Level 5:colcon.colcon_core.verb:set package 'turtlebot3_bringup' build argument 'cmake_target' from command line to 'None'
[0.756s] Level 5:colcon.colcon_core.verb:set package 'turtlebot3_bringup' build argument 'cmake_target_skip_unavailable' from command line to 'False'
[0.756s] Level 5:colcon.colcon_core.verb:set package 'turtlebot3_bringup' build argument 'cmake_clean_cache' from command line to 'False'
[0.756s] Level 5:colcon.colcon_core.verb:set package 'turtlebot3_bringup' build argument 'cmake_clean_first' from command line to 'False'
[0.756s] Level 5:colcon.colcon_core.verb:set package 'turtlebot3_bringup' build argument 'cmake_force_configure' from command line to 'False'
[0.756s] Level 5:colcon.colcon_core.verb:set package 'turtlebot3_bringup' build argument 'ament_cmake_args' from command line to 'None'
[0.756s] Level 5:colcon.colcon_core.verb:set package 'turtlebot3_bringup' build argument 'catkin_cmake_args' from command line to 'None'
[0.756s] Level 5:colcon.colcon_core.verb:set package 'turtlebot3_bringup' build argument 'catkin_skip_building_tests' from command line to 'False'
[0.756s] DEBUG:colcon.colcon_core.verb:Building package 'turtlebot3_bringup' with the following arguments: {'ament_cmake_args': None, 'build_base': '/home/njoy/ROS/turtlebot3_ws/build/turtlebot3_bringup', 'catkin_cmake_args': None, 'catkin_skip_building_tests': False, 'cmake_args': None, 'cmake_clean_cache': False, 'cmake_clean_first': False, 'cmake_force_configure': False, 'cmake_target': None, 'cmake_target_skip_unavailable': False, 'install_base': '/home/njoy/ROS/turtlebot3_ws/install/turtlebot3_bringup', 'merge_install': False, 'path': '/home/njoy/ROS/turtlebot3_ws/src/turtlebot3/turtlebot3_bringup', 'symlink_install': True, 'test_result_base': None}
[0.757s] Level 5:colcon.colcon_core.verb:set package 'turtlebot3_simulations' build argument 'cmake_args' from command line to 'None'
[0.757s] Level 5:colcon.colcon_core.verb:set package 'turtlebot3_simulations' build argument 'cmake_target' from command line to 'None'
[0.757s] Level 5:colcon.colcon_core.verb:set package 'turtlebot3_simulations' build argument 'cmake_target_skip_unavailable' from command line to 'False'
[0.757s] Level 5:colcon.colcon_core.verb:set package 'turtlebot3_simulations' build argument 'cmake_clean_cache' from command line to 'False'
[0.757s] Level 5:colcon.colcon_core.verb:set package 'turtlebot3_simulations' build argument 'cmake_clean_first' from command line to 'False'
[0.757s] Level 5:colcon.colcon_core.verb:set package 'turtlebot3_simulations' build argument 'cmake_force_configure' from command line to 'False'
[0.757s] Level 5:colcon.colcon_core.verb:set package 'turtlebot3_simulations' build argument 'ament_cmake_args' from command line to 'None'
[0.757s] Level 5:colcon.colcon_core.verb:set package 'turtlebot3_simulations' build argument 'catkin_cmake_args' from command line to 'None'
[0.757s] Level 5:colcon.colcon_core.verb:set package 'turtlebot3_simulations' build argument 'catkin_skip_building_tests' from command line to 'False'
[0.757s] DEBUG:colcon.colcon_core.verb:Building package 'turtlebot3_simulations' with the following arguments: {'ament_cmake_args': None, 'build_base': '/home/njoy/ROS/turtlebot3_ws/build/turtlebot3_simulations', 'catkin_cmake_args': None, 'catkin_skip_building_tests': False, 'cmake_args': None, 'cmake_clean_cache': False, 'cmake_clean_first': False, 'cmake_force_configure': False, 'cmake_target': None, 'cmake_target_skip_unavailable': False, 'install_base': '/home/njoy/ROS/turtlebot3_ws/install/turtlebot3_simulations', 'merge_install': False, 'path': '/home/njoy/ROS/turtlebot3_ws/src/turtlebot3_simulations/turtlebot3_simulations', 'symlink_install': True, 'test_result_base': None}
[0.757s] Level 5:colcon.colcon_core.verb:set package 'turtlebot3' build argument 'cmake_args' from command line to 'None'
[0.758s] Level 5:colcon.colcon_core.verb:set package 'turtlebot3' build argument 'cmake_target' from command line to 'None'
[0.758s] Level 5:colcon.colcon_core.verb:set package 'turtlebot3' build argument 'cmake_target_skip_unavailable' from command line to 'False'
[0.758s] Level 5:colcon.colcon_core.verb:set package 'turtlebot3' build argument 'cmake_clean_cache' from command line to 'False'
[0.758s] Level 5:colcon.colcon_core.verb:set package 'turtlebot3' build argument 'cmake_clean_first' from command line to 'False'
[0.758s] Level 5:colcon.colcon_core.verb:set package 'turtlebot3' build argument 'cmake_force_configure' from command line to 'False'
[0.758s] Level 5:colcon.colcon_core.verb:set package 'turtlebot3' build argument 'ament_cmake_args' from command line to 'None'
[0.758s] Level 5:colcon.colcon_core.verb:set package 'turtlebot3' build argument 'catkin_cmake_args' from command line to 'None'
[0.758s] Level 5:colcon.colcon_core.verb:set package 'turtlebot3' build argument 'catkin_skip_building_tests' from command line to 'False'
[0.758s] DEBUG:colcon.colcon_core.verb:Building package 'turtlebot3' with the following arguments: {'ament_cmake_args': None, 'build_base': '/home/njoy/ROS/turtlebot3_ws/build/turtlebot3', 'catkin_cmake_args': None, 'catkin_skip_building_tests': False, 'cmake_args': None, 'cmake_clean_cache': False, 'cmake_clean_first': False, 'cmake_force_configure': False, 'cmake_target': None, 'cmake_target_skip_unavailable': False, 'install_base': '/home/njoy/ROS/turtlebot3_ws/install/turtlebot3', 'merge_install': False, 'path': '/home/njoy/ROS/turtlebot3_ws/src/turtlebot3/turtlebot3', 'symlink_install': True, 'test_result_base': None}
[0.758s] INFO:colcon.colcon_core.executor:Executing jobs using 'parallel' executor
[0.760s] DEBUG:colcon.colcon_parallel_executor.executor.parallel:run_until_complete
[0.760s] INFO:colcon.colcon_ros.task.ament_cmake.build:Building ROS package in '/home/njoy/ROS/turtlebot3_ws/src/turtlebot3_msgs' with build type 'ament_cmake'
[0.760s] INFO:colcon.colcon_cmake.task.cmake.build:Building CMake package in '/home/njoy/ROS/turtlebot3_ws/src/turtlebot3_msgs'
[0.764s] INFO:colcon.colcon_core.plugin_system:Skipping extension 'colcon_core.shell.bat': Not used on non-Windows systems
[0.765s] INFO:colcon.colcon_core.shell:Skip shell extension 'powershell' for command environment: Not usable outside of PowerShell
[0.765s] DEBUG:colcon.colcon_core.shell:Skip shell extension 'dsv' for command environment
[0.773s] INFO:colcon.colcon_ros.task.ament_cmake.build:Building ROS package in '/home/njoy/ROS/turtlebot3_ws/src/DynamixelSDK/ros/dynamixel_sdk' with build type 'ament_cmake'
[0.773s] INFO:colcon.colcon_cmake.task.cmake.build:Building CMake package in '/home/njoy/ROS/turtlebot3_ws/src/DynamixelSDK/ros/dynamixel_sdk'
[0.773s] INFO:colcon.colcon_core.shell:Skip shell extension 'powershell' for command environment: Not usable outside of PowerShell
[0.774s] DEBUG:colcon.colcon_core.shell:Skip shell extension 'dsv' for command environment
[0.783s] INFO:colcon.colcon_ros.task.ament_cmake.build:Building ROS package in '/home/njoy/ROS/turtlebot3_ws/src/turtlebot3/turtlebot3_description' with build type 'ament_cmake'
[0.783s] INFO:colcon.colcon_cmake.task.cmake.build:Building CMake package in '/home/njoy/ROS/turtlebot3_ws/src/turtlebot3/turtlebot3_description'
[0.783s] INFO:colcon.colcon_core.shell:Skip shell extension 'powershell' for command environment: Not usable outside of PowerShell
[0.784s] DEBUG:colcon.colcon_core.shell:Skip shell extension 'dsv' for command environment
[0.792s] INFO:colcon.colcon_ros.task.ament_cmake.build:Building ROS package in '/home/njoy/ROS/turtlebot3_ws/src/DynamixelSDK/ros/dynamixel_sdk_custom_interfaces' with build type 'ament_cmake'
[0.792s] INFO:colcon.colcon_cmake.task.cmake.build:Building CMake package in '/home/njoy/ROS/turtlebot3_ws/src/DynamixelSDK/ros/dynamixel_sdk_custom_interfaces'
[0.792s] INFO:colcon.colcon_core.shell:Skip shell extension 'powershell' for command environment: Not usable outside of PowerShell
[0.792s] DEBUG:colcon.colcon_core.shell:Skip shell extension 'dsv' for command environment
[0.800s] INFO:colcon.colcon_ros.task.ament_cmake.build:Building ROS package in '/home/njoy/ROS/turtlebot3_ws/src/turtlebot3/turtlebot3_cartographer' with build type 'ament_cmake'
[0.800s] INFO:colcon.colcon_cmake.task.cmake.build:Building CMake package in '/home/njoy/ROS/turtlebot3_ws/src/turtlebot3/turtlebot3_cartographer'
[0.800s] INFO:colcon.colcon_core.shell:Skip shell extension 'powershell' for command environment: Not usable outside of PowerShell
[0.800s] DEBUG:colcon.colcon_core.shell:Skip shell extension 'dsv' for command environment
[0.808s] INFO:colcon.colcon_ros.task.ament_cmake.build:Building ROS package in '/home/njoy/ROS/turtlebot3_ws/src/turtlebot3_simulations/turtlebot3_gazebo' with build type 'ament_cmake'
[0.808s] INFO:colcon.colcon_cmake.task.cmake.build:Building CMake package in '/home/njoy/ROS/turtlebot3_ws/src/turtlebot3_simulations/turtlebot3_gazebo'
[0.808s] INFO:colcon.colcon_core.shell:Skip shell extension 'powershell' for command environment: Not usable outside of PowerShell
[0.808s] DEBUG:colcon.colcon_core.shell:Skip shell extension 'dsv' for command environment
[0.816s] INFO:colcon.colcon_ros.task.ament_cmake.build:Building ROS package in '/home/njoy/ROS/turtlebot3_ws/src/turtlebot3/turtlebot3_navigation2' with build type 'ament_cmake'
[0.816s] INFO:colcon.colcon_cmake.task.cmake.build:Building CMake package in '/home/njoy/ROS/turtlebot3_ws/src/turtlebot3/turtlebot3_navigation2'
[0.816s] INFO:colcon.colcon_core.shell:Skip shell extension 'powershell' for command environment: Not usable outside of PowerShell
[0.816s] DEBUG:colcon.colcon_core.shell:Skip shell extension 'dsv' for command environment
[0.824s] INFO:colcon.colcon_ros.task.ament_python.build:Building ROS package in '/home/njoy/ROS/turtlebot3_ws/src/turtlebot3/turtlebot3_teleop' with build type 'ament_python'
[0.824s] Level 1:colcon.colcon_core.shell:create_environment_hook('turtlebot3_teleop', 'ament_prefix_path')
[0.824s] INFO:colcon.colcon_core.shell:Creating environment hook '/home/njoy/ROS/turtlebot3_ws/install/turtlebot3_teleop/share/turtlebot3_teleop/hook/ament_prefix_path.ps1'
[0.826s] INFO:colcon.colcon_core.shell:Creating environment descriptor '/home/njoy/ROS/turtlebot3_ws/install/turtlebot3_teleop/share/turtlebot3_teleop/hook/ament_prefix_path.dsv'
[0.826s] INFO:colcon.colcon_core.shell:Creating environment hook '/home/njoy/ROS/turtlebot3_ws/install/turtlebot3_teleop/share/turtlebot3_teleop/hook/ament_prefix_path.sh'
[0.827s] INFO:colcon.colcon_core.shell:Skip shell extension 'powershell' for command environment: Not usable outside of PowerShell
[0.828s] DEBUG:colcon.colcon_core.shell:Skip shell extension 'dsv' for command environment
[0.841s] DEBUG:colcon.colcon_core.event_handler.log_command:Invoking command in '/home/njoy/ROS/turtlebot3_ws/build/turtlebot3_msgs': CMAKE_PREFIX_PATH=${CMAKE_PREFIX_PATH}:/home/njoy/ROS/turtlebot3_ws/install/turtlebot3_teleop:/home/njoy/ROS/turtlebot3_ws/install/turtlebot3_example:/opt/ros/jazzy:/home/njoy/ROS/ros_ws/turtlebot3_ws/install/turtlebot3_teleop:/home/njoy/ROS/ros_ws/turtlebot3_ws/install/turtlebot3_example DEBUGINFOD_URLS=ima:enforcing https://debuginfod.fedoraproject.org/ ima:ignore PS1=📦[\u@rover-dev-container \W]$ /usr/bin/cmake /home/njoy/ROS/turtlebot3_ws/src/turtlebot3_msgs -DAMENT_CMAKE_SYMLINK_INSTALL=1 -DCMAKE_INSTALL_PREFIX=/home/njoy/ROS/turtlebot3_ws/install/turtlebot3_msgs
[0.849s] DEBUG:colcon.colcon_core.event_handler.log_command:Invoking command in '/home/njoy/ROS/turtlebot3_ws/build/dynamixel_sdk': CMAKE_PREFIX_PATH=${CMAKE_PREFIX_PATH}:/home/njoy/ROS/turtlebot3_ws/install/turtlebot3_teleop:/home/njoy/ROS/turtlebot3_ws/install/turtlebot3_example:/opt/ros/jazzy:/home/njoy/ROS/ros_ws/turtlebot3_ws/install/turtlebot3_teleop:/home/njoy/ROS/ros_ws/turtlebot3_ws/install/turtlebot3_example DEBUGINFOD_URLS=ima:enforcing https://debuginfod.fedoraproject.org/ ima:ignore PS1=📦[\u@rover-dev-container \W]$ /usr/bin/cmake /home/njoy/ROS/turtlebot3_ws/src/DynamixelSDK/ros/dynamixel_sdk -DAMENT_CMAKE_SYMLINK_INSTALL=1 -DCMAKE_INSTALL_PREFIX=/home/njoy/ROS/turtlebot3_ws/install/dynamixel_sdk
[0.852s] DEBUG:colcon.colcon_core.event_handler.log_command:Invoking command in '/home/njoy/ROS/turtlebot3_ws/build/turtlebot3_description': CMAKE_PREFIX_PATH=${CMAKE_PREFIX_PATH}:/home/njoy/ROS/turtlebot3_ws/install/turtlebot3_teleop:/home/njoy/ROS/turtlebot3_ws/install/turtlebot3_example:/opt/ros/jazzy:/home/njoy/ROS/ros_ws/turtlebot3_ws/install/turtlebot3_teleop:/home/njoy/ROS/ros_ws/turtlebot3_ws/install/turtlebot3_example DEBUGINFOD_URLS=ima:enforcing https://debuginfod.fedoraproject.org/ ima:ignore PS1=📦[\u@rover-dev-container \W]$ /usr/bin/cmake /home/njoy/ROS/turtlebot3_ws/src/turtlebot3/turtlebot3_description -DAMENT_CMAKE_SYMLINK_INSTALL=1 -DCMAKE_INSTALL_PREFIX=/home/njoy/ROS/turtlebot3_ws/install/turtlebot3_description
[0.855s] DEBUG:colcon.colcon_core.event_handler.log_command:Invoking command in '/home/njoy/ROS/turtlebot3_ws/build/dynamixel_sdk_custom_interfaces': CMAKE_PREFIX_PATH=${CMAKE_PREFIX_PATH}:/home/njoy/ROS/turtlebot3_ws/install/turtlebot3_teleop:/home/njoy/ROS/turtlebot3_ws/install/turtlebot3_example:/opt/ros/jazzy:/home/njoy/ROS/ros_ws/turtlebot3_ws/install/turtlebot3_teleop:/home/njoy/ROS/ros_ws/turtlebot3_ws/install/turtlebot3_example DEBUGINFOD_URLS=ima:enforcing https://debuginfod.fedoraproject.org/ ima:ignore PS1=📦[\u@rover-dev-container \W]$ /usr/bin/cmake /home/njoy/ROS/turtlebot3_ws/src/DynamixelSDK/ros/dynamixel_sdk_custom_interfaces -DAMENT_CMAKE_SYMLINK_INSTALL=1 -DCMAKE_INSTALL_PREFIX=/home/njoy/ROS/turtlebot3_ws/install/dynamixel_sdk_custom_interfaces
[0.859s] DEBUG:colcon.colcon_core.event_handler.log_command:Invoking command in '/home/njoy/ROS/turtlebot3_ws/build/turtlebot3_cartographer': CMAKE_PREFIX_PATH=${CMAKE_PREFIX_PATH}:/home/njoy/ROS/turtlebot3_ws/install/turtlebot3_teleop:/home/njoy/ROS/turtlebot3_ws/install/turtlebot3_example:/opt/ros/jazzy:/home/njoy/ROS/ros_ws/turtlebot3_ws/install/turtlebot3_teleop:/home/njoy/ROS/ros_ws/turtlebot3_ws/install/turtlebot3_example DEBUGINFOD_URLS=ima:enforcing https://debuginfod.fedoraproject.org/ ima:ignore PS1=📦[\u@rover-dev-container \W]$ /usr/bin/cmake /home/njoy/ROS/turtlebot3_ws/src/turtlebot3/turtlebot3_cartographer -DAMENT_CMAKE_SYMLINK_INSTALL=1 -DCMAKE_INSTALL_PREFIX=/home/njoy/ROS/turtlebot3_ws/install/turtlebot3_cartographer
[0.863s] DEBUG:colcon.colcon_core.event_handler.log_command:Invoking command in '/home/njoy/ROS/turtlebot3_ws/build/turtlebot3_gazebo': CMAKE_PREFIX_PATH=${CMAKE_PREFIX_PATH}:/home/njoy/ROS/turtlebot3_ws/install/turtlebot3_teleop:/home/njoy/ROS/turtlebot3_ws/install/turtlebot3_example:/opt/ros/jazzy:/home/njoy/ROS/ros_ws/turtlebot3_ws/install/turtlebot3_teleop:/home/njoy/ROS/ros_ws/turtlebot3_ws/install/turtlebot3_example DEBUGINFOD_URLS=ima:enforcing https://debuginfod.fedoraproject.org/ ima:ignore PS1=📦[\u@rover-dev-container \W]$ /usr/bin/cmake /home/njoy/ROS/turtlebot3_ws/src/turtlebot3_simulations/turtlebot3_gazebo -DAMENT_CMAKE_SYMLINK_INSTALL=1 -DCMAKE_INSTALL_PREFIX=/home/njoy/ROS/turtlebot3_ws/install/turtlebot3_gazebo
[0.868s] DEBUG:colcon.colcon_core.event_handler.log_command:Invoking command in '/home/njoy/ROS/turtlebot3_ws/build/turtlebot3_navigation2': CMAKE_PREFIX_PATH=${CMAKE_PREFIX_PATH}:/home/njoy/ROS/turtlebot3_ws/install/turtlebot3_teleop:/home/njoy/ROS/turtlebot3_ws/install/turtlebot3_example:/opt/ros/jazzy:/home/njoy/ROS/ros_ws/turtlebot3_ws/install/turtlebot3_teleop:/home/njoy/ROS/ros_ws/turtlebot3_ws/install/turtlebot3_example DEBUGINFOD_URLS=ima:enforcing https://debuginfod.fedoraproject.org/ ima:ignore PS1=📦[\u@rover-dev-container \W]$ /usr/bin/cmake /home/njoy/ROS/turtlebot3_ws/src/turtlebot3/turtlebot3_navigation2 -DAMENT_CMAKE_SYMLINK_INSTALL=1 -DCMAKE_INSTALL_PREFIX=/home/njoy/ROS/turtlebot3_ws/install/turtlebot3_navigation2
[1.328s] INFO:colcon.colcon_core.task.python.build:Building Python package in '/home/njoy/ROS/turtlebot3_ws/src/turtlebot3/turtlebot3_teleop'
[1.329s] INFO:colcon.colcon_core.shell:Skip shell extension 'powershell' for command environment: Not usable outside of PowerShell
[1.329s] DEBUG:colcon.colcon_core.shell:Skip shell extension 'dsv' for command environment
[2.396s] DEBUG:colcon.colcon_core.event_handler.log_command:Invoking command in '/home/njoy/ROS/turtlebot3_ws/build/turtlebot3_teleop': DEBUGINFOD_URLS=ima:enforcing https://debuginfod.fedoraproject.org/ ima:ignore PS1=📦[\u@rover-dev-container \W]$ PYTHONPATH=/home/njoy/ROS/turtlebot3_ws/build/turtlebot3_teleop/prefix_override:/usr/lib/python3/dist-packages/colcon_core/task/python/colcon_distutils_commands:/home/njoy/ROS/turtlebot3_ws/install/turtlebot3_teleop/lib/python3.12/site-packages:${PYTHONPATH} /usr/bin/python3 -W ignore:setup.py install is deprecated -W ignore:easy_install command is deprecated setup.py develop --editable --build-directory /home/njoy/ROS/turtlebot3_ws/build/turtlebot3_teleop/build --no-deps symlink_data
[2.508s] DEBUG:colcon.colcon_core.event_handler.log_command:Invoked command in '/home/njoy/ROS/turtlebot3_ws/build/turtlebot3_navigation2' returned '0': CMAKE_PREFIX_PATH=${CMAKE_PREFIX_PATH}:/home/njoy/ROS/turtlebot3_ws/install/turtlebot3_teleop:/home/njoy/ROS/turtlebot3_ws/install/turtlebot3_example:/opt/ros/jazzy:/home/njoy/ROS/ros_ws/turtlebot3_ws/install/turtlebot3_teleop:/home/njoy/ROS/ros_ws/turtlebot3_ws/install/turtlebot3_example DEBUGINFOD_URLS=ima:enforcing https://debuginfod.fedoraproject.org/ ima:ignore PS1=📦[\u@rover-dev-container \W]$ /usr/bin/cmake /home/njoy/ROS/turtlebot3_ws/src/turtlebot3/turtlebot3_navigation2 -DAMENT_CMAKE_SYMLINK_INSTALL=1 -DCMAKE_INSTALL_PREFIX=/home/njoy/ROS/turtlebot3_ws/install/turtlebot3_navigation2
[2.510s] DEBUG:colcon.colcon_core.event_handler.log_command:Invoking command in '/home/njoy/ROS/turtlebot3_ws/build/turtlebot3_navigation2': CMAKE_PREFIX_PATH=${CMAKE_PREFIX_PATH}:/home/njoy/ROS/turtlebot3_ws/install/turtlebot3_teleop:/home/njoy/ROS/turtlebot3_ws/install/turtlebot3_example:/opt/ros/jazzy:/home/njoy/ROS/ros_ws/turtlebot3_ws/install/turtlebot3_teleop:/home/njoy/ROS/ros_ws/turtlebot3_ws/install/turtlebot3_example DEBUGINFOD_URLS=ima:enforcing https://debuginfod.fedoraproject.org/ ima:ignore PS1=📦[\u@rover-dev-container \W]$ /usr/bin/cmake --build /home/njoy/ROS/turtlebot3_ws/build/turtlebot3_navigation2 -- -j16 -l16
[2.514s] DEBUG:colcon.colcon_core.event_handler.log_command:Invoked command in '/home/njoy/ROS/turtlebot3_ws/build/turtlebot3_cartographer' returned '0': CMAKE_PREFIX_PATH=${CMAKE_PREFIX_PATH}:/home/njoy/ROS/turtlebot3_ws/install/turtlebot3_teleop:/home/njoy/ROS/turtlebot3_ws/install/turtlebot3_example:/opt/ros/jazzy:/home/njoy/ROS/ros_ws/turtlebot3_ws/install/turtlebot3_teleop:/home/njoy/ROS/ros_ws/turtlebot3_ws/install/turtlebot3_example DEBUGINFOD_URLS=ima:enforcing https://debuginfod.fedoraproject.org/ ima:ignore PS1=📦[\u@rover-dev-container \W]$ /usr/bin/cmake /home/njoy/ROS/turtlebot3_ws/src/turtlebot3/turtlebot3_cartographer -DAMENT_CMAKE_SYMLINK_INSTALL=1 -DCMAKE_INSTALL_PREFIX=/home/njoy/ROS/turtlebot3_ws/install/turtlebot3_cartographer
[2.515s] DEBUG:colcon.colcon_core.event_handler.log_command:Invoking command in '/home/njoy/ROS/turtlebot3_ws/build/turtlebot3_cartographer': CMAKE_PREFIX_PATH=${CMAKE_PREFIX_PATH}:/home/njoy/ROS/turtlebot3_ws/install/turtlebot3_teleop:/home/njoy/ROS/turtlebot3_ws/install/turtlebot3_example:/opt/ros/jazzy:/home/njoy/ROS/ros_ws/turtlebot3_ws/install/turtlebot3_teleop:/home/njoy/ROS/ros_ws/turtlebot3_ws/install/turtlebot3_example DEBUGINFOD_URLS=ima:enforcing https://debuginfod.fedoraproject.org/ ima:ignore PS1=📦[\u@rover-dev-container \W]$ /usr/bin/cmake --build /home/njoy/ROS/turtlebot3_ws/build/turtlebot3_cartographer -- -j16 -l16
[2.571s] DEBUG:colcon.colcon_core.event_handler.log_command:Invoked command in '/home/njoy/ROS/turtlebot3_ws/build/turtlebot3_navigation2' returned '0': CMAKE_PREFIX_PATH=${CMAKE_PREFIX_PATH}:/home/njoy/ROS/turtlebot3_ws/install/turtlebot3_teleop:/home/njoy/ROS/turtlebot3_ws/install/turtlebot3_example:/opt/ros/jazzy:/home/njoy/ROS/ros_ws/turtlebot3_ws/install/turtlebot3_teleop:/home/njoy/ROS/ros_ws/turtlebot3_ws/install/turtlebot3_example DEBUGINFOD_URLS=ima:enforcing https://debuginfod.fedoraproject.org/ ima:ignore PS1=📦[\u@rover-dev-container \W]$ /usr/bin/cmake --build /home/njoy/ROS/turtlebot3_ws/build/turtlebot3_navigation2 -- -j16 -l16
[2.586s] DEBUG:colcon.colcon_core.event_handler.log_command:Invoking command in '/home/njoy/ROS/turtlebot3_ws/build/turtlebot3_navigation2': CMAKE_PREFIX_PATH=${CMAKE_PREFIX_PATH}:/home/njoy/ROS/turtlebot3_ws/install/turtlebot3_teleop:/home/njoy/ROS/turtlebot3_ws/install/turtlebot3_example:/opt/ros/jazzy:/home/njoy/ROS/ros_ws/turtlebot3_ws/install/turtlebot3_teleop:/home/njoy/ROS/ros_ws/turtlebot3_ws/install/turtlebot3_example DEBUGINFOD_URLS=ima:enforcing https://debuginfod.fedoraproject.org/ ima:ignore PS1=📦[\u@rover-dev-container \W]$ /usr/bin/cmake --install /home/njoy/ROS/turtlebot3_ws/build/turtlebot3_navigation2
[2.587s] DEBUG:colcon.colcon_core.event_handler.log_command:Invoked command in '/home/njoy/ROS/turtlebot3_ws/build/turtlebot3_cartographer' returned '0': CMAKE_PREFIX_PATH=${CMAKE_PREFIX_PATH}:/home/njoy/ROS/turtlebot3_ws/install/turtlebot3_teleop:/home/njoy/ROS/turtlebot3_ws/install/turtlebot3_example:/opt/ros/jazzy:/home/njoy/ROS/ros_ws/turtlebot3_ws/install/turtlebot3_teleop:/home/njoy/ROS/ros_ws/turtlebot3_ws/install/turtlebot3_example DEBUGINFOD_URLS=ima:enforcing https://debuginfod.fedoraproject.org/ ima:ignore PS1=📦[\u@rover-dev-container \W]$ /usr/bin/cmake --build /home/njoy/ROS/turtlebot3_ws/build/turtlebot3_cartographer -- -j16 -l16
[2.588s] DEBUG:colcon.colcon_core.event_handler.log_command:Invoking command in '/home/njoy/ROS/turtlebot3_ws/build/turtlebot3_cartographer': CMAKE_PREFIX_PATH=${CMAKE_PREFIX_PATH}:/home/njoy/ROS/turtlebot3_ws/install/turtlebot3_teleop:/home/njoy/ROS/turtlebot3_ws/install/turtlebot3_example:/opt/ros/jazzy:/home/njoy/ROS/ros_ws/turtlebot3_ws/install/turtlebot3_teleop:/home/njoy/ROS/ros_ws/turtlebot3_ws/install/turtlebot3_example DEBUGINFOD_URLS=ima:enforcing https://debuginfod.fedoraproject.org/ ima:ignore PS1=📦[\u@rover-dev-container \W]$ /usr/bin/cmake --install /home/njoy/ROS/turtlebot3_ws/build/turtlebot3_cartographer
[2.648s] DEBUG:colcon.colcon_core.event_handler.log_command:Invoked command in '/home/njoy/ROS/turtlebot3_ws/build/turtlebot3_description' returned '0': CMAKE_PREFIX_PATH=${CMAKE_PREFIX_PATH}:/home/njoy/ROS/turtlebot3_ws/install/turtlebot3_teleop:/home/njoy/ROS/turtlebot3_ws/install/turtlebot3_example:/opt/ros/jazzy:/home/njoy/ROS/ros_ws/turtlebot3_ws/install/turtlebot3_teleop:/home/njoy/ROS/ros_ws/turtlebot3_ws/install/turtlebot3_example DEBUGINFOD_URLS=ima:enforcing https://debuginfod.fedoraproject.org/ ima:ignore PS1=📦[\u@rover-dev-container \W]$ /usr/bin/cmake /home/njoy/ROS/turtlebot3_ws/src/turtlebot3/turtlebot3_description -DAMENT_CMAKE_SYMLINK_INSTALL=1 -DCMAKE_INSTALL_PREFIX=/home/njoy/ROS/turtlebot3_ws/install/turtlebot3_description
[2.649s] DEBUG:colcon.colcon_core.event_handler.log_command:Invoking command in '/home/njoy/ROS/turtlebot3_ws/build/turtlebot3_description': CMAKE_PREFIX_PATH=${CMAKE_PREFIX_PATH}:/home/njoy/ROS/turtlebot3_ws/install/turtlebot3_teleop:/home/njoy/ROS/turtlebot3_ws/install/turtlebot3_example:/opt/ros/jazzy:/home/njoy/ROS/ros_ws/turtlebot3_ws/install/turtlebot3_teleop:/home/njoy/ROS/ros_ws/turtlebot3_ws/install/turtlebot3_example DEBUGINFOD_URLS=ima:enforcing https://debuginfod.fedoraproject.org/ ima:ignore PS1=📦[\u@rover-dev-container \W]$ /usr/bin/cmake --build /home/njoy/ROS/turtlebot3_ws/build/turtlebot3_description -- -j16 -l16
[2.710s] DEBUG:colcon.colcon_core.event_handler.log_command:Invoked command in '/home/njoy/ROS/turtlebot3_ws/build/turtlebot3_description' returned '0': CMAKE_PREFIX_PATH=${CMAKE_PREFIX_PATH}:/home/njoy/ROS/turtlebot3_ws/install/turtlebot3_teleop:/home/njoy/ROS/turtlebot3_ws/install/turtlebot3_example:/opt/ros/jazzy:/home/njoy/ROS/ros_ws/turtlebot3_ws/install/turtlebot3_teleop:/home/njoy/ROS/ros_ws/turtlebot3_ws/install/turtlebot3_example DEBUGINFOD_URLS=ima:enforcing https://debuginfod.fedoraproject.org/ ima:ignore PS1=📦[\u@rover-dev-container \W]$ /usr/bin/cmake --build /home/njoy/ROS/turtlebot3_ws/build/turtlebot3_description -- -j16 -l16
[2.711s] DEBUG:colcon.colcon_core.event_handler.log_command:Invoking command in '/home/njoy/ROS/turtlebot3_ws/build/turtlebot3_description': CMAKE_PREFIX_PATH=${CMAKE_PREFIX_PATH}:/home/njoy/ROS/turtlebot3_ws/install/turtlebot3_teleop:/home/njoy/ROS/turtlebot3_ws/install/turtlebot3_example:/opt/ros/jazzy:/home/njoy/ROS/ros_ws/turtlebot3_ws/install/turtlebot3_teleop:/home/njoy/ROS/ros_ws/turtlebot3_ws/install/turtlebot3_example DEBUGINFOD_URLS=ima:enforcing https://debuginfod.fedoraproject.org/ ima:ignore PS1=📦[\u@rover-dev-container \W]$ /usr/bin/cmake --install /home/njoy/ROS/turtlebot3_ws/build/turtlebot3_description
[2.734s] DEBUG:colcon.colcon_core.event_handler.log_command:Invoked command in '/home/njoy/ROS/turtlebot3_ws/build/dynamixel_sdk' returned '0': CMAKE_PREFIX_PATH=${CMAKE_PREFIX_PATH}:/home/njoy/ROS/turtlebot3_ws/install/turtlebot3_teleop:/home/njoy/ROS/turtlebot3_ws/install/turtlebot3_example:/opt/ros/jazzy:/home/njoy/ROS/ros_ws/turtlebot3_ws/install/turtlebot3_teleop:/home/njoy/ROS/ros_ws/turtlebot3_ws/install/turtlebot3_example DEBUGINFOD_URLS=ima:enforcing https://debuginfod.fedoraproject.org/ ima:ignore PS1=📦[\u@rover-dev-container \W]$ /usr/bin/cmake /home/njoy/ROS/turtlebot3_ws/src/DynamixelSDK/ros/dynamixel_sdk -DAMENT_CMAKE_SYMLINK_INSTALL=1 -DCMAKE_INSTALL_PREFIX=/home/njoy/ROS/turtlebot3_ws/install/dynamixel_sdk
[2.735s] DEBUG:colcon.colcon_core.event_handler.log_command:Invoking command in '/home/njoy/ROS/turtlebot3_ws/build/dynamixel_sdk': CMAKE_PREFIX_PATH=${CMAKE_PREFIX_PATH}:/home/njoy/ROS/turtlebot3_ws/install/turtlebot3_teleop:/home/njoy/ROS/turtlebot3_ws/install/turtlebot3_example:/opt/ros/jazzy:/home/njoy/ROS/ros_ws/turtlebot3_ws/install/turtlebot3_teleop:/home/njoy/ROS/ros_ws/turtlebot3_ws/install/turtlebot3_example DEBUGINFOD_URLS=ima:enforcing https://debuginfod.fedoraproject.org/ ima:ignore PS1=📦[\u@rover-dev-container \W]$ /usr/bin/cmake --build /home/njoy/ROS/turtlebot3_ws/build/dynamixel_sdk -- -j16 -l16
[2.909s] Level 1:colcon.colcon_core.environment:create_environment_scripts_only(turtlebot3_cartographer)
[2.909s] DEBUG:colcon.colcon_core.event_handler.log_command:Invoked command in '/home/njoy/ROS/turtlebot3_ws/build/turtlebot3_cartographer' returned '0': CMAKE_PREFIX_PATH=${CMAKE_PREFIX_PATH}:/home/njoy/ROS/turtlebot3_ws/install/turtlebot3_teleop:/home/njoy/ROS/turtlebot3_ws/install/turtlebot3_example:/opt/ros/jazzy:/home/njoy/ROS/ros_ws/turtlebot3_ws/install/turtlebot3_teleop:/home/njoy/ROS/ros_ws/turtlebot3_ws/install/turtlebot3_example DEBUGINFOD_URLS=ima:enforcing https://debuginfod.fedoraproject.org/ ima:ignore PS1=📦[\u@rover-dev-container \W]$ /usr/bin/cmake --install /home/njoy/ROS/turtlebot3_ws/build/turtlebot3_cartographer
[2.915s] Level 1:colcon.colcon_core.environment:checking '/home/njoy/ROS/turtlebot3_ws/install/turtlebot3_cartographer' for CMake module files
[2.920s] Level 1:colcon.colcon_core.environment:checking '/home/njoy/ROS/turtlebot3_ws/install/turtlebot3_cartographer' for CMake config files
[2.921s] Level 1:colcon.colcon_core.shell:create_environment_hook('turtlebot3_cartographer', 'cmake_prefix_path')
[2.921s] INFO:colcon.colcon_core.shell:Creating environment hook '/home/njoy/ROS/turtlebot3_ws/install/turtlebot3_cartographer/share/turtlebot3_cartographer/hook/cmake_prefix_path.ps1'
[2.922s] INFO:colcon.colcon_core.shell:Creating environment descriptor '/home/njoy/ROS/turtlebot3_ws/install/turtlebot3_cartographer/share/turtlebot3_cartographer/hook/cmake_prefix_path.dsv'
[2.927s] INFO:colcon.colcon_core.shell:Creating environment hook '/home/njoy/ROS/turtlebot3_ws/install/turtlebot3_cartographer/share/turtlebot3_cartographer/hook/cmake_prefix_path.sh'
[2.928s] Level 1:colcon.colcon_core.environment:checking '/home/njoy/ROS/turtlebot3_ws/install/turtlebot3_cartographer/bin'
[2.928s] Level 1:colcon.colcon_core.environment:checking '/home/njoy/ROS/turtlebot3_ws/install/turtlebot3_cartographer/lib/pkgconfig/turtlebot3_cartographer.pc'
[2.929s] Level 1:colcon.colcon_core.environment:checking '/home/njoy/ROS/turtlebot3_ws/install/turtlebot3_cartographer/lib/python3.12/site-packages'
[2.929s] Level 1:colcon.colcon_core.environment:checking '/home/njoy/ROS/turtlebot3_ws/install/turtlebot3_cartographer/bin'
[2.930s] INFO:colcon.colcon_core.shell:Creating package script '/home/njoy/ROS/turtlebot3_ws/install/turtlebot3_cartographer/share/turtlebot3_cartographer/package.ps1'
[2.935s] INFO:colcon.colcon_core.shell:Creating package descriptor '/home/njoy/ROS/turtlebot3_ws/install/turtlebot3_cartographer/share/turtlebot3_cartographer/package.dsv'
[2.940s] INFO:colcon.colcon_core.shell:Creating package script '/home/njoy/ROS/turtlebot3_ws/install/turtlebot3_cartographer/share/turtlebot3_cartographer/package.sh'
[2.941s] INFO:colcon.colcon_core.shell:Creating package script '/home/njoy/ROS/turtlebot3_ws/install/turtlebot3_cartographer/share/turtlebot3_cartographer/package.bash'
[2.943s] INFO:colcon.colcon_core.shell:Creating package script '/home/njoy/ROS/turtlebot3_ws/install/turtlebot3_cartographer/share/turtlebot3_cartographer/package.zsh'
[2.944s] Level 1:colcon.colcon_core.environment:create_file_with_runtime_dependencies(/home/njoy/ROS/turtlebot3_ws/install/turtlebot3_cartographer/share/colcon-core/packages/turtlebot3_cartographer)
[2.945s] Level 1:colcon.colcon_core.environment:create_environment_scripts_only(turtlebot3_cartographer)
[2.945s] Level 1:colcon.colcon_core.environment:checking '/home/njoy/ROS/turtlebot3_ws/install/turtlebot3_cartographer' for CMake module files
[2.949s] Level 1:colcon.colcon_core.environment:checking '/home/njoy/ROS/turtlebot3_ws/install/turtlebot3_cartographer' for CMake config files
[2.950s] Level 1:colcon.colcon_core.shell:create_environment_hook('turtlebot3_cartographer', 'cmake_prefix_path')
[2.950s] INFO:colcon.colcon_core.shell:Creating environment hook '/home/njoy/ROS/turtlebot3_ws/install/turtlebot3_cartographer/share/turtlebot3_cartographer/hook/cmake_prefix_path.ps1'
[2.951s] INFO:colcon.colcon_core.shell:Creating environment descriptor '/home/njoy/ROS/turtlebot3_ws/install/turtlebot3_cartographer/share/turtlebot3_cartographer/hook/cmake_prefix_path.dsv'
[2.954s] INFO:colcon.colcon_core.shell:Creating environment hook '/home/njoy/ROS/turtlebot3_ws/install/turtlebot3_cartographer/share/turtlebot3_cartographer/hook/cmake_prefix_path.sh'
[2.956s] Level 1:colcon.colcon_core.environment:checking '/home/njoy/ROS/turtlebot3_ws/install/turtlebot3_cartographer/bin'
[2.956s] Level 1:colcon.colcon_core.environment:checking '/home/njoy/ROS/turtlebot3_ws/install/turtlebot3_cartographer/lib/pkgconfig/turtlebot3_cartographer.pc'
[2.957s] Level 1:colcon.colcon_core.environment:checking '/home/njoy/ROS/turtlebot3_ws/install/turtlebot3_cartographer/lib/python3.12/site-packages'
[2.957s] Level 1:colcon.colcon_core.environment:checking '/home/njoy/ROS/turtlebot3_ws/install/turtlebot3_cartographer/bin'
[2.958s] INFO:colcon.colcon_core.shell:Creating package script '/home/njoy/ROS/turtlebot3_ws/install/turtlebot3_cartographer/share/turtlebot3_cartographer/package.ps1'
[3.038s] INFO:colcon.colcon_core.shell:Creating package descriptor '/home/njoy/ROS/turtlebot3_ws/install/turtlebot3_cartographer/share/turtlebot3_cartographer/package.dsv'
[3.039s] INFO:colcon.colcon_core.shell:Creating package script '/home/njoy/ROS/turtlebot3_ws/install/turtlebot3_cartographer/share/turtlebot3_cartographer/package.sh'
[3.042s] INFO:colcon.colcon_core.shell:Creating package script '/home/njoy/ROS/turtlebot3_ws/install/turtlebot3_cartographer/share/turtlebot3_cartographer/package.bash'
[3.042s] INFO:colcon.colcon_core.shell:Creating package script '/home/njoy/ROS/turtlebot3_ws/install/turtlebot3_cartographer/share/turtlebot3_cartographer/package.zsh'
[3.043s] Level 1:colcon.colcon_core.environment:create_file_with_runtime_dependencies(/home/njoy/ROS/turtlebot3_ws/install/turtlebot3_cartographer/share/colcon-core/packages/turtlebot3_cartographer)
[3.252s] Level 1:colcon.colcon_core.environment:create_environment_scripts_only(turtlebot3_navigation2)
[3.253s] Level 1:colcon.colcon_core.environment:checking '/home/njoy/ROS/turtlebot3_ws/install/turtlebot3_navigation2' for CMake module files
[3.254s] Level 1:colcon.colcon_core.environment:checking '/home/njoy/ROS/turtlebot3_ws/install/turtlebot3_navigation2' for CMake config files
[3.255s] DEBUG:colcon.colcon_core.event_handler.log_command:Invoked command in '/home/njoy/ROS/turtlebot3_ws/build/turtlebot3_navigation2' returned '0': CMAKE_PREFIX_PATH=${CMAKE_PREFIX_PATH}:/home/njoy/ROS/turtlebot3_ws/install/turtlebot3_teleop:/home/njoy/ROS/turtlebot3_ws/install/turtlebot3_example:/opt/ros/jazzy:/home/njoy/ROS/ros_ws/turtlebot3_ws/install/turtlebot3_teleop:/home/njoy/ROS/ros_ws/turtlebot3_ws/install/turtlebot3_example DEBUGINFOD_URLS=ima:enforcing https://debuginfod.fedoraproject.org/ ima:ignore PS1=📦[\u@rover-dev-container \W]$ /usr/bin/cmake --install /home/njoy/ROS/turtlebot3_ws/build/turtlebot3_navigation2
[3.255s] Level 1:colcon.colcon_core.shell:create_environment_hook('turtlebot3_navigation2', 'cmake_prefix_path')
[3.256s] INFO:colcon.colcon_core.shell:Creating environment hook '/home/njoy/ROS/turtlebot3_ws/install/turtlebot3_navigation2/share/turtlebot3_navigation2/hook/cmake_prefix_path.ps1'
[3.259s] INFO:colcon.colcon_core.shell:Creating environment descriptor '/home/njoy/ROS/turtlebot3_ws/install/turtlebot3_navigation2/share/turtlebot3_navigation2/hook/cmake_prefix_path.dsv'
[3.259s] INFO:colcon.colcon_core.shell:Creating environment hook '/home/njoy/ROS/turtlebot3_ws/install/turtlebot3_navigation2/share/turtlebot3_navigation2/hook/cmake_prefix_path.sh'
[3.263s] Level 1:colcon.colcon_core.environment:checking '/home/njoy/ROS/turtlebot3_ws/install/turtlebot3_navigation2/bin'
[3.263s] Level 1:colcon.colcon_core.environment:checking '/home/njoy/ROS/turtlebot3_ws/install/turtlebot3_navigation2/lib/pkgconfig/turtlebot3_navigation2.pc'
[3.264s] Level 1:colcon.colcon_core.environment:checking '/home/njoy/ROS/turtlebot3_ws/install/turtlebot3_navigation2/lib/python3.12/site-packages'
[3.266s] Level 1:colcon.colcon_core.environment:checking '/home/njoy/ROS/turtlebot3_ws/install/turtlebot3_navigation2/bin'
[3.267s] INFO:colcon.colcon_core.shell:Creating package script '/home/njoy/ROS/turtlebot3_ws/install/turtlebot3_navigation2/share/turtlebot3_navigation2/package.ps1'
[3.272s] INFO:colcon.colcon_core.shell:Creating package descriptor '/home/njoy/ROS/turtlebot3_ws/install/turtlebot3_navigation2/share/turtlebot3_navigation2/package.dsv'
[3.276s] INFO:colcon.colcon_core.shell:Creating package script '/home/njoy/ROS/turtlebot3_ws/install/turtlebot3_navigation2/share/turtlebot3_navigation2/package.sh'
[3.277s] INFO:colcon.colcon_core.shell:Creating package script '/home/njoy/ROS/turtlebot3_ws/install/turtlebot3_navigation2/share/turtlebot3_navigation2/package.bash'
[3.278s] INFO:colcon.colcon_core.shell:Creating package script '/home/njoy/ROS/turtlebot3_ws/install/turtlebot3_navigation2/share/turtlebot3_navigation2/package.zsh'
[3.279s] Level 1:colcon.colcon_core.environment:create_file_with_runtime_dependencies(/home/njoy/ROS/turtlebot3_ws/install/turtlebot3_navigation2/share/colcon-core/packages/turtlebot3_navigation2)
[3.280s] Level 1:colcon.colcon_core.environment:create_environment_scripts_only(turtlebot3_navigation2)
[3.280s] Level 1:colcon.colcon_core.environment:checking '/home/njoy/ROS/turtlebot3_ws/install/turtlebot3_navigation2' for CMake module files
[3.284s] Level 1:colcon.colcon_core.environment:checking '/home/njoy/ROS/turtlebot3_ws/install/turtlebot3_navigation2' for CMake config files
[3.285s] Level 1:colcon.colcon_core.shell:create_environment_hook('turtlebot3_navigation2', 'cmake_prefix_path')
[3.286s] INFO:colcon.colcon_core.shell:Creating environment hook '/home/njoy/ROS/turtlebot3_ws/install/turtlebot3_navigation2/share/turtlebot3_navigation2/hook/cmake_prefix_path.ps1'
[3.286s] INFO:colcon.colcon_core.shell:Creating environment descriptor '/home/njoy/ROS/turtlebot3_ws/install/turtlebot3_navigation2/share/turtlebot3_navigation2/hook/cmake_prefix_path.dsv'
[3.287s] INFO:colcon.colcon_core.shell:Creating environment hook '/home/njoy/ROS/turtlebot3_ws/install/turtlebot3_navigation2/share/turtlebot3_navigation2/hook/cmake_prefix_path.sh'
[3.292s] Level 1:colcon.colcon_core.environment:checking '/home/njoy/ROS/turtlebot3_ws/install/turtlebot3_navigation2/bin'
[3.292s] Level 1:colcon.colcon_core.environment:checking '/home/njoy/ROS/turtlebot3_ws/install/turtlebot3_navigation2/lib/pkgconfig/turtlebot3_navigation2.pc'
[3.292s] Level 1:colcon.colcon_core.environment:checking '/home/njoy/ROS/turtlebot3_ws/install/turtlebot3_navigation2/lib/python3.12/site-packages'
[3.296s] Level 1:colcon.colcon_core.environment:checking '/home/njoy/ROS/turtlebot3_ws/install/turtlebot3_navigation2/bin'
[3.296s] INFO:colcon.colcon_core.shell:Creating package script '/home/njoy/ROS/turtlebot3_ws/install/turtlebot3_navigation2/share/turtlebot3_navigation2/package.ps1'
[3.299s] INFO:colcon.colcon_core.shell:Creating package descriptor '/home/njoy/ROS/turtlebot3_ws/install/turtlebot3_navigation2/share/turtlebot3_navigation2/package.dsv'
[3.299s] INFO:colcon.colcon_core.shell:Creating package script '/home/njoy/ROS/turtlebot3_ws/install/turtlebot3_navigation2/share/turtlebot3_navigation2/package.sh'
[3.300s] INFO:colcon.colcon_core.shell:Creating package script '/home/njoy/ROS/turtlebot3_ws/install/turtlebot3_navigation2/share/turtlebot3_navigation2/package.bash'
[3.300s] INFO:colcon.colcon_core.shell:Creating package script '/home/njoy/ROS/turtlebot3_ws/install/turtlebot3_navigation2/share/turtlebot3_navigation2/package.zsh'
[3.301s] Level 1:colcon.colcon_core.environment:create_file_with_runtime_dependencies(/home/njoy/ROS/turtlebot3_ws/install/turtlebot3_navigation2/share/colcon-core/packages/turtlebot3_navigation2)
[3.480s] Level 1:colcon.colcon_core.shell:create_environment_hook('turtlebot3_teleop', 'pythonpath_develop')
[3.481s] INFO:colcon.colcon_core.shell:Creating environment hook '/home/njoy/ROS/turtlebot3_ws/build/turtlebot3_teleop/share/turtlebot3_teleop/hook/pythonpath_develop.ps1'
[3.482s] INFO:colcon.colcon_core.shell:Creating environment descriptor '/home/njoy/ROS/turtlebot3_ws/build/turtlebot3_teleop/share/turtlebot3_teleop/hook/pythonpath_develop.dsv'
[3.483s] INFO:colcon.colcon_core.shell:Creating environment hook '/home/njoy/ROS/turtlebot3_ws/build/turtlebot3_teleop/share/turtlebot3_teleop/hook/pythonpath_develop.sh'
[3.484s] Level 1:colcon.colcon_core.environment:checking '/home/njoy/ROS/turtlebot3_ws/install/turtlebot3_teleop' for CMake module files
[3.482s] DEBUG:colcon.colcon_core.event_handler.log_command:Invoked command in '/home/njoy/ROS/turtlebot3_ws/build/turtlebot3_teleop' returned '0': DEBUGINFOD_URLS=ima:enforcing https://debuginfod.fedoraproject.org/ ima:ignore PS1=📦[\u@rover-dev-container \W]$ PYTHONPATH=/home/njoy/ROS/turtlebot3_ws/build/turtlebot3_teleop/prefix_override:/usr/lib/python3/dist-packages/colcon_core/task/python/colcon_distutils_commands:/home/njoy/ROS/turtlebot3_ws/install/turtlebot3_teleop/lib/python3.12/site-packages:${PYTHONPATH} /usr/bin/python3 -W ignore:setup.py install is deprecated -W ignore:easy_install command is deprecated setup.py develop --editable --build-directory /home/njoy/ROS/turtlebot3_ws/build/turtlebot3_teleop/build --no-deps symlink_data
[3.485s] Level 1:colcon.colcon_core.environment:checking '/home/njoy/ROS/turtlebot3_ws/install/turtlebot3_teleop' for CMake config files
[3.485s] Level 1:colcon.colcon_core.environment:checking '/home/njoy/ROS/turtlebot3_ws/install/turtlebot3_teleop/lib'
[3.486s] Level 1:colcon.colcon_core.environment:checking '/home/njoy/ROS/turtlebot3_ws/install/turtlebot3_teleop/bin'
[3.486s] Level 1:colcon.colcon_core.environment:checking '/home/njoy/ROS/turtlebot3_ws/install/turtlebot3_teleop/lib/pkgconfig/turtlebot3_teleop.pc'
[3.486s] Level 1:colcon.colcon_core.environment:checking '/home/njoy/ROS/turtlebot3_ws/install/turtlebot3_teleop/lib/python3.12/site-packages'
[3.486s] Level 1:colcon.colcon_core.shell:create_environment_hook('turtlebot3_teleop', 'pythonpath')
[3.486s] INFO:colcon.colcon_core.shell:Creating environment hook '/home/njoy/ROS/turtlebot3_ws/install/turtlebot3_teleop/share/turtlebot3_teleop/hook/pythonpath.ps1'
[3.487s] INFO:colcon.colcon_core.shell:Creating environment descriptor '/home/njoy/ROS/turtlebot3_ws/install/turtlebot3_teleop/share/turtlebot3_teleop/hook/pythonpath.dsv'
[3.488s] INFO:colcon.colcon_core.shell:Creating environment hook '/home/njoy/ROS/turtlebot3_ws/install/turtlebot3_teleop/share/turtlebot3_teleop/hook/pythonpath.sh'
[3.488s] Level 1:colcon.colcon_core.environment:checking '/home/njoy/ROS/turtlebot3_ws/install/turtlebot3_teleop/bin'
[3.489s] Level 1:colcon.colcon_core.environment:create_environment_scripts_only(turtlebot3_teleop)
[3.489s] INFO:colcon.colcon_core.shell:Creating package script '/home/njoy/ROS/turtlebot3_ws/install/turtlebot3_teleop/share/turtlebot3_teleop/package.ps1'
[3.490s] INFO:colcon.colcon_core.shell:Creating package descriptor '/home/njoy/ROS/turtlebot3_ws/install/turtlebot3_teleop/share/turtlebot3_teleop/package.dsv'
[3.491s] INFO:colcon.colcon_core.shell:Creating package script '/home/njoy/ROS/turtlebot3_ws/install/turtlebot3_teleop/share/turtlebot3_teleop/package.sh'
[3.491s] INFO:colcon.colcon_core.shell:Creating package script '/home/njoy/ROS/turtlebot3_ws/install/turtlebot3_teleop/share/turtlebot3_teleop/package.bash'
[3.492s] INFO:colcon.colcon_core.shell:Creating package script '/home/njoy/ROS/turtlebot3_ws/install/turtlebot3_teleop/share/turtlebot3_teleop/package.zsh'
[3.492s] Level 1:colcon.colcon_core.environment:create_file_with_runtime_dependencies(/home/njoy/ROS/turtlebot3_ws/install/turtlebot3_teleop/share/colcon-core/packages/turtlebot3_teleop)
[3.589s] Level 1:colcon.colcon_core.environment:create_environment_scripts_only(turtlebot3_description)
[3.590s] Level 1:colcon.colcon_core.environment:checking '/home/njoy/ROS/turtlebot3_ws/install/turtlebot3_description' for CMake module files
[3.591s] DEBUG:colcon.colcon_core.event_handler.log_command:Invoked command in '/home/njoy/ROS/turtlebot3_ws/build/turtlebot3_description' returned '0': CMAKE_PREFIX_PATH=${CMAKE_PREFIX_PATH}:/home/njoy/ROS/turtlebot3_ws/install/turtlebot3_teleop:/home/njoy/ROS/turtlebot3_ws/install/turtlebot3_example:/opt/ros/jazzy:/home/njoy/ROS/ros_ws/turtlebot3_ws/install/turtlebot3_teleop:/home/njoy/ROS/ros_ws/turtlebot3_ws/install/turtlebot3_example DEBUGINFOD_URLS=ima:enforcing https://debuginfod.fedoraproject.org/ ima:ignore PS1=📦[\u@rover-dev-container \W]$ /usr/bin/cmake --install /home/njoy/ROS/turtlebot3_ws/build/turtlebot3_description
[3.591s] Level 1:colcon.colcon_core.environment:checking '/home/njoy/ROS/turtlebot3_ws/install/turtlebot3_description' for CMake config files
[3.592s] Level 1:colcon.colcon_core.shell:create_environment_hook('turtlebot3_description', 'cmake_prefix_path')
[3.593s] INFO:colcon.colcon_core.shell:Creating environment hook '/home/njoy/ROS/turtlebot3_ws/install/turtlebot3_description/share/turtlebot3_description/hook/cmake_prefix_path.ps1'
[3.593s] INFO:colcon.colcon_core.shell:Creating environment descriptor '/home/njoy/ROS/turtlebot3_ws/install/turtlebot3_description/share/turtlebot3_description/hook/cmake_prefix_path.dsv'
[3.594s] INFO:colcon.colcon_core.shell:Creating environment hook '/home/njoy/ROS/turtlebot3_ws/install/turtlebot3_description/share/turtlebot3_description/hook/cmake_prefix_path.sh'
[3.595s] Level 1:colcon.colcon_core.environment:checking '/home/njoy/ROS/turtlebot3_ws/install/turtlebot3_description/bin'
[3.595s] Level 1:colcon.colcon_core.environment:checking '/home/njoy/ROS/turtlebot3_ws/install/turtlebot3_description/lib/pkgconfig/turtlebot3_description.pc'
[3.595s] Level 1:colcon.colcon_core.environment:checking '/home/njoy/ROS/turtlebot3_ws/install/turtlebot3_description/lib/python3.12/site-packages'
[3.596s] Level 1:colcon.colcon_core.environment:checking '/home/njoy/ROS/turtlebot3_ws/install/turtlebot3_description/bin'
[3.596s] INFO:colcon.colcon_core.shell:Creating package script '/home/njoy/ROS/turtlebot3_ws/install/turtlebot3_description/share/turtlebot3_description/package.ps1'
[3.597s] INFO:colcon.colcon_core.shell:Creating package descriptor '/home/njoy/ROS/turtlebot3_ws/install/turtlebot3_description/share/turtlebot3_description/package.dsv'
[3.597s] INFO:colcon.colcon_core.shell:Creating package script '/home/njoy/ROS/turtlebot3_ws/install/turtlebot3_description/share/turtlebot3_description/package.sh'
[3.598s] INFO:colcon.colcon_core.shell:Creating package script '/home/njoy/ROS/turtlebot3_ws/install/turtlebot3_description/share/turtlebot3_description/package.bash'
[3.598s] INFO:colcon.colcon_core.shell:Creating package script '/home/njoy/ROS/turtlebot3_ws/install/turtlebot3_description/share/turtlebot3_description/package.zsh'
[3.598s] Level 1:colcon.colcon_core.environment:create_file_with_runtime_dependencies(/home/njoy/ROS/turtlebot3_ws/install/turtlebot3_description/share/colcon-core/packages/turtlebot3_description)
[3.599s] Level 1:colcon.colcon_core.environment:create_environment_scripts_only(turtlebot3_description)
[3.599s] Level 1:colcon.colcon_core.environment:checking '/home/njoy/ROS/turtlebot3_ws/install/turtlebot3_description' for CMake module files
[3.600s] Level 1:colcon.colcon_core.environment:checking '/home/njoy/ROS/turtlebot3_ws/install/turtlebot3_description' for CMake config files
[3.600s] Level 1:colcon.colcon_core.shell:create_environment_hook('turtlebot3_description', 'cmake_prefix_path')
[3.600s] INFO:colcon.colcon_core.shell:Creating environment hook '/home/njoy/ROS/turtlebot3_ws/install/turtlebot3_description/share/turtlebot3_description/hook/cmake_prefix_path.ps1'
[3.601s] INFO:colcon.colcon_core.shell:Creating environment descriptor '/home/njoy/ROS/turtlebot3_ws/install/turtlebot3_description/share/turtlebot3_description/hook/cmake_prefix_path.dsv'
[3.601s] INFO:colcon.colcon_core.shell:Creating environment hook '/home/njoy/ROS/turtlebot3_ws/install/turtlebot3_description/share/turtlebot3_description/hook/cmake_prefix_path.sh'
[3.602s] Level 1:colcon.colcon_core.environment:checking '/home/njoy/ROS/turtlebot3_ws/install/turtlebot3_description/bin'
[3.602s] Level 1:colcon.colcon_core.environment:checking '/home/njoy/ROS/turtlebot3_ws/install/turtlebot3_description/lib/pkgconfig/turtlebot3_description.pc'
[3.602s] Level 1:colcon.colcon_core.environment:checking '/home/njoy/ROS/turtlebot3_ws/install/turtlebot3_description/lib/python3.12/site-packages'
[3.602s] Level 1:colcon.colcon_core.environment:checking '/home/njoy/ROS/turtlebot3_ws/install/turtlebot3_description/bin'
[3.602s] INFO:colcon.colcon_core.shell:Creating package script '/home/njoy/ROS/turtlebot3_ws/install/turtlebot3_description/share/turtlebot3_description/package.ps1'
[3.603s] INFO:colcon.colcon_core.shell:Creating package descriptor '/home/njoy/ROS/turtlebot3_ws/install/turtlebot3_description/share/turtlebot3_description/package.dsv'
[3.603s] INFO:colcon.colcon_core.shell:Creating package script '/home/njoy/ROS/turtlebot3_ws/install/turtlebot3_description/share/turtlebot3_description/package.sh'
[3.604s] INFO:colcon.colcon_core.shell:Creating package script '/home/njoy/ROS/turtlebot3_ws/install/turtlebot3_description/share/turtlebot3_description/package.bash'
[3.604s] INFO:colcon.colcon_core.shell:Creating package script '/home/njoy/ROS/turtlebot3_ws/install/turtlebot3_description/share/turtlebot3_description/package.zsh'
[3.604s] Level 1:colcon.colcon_core.environment:create_file_with_runtime_dependencies(/home/njoy/ROS/turtlebot3_ws/install/turtlebot3_description/share/colcon-core/packages/turtlebot3_description)
[4.225s] DEBUG:colcon.colcon_core.event_handler.log_command:Invoked command in '/home/njoy/ROS/turtlebot3_ws/build/dynamixel_sdk' returned '0': CMAKE_PREFIX_PATH=${CMAKE_PREFIX_PATH}:/home/njoy/ROS/turtlebot3_ws/install/turtlebot3_teleop:/home/njoy/ROS/turtlebot3_ws/install/turtlebot3_example:/opt/ros/jazzy:/home/njoy/ROS/ros_ws/turtlebot3_ws/install/turtlebot3_teleop:/home/njoy/ROS/ros_ws/turtlebot3_ws/install/turtlebot3_example DEBUGINFOD_URLS=ima:enforcing https://debuginfod.fedoraproject.org/ ima:ignore PS1=📦[\u@rover-dev-container \W]$ /usr/bin/cmake --build /home/njoy/ROS/turtlebot3_ws/build/dynamixel_sdk -- -j16 -l16
[4.225s] DEBUG:colcon.colcon_core.event_handler.log_command:Invoking command in '/home/njoy/ROS/turtlebot3_ws/build/dynamixel_sdk': CMAKE_PREFIX_PATH=${CMAKE_PREFIX_PATH}:/home/njoy/ROS/turtlebot3_ws/install/turtlebot3_teleop:/home/njoy/ROS/turtlebot3_ws/install/turtlebot3_example:/opt/ros/jazzy:/home/njoy/ROS/ros_ws/turtlebot3_ws/install/turtlebot3_teleop:/home/njoy/ROS/ros_ws/turtlebot3_ws/install/turtlebot3_example DEBUGINFOD_URLS=ima:enforcing https://debuginfod.fedoraproject.org/ ima:ignore PS1=📦[\u@rover-dev-container \W]$ /usr/bin/cmake --install /home/njoy/ROS/turtlebot3_ws/build/dynamixel_sdk
[5.633s] DEBUG:colcon.colcon_core.event_handler.log_command:Invoked command in '/home/njoy/ROS/turtlebot3_ws/build/dynamixel_sdk_custom_interfaces' returned '0': CMAKE_PREFIX_PATH=${CMAKE_PREFIX_PATH}:/home/njoy/ROS/turtlebot3_ws/install/turtlebot3_teleop:/home/njoy/ROS/turtlebot3_ws/install/turtlebot3_example:/opt/ros/jazzy:/home/njoy/ROS/ros_ws/turtlebot3_ws/install/turtlebot3_teleop:/home/njoy/ROS/ros_ws/turtlebot3_ws/install/turtlebot3_example DEBUGINFOD_URLS=ima:enforcing https://debuginfod.fedoraproject.org/ ima:ignore PS1=📦[\u@rover-dev-container \W]$ /usr/bin/cmake /home/njoy/ROS/turtlebot3_ws/src/DynamixelSDK/ros/dynamixel_sdk_custom_interfaces -DAMENT_CMAKE_SYMLINK_INSTALL=1 -DCMAKE_INSTALL_PREFIX=/home/njoy/ROS/turtlebot3_ws/install/dynamixel_sdk_custom_interfaces
[5.633s] DEBUG:colcon.colcon_core.event_handler.log_command:Invoking command in '/home/njoy/ROS/turtlebot3_ws/build/dynamixel_sdk_custom_interfaces': CMAKE_PREFIX_PATH=${CMAKE_PREFIX_PATH}:/home/njoy/ROS/turtlebot3_ws/install/turtlebot3_teleop:/home/njoy/ROS/turtlebot3_ws/install/turtlebot3_example:/opt/ros/jazzy:/home/njoy/ROS/ros_ws/turtlebot3_ws/install/turtlebot3_teleop:/home/njoy/ROS/ros_ws/turtlebot3_ws/install/turtlebot3_example DEBUGINFOD_URLS=ima:enforcing https://debuginfod.fedoraproject.org/ ima:ignore PS1=📦[\u@rover-dev-container \W]$ /usr/bin/cmake --build /home/njoy/ROS/turtlebot3_ws/build/dynamixel_sdk_custom_interfaces -- -j16 -l16
[6.197s] DEBUG:colcon.colcon_core.event_handler.log_command:Invoked command in '/home/njoy/ROS/turtlebot3_ws/build/turtlebot3_msgs' returned '0': CMAKE_PREFIX_PATH=${CMAKE_PREFIX_PATH}:/home/njoy/ROS/turtlebot3_ws/install/turtlebot3_teleop:/home/njoy/ROS/turtlebot3_ws/install/turtlebot3_example:/opt/ros/jazzy:/home/njoy/ROS/ros_ws/turtlebot3_ws/install/turtlebot3_teleop:/home/njoy/ROS/ros_ws/turtlebot3_ws/install/turtlebot3_example DEBUGINFOD_URLS=ima:enforcing https://debuginfod.fedoraproject.org/ ima:ignore PS1=📦[\u@rover-dev-container \W]$ /usr/bin/cmake /home/njoy/ROS/turtlebot3_ws/src/turtlebot3_msgs -DAMENT_CMAKE_SYMLINK_INSTALL=1 -DCMAKE_INSTALL_PREFIX=/home/njoy/ROS/turtlebot3_ws/install/turtlebot3_msgs
[6.199s] DEBUG:colcon.colcon_core.event_handler.log_command:Invoking command in '/home/njoy/ROS/turtlebot3_ws/build/turtlebot3_msgs': CMAKE_PREFIX_PATH=${CMAKE_PREFIX_PATH}:/home/njoy/ROS/turtlebot3_ws/install/turtlebot3_teleop:/home/njoy/ROS/turtlebot3_ws/install/turtlebot3_example:/opt/ros/jazzy:/home/njoy/ROS/ros_ws/turtlebot3_ws/install/turtlebot3_teleop:/home/njoy/ROS/ros_ws/turtlebot3_ws/install/turtlebot3_example DEBUGINFOD_URLS=ima:enforcing https://debuginfod.fedoraproject.org/ ima:ignore PS1=📦[\u@rover-dev-container \W]$ /usr/bin/cmake --build /home/njoy/ROS/turtlebot3_ws/build/turtlebot3_msgs -- -j16 -l16
[6.495s] Level 1:colcon.colcon_core.environment:create_environment_scripts_only(dynamixel_sdk)
[6.496s] Level 1:colcon.colcon_core.environment:checking '/home/njoy/ROS/turtlebot3_ws/install/dynamixel_sdk' for CMake module files
[6.496s] DEBUG:colcon.colcon_core.event_handler.log_command:Invoked command in '/home/njoy/ROS/turtlebot3_ws/build/dynamixel_sdk' returned '0': CMAKE_PREFIX_PATH=${CMAKE_PREFIX_PATH}:/home/njoy/ROS/turtlebot3_ws/install/turtlebot3_teleop:/home/njoy/ROS/turtlebot3_ws/install/turtlebot3_example:/opt/ros/jazzy:/home/njoy/ROS/ros_ws/turtlebot3_ws/install/turtlebot3_teleop:/home/njoy/ROS/ros_ws/turtlebot3_ws/install/turtlebot3_example DEBUGINFOD_URLS=ima:enforcing https://debuginfod.fedoraproject.org/ ima:ignore PS1=📦[\u@rover-dev-container \W]$ /usr/bin/cmake --install /home/njoy/ROS/turtlebot3_ws/build/dynamixel_sdk
[6.497s] Level 1:colcon.colcon_core.environment:checking '/home/njoy/ROS/turtlebot3_ws/install/dynamixel_sdk' for CMake config files
[6.499s] Level 1:colcon.colcon_core.shell:create_environment_hook('dynamixel_sdk', 'cmake_prefix_path')
[6.499s] INFO:colcon.colcon_core.shell:Creating environment hook '/home/njoy/ROS/turtlebot3_ws/install/dynamixel_sdk/share/dynamixel_sdk/hook/cmake_prefix_path.ps1'
[6.500s] INFO:colcon.colcon_core.shell:Creating environment descriptor '/home/njoy/ROS/turtlebot3_ws/install/dynamixel_sdk/share/dynamixel_sdk/hook/cmake_prefix_path.dsv'
[6.500s] INFO:colcon.colcon_core.shell:Creating environment hook '/home/njoy/ROS/turtlebot3_ws/install/dynamixel_sdk/share/dynamixel_sdk/hook/cmake_prefix_path.sh'
[6.501s] Level 1:colcon.colcon_core.environment:checking '/home/njoy/ROS/turtlebot3_ws/install/dynamixel_sdk/lib'
[6.501s] Level 1:colcon.colcon_core.shell:create_environment_hook('dynamixel_sdk', 'ld_library_path_lib')
[6.501s] INFO:colcon.colcon_core.shell:Creating environment hook '/home/njoy/ROS/turtlebot3_ws/install/dynamixel_sdk/share/dynamixel_sdk/hook/ld_library_path_lib.ps1'
[6.502s] INFO:colcon.colcon_core.shell:Creating environment descriptor '/home/njoy/ROS/turtlebot3_ws/install/dynamixel_sdk/share/dynamixel_sdk/hook/ld_library_path_lib.dsv'
[6.502s] INFO:colcon.colcon_core.shell:Creating environment hook '/home/njoy/ROS/turtlebot3_ws/install/dynamixel_sdk/share/dynamixel_sdk/hook/ld_library_path_lib.sh'
[6.503s] Level 1:colcon.colcon_core.environment:checking '/home/njoy/ROS/turtlebot3_ws/install/dynamixel_sdk/bin'
[6.503s] Level 1:colcon.colcon_core.environment:checking '/home/njoy/ROS/turtlebot3_ws/install/dynamixel_sdk/lib/pkgconfig/dynamixel_sdk.pc'
[6.503s] Level 1:colcon.colcon_core.environment:checking '/home/njoy/ROS/turtlebot3_ws/install/dynamixel_sdk/lib/python3.12/site-packages'
[6.503s] Level 1:colcon.colcon_core.shell:create_environment_hook('dynamixel_sdk', 'pythonpath')
[6.503s] INFO:colcon.colcon_core.shell:Creating environment hook '/home/njoy/ROS/turtlebot3_ws/install/dynamixel_sdk/share/dynamixel_sdk/hook/pythonpath.ps1'
[6.504s] INFO:colcon.colcon_core.shell:Creating environment descriptor '/home/njoy/ROS/turtlebot3_ws/install/dynamixel_sdk/share/dynamixel_sdk/hook/pythonpath.dsv'
[6.504s] INFO:colcon.colcon_core.shell:Creating environment hook '/home/njoy/ROS/turtlebot3_ws/install/dynamixel_sdk/share/dynamixel_sdk/hook/pythonpath.sh'
[6.505s] Level 1:colcon.colcon_core.environment:checking '/home/njoy/ROS/turtlebot3_ws/install/dynamixel_sdk/bin'
[6.505s] INFO:colcon.colcon_core.shell:Creating package script '/home/njoy/ROS/turtlebot3_ws/install/dynamixel_sdk/share/dynamixel_sdk/package.ps1'
[6.506s] INFO:colcon.colcon_core.shell:Creating package descriptor '/home/njoy/ROS/turtlebot3_ws/install/dynamixel_sdk/share/dynamixel_sdk/package.dsv'
[6.507s] INFO:colcon.colcon_core.shell:Creating package script '/home/njoy/ROS/turtlebot3_ws/install/dynamixel_sdk/share/dynamixel_sdk/package.sh'
[6.507s] INFO:colcon.colcon_core.shell:Creating package script '/home/njoy/ROS/turtlebot3_ws/install/dynamixel_sdk/share/dynamixel_sdk/package.bash'
[6.508s] INFO:colcon.colcon_core.shell:Creating package script '/home/njoy/ROS/turtlebot3_ws/install/dynamixel_sdk/share/dynamixel_sdk/package.zsh'
[6.508s] Level 1:colcon.colcon_core.environment:create_file_with_runtime_dependencies(/home/njoy/ROS/turtlebot3_ws/install/dynamixel_sdk/share/colcon-core/packages/dynamixel_sdk)
[6.509s] Level 1:colcon.colcon_core.environment:create_environment_scripts_only(dynamixel_sdk)
[6.509s] Level 1:colcon.colcon_core.environment:checking '/home/njoy/ROS/turtlebot3_ws/install/dynamixel_sdk' for CMake module files
[6.510s] Level 1:colcon.colcon_core.environment:checking '/home/njoy/ROS/turtlebot3_ws/install/dynamixel_sdk' for CMake config files
[6.512s] Level 1:colcon.colcon_core.shell:create_environment_hook('dynamixel_sdk', 'cmake_prefix_path')
[6.512s] INFO:colcon.colcon_core.shell:Creating environment hook '/home/njoy/ROS/turtlebot3_ws/install/dynamixel_sdk/share/dynamixel_sdk/hook/cmake_prefix_path.ps1'
[6.513s] INFO:colcon.colcon_core.shell:Creating environment descriptor '/home/njoy/ROS/turtlebot3_ws/install/dynamixel_sdk/share/dynamixel_sdk/hook/cmake_prefix_path.dsv'
[6.513s] INFO:colcon.colcon_core.shell:Creating environment hook '/home/njoy/ROS/turtlebot3_ws/install/dynamixel_sdk/share/dynamixel_sdk/hook/cmake_prefix_path.sh'
[6.514s] Level 1:colcon.colcon_core.environment:checking '/home/njoy/ROS/turtlebot3_ws/install/dynamixel_sdk/lib'
[6.514s] Level 1:colcon.colcon_core.shell:create_environment_hook('dynamixel_sdk', 'ld_library_path_lib')
[6.514s] INFO:colcon.colcon_core.shell:Creating environment hook '/home/njoy/ROS/turtlebot3_ws/install/dynamixel_sdk/share/dynamixel_sdk/hook/ld_library_path_lib.ps1'
[6.514s] INFO:colcon.colcon_core.shell:Creating environment descriptor '/home/njoy/ROS/turtlebot3_ws/install/dynamixel_sdk/share/dynamixel_sdk/hook/ld_library_path_lib.dsv'
[6.515s] INFO:colcon.colcon_core.shell:Creating environment hook '/home/njoy/ROS/turtlebot3_ws/install/dynamixel_sdk/share/dynamixel_sdk/hook/ld_library_path_lib.sh'
[6.515s] Level 1:colcon.colcon_core.environment:checking '/home/njoy/ROS/turtlebot3_ws/install/dynamixel_sdk/bin'
[6.515s] Level 1:colcon.colcon_core.environment:checking '/home/njoy/ROS/turtlebot3_ws/install/dynamixel_sdk/lib/pkgconfig/dynamixel_sdk.pc'
[6.516s] Level 1:colcon.colcon_core.environment:checking '/home/njoy/ROS/turtlebot3_ws/install/dynamixel_sdk/lib/python3.12/site-packages'
[6.516s] Level 1:colcon.colcon_core.shell:create_environment_hook('dynamixel_sdk', 'pythonpath')
[6.516s] INFO:colcon.colcon_core.shell:Creating environment hook '/home/njoy/ROS/turtlebot3_ws/install/dynamixel_sdk/share/dynamixel_sdk/hook/pythonpath.ps1'
[6.517s] INFO:colcon.colcon_core.shell:Creating environment descriptor '/home/njoy/ROS/turtlebot3_ws/install/dynamixel_sdk/share/dynamixel_sdk/hook/pythonpath.dsv'
[6.517s] INFO:colcon.colcon_core.shell:Creating environment hook '/home/njoy/ROS/turtlebot3_ws/install/dynamixel_sdk/share/dynamixel_sdk/hook/pythonpath.sh'
[6.518s] Level 1:colcon.colcon_core.environment:checking '/home/njoy/ROS/turtlebot3_ws/install/dynamixel_sdk/bin'
[6.518s] INFO:colcon.colcon_core.shell:Creating package script '/home/njoy/ROS/turtlebot3_ws/install/dynamixel_sdk/share/dynamixel_sdk/package.ps1'
[6.519s] INFO:colcon.colcon_core.shell:Creating package descriptor '/home/njoy/ROS/turtlebot3_ws/install/dynamixel_sdk/share/dynamixel_sdk/package.dsv'
[6.520s] INFO:colcon.colcon_core.shell:Creating package script '/home/njoy/ROS/turtlebot3_ws/install/dynamixel_sdk/share/dynamixel_sdk/package.sh'
[6.521s] INFO:colcon.colcon_core.shell:Creating package script '/home/njoy/ROS/turtlebot3_ws/install/dynamixel_sdk/share/dynamixel_sdk/package.bash'
[6.521s] INFO:colcon.colcon_core.shell:Creating package script '/home/njoy/ROS/turtlebot3_ws/install/dynamixel_sdk/share/dynamixel_sdk/package.zsh'
[6.521s] Level 1:colcon.colcon_core.environment:create_file_with_runtime_dependencies(/home/njoy/ROS/turtlebot3_ws/install/dynamixel_sdk/share/colcon-core/packages/dynamixel_sdk)
[6.589s] DEBUG:colcon.colcon_core.event_handler.log_command:Invoked command in '/home/njoy/ROS/turtlebot3_ws/build/turtlebot3_gazebo' returned '0': CMAKE_PREFIX_PATH=${CMAKE_PREFIX_PATH}:/home/njoy/ROS/turtlebot3_ws/install/turtlebot3_teleop:/home/njoy/ROS/turtlebot3_ws/install/turtlebot3_example:/opt/ros/jazzy:/home/njoy/ROS/ros_ws/turtlebot3_ws/install/turtlebot3_teleop:/home/njoy/ROS/ros_ws/turtlebot3_ws/install/turtlebot3_example DEBUGINFOD_URLS=ima:enforcing https://debuginfod.fedoraproject.org/ ima:ignore PS1=📦[\u@rover-dev-container \W]$ /usr/bin/cmake /home/njoy/ROS/turtlebot3_ws/src/turtlebot3_simulations/turtlebot3_gazebo -DAMENT_CMAKE_SYMLINK_INSTALL=1 -DCMAKE_INSTALL_PREFIX=/home/njoy/ROS/turtlebot3_ws/install/turtlebot3_gazebo
[6.591s] DEBUG:colcon.colcon_core.event_handler.log_command:Invoking command in '/home/njoy/ROS/turtlebot3_ws/build/turtlebot3_gazebo': CMAKE_PREFIX_PATH=${CMAKE_PREFIX_PATH}:/home/njoy/ROS/turtlebot3_ws/install/turtlebot3_teleop:/home/njoy/ROS/turtlebot3_ws/install/turtlebot3_example:/opt/ros/jazzy:/home/njoy/ROS/ros_ws/turtlebot3_ws/install/turtlebot3_teleop:/home/njoy/ROS/ros_ws/turtlebot3_ws/install/turtlebot3_example DEBUGINFOD_URLS=ima:enforcing https://debuginfod.fedoraproject.org/ ima:ignore PS1=📦[\u@rover-dev-container \W]$ /usr/bin/cmake --build /home/njoy/ROS/turtlebot3_ws/build/turtlebot3_gazebo -- -j16 -l16
[9.082s] DEBUG:colcon.colcon_core.event_handler.log_command:Invoked command in '/home/njoy/ROS/turtlebot3_ws/build/dynamixel_sdk_custom_interfaces' returned '0': CMAKE_PREFIX_PATH=${CMAKE_PREFIX_PATH}:/home/njoy/ROS/turtlebot3_ws/install/turtlebot3_teleop:/home/njoy/ROS/turtlebot3_ws/install/turtlebot3_example:/opt/ros/jazzy:/home/njoy/ROS/ros_ws/turtlebot3_ws/install/turtlebot3_teleop:/home/njoy/ROS/ros_ws/turtlebot3_ws/install/turtlebot3_example DEBUGINFOD_URLS=ima:enforcing https://debuginfod.fedoraproject.org/ ima:ignore PS1=📦[\u@rover-dev-container \W]$ /usr/bin/cmake --build /home/njoy/ROS/turtlebot3_ws/build/dynamixel_sdk_custom_interfaces -- -j16 -l16
[9.084s] DEBUG:colcon.colcon_core.event_handler.log_command:Invoking command in '/home/njoy/ROS/turtlebot3_ws/build/dynamixel_sdk_custom_interfaces': CMAKE_PREFIX_PATH=${CMAKE_PREFIX_PATH}:/home/njoy/ROS/turtlebot3_ws/install/turtlebot3_teleop:/home/njoy/ROS/turtlebot3_ws/install/turtlebot3_example:/opt/ros/jazzy:/home/njoy/ROS/ros_ws/turtlebot3_ws/install/turtlebot3_teleop:/home/njoy/ROS/ros_ws/turtlebot3_ws/install/turtlebot3_example DEBUGINFOD_URLS=ima:enforcing https://debuginfod.fedoraproject.org/ ima:ignore PS1=📦[\u@rover-dev-container \W]$ /usr/bin/cmake --install /home/njoy/ROS/turtlebot3_ws/build/dynamixel_sdk_custom_interfaces
[11.719s] Level 1:colcon.colcon_core.environment:create_environment_scripts_only(dynamixel_sdk_custom_interfaces)
[11.719s] Level 1:colcon.colcon_core.environment:checking '/home/njoy/ROS/turtlebot3_ws/install/dynamixel_sdk_custom_interfaces' for CMake module files
[11.719s] DEBUG:colcon.colcon_core.event_handler.log_command:Invoked command in '/home/njoy/ROS/turtlebot3_ws/build/dynamixel_sdk_custom_interfaces' returned '0': CMAKE_PREFIX_PATH=${CMAKE_PREFIX_PATH}:/home/njoy/ROS/turtlebot3_ws/install/turtlebot3_teleop:/home/njoy/ROS/turtlebot3_ws/install/turtlebot3_example:/opt/ros/jazzy:/home/njoy/ROS/ros_ws/turtlebot3_ws/install/turtlebot3_teleop:/home/njoy/ROS/ros_ws/turtlebot3_ws/install/turtlebot3_example DEBUGINFOD_URLS=ima:enforcing https://debuginfod.fedoraproject.org/ ima:ignore PS1=📦[\u@rover-dev-container \W]$ /usr/bin/cmake --install /home/njoy/ROS/turtlebot3_ws/build/dynamixel_sdk_custom_interfaces
[11.720s] Level 1:colcon.colcon_core.environment:checking '/home/njoy/ROS/turtlebot3_ws/install/dynamixel_sdk_custom_interfaces' for CMake config files
[11.721s] Level 1:colcon.colcon_core.shell:create_environment_hook('dynamixel_sdk_custom_interfaces', 'cmake_prefix_path')
[11.721s] INFO:colcon.colcon_core.shell:Creating environment hook '/home/njoy/ROS/turtlebot3_ws/install/dynamixel_sdk_custom_interfaces/share/dynamixel_sdk_custom_interfaces/hook/cmake_prefix_path.ps1'
[11.721s] INFO:colcon.colcon_core.shell:Creating environment descriptor '/home/njoy/ROS/turtlebot3_ws/install/dynamixel_sdk_custom_interfaces/share/dynamixel_sdk_custom_interfaces/hook/cmake_prefix_path.dsv'
[11.722s] INFO:colcon.colcon_core.shell:Creating environment hook '/home/njoy/ROS/turtlebot3_ws/install/dynamixel_sdk_custom_interfaces/share/dynamixel_sdk_custom_interfaces/hook/cmake_prefix_path.sh'
[11.722s] Level 1:colcon.colcon_core.environment:checking '/home/njoy/ROS/turtlebot3_ws/install/dynamixel_sdk_custom_interfaces/lib'
[11.722s] Level 1:colcon.colcon_core.shell:create_environment_hook('dynamixel_sdk_custom_interfaces', 'ld_library_path_lib')
[11.722s] INFO:colcon.colcon_core.shell:Creating environment hook '/home/njoy/ROS/turtlebot3_ws/install/dynamixel_sdk_custom_interfaces/share/dynamixel_sdk_custom_interfaces/hook/ld_library_path_lib.ps1'
[11.723s] INFO:colcon.colcon_core.shell:Creating environment descriptor '/home/njoy/ROS/turtlebot3_ws/install/dynamixel_sdk_custom_interfaces/share/dynamixel_sdk_custom_interfaces/hook/ld_library_path_lib.dsv'
[11.723s] INFO:colcon.colcon_core.shell:Creating environment hook '/home/njoy/ROS/turtlebot3_ws/install/dynamixel_sdk_custom_interfaces/share/dynamixel_sdk_custom_interfaces/hook/ld_library_path_lib.sh'
[11.723s] Level 1:colcon.colcon_core.environment:checking '/home/njoy/ROS/turtlebot3_ws/install/dynamixel_sdk_custom_interfaces/bin'
[11.723s] Level 1:colcon.colcon_core.environment:checking '/home/njoy/ROS/turtlebot3_ws/install/dynamixel_sdk_custom_interfaces/lib/pkgconfig/dynamixel_sdk_custom_interfaces.pc'
[11.723s] Level 1:colcon.colcon_core.environment:checking '/home/njoy/ROS/turtlebot3_ws/install/dynamixel_sdk_custom_interfaces/lib/python3.12/site-packages'
[11.724s] Level 1:colcon.colcon_core.shell:create_environment_hook('dynamixel_sdk_custom_interfaces', 'pythonpath')
[11.724s] INFO:colcon.colcon_core.shell:Creating environment hook '/home/njoy/ROS/turtlebot3_ws/install/dynamixel_sdk_custom_interfaces/share/dynamixel_sdk_custom_interfaces/hook/pythonpath.ps1'
[11.724s] INFO:colcon.colcon_core.shell:Creating environment descriptor '/home/njoy/ROS/turtlebot3_ws/install/dynamixel_sdk_custom_interfaces/share/dynamixel_sdk_custom_interfaces/hook/pythonpath.dsv'
[11.724s] INFO:colcon.colcon_core.shell:Creating environment hook '/home/njoy/ROS/turtlebot3_ws/install/dynamixel_sdk_custom_interfaces/share/dynamixel_sdk_custom_interfaces/hook/pythonpath.sh'
[11.725s] Level 1:colcon.colcon_core.environment:checking '/home/njoy/ROS/turtlebot3_ws/install/dynamixel_sdk_custom_interfaces/bin'
[11.725s] INFO:colcon.colcon_core.shell:Creating package script '/home/njoy/ROS/turtlebot3_ws/install/dynamixel_sdk_custom_interfaces/share/dynamixel_sdk_custom_interfaces/package.ps1'
[11.725s] INFO:colcon.colcon_core.shell:Creating package descriptor '/home/njoy/ROS/turtlebot3_ws/install/dynamixel_sdk_custom_interfaces/share/dynamixel_sdk_custom_interfaces/package.dsv'
[11.726s] INFO:colcon.colcon_core.shell:Creating package script '/home/njoy/ROS/turtlebot3_ws/install/dynamixel_sdk_custom_interfaces/share/dynamixel_sdk_custom_interfaces/package.sh'
[11.726s] INFO:colcon.colcon_core.shell:Creating package script '/home/njoy/ROS/turtlebot3_ws/install/dynamixel_sdk_custom_interfaces/share/dynamixel_sdk_custom_interfaces/package.bash'
[11.726s] INFO:colcon.colcon_core.shell:Creating package script '/home/njoy/ROS/turtlebot3_ws/install/dynamixel_sdk_custom_interfaces/share/dynamixel_sdk_custom_interfaces/package.zsh'
[11.727s] Level 1:colcon.colcon_core.environment:create_file_with_runtime_dependencies(/home/njoy/ROS/turtlebot3_ws/install/dynamixel_sdk_custom_interfaces/share/colcon-core/packages/dynamixel_sdk_custom_interfaces)
[11.728s] Level 1:colcon.colcon_core.environment:create_environment_scripts_only(dynamixel_sdk_custom_interfaces)
[11.728s] Level 1:colcon.colcon_core.environment:checking '/home/njoy/ROS/turtlebot3_ws/install/dynamixel_sdk_custom_interfaces' for CMake module files
[11.729s] Level 1:colcon.colcon_core.environment:checking '/home/njoy/ROS/turtlebot3_ws/install/dynamixel_sdk_custom_interfaces' for CMake config files
[11.729s] Level 1:colcon.colcon_core.shell:create_environment_hook('dynamixel_sdk_custom_interfaces', 'cmake_prefix_path')
[11.730s] INFO:colcon.colcon_core.shell:Creating environment hook '/home/njoy/ROS/turtlebot3_ws/install/dynamixel_sdk_custom_interfaces/share/dynamixel_sdk_custom_interfaces/hook/cmake_prefix_path.ps1'
[11.730s] INFO:colcon.colcon_core.shell:Creating environment descriptor '/home/njoy/ROS/turtlebot3_ws/install/dynamixel_sdk_custom_interfaces/share/dynamixel_sdk_custom_interfaces/hook/cmake_prefix_path.dsv'
[11.730s] INFO:colcon.colcon_core.shell:Creating environment hook '/home/njoy/ROS/turtlebot3_ws/install/dynamixel_sdk_custom_interfaces/share/dynamixel_sdk_custom_interfaces/hook/cmake_prefix_path.sh'
[11.731s] Level 1:colcon.colcon_core.environment:checking '/home/njoy/ROS/turtlebot3_ws/install/dynamixel_sdk_custom_interfaces/lib'
[11.731s] Level 1:colcon.colcon_core.shell:create_environment_hook('dynamixel_sdk_custom_interfaces', 'ld_library_path_lib')
[11.731s] INFO:colcon.colcon_core.shell:Creating environment hook '/home/njoy/ROS/turtlebot3_ws/install/dynamixel_sdk_custom_interfaces/share/dynamixel_sdk_custom_interfaces/hook/ld_library_path_lib.ps1'
[11.732s] INFO:colcon.colcon_core.shell:Creating environment descriptor '/home/njoy/ROS/turtlebot3_ws/install/dynamixel_sdk_custom_interfaces/share/dynamixel_sdk_custom_interfaces/hook/ld_library_path_lib.dsv'
[11.732s] INFO:colcon.colcon_core.shell:Creating environment hook '/home/njoy/ROS/turtlebot3_ws/install/dynamixel_sdk_custom_interfaces/share/dynamixel_sdk_custom_interfaces/hook/ld_library_path_lib.sh'
[11.732s] Level 1:colcon.colcon_core.environment:checking '/home/njoy/ROS/turtlebot3_ws/install/dynamixel_sdk_custom_interfaces/bin'
[11.732s] Level 1:colcon.colcon_core.environment:checking '/home/njoy/ROS/turtlebot3_ws/install/dynamixel_sdk_custom_interfaces/lib/pkgconfig/dynamixel_sdk_custom_interfaces.pc'
[11.732s] Level 1:colcon.colcon_core.environment:checking '/home/njoy/ROS/turtlebot3_ws/install/dynamixel_sdk_custom_interfaces/lib/python3.12/site-packages'
[11.732s] Level 1:colcon.colcon_core.shell:create_environment_hook('dynamixel_sdk_custom_interfaces', 'pythonpath')
[11.733s] INFO:colcon.colcon_core.shell:Creating environment hook '/home/njoy/ROS/turtlebot3_ws/install/dynamixel_sdk_custom_interfaces/share/dynamixel_sdk_custom_interfaces/hook/pythonpath.ps1'
[11.733s] INFO:colcon.colcon_core.shell:Creating environment descriptor '/home/njoy/ROS/turtlebot3_ws/install/dynamixel_sdk_custom_interfaces/share/dynamixel_sdk_custom_interfaces/hook/pythonpath.dsv'
[11.733s] INFO:colcon.colcon_core.shell:Creating environment hook '/home/njoy/ROS/turtlebot3_ws/install/dynamixel_sdk_custom_interfaces/share/dynamixel_sdk_custom_interfaces/hook/pythonpath.sh'
[11.734s] Level 1:colcon.colcon_core.environment:checking '/home/njoy/ROS/turtlebot3_ws/install/dynamixel_sdk_custom_interfaces/bin'
[11.734s] INFO:colcon.colcon_core.shell:Creating package script '/home/njoy/ROS/turtlebot3_ws/install/dynamixel_sdk_custom_interfaces/share/dynamixel_sdk_custom_interfaces/package.ps1'
[11.735s] INFO:colcon.colcon_core.shell:Creating package descriptor '/home/njoy/ROS/turtlebot3_ws/install/dynamixel_sdk_custom_interfaces/share/dynamixel_sdk_custom_interfaces/package.dsv'
[11.735s] INFO:colcon.colcon_core.shell:Creating package script '/home/njoy/ROS/turtlebot3_ws/install/dynamixel_sdk_custom_interfaces/share/dynamixel_sdk_custom_interfaces/package.sh'
[11.735s] INFO:colcon.colcon_core.shell:Creating package script '/home/njoy/ROS/turtlebot3_ws/install/dynamixel_sdk_custom_interfaces/share/dynamixel_sdk_custom_interfaces/package.bash'
[11.736s] INFO:colcon.colcon_core.shell:Creating package script '/home/njoy/ROS/turtlebot3_ws/install/dynamixel_sdk_custom_interfaces/share/dynamixel_sdk_custom_interfaces/package.zsh'
[11.736s] Level 1:colcon.colcon_core.environment:create_file_with_runtime_dependencies(/home/njoy/ROS/turtlebot3_ws/install/dynamixel_sdk_custom_interfaces/share/colcon-core/packages/dynamixel_sdk_custom_interfaces)
[11.736s] INFO:colcon.colcon_ros.task.ament_cmake.build:Building ROS package in '/home/njoy/ROS/turtlebot3_ws/src/DynamixelSDK/ros/dynamixel_sdk_examples' with build type 'ament_cmake'
[11.737s] INFO:colcon.colcon_cmake.task.cmake.build:Building CMake package in '/home/njoy/ROS/turtlebot3_ws/src/DynamixelSDK/ros/dynamixel_sdk_examples'
[11.737s] INFO:colcon.colcon_core.shell:Skip shell extension 'powershell' for command environment: Not usable outside of PowerShell
[11.737s] DEBUG:colcon.colcon_core.shell:Skip shell extension 'dsv' for command environment
[11.758s] DEBUG:colcon.colcon_core.event_handler.log_command:Invoking command in '/home/njoy/ROS/turtlebot3_ws/build/dynamixel_sdk_examples': AMENT_PREFIX_PATH=/home/njoy/ROS/turtlebot3_ws/install/dynamixel_sdk_custom_interfaces:/home/njoy/ROS/turtlebot3_ws/install/dynamixel_sdk:${AMENT_PREFIX_PATH} CMAKE_PREFIX_PATH=/home/njoy/ROS/turtlebot3_ws/install/dynamixel_sdk_custom_interfaces:/home/njoy/ROS/turtlebot3_ws/install/dynamixel_sdk:/home/njoy/ROS/turtlebot3_ws/install/turtlebot3:/home/njoy/ROS/turtlebot3_ws/install/turtlebot3_simulations:/home/njoy/ROS/turtlebot3_ws/install/turtlebot3_bringup:/home/njoy/ROS/turtlebot3_ws/install/turtlebot3_node:/home/njoy/ROS/turtlebot3_ws/install/turtlebot3_navigation2:/home/njoy/ROS/turtlebot3_ws/install/turtlebot3_fake_node:/home/njoy/ROS/turtlebot3_ws/install/turtlebot3_msgs:/home/njoy/ROS/turtlebot3_ws/install/turtlebot3_gazebo:/home/njoy/ROS/turtlebot3_ws/install/turtlebot3_description:/home/njoy/ROS/turtlebot3_ws/install/turtlebot3_cartographer:/home/njoy/ROS/turtlebot3_ws/install/dynamixel_sdk_examples:/opt/ros/jazzy/opt/gz_sim_vendor:/opt/ros/jazzy/opt/gz_sensors_vendor:/opt/ros/jazzy/opt/gz_physics_vendor:/opt/ros/jazzy/opt/sdformat_vendor:/opt/ros/jazzy/opt/gz_gui_vendor:/opt/ros/jazzy/opt/gz_transport_vendor:/opt/ros/jazzy/opt/gz_rendering_vendor:/opt/ros/jazzy/opt/gz_plugin_vendor:/opt/ros/jazzy/opt/gz_fuel_tools_vendor:/opt/ros/jazzy/opt/gz_msgs_vendor:/opt/ros/jazzy/opt/gz_common_vendor:/opt/ros/jazzy/opt/gz_math_vendor:/opt/ros/jazzy/opt/gz_utils_vendor:/opt/ros/jazzy/opt/gz_tools_vendor:/opt/ros/jazzy/opt/gz_ogre_next_vendor:/opt/ros/jazzy/opt/gz_dartsim_vendor:/opt/ros/jazzy/opt/gz_cmake_vendor:/home/njoy/ROS/ros_ws/turtlebot3_ws/install/turtlebot3:/home/njoy/ROS/ros_ws/turtlebot3_ws/install/turtlebot3_simulations:/home/njoy/ROS/ros_ws/turtlebot3_ws/install/turtlebot3_bringup:/home/njoy/ROS/ros_ws/turtlebot3_ws/install/turtlebot3_node:/home/njoy/ROS/ros_ws/turtlebot3_ws/install/turtlebot3_navigation2:/home/njoy/ROS/ros_ws/turtlebot3_ws/install/turtlebot3_fake_node:/home/njoy/ROS/ros_ws/turtlebot3_ws/install/turtlebot3_msgs:/home/njoy/ROS/ros_ws/turtlebot3_ws/install/turtlebot3_gazebo:/home/njoy/ROS/ros_ws/turtlebot3_ws/install/turtlebot3_description:/home/njoy/ROS/ros_ws/turtlebot3_ws/install/turtlebot3_cartographer:/home/njoy/ROS/ros_ws/turtlebot3_ws/install/dynamixel_sdk_examples:/home/njoy/ROS/ros_ws/turtlebot3_ws/install/dynamixel_sdk_custom_interfaces:/home/njoy/ROS/ros_ws/turtlebot3_ws/install/dynamixel_sdk:/home/njoy/ROS/turtlebot3_ws/install/turtlebot3_teleop:/home/njoy/ROS/turtlebot3_ws/install/turtlebot3_example:/opt/ros/jazzy:/home/njoy/ROS/ros_ws/turtlebot3_ws/install/turtlebot3_teleop:/home/njoy/ROS/ros_ws/turtlebot3_ws/install/turtlebot3_example DEBUGINFOD_URLS=ima:enforcing https://debuginfod.fedoraproject.org/ ima:ignore LD_LIBRARY_PATH=/home/njoy/ROS/turtlebot3_ws/install/dynamixel_sdk_custom_interfaces/lib:/home/njoy/ROS/turtlebot3_ws/install/dynamixel_sdk/lib:/home/njoy/ROS/turtlebot3_ws/install/turtlebot3_msgs/lib:/opt/ros/jazzy/opt/gz_sim_vendor/lib:/opt/ros/jazzy/opt/gz_sensors_vendor/lib:/opt/ros/jazzy/opt/gz_physics_vendor/lib:/opt/ros/jazzy/opt/sdformat_vendor/lib:/opt/ros/jazzy/opt/rviz_ogre_vendor/lib:/opt/ros/jazzy/lib/x86_64-linux-gnu:/opt/ros/jazzy/opt/gz_gui_vendor/lib:/opt/ros/jazzy/opt/gz_transport_vendor/lib:/opt/ros/jazzy/opt/gz_rendering_vendor/lib:/opt/ros/jazzy/opt/gz_plugin_vendor/lib:/opt/ros/jazzy/opt/gz_fuel_tools_vendor/lib:/opt/ros/jazzy/opt/gz_msgs_vendor/lib:/opt/ros/jazzy/opt/gz_common_vendor/lib:/opt/ros/jazzy/opt/gz_math_vendor/lib:/opt/ros/jazzy/opt/gz_utils_vendor/lib:/opt/ros/jazzy/opt/gz_tools_vendor/lib:/opt/ros/jazzy/opt/gz_ogre_next_vendor/lib:/opt/ros/jazzy/opt/gz_dartsim_vendor/lib:/opt/ros/jazzy/opt/gz_cmake_vendor/lib:/opt/ros/jazzy/lib:/home/njoy/ROS/ros_ws/turtlebot3_ws/install/turtlebot3_msgs/lib:/home/njoy/ROS/ros_ws/turtlebot3_ws/install/dynamixel_sdk_custom_interfaces/lib:/home/njoy/ROS/ros_ws/turtlebot3_ws/install/dynamixel_sdk/lib PS1=📦[\u@rover-dev-container \W]$ PYTHONPATH=/home/njoy/ROS/turtlebot3_ws/install/dynamixel_sdk_custom_interfaces/lib/python3.12/site-packages:/home/njoy/ROS/turtlebot3_ws/install/dynamixel_sdk/lib/python3.12/site-packages:/home/njoy/ROS/turtlebot3_ws/install/turtlebot3_teleop/lib/python3.12/site-packages:/home/njoy/ROS/turtlebot3_ws/install/turtlebot3_example/lib/python3.12/site-packages:/home/njoy/ROS/turtlebot3_ws/install/turtlebot3_msgs/lib/python3.12/site-packages:/opt/ros/jazzy/lib/python3.12/site-packages:/home/njoy/ROS/ros_ws/turtlebot3_ws/build/turtlebot3_teleop:/home/njoy/ROS/ros_ws/turtlebot3_ws/install/turtlebot3_teleop/lib/python3.12/site-packages:/home/njoy/ROS/ros_ws/turtlebot3_ws/build/turtlebot3_example:/home/njoy/ROS/ros_ws/turtlebot3_ws/install/turtlebot3_example/lib/python3.12/site-packages:/home/njoy/ROS/ros_ws/turtlebot3_ws/install/turtlebot3_msgs/lib/python3.12/site-packages:/home/njoy/ROS/ros_ws/turtlebot3_ws/install/dynamixel_sdk_custom_interfaces/lib/python3.12/site-packages:/home/njoy/ROS/ros_ws/turtlebot3_ws/install/dynamixel_sdk/lib/python3.12/site-packages /usr/bin/cmake /home/njoy/ROS/turtlebot3_ws/src/DynamixelSDK/ros/dynamixel_sdk_examples -DAMENT_CMAKE_SYMLINK_INSTALL=1 -DCMAKE_INSTALL_PREFIX=/home/njoy/ROS/turtlebot3_ws/install/dynamixel_sdk_examples
[13.472s] DEBUG:colcon.colcon_core.event_handler.log_command:Invoked command in '/home/njoy/ROS/turtlebot3_ws/build/dynamixel_sdk_examples' returned '0': AMENT_PREFIX_PATH=/home/njoy/ROS/turtlebot3_ws/install/dynamixel_sdk_custom_interfaces:/home/njoy/ROS/turtlebot3_ws/install/dynamixel_sdk:${AMENT_PREFIX_PATH} CMAKE_PREFIX_PATH=/home/njoy/ROS/turtlebot3_ws/install/dynamixel_sdk_custom_interfaces:/home/njoy/ROS/turtlebot3_ws/install/dynamixel_sdk:/home/njoy/ROS/turtlebot3_ws/install/turtlebot3:/home/njoy/ROS/turtlebot3_ws/install/turtlebot3_simulations:/home/njoy/ROS/turtlebot3_ws/install/turtlebot3_bringup:/home/njoy/ROS/turtlebot3_ws/install/turtlebot3_node:/home/njoy/ROS/turtlebot3_ws/install/turtlebot3_navigation2:/home/njoy/ROS/turtlebot3_ws/install/turtlebot3_fake_node:/home/njoy/ROS/turtlebot3_ws/install/turtlebot3_msgs:/home/njoy/ROS/turtlebot3_ws/install/turtlebot3_gazebo:/home/njoy/ROS/turtlebot3_ws/install/turtlebot3_description:/home/njoy/ROS/turtlebot3_ws/install/turtlebot3_cartographer:/home/njoy/ROS/turtlebot3_ws/install/dynamixel_sdk_examples:/opt/ros/jazzy/opt/gz_sim_vendor:/opt/ros/jazzy/opt/gz_sensors_vendor:/opt/ros/jazzy/opt/gz_physics_vendor:/opt/ros/jazzy/opt/sdformat_vendor:/opt/ros/jazzy/opt/gz_gui_vendor:/opt/ros/jazzy/opt/gz_transport_vendor:/opt/ros/jazzy/opt/gz_rendering_vendor:/opt/ros/jazzy/opt/gz_plugin_vendor:/opt/ros/jazzy/opt/gz_fuel_tools_vendor:/opt/ros/jazzy/opt/gz_msgs_vendor:/opt/ros/jazzy/opt/gz_common_vendor:/opt/ros/jazzy/opt/gz_math_vendor:/opt/ros/jazzy/opt/gz_utils_vendor:/opt/ros/jazzy/opt/gz_tools_vendor:/opt/ros/jazzy/opt/gz_ogre_next_vendor:/opt/ros/jazzy/opt/gz_dartsim_vendor:/opt/ros/jazzy/opt/gz_cmake_vendor:/home/njoy/ROS/ros_ws/turtlebot3_ws/install/turtlebot3:/home/njoy/ROS/ros_ws/turtlebot3_ws/install/turtlebot3_simulations:/home/njoy/ROS/ros_ws/turtlebot3_ws/install/turtlebot3_bringup:/home/njoy/ROS/ros_ws/turtlebot3_ws/install/turtlebot3_node:/home/njoy/ROS/ros_ws/turtlebot3_ws/install/turtlebot3_navigation2:/home/njoy/ROS/ros_ws/turtlebot3_ws/install/turtlebot3_fake_node:/home/njoy/ROS/ros_ws/turtlebot3_ws/install/turtlebot3_msgs:/home/njoy/ROS/ros_ws/turtlebot3_ws/install/turtlebot3_gazebo:/home/njoy/ROS/ros_ws/turtlebot3_ws/install/turtlebot3_description:/home/njoy/ROS/ros_ws/turtlebot3_ws/install/turtlebot3_cartographer:/home/njoy/ROS/ros_ws/turtlebot3_ws/install/dynamixel_sdk_examples:/home/njoy/ROS/ros_ws/turtlebot3_ws/install/dynamixel_sdk_custom_interfaces:/home/njoy/ROS/ros_ws/turtlebot3_ws/install/dynamixel_sdk:/home/njoy/ROS/turtlebot3_ws/install/turtlebot3_teleop:/home/njoy/ROS/turtlebot3_ws/install/turtlebot3_example:/opt/ros/jazzy:/home/njoy/ROS/ros_ws/turtlebot3_ws/install/turtlebot3_teleop:/home/njoy/ROS/ros_ws/turtlebot3_ws/install/turtlebot3_example DEBUGINFOD_URLS=ima:enforcing https://debuginfod.fedoraproject.org/ ima:ignore LD_LIBRARY_PATH=/home/njoy/ROS/turtlebot3_ws/install/dynamixel_sdk_custom_interfaces/lib:/home/njoy/ROS/turtlebot3_ws/install/dynamixel_sdk/lib:/home/njoy/ROS/turtlebot3_ws/install/turtlebot3_msgs/lib:/opt/ros/jazzy/opt/gz_sim_vendor/lib:/opt/ros/jazzy/opt/gz_sensors_vendor/lib:/opt/ros/jazzy/opt/gz_physics_vendor/lib:/opt/ros/jazzy/opt/sdformat_vendor/lib:/opt/ros/jazzy/opt/rviz_ogre_vendor/lib:/opt/ros/jazzy/lib/x86_64-linux-gnu:/opt/ros/jazzy/opt/gz_gui_vendor/lib:/opt/ros/jazzy/opt/gz_transport_vendor/lib:/opt/ros/jazzy/opt/gz_rendering_vendor/lib:/opt/ros/jazzy/opt/gz_plugin_vendor/lib:/opt/ros/jazzy/opt/gz_fuel_tools_vendor/lib:/opt/ros/jazzy/opt/gz_msgs_vendor/lib:/opt/ros/jazzy/opt/gz_common_vendor/lib:/opt/ros/jazzy/opt/gz_math_vendor/lib:/opt/ros/jazzy/opt/gz_utils_vendor/lib:/opt/ros/jazzy/opt/gz_tools_vendor/lib:/opt/ros/jazzy/opt/gz_ogre_next_vendor/lib:/opt/ros/jazzy/opt/gz_dartsim_vendor/lib:/opt/ros/jazzy/opt/gz_cmake_vendor/lib:/opt/ros/jazzy/lib:/home/njoy/ROS/ros_ws/turtlebot3_ws/install/turtlebot3_msgs/lib:/home/njoy/ROS/ros_ws/turtlebot3_ws/install/dynamixel_sdk_custom_interfaces/lib:/home/njoy/ROS/ros_ws/turtlebot3_ws/install/dynamixel_sdk/lib PS1=📦[\u@rover-dev-container \W]$ PYTHONPATH=/home/njoy/ROS/turtlebot3_ws/install/dynamixel_sdk_custom_interfaces/lib/python3.12/site-packages:/home/njoy/ROS/turtlebot3_ws/install/dynamixel_sdk/lib/python3.12/site-packages:/home/njoy/ROS/turtlebot3_ws/install/turtlebot3_teleop/lib/python3.12/site-packages:/home/njoy/ROS/turtlebot3_ws/install/turtlebot3_example/lib/python3.12/site-packages:/home/njoy/ROS/turtlebot3_ws/install/turtlebot3_msgs/lib/python3.12/site-packages:/opt/ros/jazzy/lib/python3.12/site-packages:/home/njoy/ROS/ros_ws/turtlebot3_ws/build/turtlebot3_teleop:/home/njoy/ROS/ros_ws/turtlebot3_ws/install/turtlebot3_teleop/lib/python3.12/site-packages:/home/njoy/ROS/ros_ws/turtlebot3_ws/build/turtlebot3_example:/home/njoy/ROS/ros_ws/turtlebot3_ws/install/turtlebot3_example/lib/python3.12/site-packages:/home/njoy/ROS/ros_ws/turtlebot3_ws/install/turtlebot3_msgs/lib/python3.12/site-packages:/home/njoy/ROS/ros_ws/turtlebot3_ws/install/dynamixel_sdk_custom_interfaces/lib/python3.12/site-packages:/home/njoy/ROS/ros_ws/turtlebot3_ws/install/dynamixel_sdk/lib/python3.12/site-packages /usr/bin/cmake /home/njoy/ROS/turtlebot3_ws/src/DynamixelSDK/ros/dynamixel_sdk_examples -DAMENT_CMAKE_SYMLINK_INSTALL=1 -DCMAKE_INSTALL_PREFIX=/home/njoy/ROS/turtlebot3_ws/install/dynamixel_sdk_examples
[13.473s] DEBUG:colcon.colcon_core.event_handler.log_command:Invoking command in '/home/njoy/ROS/turtlebot3_ws/build/dynamixel_sdk_examples': AMENT_PREFIX_PATH=/home/njoy/ROS/turtlebot3_ws/install/dynamixel_sdk_custom_interfaces:/home/njoy/ROS/turtlebot3_ws/install/dynamixel_sdk:${AMENT_PREFIX_PATH} CMAKE_PREFIX_PATH=/home/njoy/ROS/turtlebot3_ws/install/dynamixel_sdk_custom_interfaces:/home/njoy/ROS/turtlebot3_ws/install/dynamixel_sdk:/home/njoy/ROS/turtlebot3_ws/install/turtlebot3:/home/njoy/ROS/turtlebot3_ws/install/turtlebot3_simulations:/home/njoy/ROS/turtlebot3_ws/install/turtlebot3_bringup:/home/njoy/ROS/turtlebot3_ws/install/turtlebot3_node:/home/njoy/ROS/turtlebot3_ws/install/turtlebot3_navigation2:/home/njoy/ROS/turtlebot3_ws/install/turtlebot3_fake_node:/home/njoy/ROS/turtlebot3_ws/install/turtlebot3_msgs:/home/njoy/ROS/turtlebot3_ws/install/turtlebot3_gazebo:/home/njoy/ROS/turtlebot3_ws/install/turtlebot3_description:/home/njoy/ROS/turtlebot3_ws/install/turtlebot3_cartographer:/home/njoy/ROS/turtlebot3_ws/install/dynamixel_sdk_examples:/opt/ros/jazzy/opt/gz_sim_vendor:/opt/ros/jazzy/opt/gz_sensors_vendor:/opt/ros/jazzy/opt/gz_physics_vendor:/opt/ros/jazzy/opt/sdformat_vendor:/opt/ros/jazzy/opt/gz_gui_vendor:/opt/ros/jazzy/opt/gz_transport_vendor:/opt/ros/jazzy/opt/gz_rendering_vendor:/opt/ros/jazzy/opt/gz_plugin_vendor:/opt/ros/jazzy/opt/gz_fuel_tools_vendor:/opt/ros/jazzy/opt/gz_msgs_vendor:/opt/ros/jazzy/opt/gz_common_vendor:/opt/ros/jazzy/opt/gz_math_vendor:/opt/ros/jazzy/opt/gz_utils_vendor:/opt/ros/jazzy/opt/gz_tools_vendor:/opt/ros/jazzy/opt/gz_ogre_next_vendor:/opt/ros/jazzy/opt/gz_dartsim_vendor:/opt/ros/jazzy/opt/gz_cmake_vendor:/home/njoy/ROS/ros_ws/turtlebot3_ws/install/turtlebot3:/home/njoy/ROS/ros_ws/turtlebot3_ws/install/turtlebot3_simulations:/home/njoy/ROS/ros_ws/turtlebot3_ws/install/turtlebot3_bringup:/home/njoy/ROS/ros_ws/turtlebot3_ws/install/turtlebot3_node:/home/njoy/ROS/ros_ws/turtlebot3_ws/install/turtlebot3_navigation2:/home/njoy/ROS/ros_ws/turtlebot3_ws/install/turtlebot3_fake_node:/home/njoy/ROS/ros_ws/turtlebot3_ws/install/turtlebot3_msgs:/home/njoy/ROS/ros_ws/turtlebot3_ws/install/turtlebot3_gazebo:/home/njoy/ROS/ros_ws/turtlebot3_ws/install/turtlebot3_description:/home/njoy/ROS/ros_ws/turtlebot3_ws/install/turtlebot3_cartographer:/home/njoy/ROS/ros_ws/turtlebot3_ws/install/dynamixel_sdk_examples:/home/njoy/ROS/ros_ws/turtlebot3_ws/install/dynamixel_sdk_custom_interfaces:/home/njoy/ROS/ros_ws/turtlebot3_ws/install/dynamixel_sdk:/home/njoy/ROS/turtlebot3_ws/install/turtlebot3_teleop:/home/njoy/ROS/turtlebot3_ws/install/turtlebot3_example:/opt/ros/jazzy:/home/njoy/ROS/ros_ws/turtlebot3_ws/install/turtlebot3_teleop:/home/njoy/ROS/ros_ws/turtlebot3_ws/install/turtlebot3_example DEBUGINFOD_URLS=ima:enforcing https://debuginfod.fedoraproject.org/ ima:ignore LD_LIBRARY_PATH=/home/njoy/ROS/turtlebot3_ws/install/dynamixel_sdk_custom_interfaces/lib:/home/njoy/ROS/turtlebot3_ws/install/dynamixel_sdk/lib:/home/njoy/ROS/turtlebot3_ws/install/turtlebot3_msgs/lib:/opt/ros/jazzy/opt/gz_sim_vendor/lib:/opt/ros/jazzy/opt/gz_sensors_vendor/lib:/opt/ros/jazzy/opt/gz_physics_vendor/lib:/opt/ros/jazzy/opt/sdformat_vendor/lib:/opt/ros/jazzy/opt/rviz_ogre_vendor/lib:/opt/ros/jazzy/lib/x86_64-linux-gnu:/opt/ros/jazzy/opt/gz_gui_vendor/lib:/opt/ros/jazzy/opt/gz_transport_vendor/lib:/opt/ros/jazzy/opt/gz_rendering_vendor/lib:/opt/ros/jazzy/opt/gz_plugin_vendor/lib:/opt/ros/jazzy/opt/gz_fuel_tools_vendor/lib:/opt/ros/jazzy/opt/gz_msgs_vendor/lib:/opt/ros/jazzy/opt/gz_common_vendor/lib:/opt/ros/jazzy/opt/gz_math_vendor/lib:/opt/ros/jazzy/opt/gz_utils_vendor/lib:/opt/ros/jazzy/opt/gz_tools_vendor/lib:/opt/ros/jazzy/opt/gz_ogre_next_vendor/lib:/opt/ros/jazzy/opt/gz_dartsim_vendor/lib:/opt/ros/jazzy/opt/gz_cmake_vendor/lib:/opt/ros/jazzy/lib:/home/njoy/ROS/ros_ws/turtlebot3_ws/install/turtlebot3_msgs/lib:/home/njoy/ROS/ros_ws/turtlebot3_ws/install/dynamixel_sdk_custom_interfaces/lib:/home/njoy/ROS/ros_ws/turtlebot3_ws/install/dynamixel_sdk/lib PS1=📦[\u@rover-dev-container \W]$ PYTHONPATH=/home/njoy/ROS/turtlebot3_ws/install/dynamixel_sdk_custom_interfaces/lib/python3.12/site-packages:/home/njoy/ROS/turtlebot3_ws/install/dynamixel_sdk/lib/python3.12/site-packages:/home/njoy/ROS/turtlebot3_ws/install/turtlebot3_teleop/lib/python3.12/site-packages:/home/njoy/ROS/turtlebot3_ws/install/turtlebot3_example/lib/python3.12/site-packages:/home/njoy/ROS/turtlebot3_ws/install/turtlebot3_msgs/lib/python3.12/site-packages:/opt/ros/jazzy/lib/python3.12/site-packages:/home/njoy/ROS/ros_ws/turtlebot3_ws/build/turtlebot3_teleop:/home/njoy/ROS/ros_ws/turtlebot3_ws/install/turtlebot3_teleop/lib/python3.12/site-packages:/home/njoy/ROS/ros_ws/turtlebot3_ws/build/turtlebot3_example:/home/njoy/ROS/ros_ws/turtlebot3_ws/install/turtlebot3_example/lib/python3.12/site-packages:/home/njoy/ROS/ros_ws/turtlebot3_ws/install/turtlebot3_msgs/lib/python3.12/site-packages:/home/njoy/ROS/ros_ws/turtlebot3_ws/install/dynamixel_sdk_custom_interfaces/lib/python3.12/site-packages:/home/njoy/ROS/ros_ws/turtlebot3_ws/install/dynamixel_sdk/lib/python3.12/site-packages /usr/bin/cmake --build /home/njoy/ROS/turtlebot3_ws/build/dynamixel_sdk_examples -- -j16 -l16
[14.201s] DEBUG:colcon.colcon_core.event_handler.log_command:Invoked command in '/home/njoy/ROS/turtlebot3_ws/build/turtlebot3_msgs' returned '0': CMAKE_PREFIX_PATH=${CMAKE_PREFIX_PATH}:/home/njoy/ROS/turtlebot3_ws/install/turtlebot3_teleop:/home/njoy/ROS/turtlebot3_ws/install/turtlebot3_example:/opt/ros/jazzy:/home/njoy/ROS/ros_ws/turtlebot3_ws/install/turtlebot3_teleop:/home/njoy/ROS/ros_ws/turtlebot3_ws/install/turtlebot3_example DEBUGINFOD_URLS=ima:enforcing https://debuginfod.fedoraproject.org/ ima:ignore PS1=📦[\u@rover-dev-container \W]$ /usr/bin/cmake --build /home/njoy/ROS/turtlebot3_ws/build/turtlebot3_msgs -- -j16 -l16
[14.202s] DEBUG:colcon.colcon_core.event_handler.log_command:Invoking command in '/home/njoy/ROS/turtlebot3_ws/build/turtlebot3_msgs': CMAKE_PREFIX_PATH=${CMAKE_PREFIX_PATH}:/home/njoy/ROS/turtlebot3_ws/install/turtlebot3_teleop:/home/njoy/ROS/turtlebot3_ws/install/turtlebot3_example:/opt/ros/jazzy:/home/njoy/ROS/ros_ws/turtlebot3_ws/install/turtlebot3_teleop:/home/njoy/ROS/ros_ws/turtlebot3_ws/install/turtlebot3_example DEBUGINFOD_URLS=ima:enforcing https://debuginfod.fedoraproject.org/ ima:ignore PS1=📦[\u@rover-dev-container \W]$ /usr/bin/cmake --install /home/njoy/ROS/turtlebot3_ws/build/turtlebot3_msgs
[16.944s] Level 1:colcon.colcon_core.environment:create_environment_scripts_only(turtlebot3_msgs)
[16.945s] Level 1:colcon.colcon_core.environment:checking '/home/njoy/ROS/turtlebot3_ws/install/turtlebot3_msgs' for CMake module files
[16.945s] DEBUG:colcon.colcon_core.event_handler.log_command:Invoked command in '/home/njoy/ROS/turtlebot3_ws/build/turtlebot3_msgs' returned '0': CMAKE_PREFIX_PATH=${CMAKE_PREFIX_PATH}:/home/njoy/ROS/turtlebot3_ws/install/turtlebot3_teleop:/home/njoy/ROS/turtlebot3_ws/install/turtlebot3_example:/opt/ros/jazzy:/home/njoy/ROS/ros_ws/turtlebot3_ws/install/turtlebot3_teleop:/home/njoy/ROS/ros_ws/turtlebot3_ws/install/turtlebot3_example DEBUGINFOD_URLS=ima:enforcing https://debuginfod.fedoraproject.org/ ima:ignore PS1=📦[\u@rover-dev-container \W]$ /usr/bin/cmake --install /home/njoy/ROS/turtlebot3_ws/build/turtlebot3_msgs
[16.946s] Level 1:colcon.colcon_core.environment:checking '/home/njoy/ROS/turtlebot3_ws/install/turtlebot3_msgs' for CMake config files
[16.947s] Level 1:colcon.colcon_core.shell:create_environment_hook('turtlebot3_msgs', 'cmake_prefix_path')
[16.947s] INFO:colcon.colcon_core.shell:Creating environment hook '/home/njoy/ROS/turtlebot3_ws/install/turtlebot3_msgs/share/turtlebot3_msgs/hook/cmake_prefix_path.ps1'
[16.947s] INFO:colcon.colcon_core.shell:Creating environment descriptor '/home/njoy/ROS/turtlebot3_ws/install/turtlebot3_msgs/share/turtlebot3_msgs/hook/cmake_prefix_path.dsv'
[16.948s] INFO:colcon.colcon_core.shell:Creating environment hook '/home/njoy/ROS/turtlebot3_ws/install/turtlebot3_msgs/share/turtlebot3_msgs/hook/cmake_prefix_path.sh'
[16.948s] Level 1:colcon.colcon_core.environment:checking '/home/njoy/ROS/turtlebot3_ws/install/turtlebot3_msgs/lib'
[16.948s] Level 1:colcon.colcon_core.shell:create_environment_hook('turtlebot3_msgs', 'ld_library_path_lib')
[16.948s] INFO:colcon.colcon_core.shell:Creating environment hook '/home/njoy/ROS/turtlebot3_ws/install/turtlebot3_msgs/share/turtlebot3_msgs/hook/ld_library_path_lib.ps1'
[16.949s] INFO:colcon.colcon_core.shell:Creating environment descriptor '/home/njoy/ROS/turtlebot3_ws/install/turtlebot3_msgs/share/turtlebot3_msgs/hook/ld_library_path_lib.dsv'
[16.949s] INFO:colcon.colcon_core.shell:Creating environment hook '/home/njoy/ROS/turtlebot3_ws/install/turtlebot3_msgs/share/turtlebot3_msgs/hook/ld_library_path_lib.sh'
[16.949s] Level 1:colcon.colcon_core.environment:checking '/home/njoy/ROS/turtlebot3_ws/install/turtlebot3_msgs/bin'
[16.949s] Level 1:colcon.colcon_core.environment:checking '/home/njoy/ROS/turtlebot3_ws/install/turtlebot3_msgs/lib/pkgconfig/turtlebot3_msgs.pc'
[16.949s] Level 1:colcon.colcon_core.environment:checking '/home/njoy/ROS/turtlebot3_ws/install/turtlebot3_msgs/lib/python3.12/site-packages'
[16.949s] Level 1:colcon.colcon_core.shell:create_environment_hook('turtlebot3_msgs', 'pythonpath')
[16.949s] INFO:colcon.colcon_core.shell:Creating environment hook '/home/njoy/ROS/turtlebot3_ws/install/turtlebot3_msgs/share/turtlebot3_msgs/hook/pythonpath.ps1'
[16.950s] INFO:colcon.colcon_core.shell:Creating environment descriptor '/home/njoy/ROS/turtlebot3_ws/install/turtlebot3_msgs/share/turtlebot3_msgs/hook/pythonpath.dsv'
[16.950s] INFO:colcon.colcon_core.shell:Creating environment hook '/home/njoy/ROS/turtlebot3_ws/install/turtlebot3_msgs/share/turtlebot3_msgs/hook/pythonpath.sh'
[16.951s] Level 1:colcon.colcon_core.environment:checking '/home/njoy/ROS/turtlebot3_ws/install/turtlebot3_msgs/bin'
[16.951s] INFO:colcon.colcon_core.shell:Creating package script '/home/njoy/ROS/turtlebot3_ws/install/turtlebot3_msgs/share/turtlebot3_msgs/package.ps1'
[16.952s] INFO:colcon.colcon_core.shell:Creating package descriptor '/home/njoy/ROS/turtlebot3_ws/install/turtlebot3_msgs/share/turtlebot3_msgs/package.dsv'
[16.952s] INFO:colcon.colcon_core.shell:Creating package script '/home/njoy/ROS/turtlebot3_ws/install/turtlebot3_msgs/share/turtlebot3_msgs/package.sh'
[16.952s] INFO:colcon.colcon_core.shell:Creating package script '/home/njoy/ROS/turtlebot3_ws/install/turtlebot3_msgs/share/turtlebot3_msgs/package.bash'
[16.953s] INFO:colcon.colcon_core.shell:Creating package script '/home/njoy/ROS/turtlebot3_ws/install/turtlebot3_msgs/share/turtlebot3_msgs/package.zsh'
[16.953s] Level 1:colcon.colcon_core.environment:create_file_with_runtime_dependencies(/home/njoy/ROS/turtlebot3_ws/install/turtlebot3_msgs/share/colcon-core/packages/turtlebot3_msgs)
[16.953s] Level 1:colcon.colcon_core.environment:create_environment_scripts_only(turtlebot3_msgs)
[16.953s] Level 1:colcon.colcon_core.environment:checking '/home/njoy/ROS/turtlebot3_ws/install/turtlebot3_msgs' for CMake module files
[16.954s] Level 1:colcon.colcon_core.environment:checking '/home/njoy/ROS/turtlebot3_ws/install/turtlebot3_msgs' for CMake config files
[16.955s] Level 1:colcon.colcon_core.shell:create_environment_hook('turtlebot3_msgs', 'cmake_prefix_path')
[16.955s] INFO:colcon.colcon_core.shell:Creating environment hook '/home/njoy/ROS/turtlebot3_ws/install/turtlebot3_msgs/share/turtlebot3_msgs/hook/cmake_prefix_path.ps1'
[16.955s] INFO:colcon.colcon_core.shell:Creating environment descriptor '/home/njoy/ROS/turtlebot3_ws/install/turtlebot3_msgs/share/turtlebot3_msgs/hook/cmake_prefix_path.dsv'
[16.955s] INFO:colcon.colcon_core.shell:Creating environment hook '/home/njoy/ROS/turtlebot3_ws/install/turtlebot3_msgs/share/turtlebot3_msgs/hook/cmake_prefix_path.sh'
[16.956s] Level 1:colcon.colcon_core.environment:checking '/home/njoy/ROS/turtlebot3_ws/install/turtlebot3_msgs/lib'
[16.956s] Level 1:colcon.colcon_core.shell:create_environment_hook('turtlebot3_msgs', 'ld_library_path_lib')
[16.956s] INFO:colcon.colcon_core.shell:Creating environment hook '/home/njoy/ROS/turtlebot3_ws/install/turtlebot3_msgs/share/turtlebot3_msgs/hook/ld_library_path_lib.ps1'
[16.956s] INFO:colcon.colcon_core.shell:Creating environment descriptor '/home/njoy/ROS/turtlebot3_ws/install/turtlebot3_msgs/share/turtlebot3_msgs/hook/ld_library_path_lib.dsv'
[16.956s] INFO:colcon.colcon_core.shell:Creating environment hook '/home/njoy/ROS/turtlebot3_ws/install/turtlebot3_msgs/share/turtlebot3_msgs/hook/ld_library_path_lib.sh'
[16.957s] Level 1:colcon.colcon_core.environment:checking '/home/njoy/ROS/turtlebot3_ws/install/turtlebot3_msgs/bin'
[16.957s] Level 1:colcon.colcon_core.environment:checking '/home/njoy/ROS/turtlebot3_ws/install/turtlebot3_msgs/lib/pkgconfig/turtlebot3_msgs.pc'
[16.957s] Level 1:colcon.colcon_core.environment:checking '/home/njoy/ROS/turtlebot3_ws/install/turtlebot3_msgs/lib/python3.12/site-packages'
[16.957s] Level 1:colcon.colcon_core.shell:create_environment_hook('turtlebot3_msgs', 'pythonpath')
[16.957s] INFO:colcon.colcon_core.shell:Creating environment hook '/home/njoy/ROS/turtlebot3_ws/install/turtlebot3_msgs/share/turtlebot3_msgs/hook/pythonpath.ps1'
[16.957s] INFO:colcon.colcon_core.shell:Creating environment descriptor '/home/njoy/ROS/turtlebot3_ws/install/turtlebot3_msgs/share/turtlebot3_msgs/hook/pythonpath.dsv'
[16.958s] INFO:colcon.colcon_core.shell:Creating environment hook '/home/njoy/ROS/turtlebot3_ws/install/turtlebot3_msgs/share/turtlebot3_msgs/hook/pythonpath.sh'
[16.958s] Level 1:colcon.colcon_core.environment:checking '/home/njoy/ROS/turtlebot3_ws/install/turtlebot3_msgs/bin'
[16.958s] INFO:colcon.colcon_core.shell:Creating package script '/home/njoy/ROS/turtlebot3_ws/install/turtlebot3_msgs/share/turtlebot3_msgs/package.ps1'
[16.959s] INFO:colcon.colcon_core.shell:Creating package descriptor '/home/njoy/ROS/turtlebot3_ws/install/turtlebot3_msgs/share/turtlebot3_msgs/package.dsv'
[16.959s] INFO:colcon.colcon_core.shell:Creating package script '/home/njoy/ROS/turtlebot3_ws/install/turtlebot3_msgs/share/turtlebot3_msgs/package.sh'
[16.960s] INFO:colcon.colcon_core.shell:Creating package script '/home/njoy/ROS/turtlebot3_ws/install/turtlebot3_msgs/share/turtlebot3_msgs/package.bash'
[16.960s] INFO:colcon.colcon_core.shell:Creating package script '/home/njoy/ROS/turtlebot3_ws/install/turtlebot3_msgs/share/turtlebot3_msgs/package.zsh'
[16.960s] Level 1:colcon.colcon_core.environment:create_file_with_runtime_dependencies(/home/njoy/ROS/turtlebot3_ws/install/turtlebot3_msgs/share/colcon-core/packages/turtlebot3_msgs)
[16.961s] INFO:colcon.colcon_ros.task.ament_cmake.build:Building ROS package in '/home/njoy/ROS/turtlebot3_ws/src/turtlebot3/turtlebot3_node' with build type 'ament_cmake'
[16.961s] INFO:colcon.colcon_cmake.task.cmake.build:Building CMake package in '/home/njoy/ROS/turtlebot3_ws/src/turtlebot3/turtlebot3_node'
[16.961s] INFO:colcon.colcon_core.shell:Skip shell extension 'powershell' for command environment: Not usable outside of PowerShell
[16.961s] DEBUG:colcon.colcon_core.shell:Skip shell extension 'dsv' for command environment
[16.966s] INFO:colcon.colcon_ros.task.ament_python.build:Building ROS package in '/home/njoy/ROS/turtlebot3_ws/src/turtlebot3/turtlebot3_example' with build type 'ament_python'
[16.966s] Level 1:colcon.colcon_core.shell:create_environment_hook('turtlebot3_example', 'ament_prefix_path')
[16.966s] INFO:colcon.colcon_core.shell:Creating environment hook '/home/njoy/ROS/turtlebot3_ws/install/turtlebot3_example/share/turtlebot3_example/hook/ament_prefix_path.ps1'
[16.967s] INFO:colcon.colcon_core.shell:Creating environment descriptor '/home/njoy/ROS/turtlebot3_ws/install/turtlebot3_example/share/turtlebot3_example/hook/ament_prefix_path.dsv'
[16.967s] INFO:colcon.colcon_core.shell:Creating environment hook '/home/njoy/ROS/turtlebot3_ws/install/turtlebot3_example/share/turtlebot3_example/hook/ament_prefix_path.sh'
[16.968s] INFO:colcon.colcon_core.shell:Skip shell extension 'powershell' for command environment: Not usable outside of PowerShell
[16.968s] DEBUG:colcon.colcon_core.shell:Skip shell extension 'dsv' for command environment
[16.972s] INFO:colcon.colcon_ros.task.ament_cmake.build:Building ROS package in '/home/njoy/ROS/turtlebot3_ws/src/turtlebot3_simulations/turtlebot3_fake_node' with build type 'ament_cmake'
[16.972s] INFO:colcon.colcon_cmake.task.cmake.build:Building CMake package in '/home/njoy/ROS/turtlebot3_ws/src/turtlebot3_simulations/turtlebot3_fake_node'
[16.972s] INFO:colcon.colcon_core.shell:Skip shell extension 'powershell' for command environment: Not usable outside of PowerShell
[16.972s] DEBUG:colcon.colcon_core.shell:Skip shell extension 'dsv' for command environment
[16.982s] DEBUG:colcon.colcon_core.event_handler.log_command:Invoking command in '/home/njoy/ROS/turtlebot3_ws/build/turtlebot3_node': AMENT_PREFIX_PATH=/home/njoy/ROS/turtlebot3_ws/install/turtlebot3_msgs:/home/njoy/ROS/turtlebot3_ws/install/dynamixel_sdk:${AMENT_PREFIX_PATH} CMAKE_PREFIX_PATH=/home/njoy/ROS/turtlebot3_ws/install/turtlebot3_msgs:/home/njoy/ROS/turtlebot3_ws/install/dynamixel_sdk:/home/njoy/ROS/turtlebot3_ws/install/turtlebot3:/home/njoy/ROS/turtlebot3_ws/install/turtlebot3_simulations:/home/njoy/ROS/turtlebot3_ws/install/turtlebot3_bringup:/home/njoy/ROS/turtlebot3_ws/install/turtlebot3_node:/home/njoy/ROS/turtlebot3_ws/install/turtlebot3_navigation2:/home/njoy/ROS/turtlebot3_ws/install/turtlebot3_fake_node:/home/njoy/ROS/turtlebot3_ws/install/turtlebot3_gazebo:/home/njoy/ROS/turtlebot3_ws/install/turtlebot3_description:/home/njoy/ROS/turtlebot3_ws/install/turtlebot3_cartographer:/home/njoy/ROS/turtlebot3_ws/install/dynamixel_sdk_examples:/home/njoy/ROS/turtlebot3_ws/install/dynamixel_sdk_custom_interfaces:/opt/ros/jazzy/opt/gz_sim_vendor:/opt/ros/jazzy/opt/gz_sensors_vendor:/opt/ros/jazzy/opt/gz_physics_vendor:/opt/ros/jazzy/opt/sdformat_vendor:/opt/ros/jazzy/opt/gz_gui_vendor:/opt/ros/jazzy/opt/gz_transport_vendor:/opt/ros/jazzy/opt/gz_rendering_vendor:/opt/ros/jazzy/opt/gz_plugin_vendor:/opt/ros/jazzy/opt/gz_fuel_tools_vendor:/opt/ros/jazzy/opt/gz_msgs_vendor:/opt/ros/jazzy/opt/gz_common_vendor:/opt/ros/jazzy/opt/gz_math_vendor:/opt/ros/jazzy/opt/gz_utils_vendor:/opt/ros/jazzy/opt/gz_tools_vendor:/opt/ros/jazzy/opt/gz_ogre_next_vendor:/opt/ros/jazzy/opt/gz_dartsim_vendor:/opt/ros/jazzy/opt/gz_cmake_vendor:/home/njoy/ROS/ros_ws/turtlebot3_ws/install/turtlebot3:/home/njoy/ROS/ros_ws/turtlebot3_ws/install/turtlebot3_simulations:/home/njoy/ROS/ros_ws/turtlebot3_ws/install/turtlebot3_bringup:/home/njoy/ROS/ros_ws/turtlebot3_ws/install/turtlebot3_node:/home/njoy/ROS/ros_ws/turtlebot3_ws/install/turtlebot3_navigation2:/home/njoy/ROS/ros_ws/turtlebot3_ws/install/turtlebot3_fake_node:/home/njoy/ROS/ros_ws/turtlebot3_ws/install/turtlebot3_msgs:/home/njoy/ROS/ros_ws/turtlebot3_ws/install/turtlebot3_gazebo:/home/njoy/ROS/ros_ws/turtlebot3_ws/install/turtlebot3_description:/home/njoy/ROS/ros_ws/turtlebot3_ws/install/turtlebot3_cartographer:/home/njoy/ROS/ros_ws/turtlebot3_ws/install/dynamixel_sdk_examples:/home/njoy/ROS/ros_ws/turtlebot3_ws/install/dynamixel_sdk_custom_interfaces:/home/njoy/ROS/ros_ws/turtlebot3_ws/install/dynamixel_sdk:/home/njoy/ROS/turtlebot3_ws/install/turtlebot3_teleop:/home/njoy/ROS/turtlebot3_ws/install/turtlebot3_example:/opt/ros/jazzy:/home/njoy/ROS/ros_ws/turtlebot3_ws/install/turtlebot3_teleop:/home/njoy/ROS/ros_ws/turtlebot3_ws/install/turtlebot3_example DEBUGINFOD_URLS=ima:enforcing https://debuginfod.fedoraproject.org/ ima:ignore LD_LIBRARY_PATH=/home/njoy/ROS/turtlebot3_ws/install/turtlebot3_msgs/lib:/home/njoy/ROS/turtlebot3_ws/install/dynamixel_sdk/lib:/home/njoy/ROS/turtlebot3_ws/install/dynamixel_sdk_custom_interfaces/lib:/opt/ros/jazzy/opt/gz_sim_vendor/lib:/opt/ros/jazzy/opt/gz_sensors_vendor/lib:/opt/ros/jazzy/opt/gz_physics_vendor/lib:/opt/ros/jazzy/opt/sdformat_vendor/lib:/opt/ros/jazzy/opt/rviz_ogre_vendor/lib:/opt/ros/jazzy/lib/x86_64-linux-gnu:/opt/ros/jazzy/opt/gz_gui_vendor/lib:/opt/ros/jazzy/opt/gz_transport_vendor/lib:/opt/ros/jazzy/opt/gz_rendering_vendor/lib:/opt/ros/jazzy/opt/gz_plugin_vendor/lib:/opt/ros/jazzy/opt/gz_fuel_tools_vendor/lib:/opt/ros/jazzy/opt/gz_msgs_vendor/lib:/opt/ros/jazzy/opt/gz_common_vendor/lib:/opt/ros/jazzy/opt/gz_math_vendor/lib:/opt/ros/jazzy/opt/gz_utils_vendor/lib:/opt/ros/jazzy/opt/gz_tools_vendor/lib:/opt/ros/jazzy/opt/gz_ogre_next_vendor/lib:/opt/ros/jazzy/opt/gz_dartsim_vendor/lib:/opt/ros/jazzy/opt/gz_cmake_vendor/lib:/opt/ros/jazzy/lib:/home/njoy/ROS/ros_ws/turtlebot3_ws/install/turtlebot3_msgs/lib:/home/njoy/ROS/ros_ws/turtlebot3_ws/install/dynamixel_sdk_custom_interfaces/lib:/home/njoy/ROS/ros_ws/turtlebot3_ws/install/dynamixel_sdk/lib PS1=📦[\u@rover-dev-container \W]$ PYTHONPATH=/home/njoy/ROS/turtlebot3_ws/install/turtlebot3_msgs/lib/python3.12/site-packages:/home/njoy/ROS/turtlebot3_ws/install/dynamixel_sdk/lib/python3.12/site-packages:/home/njoy/ROS/turtlebot3_ws/install/turtlebot3_teleop/lib/python3.12/site-packages:/home/njoy/ROS/turtlebot3_ws/install/turtlebot3_example/lib/python3.12/site-packages:/home/njoy/ROS/turtlebot3_ws/install/dynamixel_sdk_custom_interfaces/lib/python3.12/site-packages:/opt/ros/jazzy/lib/python3.12/site-packages:/home/njoy/ROS/ros_ws/turtlebot3_ws/build/turtlebot3_teleop:/home/njoy/ROS/ros_ws/turtlebot3_ws/install/turtlebot3_teleop/lib/python3.12/site-packages:/home/njoy/ROS/ros_ws/turtlebot3_ws/build/turtlebot3_example:/home/njoy/ROS/ros_ws/turtlebot3_ws/install/turtlebot3_example/lib/python3.12/site-packages:/home/njoy/ROS/ros_ws/turtlebot3_ws/install/turtlebot3_msgs/lib/python3.12/site-packages:/home/njoy/ROS/ros_ws/turtlebot3_ws/install/dynamixel_sdk_custom_interfaces/lib/python3.12/site-packages:/home/njoy/ROS/ros_ws/turtlebot3_ws/install/dynamixel_sdk/lib/python3.12/site-packages /usr/bin/cmake /home/njoy/ROS/turtlebot3_ws/src/turtlebot3/turtlebot3_node -DAMENT_CMAKE_SYMLINK_INSTALL=1 -DCMAKE_INSTALL_PREFIX=/home/njoy/ROS/turtlebot3_ws/install/turtlebot3_node
[17.194s] INFO:colcon.colcon_core.task.python.build:Building Python package in '/home/njoy/ROS/turtlebot3_ws/src/turtlebot3/turtlebot3_example'
[17.194s] INFO:colcon.colcon_core.shell:Skip shell extension 'powershell' for command environment: Not usable outside of PowerShell
[17.194s] DEBUG:colcon.colcon_core.shell:Skip shell extension 'dsv' for command environment
[17.202s] DEBUG:colcon.colcon_core.event_handler.log_command:Invoking command in '/home/njoy/ROS/turtlebot3_ws/build/turtlebot3_fake_node': AMENT_PREFIX_PATH=/home/njoy/ROS/turtlebot3_ws/install/turtlebot3_msgs:${AMENT_PREFIX_PATH} CMAKE_PREFIX_PATH=/home/njoy/ROS/turtlebot3_ws/install/turtlebot3_msgs:/home/njoy/ROS/turtlebot3_ws/install/turtlebot3:/home/njoy/ROS/turtlebot3_ws/install/turtlebot3_simulations:/home/njoy/ROS/turtlebot3_ws/install/turtlebot3_bringup:/home/njoy/ROS/turtlebot3_ws/install/turtlebot3_node:/home/njoy/ROS/turtlebot3_ws/install/turtlebot3_navigation2:/home/njoy/ROS/turtlebot3_ws/install/turtlebot3_fake_node:/home/njoy/ROS/turtlebot3_ws/install/turtlebot3_gazebo:/home/njoy/ROS/turtlebot3_ws/install/turtlebot3_description:/home/njoy/ROS/turtlebot3_ws/install/turtlebot3_cartographer:/home/njoy/ROS/turtlebot3_ws/install/dynamixel_sdk_examples:/home/njoy/ROS/turtlebot3_ws/install/dynamixel_sdk_custom_interfaces:/home/njoy/ROS/turtlebot3_ws/install/dynamixel_sdk:/opt/ros/jazzy/opt/gz_sim_vendor:/opt/ros/jazzy/opt/gz_sensors_vendor:/opt/ros/jazzy/opt/gz_physics_vendor:/opt/ros/jazzy/opt/sdformat_vendor:/opt/ros/jazzy/opt/gz_gui_vendor:/opt/ros/jazzy/opt/gz_transport_vendor:/opt/ros/jazzy/opt/gz_rendering_vendor:/opt/ros/jazzy/opt/gz_plugin_vendor:/opt/ros/jazzy/opt/gz_fuel_tools_vendor:/opt/ros/jazzy/opt/gz_msgs_vendor:/opt/ros/jazzy/opt/gz_common_vendor:/opt/ros/jazzy/opt/gz_math_vendor:/opt/ros/jazzy/opt/gz_utils_vendor:/opt/ros/jazzy/opt/gz_tools_vendor:/opt/ros/jazzy/opt/gz_ogre_next_vendor:/opt/ros/jazzy/opt/gz_dartsim_vendor:/opt/ros/jazzy/opt/gz_cmake_vendor:/home/njoy/ROS/ros_ws/turtlebot3_ws/install/turtlebot3:/home/njoy/ROS/ros_ws/turtlebot3_ws/install/turtlebot3_simulations:/home/njoy/ROS/ros_ws/turtlebot3_ws/install/turtlebot3_bringup:/home/njoy/ROS/ros_ws/turtlebot3_ws/install/turtlebot3_node:/home/njoy/ROS/ros_ws/turtlebot3_ws/install/turtlebot3_navigation2:/home/njoy/ROS/ros_ws/turtlebot3_ws/install/turtlebot3_fake_node:/home/njoy/ROS/ros_ws/turtlebot3_ws/install/turtlebot3_msgs:/home/njoy/ROS/ros_ws/turtlebot3_ws/install/turtlebot3_gazebo:/home/njoy/ROS/ros_ws/turtlebot3_ws/install/turtlebot3_description:/home/njoy/ROS/ros_ws/turtlebot3_ws/install/turtlebot3_cartographer:/home/njoy/ROS/ros_ws/turtlebot3_ws/install/dynamixel_sdk_examples:/home/njoy/ROS/ros_ws/turtlebot3_ws/install/dynamixel_sdk_custom_interfaces:/home/njoy/ROS/ros_ws/turtlebot3_ws/install/dynamixel_sdk:/home/njoy/ROS/turtlebot3_ws/install/turtlebot3_teleop:/home/njoy/ROS/turtlebot3_ws/install/turtlebot3_example:/opt/ros/jazzy:/home/njoy/ROS/ros_ws/turtlebot3_ws/install/turtlebot3_teleop:/home/njoy/ROS/ros_ws/turtlebot3_ws/install/turtlebot3_example DEBUGINFOD_URLS=ima:enforcing https://debuginfod.fedoraproject.org/ ima:ignore PS1=📦[\u@rover-dev-container \W]$ PYTHONPATH=/home/njoy/ROS/turtlebot3_ws/install/turtlebot3_msgs/lib/python3.12/site-packages:/home/njoy/ROS/turtlebot3_ws/install/turtlebot3_teleop/lib/python3.12/site-packages:/home/njoy/ROS/turtlebot3_ws/install/turtlebot3_example/lib/python3.12/site-packages:/home/njoy/ROS/turtlebot3_ws/install/dynamixel_sdk_custom_interfaces/lib/python3.12/site-packages:/home/njoy/ROS/turtlebot3_ws/install/dynamixel_sdk/lib/python3.12/site-packages:/opt/ros/jazzy/lib/python3.12/site-packages:/home/njoy/ROS/ros_ws/turtlebot3_ws/build/turtlebot3_teleop:/home/njoy/ROS/ros_ws/turtlebot3_ws/install/turtlebot3_teleop/lib/python3.12/site-packages:/home/njoy/ROS/ros_ws/turtlebot3_ws/build/turtlebot3_example:/home/njoy/ROS/ros_ws/turtlebot3_ws/install/turtlebot3_example/lib/python3.12/site-packages:/home/njoy/ROS/ros_ws/turtlebot3_ws/install/turtlebot3_msgs/lib/python3.12/site-packages:/home/njoy/ROS/ros_ws/turtlebot3_ws/install/dynamixel_sdk_custom_interfaces/lib/python3.12/site-packages:/home/njoy/ROS/ros_ws/turtlebot3_ws/install/dynamixel_sdk/lib/python3.12/site-packages /usr/bin/cmake /home/njoy/ROS/turtlebot3_ws/src/turtlebot3_simulations/turtlebot3_fake_node -DAMENT_CMAKE_SYMLINK_INSTALL=1 -DCMAKE_INSTALL_PREFIX=/home/njoy/ROS/turtlebot3_ws/install/turtlebot3_fake_node
[17.793s] DEBUG:colcon.colcon_core.event_handler.log_command:Invoking command in '/home/njoy/ROS/turtlebot3_ws/build/turtlebot3_example': AMENT_PREFIX_PATH=/home/njoy/ROS/turtlebot3_ws/install/turtlebot3_msgs:${AMENT_PREFIX_PATH} CMAKE_PREFIX_PATH=/home/njoy/ROS/turtlebot3_ws/install/turtlebot3_msgs:/home/njoy/ROS/turtlebot3_ws/install/turtlebot3:/home/njoy/ROS/turtlebot3_ws/install/turtlebot3_simulations:/home/njoy/ROS/turtlebot3_ws/install/turtlebot3_bringup:/home/njoy/ROS/turtlebot3_ws/install/turtlebot3_node:/home/njoy/ROS/turtlebot3_ws/install/turtlebot3_navigation2:/home/njoy/ROS/turtlebot3_ws/install/turtlebot3_fake_node:/home/njoy/ROS/turtlebot3_ws/install/turtlebot3_gazebo:/home/njoy/ROS/turtlebot3_ws/install/turtlebot3_description:/home/njoy/ROS/turtlebot3_ws/install/turtlebot3_cartographer:/home/njoy/ROS/turtlebot3_ws/install/dynamixel_sdk_examples:/home/njoy/ROS/turtlebot3_ws/install/dynamixel_sdk_custom_interfaces:/home/njoy/ROS/turtlebot3_ws/install/dynamixel_sdk:/opt/ros/jazzy/opt/gz_sim_vendor:/opt/ros/jazzy/opt/gz_sensors_vendor:/opt/ros/jazzy/opt/gz_physics_vendor:/opt/ros/jazzy/opt/sdformat_vendor:/opt/ros/jazzy/opt/gz_gui_vendor:/opt/ros/jazzy/opt/gz_transport_vendor:/opt/ros/jazzy/opt/gz_rendering_vendor:/opt/ros/jazzy/opt/gz_plugin_vendor:/opt/ros/jazzy/opt/gz_fuel_tools_vendor:/opt/ros/jazzy/opt/gz_msgs_vendor:/opt/ros/jazzy/opt/gz_common_vendor:/opt/ros/jazzy/opt/gz_math_vendor:/opt/ros/jazzy/opt/gz_utils_vendor:/opt/ros/jazzy/opt/gz_tools_vendor:/opt/ros/jazzy/opt/gz_ogre_next_vendor:/opt/ros/jazzy/opt/gz_dartsim_vendor:/opt/ros/jazzy/opt/gz_cmake_vendor:/home/njoy/ROS/ros_ws/turtlebot3_ws/install/turtlebot3:/home/njoy/ROS/ros_ws/turtlebot3_ws/install/turtlebot3_simulations:/home/njoy/ROS/ros_ws/turtlebot3_ws/install/turtlebot3_bringup:/home/njoy/ROS/ros_ws/turtlebot3_ws/install/turtlebot3_node:/home/njoy/ROS/ros_ws/turtlebot3_ws/install/turtlebot3_navigation2:/home/njoy/ROS/ros_ws/turtlebot3_ws/install/turtlebot3_fake_node:/home/njoy/ROS/ros_ws/turtlebot3_ws/install/turtlebot3_msgs:/home/njoy/ROS/ros_ws/turtlebot3_ws/install/turtlebot3_gazebo:/home/njoy/ROS/ros_ws/turtlebot3_ws/install/turtlebot3_description:/home/njoy/ROS/ros_ws/turtlebot3_ws/install/turtlebot3_cartographer:/home/njoy/ROS/ros_ws/turtlebot3_ws/install/dynamixel_sdk_examples:/home/njoy/ROS/ros_ws/turtlebot3_ws/install/dynamixel_sdk_custom_interfaces:/home/njoy/ROS/ros_ws/turtlebot3_ws/install/dynamixel_sdk DEBUGINFOD_URLS=ima:enforcing https://debuginfod.fedoraproject.org/ ima:ignore PS1=📦[\u@rover-dev-container \W]$ PYTHONPATH=/home/njoy/ROS/turtlebot3_ws/build/turtlebot3_example/prefix_override:/usr/lib/python3/dist-packages/colcon_core/task/python/colcon_distutils_commands:/home/njoy/ROS/turtlebot3_ws/install/turtlebot3_example/lib/python3.12/site-packages:/home/njoy/ROS/turtlebot3_ws/install/turtlebot3_msgs/lib/python3.12/site-packages:/home/njoy/ROS/turtlebot3_ws/install/turtlebot3_teleop/lib/python3.12/site-packages:/home/njoy/ROS/turtlebot3_ws/install/turtlebot3_example/lib/python3.12/site-packages:/home/njoy/ROS/turtlebot3_ws/install/dynamixel_sdk_custom_interfaces/lib/python3.12/site-packages:/home/njoy/ROS/turtlebot3_ws/install/dynamixel_sdk/lib/python3.12/site-packages:/opt/ros/jazzy/lib/python3.12/site-packages:/home/njoy/ROS/ros_ws/turtlebot3_ws/build/turtlebot3_teleop:/home/njoy/ROS/ros_ws/turtlebot3_ws/install/turtlebot3_teleop/lib/python3.12/site-packages:/home/njoy/ROS/ros_ws/turtlebot3_ws/build/turtlebot3_example:/home/njoy/ROS/ros_ws/turtlebot3_ws/install/turtlebot3_example/lib/python3.12/site-packages:/home/njoy/ROS/ros_ws/turtlebot3_ws/install/turtlebot3_msgs/lib/python3.12/site-packages:/home/njoy/ROS/ros_ws/turtlebot3_ws/install/dynamixel_sdk_custom_interfaces/lib/python3.12/site-packages:/home/njoy/ROS/ros_ws/turtlebot3_ws/install/dynamixel_sdk/lib/python3.12/site-packages /usr/bin/python3 -W ignore:setup.py install is deprecated -W ignore:easy_install command is deprecated setup.py develop --editable --build-directory /home/njoy/ROS/turtlebot3_ws/build/turtlebot3_example/build --no-deps symlink_data
[18.468s] Level 1:colcon.colcon_core.shell:create_environment_hook('turtlebot3_example', 'pythonpath_develop')
[18.468s] INFO:colcon.colcon_core.shell:Creating environment hook '/home/njoy/ROS/turtlebot3_ws/build/turtlebot3_example/share/turtlebot3_example/hook/pythonpath_develop.ps1'
[18.469s] DEBUG:colcon.colcon_core.event_handler.log_command:Invoked command in '/home/njoy/ROS/turtlebot3_ws/build/turtlebot3_example' returned '0': AMENT_PREFIX_PATH=/home/njoy/ROS/turtlebot3_ws/install/turtlebot3_msgs:${AMENT_PREFIX_PATH} CMAKE_PREFIX_PATH=/home/njoy/ROS/turtlebot3_ws/install/turtlebot3_msgs:/home/njoy/ROS/turtlebot3_ws/install/turtlebot3:/home/njoy/ROS/turtlebot3_ws/install/turtlebot3_simulations:/home/njoy/ROS/turtlebot3_ws/install/turtlebot3_bringup:/home/njoy/ROS/turtlebot3_ws/install/turtlebot3_node:/home/njoy/ROS/turtlebot3_ws/install/turtlebot3_navigation2:/home/njoy/ROS/turtlebot3_ws/install/turtlebot3_fake_node:/home/njoy/ROS/turtlebot3_ws/install/turtlebot3_gazebo:/home/njoy/ROS/turtlebot3_ws/install/turtlebot3_description:/home/njoy/ROS/turtlebot3_ws/install/turtlebot3_cartographer:/home/njoy/ROS/turtlebot3_ws/install/dynamixel_sdk_examples:/home/njoy/ROS/turtlebot3_ws/install/dynamixel_sdk_custom_interfaces:/home/njoy/ROS/turtlebot3_ws/install/dynamixel_sdk:/opt/ros/jazzy/opt/gz_sim_vendor:/opt/ros/jazzy/opt/gz_sensors_vendor:/opt/ros/jazzy/opt/gz_physics_vendor:/opt/ros/jazzy/opt/sdformat_vendor:/opt/ros/jazzy/opt/gz_gui_vendor:/opt/ros/jazzy/opt/gz_transport_vendor:/opt/ros/jazzy/opt/gz_rendering_vendor:/opt/ros/jazzy/opt/gz_plugin_vendor:/opt/ros/jazzy/opt/gz_fuel_tools_vendor:/opt/ros/jazzy/opt/gz_msgs_vendor:/opt/ros/jazzy/opt/gz_common_vendor:/opt/ros/jazzy/opt/gz_math_vendor:/opt/ros/jazzy/opt/gz_utils_vendor:/opt/ros/jazzy/opt/gz_tools_vendor:/opt/ros/jazzy/opt/gz_ogre_next_vendor:/opt/ros/jazzy/opt/gz_dartsim_vendor:/opt/ros/jazzy/opt/gz_cmake_vendor:/home/njoy/ROS/ros_ws/turtlebot3_ws/install/turtlebot3:/home/njoy/ROS/ros_ws/turtlebot3_ws/install/turtlebot3_simulations:/home/njoy/ROS/ros_ws/turtlebot3_ws/install/turtlebot3_bringup:/home/njoy/ROS/ros_ws/turtlebot3_ws/install/turtlebot3_node:/home/njoy/ROS/ros_ws/turtlebot3_ws/install/turtlebot3_navigation2:/home/njoy/ROS/ros_ws/turtlebot3_ws/install/turtlebot3_fake_node:/home/njoy/ROS/ros_ws/turtlebot3_ws/install/turtlebot3_msgs:/home/njoy/ROS/ros_ws/turtlebot3_ws/install/turtlebot3_gazebo:/home/njoy/ROS/ros_ws/turtlebot3_ws/install/turtlebot3_description:/home/njoy/ROS/ros_ws/turtlebot3_ws/install/turtlebot3_cartographer:/home/njoy/ROS/ros_ws/turtlebot3_ws/install/dynamixel_sdk_examples:/home/njoy/ROS/ros_ws/turtlebot3_ws/install/dynamixel_sdk_custom_interfaces:/home/njoy/ROS/ros_ws/turtlebot3_ws/install/dynamixel_sdk DEBUGINFOD_URLS=ima:enforcing https://debuginfod.fedoraproject.org/ ima:ignore PS1=📦[\u@rover-dev-container \W]$ PYTHONPATH=/home/njoy/ROS/turtlebot3_ws/build/turtlebot3_example/prefix_override:/usr/lib/python3/dist-packages/colcon_core/task/python/colcon_distutils_commands:/home/njoy/ROS/turtlebot3_ws/install/turtlebot3_example/lib/python3.12/site-packages:/home/njoy/ROS/turtlebot3_ws/install/turtlebot3_msgs/lib/python3.12/site-packages:/home/njoy/ROS/turtlebot3_ws/install/turtlebot3_teleop/lib/python3.12/site-packages:/home/njoy/ROS/turtlebot3_ws/install/turtlebot3_example/lib/python3.12/site-packages:/home/njoy/ROS/turtlebot3_ws/install/dynamixel_sdk_custom_interfaces/lib/python3.12/site-packages:/home/njoy/ROS/turtlebot3_ws/install/dynamixel_sdk/lib/python3.12/site-packages:/opt/ros/jazzy/lib/python3.12/site-packages:/home/njoy/ROS/ros_ws/turtlebot3_ws/build/turtlebot3_teleop:/home/njoy/ROS/ros_ws/turtlebot3_ws/install/turtlebot3_teleop/lib/python3.12/site-packages:/home/njoy/ROS/ros_ws/turtlebot3_ws/build/turtlebot3_example:/home/njoy/ROS/ros_ws/turtlebot3_ws/install/turtlebot3_example/lib/python3.12/site-packages:/home/njoy/ROS/ros_ws/turtlebot3_ws/install/turtlebot3_msgs/lib/python3.12/site-packages:/home/njoy/ROS/ros_ws/turtlebot3_ws/install/dynamixel_sdk_custom_interfaces/lib/python3.12/site-packages:/home/njoy/ROS/ros_ws/turtlebot3_ws/install/dynamixel_sdk/lib/python3.12/site-packages /usr/bin/python3 -W ignore:setup.py install is deprecated -W ignore:easy_install command is deprecated setup.py develop --editable --build-directory /home/njoy/ROS/turtlebot3_ws/build/turtlebot3_example/build --no-deps symlink_data
[18.469s] INFO:colcon.colcon_core.shell:Creating environment descriptor '/home/njoy/ROS/turtlebot3_ws/build/turtlebot3_example/share/turtlebot3_example/hook/pythonpath_develop.dsv'
[18.469s] INFO:colcon.colcon_core.shell:Creating environment hook '/home/njoy/ROS/turtlebot3_ws/build/turtlebot3_example/share/turtlebot3_example/hook/pythonpath_develop.sh'
[18.470s] Level 1:colcon.colcon_core.environment:checking '/home/njoy/ROS/turtlebot3_ws/install/turtlebot3_example' for CMake module files
[18.470s] Level 1:colcon.colcon_core.environment:checking '/home/njoy/ROS/turtlebot3_ws/install/turtlebot3_example' for CMake config files
[18.471s] Level 1:colcon.colcon_core.environment:checking '/home/njoy/ROS/turtlebot3_ws/install/turtlebot3_example/lib'
[18.471s] Level 1:colcon.colcon_core.environment:checking '/home/njoy/ROS/turtlebot3_ws/install/turtlebot3_example/bin'
[18.471s] Level 1:colcon.colcon_core.environment:checking '/home/njoy/ROS/turtlebot3_ws/install/turtlebot3_example/lib/pkgconfig/turtlebot3_example.pc'
[18.471s] Level 1:colcon.colcon_core.environment:checking '/home/njoy/ROS/turtlebot3_ws/install/turtlebot3_example/lib/python3.12/site-packages'
[18.471s] Level 1:colcon.colcon_core.shell:create_environment_hook('turtlebot3_example', 'pythonpath')
[18.471s] INFO:colcon.colcon_core.shell:Creating environment hook '/home/njoy/ROS/turtlebot3_ws/install/turtlebot3_example/share/turtlebot3_example/hook/pythonpath.ps1'
[18.471s] INFO:colcon.colcon_core.shell:Creating environment descriptor '/home/njoy/ROS/turtlebot3_ws/install/turtlebot3_example/share/turtlebot3_example/hook/pythonpath.dsv'
[18.472s] INFO:colcon.colcon_core.shell:Creating environment hook '/home/njoy/ROS/turtlebot3_ws/install/turtlebot3_example/share/turtlebot3_example/hook/pythonpath.sh'
[18.472s] Level 1:colcon.colcon_core.environment:checking '/home/njoy/ROS/turtlebot3_ws/install/turtlebot3_example/bin'
[18.472s] Level 1:colcon.colcon_core.environment:create_environment_scripts_only(turtlebot3_example)
[18.472s] INFO:colcon.colcon_core.shell:Creating package script '/home/njoy/ROS/turtlebot3_ws/install/turtlebot3_example/share/turtlebot3_example/package.ps1'
[18.473s] INFO:colcon.colcon_core.shell:Creating package descriptor '/home/njoy/ROS/turtlebot3_ws/install/turtlebot3_example/share/turtlebot3_example/package.dsv'
[18.473s] INFO:colcon.colcon_core.shell:Creating package script '/home/njoy/ROS/turtlebot3_ws/install/turtlebot3_example/share/turtlebot3_example/package.sh'
[18.473s] INFO:colcon.colcon_core.shell:Creating package script '/home/njoy/ROS/turtlebot3_ws/install/turtlebot3_example/share/turtlebot3_example/package.bash'
[18.474s] INFO:colcon.colcon_core.shell:Creating package script '/home/njoy/ROS/turtlebot3_ws/install/turtlebot3_example/share/turtlebot3_example/package.zsh'
[18.474s] Level 1:colcon.colcon_core.environment:create_file_with_runtime_dependencies(/home/njoy/ROS/turtlebot3_ws/install/turtlebot3_example/share/colcon-core/packages/turtlebot3_example)
[18.653s] DEBUG:colcon.colcon_core.event_handler.log_command:Invoked command in '/home/njoy/ROS/turtlebot3_ws/build/turtlebot3_gazebo' returned '0': CMAKE_PREFIX_PATH=${CMAKE_PREFIX_PATH}:/home/njoy/ROS/turtlebot3_ws/install/turtlebot3_teleop:/home/njoy/ROS/turtlebot3_ws/install/turtlebot3_example:/opt/ros/jazzy:/home/njoy/ROS/ros_ws/turtlebot3_ws/install/turtlebot3_teleop:/home/njoy/ROS/ros_ws/turtlebot3_ws/install/turtlebot3_example DEBUGINFOD_URLS=ima:enforcing https://debuginfod.fedoraproject.org/ ima:ignore PS1=📦[\u@rover-dev-container \W]$ /usr/bin/cmake --build /home/njoy/ROS/turtlebot3_ws/build/turtlebot3_gazebo -- -j16 -l16
[18.655s] DEBUG:colcon.colcon_core.event_handler.log_command:Invoking command in '/home/njoy/ROS/turtlebot3_ws/build/turtlebot3_gazebo': CMAKE_PREFIX_PATH=${CMAKE_PREFIX_PATH}:/home/njoy/ROS/turtlebot3_ws/install/turtlebot3_teleop:/home/njoy/ROS/turtlebot3_ws/install/turtlebot3_example:/opt/ros/jazzy:/home/njoy/ROS/ros_ws/turtlebot3_ws/install/turtlebot3_teleop:/home/njoy/ROS/ros_ws/turtlebot3_ws/install/turtlebot3_example DEBUGINFOD_URLS=ima:enforcing https://debuginfod.fedoraproject.org/ ima:ignore PS1=📦[\u@rover-dev-container \W]$ /usr/bin/cmake --install /home/njoy/ROS/turtlebot3_ws/build/turtlebot3_gazebo
[19.055s] DEBUG:colcon.colcon_core.event_handler.log_command:Invoked command in '/home/njoy/ROS/turtlebot3_ws/build/turtlebot3_node' returned '0': AMENT_PREFIX_PATH=/home/njoy/ROS/turtlebot3_ws/install/turtlebot3_msgs:/home/njoy/ROS/turtlebot3_ws/install/dynamixel_sdk:${AMENT_PREFIX_PATH} CMAKE_PREFIX_PATH=/home/njoy/ROS/turtlebot3_ws/install/turtlebot3_msgs:/home/njoy/ROS/turtlebot3_ws/install/dynamixel_sdk:/home/njoy/ROS/turtlebot3_ws/install/turtlebot3:/home/njoy/ROS/turtlebot3_ws/install/turtlebot3_simulations:/home/njoy/ROS/turtlebot3_ws/install/turtlebot3_bringup:/home/njoy/ROS/turtlebot3_ws/install/turtlebot3_node:/home/njoy/ROS/turtlebot3_ws/install/turtlebot3_navigation2:/home/njoy/ROS/turtlebot3_ws/install/turtlebot3_fake_node:/home/njoy/ROS/turtlebot3_ws/install/turtlebot3_gazebo:/home/njoy/ROS/turtlebot3_ws/install/turtlebot3_description:/home/njoy/ROS/turtlebot3_ws/install/turtlebot3_cartographer:/home/njoy/ROS/turtlebot3_ws/install/dynamixel_sdk_examples:/home/njoy/ROS/turtlebot3_ws/install/dynamixel_sdk_custom_interfaces:/opt/ros/jazzy/opt/gz_sim_vendor:/opt/ros/jazzy/opt/gz_sensors_vendor:/opt/ros/jazzy/opt/gz_physics_vendor:/opt/ros/jazzy/opt/sdformat_vendor:/opt/ros/jazzy/opt/gz_gui_vendor:/opt/ros/jazzy/opt/gz_transport_vendor:/opt/ros/jazzy/opt/gz_rendering_vendor:/opt/ros/jazzy/opt/gz_plugin_vendor:/opt/ros/jazzy/opt/gz_fuel_tools_vendor:/opt/ros/jazzy/opt/gz_msgs_vendor:/opt/ros/jazzy/opt/gz_common_vendor:/opt/ros/jazzy/opt/gz_math_vendor:/opt/ros/jazzy/opt/gz_utils_vendor:/opt/ros/jazzy/opt/gz_tools_vendor:/opt/ros/jazzy/opt/gz_ogre_next_vendor:/opt/ros/jazzy/opt/gz_dartsim_vendor:/opt/ros/jazzy/opt/gz_cmake_vendor:/home/njoy/ROS/ros_ws/turtlebot3_ws/install/turtlebot3:/home/njoy/ROS/ros_ws/turtlebot3_ws/install/turtlebot3_simulations:/home/njoy/ROS/ros_ws/turtlebot3_ws/install/turtlebot3_bringup:/home/njoy/ROS/ros_ws/turtlebot3_ws/install/turtlebot3_node:/home/njoy/ROS/ros_ws/turtlebot3_ws/install/turtlebot3_navigation2:/home/njoy/ROS/ros_ws/turtlebot3_ws/install/turtlebot3_fake_node:/home/njoy/ROS/ros_ws/turtlebot3_ws/install/turtlebot3_msgs:/home/njoy/ROS/ros_ws/turtlebot3_ws/install/turtlebot3_gazebo:/home/njoy/ROS/ros_ws/turtlebot3_ws/install/turtlebot3_description:/home/njoy/ROS/ros_ws/turtlebot3_ws/install/turtlebot3_cartographer:/home/njoy/ROS/ros_ws/turtlebot3_ws/install/dynamixel_sdk_examples:/home/njoy/ROS/ros_ws/turtlebot3_ws/install/dynamixel_sdk_custom_interfaces:/home/njoy/ROS/ros_ws/turtlebot3_ws/install/dynamixel_sdk:/home/njoy/ROS/turtlebot3_ws/install/turtlebot3_teleop:/home/njoy/ROS/turtlebot3_ws/install/turtlebot3_example:/opt/ros/jazzy:/home/njoy/ROS/ros_ws/turtlebot3_ws/install/turtlebot3_teleop:/home/njoy/ROS/ros_ws/turtlebot3_ws/install/turtlebot3_example DEBUGINFOD_URLS=ima:enforcing https://debuginfod.fedoraproject.org/ ima:ignore LD_LIBRARY_PATH=/home/njoy/ROS/turtlebot3_ws/install/turtlebot3_msgs/lib:/home/njoy/ROS/turtlebot3_ws/install/dynamixel_sdk/lib:/home/njoy/ROS/turtlebot3_ws/install/dynamixel_sdk_custom_interfaces/lib:/opt/ros/jazzy/opt/gz_sim_vendor/lib:/opt/ros/jazzy/opt/gz_sensors_vendor/lib:/opt/ros/jazzy/opt/gz_physics_vendor/lib:/opt/ros/jazzy/opt/sdformat_vendor/lib:/opt/ros/jazzy/opt/rviz_ogre_vendor/lib:/opt/ros/jazzy/lib/x86_64-linux-gnu:/opt/ros/jazzy/opt/gz_gui_vendor/lib:/opt/ros/jazzy/opt/gz_transport_vendor/lib:/opt/ros/jazzy/opt/gz_rendering_vendor/lib:/opt/ros/jazzy/opt/gz_plugin_vendor/lib:/opt/ros/jazzy/opt/gz_fuel_tools_vendor/lib:/opt/ros/jazzy/opt/gz_msgs_vendor/lib:/opt/ros/jazzy/opt/gz_common_vendor/lib:/opt/ros/jazzy/opt/gz_math_vendor/lib:/opt/ros/jazzy/opt/gz_utils_vendor/lib:/opt/ros/jazzy/opt/gz_tools_vendor/lib:/opt/ros/jazzy/opt/gz_ogre_next_vendor/lib:/opt/ros/jazzy/opt/gz_dartsim_vendor/lib:/opt/ros/jazzy/opt/gz_cmake_vendor/lib:/opt/ros/jazzy/lib:/home/njoy/ROS/ros_ws/turtlebot3_ws/install/turtlebot3_msgs/lib:/home/njoy/ROS/ros_ws/turtlebot3_ws/install/dynamixel_sdk_custom_interfaces/lib:/home/njoy/ROS/ros_ws/turtlebot3_ws/install/dynamixel_sdk/lib PS1=📦[\u@rover-dev-container \W]$ PYTHONPATH=/home/njoy/ROS/turtlebot3_ws/install/turtlebot3_msgs/lib/python3.12/site-packages:/home/njoy/ROS/turtlebot3_ws/install/dynamixel_sdk/lib/python3.12/site-packages:/home/njoy/ROS/turtlebot3_ws/install/turtlebot3_teleop/lib/python3.12/site-packages:/home/njoy/ROS/turtlebot3_ws/install/turtlebot3_example/lib/python3.12/site-packages:/home/njoy/ROS/turtlebot3_ws/install/dynamixel_sdk_custom_interfaces/lib/python3.12/site-packages:/opt/ros/jazzy/lib/python3.12/site-packages:/home/njoy/ROS/ros_ws/turtlebot3_ws/build/turtlebot3_teleop:/home/njoy/ROS/ros_ws/turtlebot3_ws/install/turtlebot3_teleop/lib/python3.12/site-packages:/home/njoy/ROS/ros_ws/turtlebot3_ws/build/turtlebot3_example:/home/njoy/ROS/ros_ws/turtlebot3_ws/install/turtlebot3_example/lib/python3.12/site-packages:/home/njoy/ROS/ros_ws/turtlebot3_ws/install/turtlebot3_msgs/lib/python3.12/site-packages:/home/njoy/ROS/ros_ws/turtlebot3_ws/install/dynamixel_sdk_custom_interfaces/lib/python3.12/site-packages:/home/njoy/ROS/ros_ws/turtlebot3_ws/install/dynamixel_sdk/lib/python3.12/site-packages /usr/bin/cmake /home/njoy/ROS/turtlebot3_ws/src/turtlebot3/turtlebot3_node -DAMENT_CMAKE_SYMLINK_INSTALL=1 -DCMAKE_INSTALL_PREFIX=/home/njoy/ROS/turtlebot3_ws/install/turtlebot3_node
[19.056s] DEBUG:colcon.colcon_core.event_handler.log_command:Invoking command in '/home/njoy/ROS/turtlebot3_ws/build/turtlebot3_node': AMENT_PREFIX_PATH=/home/njoy/ROS/turtlebot3_ws/install/turtlebot3_msgs:/home/njoy/ROS/turtlebot3_ws/install/dynamixel_sdk:${AMENT_PREFIX_PATH} CMAKE_PREFIX_PATH=/home/njoy/ROS/turtlebot3_ws/install/turtlebot3_msgs:/home/njoy/ROS/turtlebot3_ws/install/dynamixel_sdk:/home/njoy/ROS/turtlebot3_ws/install/turtlebot3:/home/njoy/ROS/turtlebot3_ws/install/turtlebot3_simulations:/home/njoy/ROS/turtlebot3_ws/install/turtlebot3_bringup:/home/njoy/ROS/turtlebot3_ws/install/turtlebot3_node:/home/njoy/ROS/turtlebot3_ws/install/turtlebot3_navigation2:/home/njoy/ROS/turtlebot3_ws/install/turtlebot3_fake_node:/home/njoy/ROS/turtlebot3_ws/install/turtlebot3_gazebo:/home/njoy/ROS/turtlebot3_ws/install/turtlebot3_description:/home/njoy/ROS/turtlebot3_ws/install/turtlebot3_cartographer:/home/njoy/ROS/turtlebot3_ws/install/dynamixel_sdk_examples:/home/njoy/ROS/turtlebot3_ws/install/dynamixel_sdk_custom_interfaces:/opt/ros/jazzy/opt/gz_sim_vendor:/opt/ros/jazzy/opt/gz_sensors_vendor:/opt/ros/jazzy/opt/gz_physics_vendor:/opt/ros/jazzy/opt/sdformat_vendor:/opt/ros/jazzy/opt/gz_gui_vendor:/opt/ros/jazzy/opt/gz_transport_vendor:/opt/ros/jazzy/opt/gz_rendering_vendor:/opt/ros/jazzy/opt/gz_plugin_vendor:/opt/ros/jazzy/opt/gz_fuel_tools_vendor:/opt/ros/jazzy/opt/gz_msgs_vendor:/opt/ros/jazzy/opt/gz_common_vendor:/opt/ros/jazzy/opt/gz_math_vendor:/opt/ros/jazzy/opt/gz_utils_vendor:/opt/ros/jazzy/opt/gz_tools_vendor:/opt/ros/jazzy/opt/gz_ogre_next_vendor:/opt/ros/jazzy/opt/gz_dartsim_vendor:/opt/ros/jazzy/opt/gz_cmake_vendor:/home/njoy/ROS/ros_ws/turtlebot3_ws/install/turtlebot3:/home/njoy/ROS/ros_ws/turtlebot3_ws/install/turtlebot3_simulations:/home/njoy/ROS/ros_ws/turtlebot3_ws/install/turtlebot3_bringup:/home/njoy/ROS/ros_ws/turtlebot3_ws/install/turtlebot3_node:/home/njoy/ROS/ros_ws/turtlebot3_ws/install/turtlebot3_navigation2:/home/njoy/ROS/ros_ws/turtlebot3_ws/install/turtlebot3_fake_node:/home/njoy/ROS/ros_ws/turtlebot3_ws/install/turtlebot3_msgs:/home/njoy/ROS/ros_ws/turtlebot3_ws/install/turtlebot3_gazebo:/home/njoy/ROS/ros_ws/turtlebot3_ws/install/turtlebot3_description:/home/njoy/ROS/ros_ws/turtlebot3_ws/install/turtlebot3_cartographer:/home/njoy/ROS/ros_ws/turtlebot3_ws/install/dynamixel_sdk_examples:/home/njoy/ROS/ros_ws/turtlebot3_ws/install/dynamixel_sdk_custom_interfaces:/home/njoy/ROS/ros_ws/turtlebot3_ws/install/dynamixel_sdk:/home/njoy/ROS/turtlebot3_ws/install/turtlebot3_teleop:/home/njoy/ROS/turtlebot3_ws/install/turtlebot3_example:/opt/ros/jazzy:/home/njoy/ROS/ros_ws/turtlebot3_ws/install/turtlebot3_teleop:/home/njoy/ROS/ros_ws/turtlebot3_ws/install/turtlebot3_example DEBUGINFOD_URLS=ima:enforcing https://debuginfod.fedoraproject.org/ ima:ignore LD_LIBRARY_PATH=/home/njoy/ROS/turtlebot3_ws/install/turtlebot3_msgs/lib:/home/njoy/ROS/turtlebot3_ws/install/dynamixel_sdk/lib:/home/njoy/ROS/turtlebot3_ws/install/dynamixel_sdk_custom_interfaces/lib:/opt/ros/jazzy/opt/gz_sim_vendor/lib:/opt/ros/jazzy/opt/gz_sensors_vendor/lib:/opt/ros/jazzy/opt/gz_physics_vendor/lib:/opt/ros/jazzy/opt/sdformat_vendor/lib:/opt/ros/jazzy/opt/rviz_ogre_vendor/lib:/opt/ros/jazzy/lib/x86_64-linux-gnu:/opt/ros/jazzy/opt/gz_gui_vendor/lib:/opt/ros/jazzy/opt/gz_transport_vendor/lib:/opt/ros/jazzy/opt/gz_rendering_vendor/lib:/opt/ros/jazzy/opt/gz_plugin_vendor/lib:/opt/ros/jazzy/opt/gz_fuel_tools_vendor/lib:/opt/ros/jazzy/opt/gz_msgs_vendor/lib:/opt/ros/jazzy/opt/gz_common_vendor/lib:/opt/ros/jazzy/opt/gz_math_vendor/lib:/opt/ros/jazzy/opt/gz_utils_vendor/lib:/opt/ros/jazzy/opt/gz_tools_vendor/lib:/opt/ros/jazzy/opt/gz_ogre_next_vendor/lib:/opt/ros/jazzy/opt/gz_dartsim_vendor/lib:/opt/ros/jazzy/opt/gz_cmake_vendor/lib:/opt/ros/jazzy/lib:/home/njoy/ROS/ros_ws/turtlebot3_ws/install/turtlebot3_msgs/lib:/home/njoy/ROS/ros_ws/turtlebot3_ws/install/dynamixel_sdk_custom_interfaces/lib:/home/njoy/ROS/ros_ws/turtlebot3_ws/install/dynamixel_sdk/lib PS1=📦[\u@rover-dev-container \W]$ PYTHONPATH=/home/njoy/ROS/turtlebot3_ws/install/turtlebot3_msgs/lib/python3.12/site-packages:/home/njoy/ROS/turtlebot3_ws/install/dynamixel_sdk/lib/python3.12/site-packages:/home/njoy/ROS/turtlebot3_ws/install/turtlebot3_teleop/lib/python3.12/site-packages:/home/njoy/ROS/turtlebot3_ws/install/turtlebot3_example/lib/python3.12/site-packages:/home/njoy/ROS/turtlebot3_ws/install/dynamixel_sdk_custom_interfaces/lib/python3.12/site-packages:/opt/ros/jazzy/lib/python3.12/site-packages:/home/njoy/ROS/ros_ws/turtlebot3_ws/build/turtlebot3_teleop:/home/njoy/ROS/ros_ws/turtlebot3_ws/install/turtlebot3_teleop/lib/python3.12/site-packages:/home/njoy/ROS/ros_ws/turtlebot3_ws/build/turtlebot3_example:/home/njoy/ROS/ros_ws/turtlebot3_ws/install/turtlebot3_example/lib/python3.12/site-packages:/home/njoy/ROS/ros_ws/turtlebot3_ws/install/turtlebot3_msgs/lib/python3.12/site-packages:/home/njoy/ROS/ros_ws/turtlebot3_ws/install/dynamixel_sdk_custom_interfaces/lib/python3.12/site-packages:/home/njoy/ROS/ros_ws/turtlebot3_ws/install/dynamixel_sdk/lib/python3.12/site-packages /usr/bin/cmake --build /home/njoy/ROS/turtlebot3_ws/build/turtlebot3_node -- -j16 -l16
[19.095s] DEBUG:colcon.colcon_core.event_handler.log_command:Invoked command in '/home/njoy/ROS/turtlebot3_ws/build/turtlebot3_fake_node' returned '0': AMENT_PREFIX_PATH=/home/njoy/ROS/turtlebot3_ws/install/turtlebot3_msgs:${AMENT_PREFIX_PATH} CMAKE_PREFIX_PATH=/home/njoy/ROS/turtlebot3_ws/install/turtlebot3_msgs:/home/njoy/ROS/turtlebot3_ws/install/turtlebot3:/home/njoy/ROS/turtlebot3_ws/install/turtlebot3_simulations:/home/njoy/ROS/turtlebot3_ws/install/turtlebot3_bringup:/home/njoy/ROS/turtlebot3_ws/install/turtlebot3_node:/home/njoy/ROS/turtlebot3_ws/install/turtlebot3_navigation2:/home/njoy/ROS/turtlebot3_ws/install/turtlebot3_fake_node:/home/njoy/ROS/turtlebot3_ws/install/turtlebot3_gazebo:/home/njoy/ROS/turtlebot3_ws/install/turtlebot3_description:/home/njoy/ROS/turtlebot3_ws/install/turtlebot3_cartographer:/home/njoy/ROS/turtlebot3_ws/install/dynamixel_sdk_examples:/home/njoy/ROS/turtlebot3_ws/install/dynamixel_sdk_custom_interfaces:/home/njoy/ROS/turtlebot3_ws/install/dynamixel_sdk:/opt/ros/jazzy/opt/gz_sim_vendor:/opt/ros/jazzy/opt/gz_sensors_vendor:/opt/ros/jazzy/opt/gz_physics_vendor:/opt/ros/jazzy/opt/sdformat_vendor:/opt/ros/jazzy/opt/gz_gui_vendor:/opt/ros/jazzy/opt/gz_transport_vendor:/opt/ros/jazzy/opt/gz_rendering_vendor:/opt/ros/jazzy/opt/gz_plugin_vendor:/opt/ros/jazzy/opt/gz_fuel_tools_vendor:/opt/ros/jazzy/opt/gz_msgs_vendor:/opt/ros/jazzy/opt/gz_common_vendor:/opt/ros/jazzy/opt/gz_math_vendor:/opt/ros/jazzy/opt/gz_utils_vendor:/opt/ros/jazzy/opt/gz_tools_vendor:/opt/ros/jazzy/opt/gz_ogre_next_vendor:/opt/ros/jazzy/opt/gz_dartsim_vendor:/opt/ros/jazzy/opt/gz_cmake_vendor:/home/njoy/ROS/ros_ws/turtlebot3_ws/install/turtlebot3:/home/njoy/ROS/ros_ws/turtlebot3_ws/install/turtlebot3_simulations:/home/njoy/ROS/ros_ws/turtlebot3_ws/install/turtlebot3_bringup:/home/njoy/ROS/ros_ws/turtlebot3_ws/install/turtlebot3_node:/home/njoy/ROS/ros_ws/turtlebot3_ws/install/turtlebot3_navigation2:/home/njoy/ROS/ros_ws/turtlebot3_ws/install/turtlebot3_fake_node:/home/njoy/ROS/ros_ws/turtlebot3_ws/install/turtlebot3_msgs:/home/njoy/ROS/ros_ws/turtlebot3_ws/install/turtlebot3_gazebo:/home/njoy/ROS/ros_ws/turtlebot3_ws/install/turtlebot3_description:/home/njoy/ROS/ros_ws/turtlebot3_ws/install/turtlebot3_cartographer:/home/njoy/ROS/ros_ws/turtlebot3_ws/install/dynamixel_sdk_examples:/home/njoy/ROS/ros_ws/turtlebot3_ws/install/dynamixel_sdk_custom_interfaces:/home/njoy/ROS/ros_ws/turtlebot3_ws/install/dynamixel_sdk:/home/njoy/ROS/turtlebot3_ws/install/turtlebot3_teleop:/home/njoy/ROS/turtlebot3_ws/install/turtlebot3_example:/opt/ros/jazzy:/home/njoy/ROS/ros_ws/turtlebot3_ws/install/turtlebot3_teleop:/home/njoy/ROS/ros_ws/turtlebot3_ws/install/turtlebot3_example DEBUGINFOD_URLS=ima:enforcing https://debuginfod.fedoraproject.org/ ima:ignore PS1=📦[\u@rover-dev-container \W]$ PYTHONPATH=/home/njoy/ROS/turtlebot3_ws/install/turtlebot3_msgs/lib/python3.12/site-packages:/home/njoy/ROS/turtlebot3_ws/install/turtlebot3_teleop/lib/python3.12/site-packages:/home/njoy/ROS/turtlebot3_ws/install/turtlebot3_example/lib/python3.12/site-packages:/home/njoy/ROS/turtlebot3_ws/install/dynamixel_sdk_custom_interfaces/lib/python3.12/site-packages:/home/njoy/ROS/turtlebot3_ws/install/dynamixel_sdk/lib/python3.12/site-packages:/opt/ros/jazzy/lib/python3.12/site-packages:/home/njoy/ROS/ros_ws/turtlebot3_ws/build/turtlebot3_teleop:/home/njoy/ROS/ros_ws/turtlebot3_ws/install/turtlebot3_teleop/lib/python3.12/site-packages:/home/njoy/ROS/ros_ws/turtlebot3_ws/build/turtlebot3_example:/home/njoy/ROS/ros_ws/turtlebot3_ws/install/turtlebot3_example/lib/python3.12/site-packages:/home/njoy/ROS/ros_ws/turtlebot3_ws/install/turtlebot3_msgs/lib/python3.12/site-packages:/home/njoy/ROS/ros_ws/turtlebot3_ws/install/dynamixel_sdk_custom_interfaces/lib/python3.12/site-packages:/home/njoy/ROS/ros_ws/turtlebot3_ws/install/dynamixel_sdk/lib/python3.12/site-packages /usr/bin/cmake /home/njoy/ROS/turtlebot3_ws/src/turtlebot3_simulations/turtlebot3_fake_node -DAMENT_CMAKE_SYMLINK_INSTALL=1 -DCMAKE_INSTALL_PREFIX=/home/njoy/ROS/turtlebot3_ws/install/turtlebot3_fake_node
[19.096s] DEBUG:colcon.colcon_core.event_handler.log_command:Invoking command in '/home/njoy/ROS/turtlebot3_ws/build/turtlebot3_fake_node': AMENT_PREFIX_PATH=/home/njoy/ROS/turtlebot3_ws/install/turtlebot3_msgs:${AMENT_PREFIX_PATH} CMAKE_PREFIX_PATH=/home/njoy/ROS/turtlebot3_ws/install/turtlebot3_msgs:/home/njoy/ROS/turtlebot3_ws/install/turtlebot3:/home/njoy/ROS/turtlebot3_ws/install/turtlebot3_simulations:/home/njoy/ROS/turtlebot3_ws/install/turtlebot3_bringup:/home/njoy/ROS/turtlebot3_ws/install/turtlebot3_node:/home/njoy/ROS/turtlebot3_ws/install/turtlebot3_navigation2:/home/njoy/ROS/turtlebot3_ws/install/turtlebot3_fake_node:/home/njoy/ROS/turtlebot3_ws/install/turtlebot3_gazebo:/home/njoy/ROS/turtlebot3_ws/install/turtlebot3_description:/home/njoy/ROS/turtlebot3_ws/install/turtlebot3_cartographer:/home/njoy/ROS/turtlebot3_ws/install/dynamixel_sdk_examples:/home/njoy/ROS/turtlebot3_ws/install/dynamixel_sdk_custom_interfaces:/home/njoy/ROS/turtlebot3_ws/install/dynamixel_sdk:/opt/ros/jazzy/opt/gz_sim_vendor:/opt/ros/jazzy/opt/gz_sensors_vendor:/opt/ros/jazzy/opt/gz_physics_vendor:/opt/ros/jazzy/opt/sdformat_vendor:/opt/ros/jazzy/opt/gz_gui_vendor:/opt/ros/jazzy/opt/gz_transport_vendor:/opt/ros/jazzy/opt/gz_rendering_vendor:/opt/ros/jazzy/opt/gz_plugin_vendor:/opt/ros/jazzy/opt/gz_fuel_tools_vendor:/opt/ros/jazzy/opt/gz_msgs_vendor:/opt/ros/jazzy/opt/gz_common_vendor:/opt/ros/jazzy/opt/gz_math_vendor:/opt/ros/jazzy/opt/gz_utils_vendor:/opt/ros/jazzy/opt/gz_tools_vendor:/opt/ros/jazzy/opt/gz_ogre_next_vendor:/opt/ros/jazzy/opt/gz_dartsim_vendor:/opt/ros/jazzy/opt/gz_cmake_vendor:/home/njoy/ROS/ros_ws/turtlebot3_ws/install/turtlebot3:/home/njoy/ROS/ros_ws/turtlebot3_ws/install/turtlebot3_simulations:/home/njoy/ROS/ros_ws/turtlebot3_ws/install/turtlebot3_bringup:/home/njoy/ROS/ros_ws/turtlebot3_ws/install/turtlebot3_node:/home/njoy/ROS/ros_ws/turtlebot3_ws/install/turtlebot3_navigation2:/home/njoy/ROS/ros_ws/turtlebot3_ws/install/turtlebot3_fake_node:/home/njoy/ROS/ros_ws/turtlebot3_ws/install/turtlebot3_msgs:/home/njoy/ROS/ros_ws/turtlebot3_ws/install/turtlebot3_gazebo:/home/njoy/ROS/ros_ws/turtlebot3_ws/install/turtlebot3_description:/home/njoy/ROS/ros_ws/turtlebot3_ws/install/turtlebot3_cartographer:/home/njoy/ROS/ros_ws/turtlebot3_ws/install/dynamixel_sdk_examples:/home/njoy/ROS/ros_ws/turtlebot3_ws/install/dynamixel_sdk_custom_interfaces:/home/njoy/ROS/ros_ws/turtlebot3_ws/install/dynamixel_sdk:/home/njoy/ROS/turtlebot3_ws/install/turtlebot3_teleop:/home/njoy/ROS/turtlebot3_ws/install/turtlebot3_example:/opt/ros/jazzy:/home/njoy/ROS/ros_ws/turtlebot3_ws/install/turtlebot3_teleop:/home/njoy/ROS/ros_ws/turtlebot3_ws/install/turtlebot3_example DEBUGINFOD_URLS=ima:enforcing https://debuginfod.fedoraproject.org/ ima:ignore PS1=📦[\u@rover-dev-container \W]$ PYTHONPATH=/home/njoy/ROS/turtlebot3_ws/install/turtlebot3_msgs/lib/python3.12/site-packages:/home/njoy/ROS/turtlebot3_ws/install/turtlebot3_teleop/lib/python3.12/site-packages:/home/njoy/ROS/turtlebot3_ws/install/turtlebot3_example/lib/python3.12/site-packages:/home/njoy/ROS/turtlebot3_ws/install/dynamixel_sdk_custom_interfaces/lib/python3.12/site-packages:/home/njoy/ROS/turtlebot3_ws/install/dynamixel_sdk/lib/python3.12/site-packages:/opt/ros/jazzy/lib/python3.12/site-packages:/home/njoy/ROS/ros_ws/turtlebot3_ws/build/turtlebot3_teleop:/home/njoy/ROS/ros_ws/turtlebot3_ws/install/turtlebot3_teleop/lib/python3.12/site-packages:/home/njoy/ROS/ros_ws/turtlebot3_ws/build/turtlebot3_example:/home/njoy/ROS/ros_ws/turtlebot3_ws/install/turtlebot3_example/lib/python3.12/site-packages:/home/njoy/ROS/ros_ws/turtlebot3_ws/install/turtlebot3_msgs/lib/python3.12/site-packages:/home/njoy/ROS/ros_ws/turtlebot3_ws/install/dynamixel_sdk_custom_interfaces/lib/python3.12/site-packages:/home/njoy/ROS/ros_ws/turtlebot3_ws/install/dynamixel_sdk/lib/python3.12/site-packages /usr/bin/cmake --build /home/njoy/ROS/turtlebot3_ws/build/turtlebot3_fake_node -- -j16 -l16
[21.200s] Level 1:colcon.colcon_core.environment:create_environment_scripts_only(turtlebot3_gazebo)
[21.200s] Level 1:colcon.colcon_core.environment:checking '/home/njoy/ROS/turtlebot3_ws/install/turtlebot3_gazebo' for CMake module files
[21.201s] DEBUG:colcon.colcon_core.event_handler.log_command:Invoked command in '/home/njoy/ROS/turtlebot3_ws/build/turtlebot3_gazebo' returned '0': CMAKE_PREFIX_PATH=${CMAKE_PREFIX_PATH}:/home/njoy/ROS/turtlebot3_ws/install/turtlebot3_teleop:/home/njoy/ROS/turtlebot3_ws/install/turtlebot3_example:/opt/ros/jazzy:/home/njoy/ROS/ros_ws/turtlebot3_ws/install/turtlebot3_teleop:/home/njoy/ROS/ros_ws/turtlebot3_ws/install/turtlebot3_example DEBUGINFOD_URLS=ima:enforcing https://debuginfod.fedoraproject.org/ ima:ignore PS1=📦[\u@rover-dev-container \W]$ /usr/bin/cmake --install /home/njoy/ROS/turtlebot3_ws/build/turtlebot3_gazebo
[21.202s] Level 1:colcon.colcon_core.environment:checking '/home/njoy/ROS/turtlebot3_ws/install/turtlebot3_gazebo' for CMake config files
[21.205s] Level 1:colcon.colcon_core.shell:create_environment_hook('turtlebot3_gazebo', 'cmake_prefix_path')
[21.206s] INFO:colcon.colcon_core.shell:Creating environment hook '/home/njoy/ROS/turtlebot3_ws/install/turtlebot3_gazebo/share/turtlebot3_gazebo/hook/cmake_prefix_path.ps1'
[21.206s] INFO:colcon.colcon_core.shell:Creating environment descriptor '/home/njoy/ROS/turtlebot3_ws/install/turtlebot3_gazebo/share/turtlebot3_gazebo/hook/cmake_prefix_path.dsv'
[21.207s] INFO:colcon.colcon_core.shell:Creating environment hook '/home/njoy/ROS/turtlebot3_ws/install/turtlebot3_gazebo/share/turtlebot3_gazebo/hook/cmake_prefix_path.sh'
[21.208s] Level 1:colcon.colcon_core.environment:checking '/home/njoy/ROS/turtlebot3_ws/install/turtlebot3_gazebo/lib'
[21.208s] Level 1:colcon.colcon_core.environment:checking '/home/njoy/ROS/turtlebot3_ws/install/turtlebot3_gazebo/bin'
[21.208s] Level 1:colcon.colcon_core.environment:checking '/home/njoy/ROS/turtlebot3_ws/install/turtlebot3_gazebo/lib/pkgconfig/turtlebot3_gazebo.pc'
[21.208s] Level 1:colcon.colcon_core.environment:checking '/home/njoy/ROS/turtlebot3_ws/install/turtlebot3_gazebo/lib/python3.12/site-packages'
[21.209s] Level 1:colcon.colcon_core.environment:checking '/home/njoy/ROS/turtlebot3_ws/install/turtlebot3_gazebo/bin'
[21.209s] INFO:colcon.colcon_core.shell:Creating package script '/home/njoy/ROS/turtlebot3_ws/install/turtlebot3_gazebo/share/turtlebot3_gazebo/package.ps1'
[21.210s] INFO:colcon.colcon_core.shell:Creating package descriptor '/home/njoy/ROS/turtlebot3_ws/install/turtlebot3_gazebo/share/turtlebot3_gazebo/package.dsv'
[21.211s] INFO:colcon.colcon_core.shell:Creating package script '/home/njoy/ROS/turtlebot3_ws/install/turtlebot3_gazebo/share/turtlebot3_gazebo/package.sh'
[21.211s] INFO:colcon.colcon_core.shell:Creating package script '/home/njoy/ROS/turtlebot3_ws/install/turtlebot3_gazebo/share/turtlebot3_gazebo/package.bash'
[21.212s] INFO:colcon.colcon_core.shell:Creating package script '/home/njoy/ROS/turtlebot3_ws/install/turtlebot3_gazebo/share/turtlebot3_gazebo/package.zsh'
[21.212s] Level 1:colcon.colcon_core.environment:create_file_with_runtime_dependencies(/home/njoy/ROS/turtlebot3_ws/install/turtlebot3_gazebo/share/colcon-core/packages/turtlebot3_gazebo)
[21.213s] Level 1:colcon.colcon_core.environment:create_environment_scripts_only(turtlebot3_gazebo)
[21.213s] Level 1:colcon.colcon_core.environment:checking '/home/njoy/ROS/turtlebot3_ws/install/turtlebot3_gazebo' for CMake module files
[21.214s] Level 1:colcon.colcon_core.environment:checking '/home/njoy/ROS/turtlebot3_ws/install/turtlebot3_gazebo' for CMake config files
[21.217s] Level 1:colcon.colcon_core.shell:create_environment_hook('turtlebot3_gazebo', 'cmake_prefix_path')
[21.218s] INFO:colcon.colcon_core.shell:Creating environment hook '/home/njoy/ROS/turtlebot3_ws/install/turtlebot3_gazebo/share/turtlebot3_gazebo/hook/cmake_prefix_path.ps1'
[21.219s] INFO:colcon.colcon_core.shell:Creating environment descriptor '/home/njoy/ROS/turtlebot3_ws/install/turtlebot3_gazebo/share/turtlebot3_gazebo/hook/cmake_prefix_path.dsv'
[21.219s] INFO:colcon.colcon_core.shell:Creating environment hook '/home/njoy/ROS/turtlebot3_ws/install/turtlebot3_gazebo/share/turtlebot3_gazebo/hook/cmake_prefix_path.sh'
[21.220s] Level 1:colcon.colcon_core.environment:checking '/home/njoy/ROS/turtlebot3_ws/install/turtlebot3_gazebo/lib'
[21.220s] Level 1:colcon.colcon_core.environment:checking '/home/njoy/ROS/turtlebot3_ws/install/turtlebot3_gazebo/bin'
[21.220s] Level 1:colcon.colcon_core.environment:checking '/home/njoy/ROS/turtlebot3_ws/install/turtlebot3_gazebo/lib/pkgconfig/turtlebot3_gazebo.pc'
[21.220s] Level 1:colcon.colcon_core.environment:checking '/home/njoy/ROS/turtlebot3_ws/install/turtlebot3_gazebo/lib/python3.12/site-packages'
[21.221s] Level 1:colcon.colcon_core.environment:checking '/home/njoy/ROS/turtlebot3_ws/install/turtlebot3_gazebo/bin'
[21.221s] INFO:colcon.colcon_core.shell:Creating package script '/home/njoy/ROS/turtlebot3_ws/install/turtlebot3_gazebo/share/turtlebot3_gazebo/package.ps1'
[21.222s] INFO:colcon.colcon_core.shell:Creating package descriptor '/home/njoy/ROS/turtlebot3_ws/install/turtlebot3_gazebo/share/turtlebot3_gazebo/package.dsv'
[21.223s] INFO:colcon.colcon_core.shell:Creating package script '/home/njoy/ROS/turtlebot3_ws/install/turtlebot3_gazebo/share/turtlebot3_gazebo/package.sh'
[21.223s] INFO:colcon.colcon_core.shell:Creating package script '/home/njoy/ROS/turtlebot3_ws/install/turtlebot3_gazebo/share/turtlebot3_gazebo/package.bash'
[21.224s] INFO:colcon.colcon_core.shell:Creating package script '/home/njoy/ROS/turtlebot3_ws/install/turtlebot3_gazebo/share/turtlebot3_gazebo/package.zsh'
[21.224s] Level 1:colcon.colcon_core.environment:create_file_with_runtime_dependencies(/home/njoy/ROS/turtlebot3_ws/install/turtlebot3_gazebo/share/colcon-core/packages/turtlebot3_gazebo)
[23.142s] DEBUG:colcon.colcon_core.event_handler.log_command:Invoked command in '/home/njoy/ROS/turtlebot3_ws/build/dynamixel_sdk_examples' returned '0': AMENT_PREFIX_PATH=/home/njoy/ROS/turtlebot3_ws/install/dynamixel_sdk_custom_interfaces:/home/njoy/ROS/turtlebot3_ws/install/dynamixel_sdk:${AMENT_PREFIX_PATH} CMAKE_PREFIX_PATH=/home/njoy/ROS/turtlebot3_ws/install/dynamixel_sdk_custom_interfaces:/home/njoy/ROS/turtlebot3_ws/install/dynamixel_sdk:/home/njoy/ROS/turtlebot3_ws/install/turtlebot3:/home/njoy/ROS/turtlebot3_ws/install/turtlebot3_simulations:/home/njoy/ROS/turtlebot3_ws/install/turtlebot3_bringup:/home/njoy/ROS/turtlebot3_ws/install/turtlebot3_node:/home/njoy/ROS/turtlebot3_ws/install/turtlebot3_navigation2:/home/njoy/ROS/turtlebot3_ws/install/turtlebot3_fake_node:/home/njoy/ROS/turtlebot3_ws/install/turtlebot3_msgs:/home/njoy/ROS/turtlebot3_ws/install/turtlebot3_gazebo:/home/njoy/ROS/turtlebot3_ws/install/turtlebot3_description:/home/njoy/ROS/turtlebot3_ws/install/turtlebot3_cartographer:/home/njoy/ROS/turtlebot3_ws/install/dynamixel_sdk_examples:/opt/ros/jazzy/opt/gz_sim_vendor:/opt/ros/jazzy/opt/gz_sensors_vendor:/opt/ros/jazzy/opt/gz_physics_vendor:/opt/ros/jazzy/opt/sdformat_vendor:/opt/ros/jazzy/opt/gz_gui_vendor:/opt/ros/jazzy/opt/gz_transport_vendor:/opt/ros/jazzy/opt/gz_rendering_vendor:/opt/ros/jazzy/opt/gz_plugin_vendor:/opt/ros/jazzy/opt/gz_fuel_tools_vendor:/opt/ros/jazzy/opt/gz_msgs_vendor:/opt/ros/jazzy/opt/gz_common_vendor:/opt/ros/jazzy/opt/gz_math_vendor:/opt/ros/jazzy/opt/gz_utils_vendor:/opt/ros/jazzy/opt/gz_tools_vendor:/opt/ros/jazzy/opt/gz_ogre_next_vendor:/opt/ros/jazzy/opt/gz_dartsim_vendor:/opt/ros/jazzy/opt/gz_cmake_vendor:/home/njoy/ROS/ros_ws/turtlebot3_ws/install/turtlebot3:/home/njoy/ROS/ros_ws/turtlebot3_ws/install/turtlebot3_simulations:/home/njoy/ROS/ros_ws/turtlebot3_ws/install/turtlebot3_bringup:/home/njoy/ROS/ros_ws/turtlebot3_ws/install/turtlebot3_node:/home/njoy/ROS/ros_ws/turtlebot3_ws/install/turtlebot3_navigation2:/home/njoy/ROS/ros_ws/turtlebot3_ws/install/turtlebot3_fake_node:/home/njoy/ROS/ros_ws/turtlebot3_ws/install/turtlebot3_msgs:/home/njoy/ROS/ros_ws/turtlebot3_ws/install/turtlebot3_gazebo:/home/njoy/ROS/ros_ws/turtlebot3_ws/install/turtlebot3_description:/home/njoy/ROS/ros_ws/turtlebot3_ws/install/turtlebot3_cartographer:/home/njoy/ROS/ros_ws/turtlebot3_ws/install/dynamixel_sdk_examples:/home/njoy/ROS/ros_ws/turtlebot3_ws/install/dynamixel_sdk_custom_interfaces:/home/njoy/ROS/ros_ws/turtlebot3_ws/install/dynamixel_sdk:/home/njoy/ROS/turtlebot3_ws/install/turtlebot3_teleop:/home/njoy/ROS/turtlebot3_ws/install/turtlebot3_example:/opt/ros/jazzy:/home/njoy/ROS/ros_ws/turtlebot3_ws/install/turtlebot3_teleop:/home/njoy/ROS/ros_ws/turtlebot3_ws/install/turtlebot3_example DEBUGINFOD_URLS=ima:enforcing https://debuginfod.fedoraproject.org/ ima:ignore LD_LIBRARY_PATH=/home/njoy/ROS/turtlebot3_ws/install/dynamixel_sdk_custom_interfaces/lib:/home/njoy/ROS/turtlebot3_ws/install/dynamixel_sdk/lib:/home/njoy/ROS/turtlebot3_ws/install/turtlebot3_msgs/lib:/opt/ros/jazzy/opt/gz_sim_vendor/lib:/opt/ros/jazzy/opt/gz_sensors_vendor/lib:/opt/ros/jazzy/opt/gz_physics_vendor/lib:/opt/ros/jazzy/opt/sdformat_vendor/lib:/opt/ros/jazzy/opt/rviz_ogre_vendor/lib:/opt/ros/jazzy/lib/x86_64-linux-gnu:/opt/ros/jazzy/opt/gz_gui_vendor/lib:/opt/ros/jazzy/opt/gz_transport_vendor/lib:/opt/ros/jazzy/opt/gz_rendering_vendor/lib:/opt/ros/jazzy/opt/gz_plugin_vendor/lib:/opt/ros/jazzy/opt/gz_fuel_tools_vendor/lib:/opt/ros/jazzy/opt/gz_msgs_vendor/lib:/opt/ros/jazzy/opt/gz_common_vendor/lib:/opt/ros/jazzy/opt/gz_math_vendor/lib:/opt/ros/jazzy/opt/gz_utils_vendor/lib:/opt/ros/jazzy/opt/gz_tools_vendor/lib:/opt/ros/jazzy/opt/gz_ogre_next_vendor/lib:/opt/ros/jazzy/opt/gz_dartsim_vendor/lib:/opt/ros/jazzy/opt/gz_cmake_vendor/lib:/opt/ros/jazzy/lib:/home/njoy/ROS/ros_ws/turtlebot3_ws/install/turtlebot3_msgs/lib:/home/njoy/ROS/ros_ws/turtlebot3_ws/install/dynamixel_sdk_custom_interfaces/lib:/home/njoy/ROS/ros_ws/turtlebot3_ws/install/dynamixel_sdk/lib PS1=📦[\u@rover-dev-container \W]$ PYTHONPATH=/home/njoy/ROS/turtlebot3_ws/install/dynamixel_sdk_custom_interfaces/lib/python3.12/site-packages:/home/njoy/ROS/turtlebot3_ws/install/dynamixel_sdk/lib/python3.12/site-packages:/home/njoy/ROS/turtlebot3_ws/install/turtlebot3_teleop/lib/python3.12/site-packages:/home/njoy/ROS/turtlebot3_ws/install/turtlebot3_example/lib/python3.12/site-packages:/home/njoy/ROS/turtlebot3_ws/install/turtlebot3_msgs/lib/python3.12/site-packages:/opt/ros/jazzy/lib/python3.12/site-packages:/home/njoy/ROS/ros_ws/turtlebot3_ws/build/turtlebot3_teleop:/home/njoy/ROS/ros_ws/turtlebot3_ws/install/turtlebot3_teleop/lib/python3.12/site-packages:/home/njoy/ROS/ros_ws/turtlebot3_ws/build/turtlebot3_example:/home/njoy/ROS/ros_ws/turtlebot3_ws/install/turtlebot3_example/lib/python3.12/site-packages:/home/njoy/ROS/ros_ws/turtlebot3_ws/install/turtlebot3_msgs/lib/python3.12/site-packages:/home/njoy/ROS/ros_ws/turtlebot3_ws/install/dynamixel_sdk_custom_interfaces/lib/python3.12/site-packages:/home/njoy/ROS/ros_ws/turtlebot3_ws/install/dynamixel_sdk/lib/python3.12/site-packages /usr/bin/cmake --build /home/njoy/ROS/turtlebot3_ws/build/dynamixel_sdk_examples -- -j16 -l16
[23.144s] DEBUG:colcon.colcon_core.event_handler.log_command:Invoking command in '/home/njoy/ROS/turtlebot3_ws/build/dynamixel_sdk_examples': AMENT_PREFIX_PATH=/home/njoy/ROS/turtlebot3_ws/install/dynamixel_sdk_custom_interfaces:/home/njoy/ROS/turtlebot3_ws/install/dynamixel_sdk:${AMENT_PREFIX_PATH} CMAKE_PREFIX_PATH=/home/njoy/ROS/turtlebot3_ws/install/dynamixel_sdk_custom_interfaces:/home/njoy/ROS/turtlebot3_ws/install/dynamixel_sdk:/home/njoy/ROS/turtlebot3_ws/install/turtlebot3:/home/njoy/ROS/turtlebot3_ws/install/turtlebot3_simulations:/home/njoy/ROS/turtlebot3_ws/install/turtlebot3_bringup:/home/njoy/ROS/turtlebot3_ws/install/turtlebot3_node:/home/njoy/ROS/turtlebot3_ws/install/turtlebot3_navigation2:/home/njoy/ROS/turtlebot3_ws/install/turtlebot3_fake_node:/home/njoy/ROS/turtlebot3_ws/install/turtlebot3_msgs:/home/njoy/ROS/turtlebot3_ws/install/turtlebot3_gazebo:/home/njoy/ROS/turtlebot3_ws/install/turtlebot3_description:/home/njoy/ROS/turtlebot3_ws/install/turtlebot3_cartographer:/home/njoy/ROS/turtlebot3_ws/install/dynamixel_sdk_examples:/opt/ros/jazzy/opt/gz_sim_vendor:/opt/ros/jazzy/opt/gz_sensors_vendor:/opt/ros/jazzy/opt/gz_physics_vendor:/opt/ros/jazzy/opt/sdformat_vendor:/opt/ros/jazzy/opt/gz_gui_vendor:/opt/ros/jazzy/opt/gz_transport_vendor:/opt/ros/jazzy/opt/gz_rendering_vendor:/opt/ros/jazzy/opt/gz_plugin_vendor:/opt/ros/jazzy/opt/gz_fuel_tools_vendor:/opt/ros/jazzy/opt/gz_msgs_vendor:/opt/ros/jazzy/opt/gz_common_vendor:/opt/ros/jazzy/opt/gz_math_vendor:/opt/ros/jazzy/opt/gz_utils_vendor:/opt/ros/jazzy/opt/gz_tools_vendor:/opt/ros/jazzy/opt/gz_ogre_next_vendor:/opt/ros/jazzy/opt/gz_dartsim_vendor:/opt/ros/jazzy/opt/gz_cmake_vendor:/home/njoy/ROS/ros_ws/turtlebot3_ws/install/turtlebot3:/home/njoy/ROS/ros_ws/turtlebot3_ws/install/turtlebot3_simulations:/home/njoy/ROS/ros_ws/turtlebot3_ws/install/turtlebot3_bringup:/home/njoy/ROS/ros_ws/turtlebot3_ws/install/turtlebot3_node:/home/njoy/ROS/ros_ws/turtlebot3_ws/install/turtlebot3_navigation2:/home/njoy/ROS/ros_ws/turtlebot3_ws/install/turtlebot3_fake_node:/home/njoy/ROS/ros_ws/turtlebot3_ws/install/turtlebot3_msgs:/home/njoy/ROS/ros_ws/turtlebot3_ws/install/turtlebot3_gazebo:/home/njoy/ROS/ros_ws/turtlebot3_ws/install/turtlebot3_description:/home/njoy/ROS/ros_ws/turtlebot3_ws/install/turtlebot3_cartographer:/home/njoy/ROS/ros_ws/turtlebot3_ws/install/dynamixel_sdk_examples:/home/njoy/ROS/ros_ws/turtlebot3_ws/install/dynamixel_sdk_custom_interfaces:/home/njoy/ROS/ros_ws/turtlebot3_ws/install/dynamixel_sdk:/home/njoy/ROS/turtlebot3_ws/install/turtlebot3_teleop:/home/njoy/ROS/turtlebot3_ws/install/turtlebot3_example:/opt/ros/jazzy:/home/njoy/ROS/ros_ws/turtlebot3_ws/install/turtlebot3_teleop:/home/njoy/ROS/ros_ws/turtlebot3_ws/install/turtlebot3_example DEBUGINFOD_URLS=ima:enforcing https://debuginfod.fedoraproject.org/ ima:ignore LD_LIBRARY_PATH=/home/njoy/ROS/turtlebot3_ws/install/dynamixel_sdk_custom_interfaces/lib:/home/njoy/ROS/turtlebot3_ws/install/dynamixel_sdk/lib:/home/njoy/ROS/turtlebot3_ws/install/turtlebot3_msgs/lib:/opt/ros/jazzy/opt/gz_sim_vendor/lib:/opt/ros/jazzy/opt/gz_sensors_vendor/lib:/opt/ros/jazzy/opt/gz_physics_vendor/lib:/opt/ros/jazzy/opt/sdformat_vendor/lib:/opt/ros/jazzy/opt/rviz_ogre_vendor/lib:/opt/ros/jazzy/lib/x86_64-linux-gnu:/opt/ros/jazzy/opt/gz_gui_vendor/lib:/opt/ros/jazzy/opt/gz_transport_vendor/lib:/opt/ros/jazzy/opt/gz_rendering_vendor/lib:/opt/ros/jazzy/opt/gz_plugin_vendor/lib:/opt/ros/jazzy/opt/gz_fuel_tools_vendor/lib:/opt/ros/jazzy/opt/gz_msgs_vendor/lib:/opt/ros/jazzy/opt/gz_common_vendor/lib:/opt/ros/jazzy/opt/gz_math_vendor/lib:/opt/ros/jazzy/opt/gz_utils_vendor/lib:/opt/ros/jazzy/opt/gz_tools_vendor/lib:/opt/ros/jazzy/opt/gz_ogre_next_vendor/lib:/opt/ros/jazzy/opt/gz_dartsim_vendor/lib:/opt/ros/jazzy/opt/gz_cmake_vendor/lib:/opt/ros/jazzy/lib:/home/njoy/ROS/ros_ws/turtlebot3_ws/install/turtlebot3_msgs/lib:/home/njoy/ROS/ros_ws/turtlebot3_ws/install/dynamixel_sdk_custom_interfaces/lib:/home/njoy/ROS/ros_ws/turtlebot3_ws/install/dynamixel_sdk/lib PS1=📦[\u@rover-dev-container \W]$ PYTHONPATH=/home/njoy/ROS/turtlebot3_ws/install/dynamixel_sdk_custom_interfaces/lib/python3.12/site-packages:/home/njoy/ROS/turtlebot3_ws/install/dynamixel_sdk/lib/python3.12/site-packages:/home/njoy/ROS/turtlebot3_ws/install/turtlebot3_teleop/lib/python3.12/site-packages:/home/njoy/ROS/turtlebot3_ws/install/turtlebot3_example/lib/python3.12/site-packages:/home/njoy/ROS/turtlebot3_ws/install/turtlebot3_msgs/lib/python3.12/site-packages:/opt/ros/jazzy/lib/python3.12/site-packages:/home/njoy/ROS/ros_ws/turtlebot3_ws/build/turtlebot3_teleop:/home/njoy/ROS/ros_ws/turtlebot3_ws/install/turtlebot3_teleop/lib/python3.12/site-packages:/home/njoy/ROS/ros_ws/turtlebot3_ws/build/turtlebot3_example:/home/njoy/ROS/ros_ws/turtlebot3_ws/install/turtlebot3_example/lib/python3.12/site-packages:/home/njoy/ROS/ros_ws/turtlebot3_ws/install/turtlebot3_msgs/lib/python3.12/site-packages:/home/njoy/ROS/ros_ws/turtlebot3_ws/install/dynamixel_sdk_custom_interfaces/lib/python3.12/site-packages:/home/njoy/ROS/ros_ws/turtlebot3_ws/install/dynamixel_sdk/lib/python3.12/site-packages /usr/bin/cmake --install /home/njoy/ROS/turtlebot3_ws/build/dynamixel_sdk_examples
[23.592s] Level 1:colcon.colcon_core.environment:create_environment_scripts_only(dynamixel_sdk_examples)
[23.593s] Level 1:colcon.colcon_core.environment:checking '/home/njoy/ROS/turtlebot3_ws/install/dynamixel_sdk_examples' for CMake module files
[23.594s] DEBUG:colcon.colcon_core.event_handler.log_command:Invoked command in '/home/njoy/ROS/turtlebot3_ws/build/dynamixel_sdk_examples' returned '0': AMENT_PREFIX_PATH=/home/njoy/ROS/turtlebot3_ws/install/dynamixel_sdk_custom_interfaces:/home/njoy/ROS/turtlebot3_ws/install/dynamixel_sdk:${AMENT_PREFIX_PATH} CMAKE_PREFIX_PATH=/home/njoy/ROS/turtlebot3_ws/install/dynamixel_sdk_custom_interfaces:/home/njoy/ROS/turtlebot3_ws/install/dynamixel_sdk:/home/njoy/ROS/turtlebot3_ws/install/turtlebot3:/home/njoy/ROS/turtlebot3_ws/install/turtlebot3_simulations:/home/njoy/ROS/turtlebot3_ws/install/turtlebot3_bringup:/home/njoy/ROS/turtlebot3_ws/install/turtlebot3_node:/home/njoy/ROS/turtlebot3_ws/install/turtlebot3_navigation2:/home/njoy/ROS/turtlebot3_ws/install/turtlebot3_fake_node:/home/njoy/ROS/turtlebot3_ws/install/turtlebot3_msgs:/home/njoy/ROS/turtlebot3_ws/install/turtlebot3_gazebo:/home/njoy/ROS/turtlebot3_ws/install/turtlebot3_description:/home/njoy/ROS/turtlebot3_ws/install/turtlebot3_cartographer:/home/njoy/ROS/turtlebot3_ws/install/dynamixel_sdk_examples:/opt/ros/jazzy/opt/gz_sim_vendor:/opt/ros/jazzy/opt/gz_sensors_vendor:/opt/ros/jazzy/opt/gz_physics_vendor:/opt/ros/jazzy/opt/sdformat_vendor:/opt/ros/jazzy/opt/gz_gui_vendor:/opt/ros/jazzy/opt/gz_transport_vendor:/opt/ros/jazzy/opt/gz_rendering_vendor:/opt/ros/jazzy/opt/gz_plugin_vendor:/opt/ros/jazzy/opt/gz_fuel_tools_vendor:/opt/ros/jazzy/opt/gz_msgs_vendor:/opt/ros/jazzy/opt/gz_common_vendor:/opt/ros/jazzy/opt/gz_math_vendor:/opt/ros/jazzy/opt/gz_utils_vendor:/opt/ros/jazzy/opt/gz_tools_vendor:/opt/ros/jazzy/opt/gz_ogre_next_vendor:/opt/ros/jazzy/opt/gz_dartsim_vendor:/opt/ros/jazzy/opt/gz_cmake_vendor:/home/njoy/ROS/ros_ws/turtlebot3_ws/install/turtlebot3:/home/njoy/ROS/ros_ws/turtlebot3_ws/install/turtlebot3_simulations:/home/njoy/ROS/ros_ws/turtlebot3_ws/install/turtlebot3_bringup:/home/njoy/ROS/ros_ws/turtlebot3_ws/install/turtlebot3_node:/home/njoy/ROS/ros_ws/turtlebot3_ws/install/turtlebot3_navigation2:/home/njoy/ROS/ros_ws/turtlebot3_ws/install/turtlebot3_fake_node:/home/njoy/ROS/ros_ws/turtlebot3_ws/install/turtlebot3_msgs:/home/njoy/ROS/ros_ws/turtlebot3_ws/install/turtlebot3_gazebo:/home/njoy/ROS/ros_ws/turtlebot3_ws/install/turtlebot3_description:/home/njoy/ROS/ros_ws/turtlebot3_ws/install/turtlebot3_cartographer:/home/njoy/ROS/ros_ws/turtlebot3_ws/install/dynamixel_sdk_examples:/home/njoy/ROS/ros_ws/turtlebot3_ws/install/dynamixel_sdk_custom_interfaces:/home/njoy/ROS/ros_ws/turtlebot3_ws/install/dynamixel_sdk:/home/njoy/ROS/turtlebot3_ws/install/turtlebot3_teleop:/home/njoy/ROS/turtlebot3_ws/install/turtlebot3_example:/opt/ros/jazzy:/home/njoy/ROS/ros_ws/turtlebot3_ws/install/turtlebot3_teleop:/home/njoy/ROS/ros_ws/turtlebot3_ws/install/turtlebot3_example DEBUGINFOD_URLS=ima:enforcing https://debuginfod.fedoraproject.org/ ima:ignore LD_LIBRARY_PATH=/home/njoy/ROS/turtlebot3_ws/install/dynamixel_sdk_custom_interfaces/lib:/home/njoy/ROS/turtlebot3_ws/install/dynamixel_sdk/lib:/home/njoy/ROS/turtlebot3_ws/install/turtlebot3_msgs/lib:/opt/ros/jazzy/opt/gz_sim_vendor/lib:/opt/ros/jazzy/opt/gz_sensors_vendor/lib:/opt/ros/jazzy/opt/gz_physics_vendor/lib:/opt/ros/jazzy/opt/sdformat_vendor/lib:/opt/ros/jazzy/opt/rviz_ogre_vendor/lib:/opt/ros/jazzy/lib/x86_64-linux-gnu:/opt/ros/jazzy/opt/gz_gui_vendor/lib:/opt/ros/jazzy/opt/gz_transport_vendor/lib:/opt/ros/jazzy/opt/gz_rendering_vendor/lib:/opt/ros/jazzy/opt/gz_plugin_vendor/lib:/opt/ros/jazzy/opt/gz_fuel_tools_vendor/lib:/opt/ros/jazzy/opt/gz_msgs_vendor/lib:/opt/ros/jazzy/opt/gz_common_vendor/lib:/opt/ros/jazzy/opt/gz_math_vendor/lib:/opt/ros/jazzy/opt/gz_utils_vendor/lib:/opt/ros/jazzy/opt/gz_tools_vendor/lib:/opt/ros/jazzy/opt/gz_ogre_next_vendor/lib:/opt/ros/jazzy/opt/gz_dartsim_vendor/lib:/opt/ros/jazzy/opt/gz_cmake_vendor/lib:/opt/ros/jazzy/lib:/home/njoy/ROS/ros_ws/turtlebot3_ws/install/turtlebot3_msgs/lib:/home/njoy/ROS/ros_ws/turtlebot3_ws/install/dynamixel_sdk_custom_interfaces/lib:/home/njoy/ROS/ros_ws/turtlebot3_ws/install/dynamixel_sdk/lib PS1=📦[\u@rover-dev-container \W]$ PYTHONPATH=/home/njoy/ROS/turtlebot3_ws/install/dynamixel_sdk_custom_interfaces/lib/python3.12/site-packages:/home/njoy/ROS/turtlebot3_ws/install/dynamixel_sdk/lib/python3.12/site-packages:/home/njoy/ROS/turtlebot3_ws/install/turtlebot3_teleop/lib/python3.12/site-packages:/home/njoy/ROS/turtlebot3_ws/install/turtlebot3_example/lib/python3.12/site-packages:/home/njoy/ROS/turtlebot3_ws/install/turtlebot3_msgs/lib/python3.12/site-packages:/opt/ros/jazzy/lib/python3.12/site-packages:/home/njoy/ROS/ros_ws/turtlebot3_ws/build/turtlebot3_teleop:/home/njoy/ROS/ros_ws/turtlebot3_ws/install/turtlebot3_teleop/lib/python3.12/site-packages:/home/njoy/ROS/ros_ws/turtlebot3_ws/build/turtlebot3_example:/home/njoy/ROS/ros_ws/turtlebot3_ws/install/turtlebot3_example/lib/python3.12/site-packages:/home/njoy/ROS/ros_ws/turtlebot3_ws/install/turtlebot3_msgs/lib/python3.12/site-packages:/home/njoy/ROS/ros_ws/turtlebot3_ws/install/dynamixel_sdk_custom_interfaces/lib/python3.12/site-packages:/home/njoy/ROS/ros_ws/turtlebot3_ws/install/dynamixel_sdk/lib/python3.12/site-packages /usr/bin/cmake --install /home/njoy/ROS/turtlebot3_ws/build/dynamixel_sdk_examples
[23.594s] Level 1:colcon.colcon_core.environment:checking '/home/njoy/ROS/turtlebot3_ws/install/dynamixel_sdk_examples' for CMake config files
[23.595s] Level 1:colcon.colcon_core.shell:create_environment_hook('dynamixel_sdk_examples', 'cmake_prefix_path')
[23.595s] INFO:colcon.colcon_core.shell:Creating environment hook '/home/njoy/ROS/turtlebot3_ws/install/dynamixel_sdk_examples/share/dynamixel_sdk_examples/hook/cmake_prefix_path.ps1'
[23.596s] INFO:colcon.colcon_core.shell:Creating environment descriptor '/home/njoy/ROS/turtlebot3_ws/install/dynamixel_sdk_examples/share/dynamixel_sdk_examples/hook/cmake_prefix_path.dsv'
[23.597s] INFO:colcon.colcon_core.shell:Creating environment hook '/home/njoy/ROS/turtlebot3_ws/install/dynamixel_sdk_examples/share/dynamixel_sdk_examples/hook/cmake_prefix_path.sh'
[23.597s] Level 1:colcon.colcon_core.environment:checking '/home/njoy/ROS/turtlebot3_ws/install/dynamixel_sdk_examples/lib'
[23.597s] Level 1:colcon.colcon_core.environment:checking '/home/njoy/ROS/turtlebot3_ws/install/dynamixel_sdk_examples/bin'
[23.598s] Level 1:colcon.colcon_core.environment:checking '/home/njoy/ROS/turtlebot3_ws/install/dynamixel_sdk_examples/lib/pkgconfig/dynamixel_sdk_examples.pc'
[23.598s] Level 1:colcon.colcon_core.environment:checking '/home/njoy/ROS/turtlebot3_ws/install/dynamixel_sdk_examples/lib/python3.12/site-packages'
[23.598s] Level 1:colcon.colcon_core.environment:checking '/home/njoy/ROS/turtlebot3_ws/install/dynamixel_sdk_examples/bin'
[23.599s] INFO:colcon.colcon_core.shell:Creating package script '/home/njoy/ROS/turtlebot3_ws/install/dynamixel_sdk_examples/share/dynamixel_sdk_examples/package.ps1'
[23.599s] INFO:colcon.colcon_core.shell:Creating package descriptor '/home/njoy/ROS/turtlebot3_ws/install/dynamixel_sdk_examples/share/dynamixel_sdk_examples/package.dsv'
[23.600s] INFO:colcon.colcon_core.shell:Creating package script '/home/njoy/ROS/turtlebot3_ws/install/dynamixel_sdk_examples/share/dynamixel_sdk_examples/package.sh'
[23.600s] INFO:colcon.colcon_core.shell:Creating package script '/home/njoy/ROS/turtlebot3_ws/install/dynamixel_sdk_examples/share/dynamixel_sdk_examples/package.bash'
[23.601s] INFO:colcon.colcon_core.shell:Creating package script '/home/njoy/ROS/turtlebot3_ws/install/dynamixel_sdk_examples/share/dynamixel_sdk_examples/package.zsh'
[23.601s] Level 1:colcon.colcon_core.environment:create_file_with_runtime_dependencies(/home/njoy/ROS/turtlebot3_ws/install/dynamixel_sdk_examples/share/colcon-core/packages/dynamixel_sdk_examples)
[23.602s] Level 1:colcon.colcon_core.environment:create_environment_scripts_only(dynamixel_sdk_examples)
[23.602s] Level 1:colcon.colcon_core.environment:checking '/home/njoy/ROS/turtlebot3_ws/install/dynamixel_sdk_examples' for CMake module files
[23.603s] Level 1:colcon.colcon_core.environment:checking '/home/njoy/ROS/turtlebot3_ws/install/dynamixel_sdk_examples' for CMake config files
[23.604s] Level 1:colcon.colcon_core.shell:create_environment_hook('dynamixel_sdk_examples', 'cmake_prefix_path')
[23.604s] INFO:colcon.colcon_core.shell:Creating environment hook '/home/njoy/ROS/turtlebot3_ws/install/dynamixel_sdk_examples/share/dynamixel_sdk_examples/hook/cmake_prefix_path.ps1'
[23.605s] INFO:colcon.colcon_core.shell:Creating environment descriptor '/home/njoy/ROS/turtlebot3_ws/install/dynamixel_sdk_examples/share/dynamixel_sdk_examples/hook/cmake_prefix_path.dsv'
[23.605s] INFO:colcon.colcon_core.shell:Creating environment hook '/home/njoy/ROS/turtlebot3_ws/install/dynamixel_sdk_examples/share/dynamixel_sdk_examples/hook/cmake_prefix_path.sh'
[23.606s] Level 1:colcon.colcon_core.environment:checking '/home/njoy/ROS/turtlebot3_ws/install/dynamixel_sdk_examples/lib'
[23.606s] Level 1:colcon.colcon_core.environment:checking '/home/njoy/ROS/turtlebot3_ws/install/dynamixel_sdk_examples/bin'
[23.606s] Level 1:colcon.colcon_core.environment:checking '/home/njoy/ROS/turtlebot3_ws/install/dynamixel_sdk_examples/lib/pkgconfig/dynamixel_sdk_examples.pc'
[23.607s] Level 1:colcon.colcon_core.environment:checking '/home/njoy/ROS/turtlebot3_ws/install/dynamixel_sdk_examples/lib/python3.12/site-packages'
[23.607s] Level 1:colcon.colcon_core.environment:checking '/home/njoy/ROS/turtlebot3_ws/install/dynamixel_sdk_examples/bin'
[23.607s] INFO:colcon.colcon_core.shell:Creating package script '/home/njoy/ROS/turtlebot3_ws/install/dynamixel_sdk_examples/share/dynamixel_sdk_examples/package.ps1'
[23.608s] INFO:colcon.colcon_core.shell:Creating package descriptor '/home/njoy/ROS/turtlebot3_ws/install/dynamixel_sdk_examples/share/dynamixel_sdk_examples/package.dsv'
[23.609s] INFO:colcon.colcon_core.shell:Creating package script '/home/njoy/ROS/turtlebot3_ws/install/dynamixel_sdk_examples/share/dynamixel_sdk_examples/package.sh'
[23.609s] INFO:colcon.colcon_core.shell:Creating package script '/home/njoy/ROS/turtlebot3_ws/install/dynamixel_sdk_examples/share/dynamixel_sdk_examples/package.bash'
[23.610s] INFO:colcon.colcon_core.shell:Creating package script '/home/njoy/ROS/turtlebot3_ws/install/dynamixel_sdk_examples/share/dynamixel_sdk_examples/package.zsh'
[23.610s] Level 1:colcon.colcon_core.environment:create_file_with_runtime_dependencies(/home/njoy/ROS/turtlebot3_ws/install/dynamixel_sdk_examples/share/colcon-core/packages/dynamixel_sdk_examples)
[30.395s] DEBUG:colcon.colcon_core.event_handler.log_command:Invoked command in '/home/njoy/ROS/turtlebot3_ws/build/turtlebot3_fake_node' returned '0': AMENT_PREFIX_PATH=/home/njoy/ROS/turtlebot3_ws/install/turtlebot3_msgs:${AMENT_PREFIX_PATH} CMAKE_PREFIX_PATH=/home/njoy/ROS/turtlebot3_ws/install/turtlebot3_msgs:/home/njoy/ROS/turtlebot3_ws/install/turtlebot3:/home/njoy/ROS/turtlebot3_ws/install/turtlebot3_simulations:/home/njoy/ROS/turtlebot3_ws/install/turtlebot3_bringup:/home/njoy/ROS/turtlebot3_ws/install/turtlebot3_node:/home/njoy/ROS/turtlebot3_ws/install/turtlebot3_navigation2:/home/njoy/ROS/turtlebot3_ws/install/turtlebot3_fake_node:/home/njoy/ROS/turtlebot3_ws/install/turtlebot3_gazebo:/home/njoy/ROS/turtlebot3_ws/install/turtlebot3_description:/home/njoy/ROS/turtlebot3_ws/install/turtlebot3_cartographer:/home/njoy/ROS/turtlebot3_ws/install/dynamixel_sdk_examples:/home/njoy/ROS/turtlebot3_ws/install/dynamixel_sdk_custom_interfaces:/home/njoy/ROS/turtlebot3_ws/install/dynamixel_sdk:/opt/ros/jazzy/opt/gz_sim_vendor:/opt/ros/jazzy/opt/gz_sensors_vendor:/opt/ros/jazzy/opt/gz_physics_vendor:/opt/ros/jazzy/opt/sdformat_vendor:/opt/ros/jazzy/opt/gz_gui_vendor:/opt/ros/jazzy/opt/gz_transport_vendor:/opt/ros/jazzy/opt/gz_rendering_vendor:/opt/ros/jazzy/opt/gz_plugin_vendor:/opt/ros/jazzy/opt/gz_fuel_tools_vendor:/opt/ros/jazzy/opt/gz_msgs_vendor:/opt/ros/jazzy/opt/gz_common_vendor:/opt/ros/jazzy/opt/gz_math_vendor:/opt/ros/jazzy/opt/gz_utils_vendor:/opt/ros/jazzy/opt/gz_tools_vendor:/opt/ros/jazzy/opt/gz_ogre_next_vendor:/opt/ros/jazzy/opt/gz_dartsim_vendor:/opt/ros/jazzy/opt/gz_cmake_vendor:/home/njoy/ROS/ros_ws/turtlebot3_ws/install/turtlebot3:/home/njoy/ROS/ros_ws/turtlebot3_ws/install/turtlebot3_simulations:/home/njoy/ROS/ros_ws/turtlebot3_ws/install/turtlebot3_bringup:/home/njoy/ROS/ros_ws/turtlebot3_ws/install/turtlebot3_node:/home/njoy/ROS/ros_ws/turtlebot3_ws/install/turtlebot3_navigation2:/home/njoy/ROS/ros_ws/turtlebot3_ws/install/turtlebot3_fake_node:/home/njoy/ROS/ros_ws/turtlebot3_ws/install/turtlebot3_msgs:/home/njoy/ROS/ros_ws/turtlebot3_ws/install/turtlebot3_gazebo:/home/njoy/ROS/ros_ws/turtlebot3_ws/install/turtlebot3_description:/home/njoy/ROS/ros_ws/turtlebot3_ws/install/turtlebot3_cartographer:/home/njoy/ROS/ros_ws/turtlebot3_ws/install/dynamixel_sdk_examples:/home/njoy/ROS/ros_ws/turtlebot3_ws/install/dynamixel_sdk_custom_interfaces:/home/njoy/ROS/ros_ws/turtlebot3_ws/install/dynamixel_sdk:/home/njoy/ROS/turtlebot3_ws/install/turtlebot3_teleop:/home/njoy/ROS/turtlebot3_ws/install/turtlebot3_example:/opt/ros/jazzy:/home/njoy/ROS/ros_ws/turtlebot3_ws/install/turtlebot3_teleop:/home/njoy/ROS/ros_ws/turtlebot3_ws/install/turtlebot3_example DEBUGINFOD_URLS=ima:enforcing https://debuginfod.fedoraproject.org/ ima:ignore PS1=📦[\u@rover-dev-container \W]$ PYTHONPATH=/home/njoy/ROS/turtlebot3_ws/install/turtlebot3_msgs/lib/python3.12/site-packages:/home/njoy/ROS/turtlebot3_ws/install/turtlebot3_teleop/lib/python3.12/site-packages:/home/njoy/ROS/turtlebot3_ws/install/turtlebot3_example/lib/python3.12/site-packages:/home/njoy/ROS/turtlebot3_ws/install/dynamixel_sdk_custom_interfaces/lib/python3.12/site-packages:/home/njoy/ROS/turtlebot3_ws/install/dynamixel_sdk/lib/python3.12/site-packages:/opt/ros/jazzy/lib/python3.12/site-packages:/home/njoy/ROS/ros_ws/turtlebot3_ws/build/turtlebot3_teleop:/home/njoy/ROS/ros_ws/turtlebot3_ws/install/turtlebot3_teleop/lib/python3.12/site-packages:/home/njoy/ROS/ros_ws/turtlebot3_ws/build/turtlebot3_example:/home/njoy/ROS/ros_ws/turtlebot3_ws/install/turtlebot3_example/lib/python3.12/site-packages:/home/njoy/ROS/ros_ws/turtlebot3_ws/install/turtlebot3_msgs/lib/python3.12/site-packages:/home/njoy/ROS/ros_ws/turtlebot3_ws/install/dynamixel_sdk_custom_interfaces/lib/python3.12/site-packages:/home/njoy/ROS/ros_ws/turtlebot3_ws/install/dynamixel_sdk/lib/python3.12/site-packages /usr/bin/cmake --build /home/njoy/ROS/turtlebot3_ws/build/turtlebot3_fake_node -- -j16 -l16
[30.396s] DEBUG:colcon.colcon_core.event_handler.log_command:Invoking command in '/home/njoy/ROS/turtlebot3_ws/build/turtlebot3_fake_node': AMENT_PREFIX_PATH=/home/njoy/ROS/turtlebot3_ws/install/turtlebot3_msgs:${AMENT_PREFIX_PATH} CMAKE_PREFIX_PATH=/home/njoy/ROS/turtlebot3_ws/install/turtlebot3_msgs:/home/njoy/ROS/turtlebot3_ws/install/turtlebot3:/home/njoy/ROS/turtlebot3_ws/install/turtlebot3_simulations:/home/njoy/ROS/turtlebot3_ws/install/turtlebot3_bringup:/home/njoy/ROS/turtlebot3_ws/install/turtlebot3_node:/home/njoy/ROS/turtlebot3_ws/install/turtlebot3_navigation2:/home/njoy/ROS/turtlebot3_ws/install/turtlebot3_fake_node:/home/njoy/ROS/turtlebot3_ws/install/turtlebot3_gazebo:/home/njoy/ROS/turtlebot3_ws/install/turtlebot3_description:/home/njoy/ROS/turtlebot3_ws/install/turtlebot3_cartographer:/home/njoy/ROS/turtlebot3_ws/install/dynamixel_sdk_examples:/home/njoy/ROS/turtlebot3_ws/install/dynamixel_sdk_custom_interfaces:/home/njoy/ROS/turtlebot3_ws/install/dynamixel_sdk:/opt/ros/jazzy/opt/gz_sim_vendor:/opt/ros/jazzy/opt/gz_sensors_vendor:/opt/ros/jazzy/opt/gz_physics_vendor:/opt/ros/jazzy/opt/sdformat_vendor:/opt/ros/jazzy/opt/gz_gui_vendor:/opt/ros/jazzy/opt/gz_transport_vendor:/opt/ros/jazzy/opt/gz_rendering_vendor:/opt/ros/jazzy/opt/gz_plugin_vendor:/opt/ros/jazzy/opt/gz_fuel_tools_vendor:/opt/ros/jazzy/opt/gz_msgs_vendor:/opt/ros/jazzy/opt/gz_common_vendor:/opt/ros/jazzy/opt/gz_math_vendor:/opt/ros/jazzy/opt/gz_utils_vendor:/opt/ros/jazzy/opt/gz_tools_vendor:/opt/ros/jazzy/opt/gz_ogre_next_vendor:/opt/ros/jazzy/opt/gz_dartsim_vendor:/opt/ros/jazzy/opt/gz_cmake_vendor:/home/njoy/ROS/ros_ws/turtlebot3_ws/install/turtlebot3:/home/njoy/ROS/ros_ws/turtlebot3_ws/install/turtlebot3_simulations:/home/njoy/ROS/ros_ws/turtlebot3_ws/install/turtlebot3_bringup:/home/njoy/ROS/ros_ws/turtlebot3_ws/install/turtlebot3_node:/home/njoy/ROS/ros_ws/turtlebot3_ws/install/turtlebot3_navigation2:/home/njoy/ROS/ros_ws/turtlebot3_ws/install/turtlebot3_fake_node:/home/njoy/ROS/ros_ws/turtlebot3_ws/install/turtlebot3_msgs:/home/njoy/ROS/ros_ws/turtlebot3_ws/install/turtlebot3_gazebo:/home/njoy/ROS/ros_ws/turtlebot3_ws/install/turtlebot3_description:/home/njoy/ROS/ros_ws/turtlebot3_ws/install/turtlebot3_cartographer:/home/njoy/ROS/ros_ws/turtlebot3_ws/install/dynamixel_sdk_examples:/home/njoy/ROS/ros_ws/turtlebot3_ws/install/dynamixel_sdk_custom_interfaces:/home/njoy/ROS/ros_ws/turtlebot3_ws/install/dynamixel_sdk:/home/njoy/ROS/turtlebot3_ws/install/turtlebot3_teleop:/home/njoy/ROS/turtlebot3_ws/install/turtlebot3_example:/opt/ros/jazzy:/home/njoy/ROS/ros_ws/turtlebot3_ws/install/turtlebot3_teleop:/home/njoy/ROS/ros_ws/turtlebot3_ws/install/turtlebot3_example DEBUGINFOD_URLS=ima:enforcing https://debuginfod.fedoraproject.org/ ima:ignore PS1=📦[\u@rover-dev-container \W]$ PYTHONPATH=/home/njoy/ROS/turtlebot3_ws/install/turtlebot3_msgs/lib/python3.12/site-packages:/home/njoy/ROS/turtlebot3_ws/install/turtlebot3_teleop/lib/python3.12/site-packages:/home/njoy/ROS/turtlebot3_ws/install/turtlebot3_example/lib/python3.12/site-packages:/home/njoy/ROS/turtlebot3_ws/install/dynamixel_sdk_custom_interfaces/lib/python3.12/site-packages:/home/njoy/ROS/turtlebot3_ws/install/dynamixel_sdk/lib/python3.12/site-packages:/opt/ros/jazzy/lib/python3.12/site-packages:/home/njoy/ROS/ros_ws/turtlebot3_ws/build/turtlebot3_teleop:/home/njoy/ROS/ros_ws/turtlebot3_ws/install/turtlebot3_teleop/lib/python3.12/site-packages:/home/njoy/ROS/ros_ws/turtlebot3_ws/build/turtlebot3_example:/home/njoy/ROS/ros_ws/turtlebot3_ws/install/turtlebot3_example/lib/python3.12/site-packages:/home/njoy/ROS/ros_ws/turtlebot3_ws/install/turtlebot3_msgs/lib/python3.12/site-packages:/home/njoy/ROS/ros_ws/turtlebot3_ws/install/dynamixel_sdk_custom_interfaces/lib/python3.12/site-packages:/home/njoy/ROS/ros_ws/turtlebot3_ws/install/dynamixel_sdk/lib/python3.12/site-packages /usr/bin/cmake --install /home/njoy/ROS/turtlebot3_ws/build/turtlebot3_fake_node
[30.738s] Level 1:colcon.colcon_core.environment:create_environment_scripts_only(turtlebot3_fake_node)
[30.739s] Level 1:colcon.colcon_core.environment:checking '/home/njoy/ROS/turtlebot3_ws/install/turtlebot3_fake_node' for CMake module files
[30.740s] DEBUG:colcon.colcon_core.event_handler.log_command:Invoked command in '/home/njoy/ROS/turtlebot3_ws/build/turtlebot3_fake_node' returned '0': AMENT_PREFIX_PATH=/home/njoy/ROS/turtlebot3_ws/install/turtlebot3_msgs:${AMENT_PREFIX_PATH} CMAKE_PREFIX_PATH=/home/njoy/ROS/turtlebot3_ws/install/turtlebot3_msgs:/home/njoy/ROS/turtlebot3_ws/install/turtlebot3:/home/njoy/ROS/turtlebot3_ws/install/turtlebot3_simulations:/home/njoy/ROS/turtlebot3_ws/install/turtlebot3_bringup:/home/njoy/ROS/turtlebot3_ws/install/turtlebot3_node:/home/njoy/ROS/turtlebot3_ws/install/turtlebot3_navigation2:/home/njoy/ROS/turtlebot3_ws/install/turtlebot3_fake_node:/home/njoy/ROS/turtlebot3_ws/install/turtlebot3_gazebo:/home/njoy/ROS/turtlebot3_ws/install/turtlebot3_description:/home/njoy/ROS/turtlebot3_ws/install/turtlebot3_cartographer:/home/njoy/ROS/turtlebot3_ws/install/dynamixel_sdk_examples:/home/njoy/ROS/turtlebot3_ws/install/dynamixel_sdk_custom_interfaces:/home/njoy/ROS/turtlebot3_ws/install/dynamixel_sdk:/opt/ros/jazzy/opt/gz_sim_vendor:/opt/ros/jazzy/opt/gz_sensors_vendor:/opt/ros/jazzy/opt/gz_physics_vendor:/opt/ros/jazzy/opt/sdformat_vendor:/opt/ros/jazzy/opt/gz_gui_vendor:/opt/ros/jazzy/opt/gz_transport_vendor:/opt/ros/jazzy/opt/gz_rendering_vendor:/opt/ros/jazzy/opt/gz_plugin_vendor:/opt/ros/jazzy/opt/gz_fuel_tools_vendor:/opt/ros/jazzy/opt/gz_msgs_vendor:/opt/ros/jazzy/opt/gz_common_vendor:/opt/ros/jazzy/opt/gz_math_vendor:/opt/ros/jazzy/opt/gz_utils_vendor:/opt/ros/jazzy/opt/gz_tools_vendor:/opt/ros/jazzy/opt/gz_ogre_next_vendor:/opt/ros/jazzy/opt/gz_dartsim_vendor:/opt/ros/jazzy/opt/gz_cmake_vendor:/home/njoy/ROS/ros_ws/turtlebot3_ws/install/turtlebot3:/home/njoy/ROS/ros_ws/turtlebot3_ws/install/turtlebot3_simulations:/home/njoy/ROS/ros_ws/turtlebot3_ws/install/turtlebot3_bringup:/home/njoy/ROS/ros_ws/turtlebot3_ws/install/turtlebot3_node:/home/njoy/ROS/ros_ws/turtlebot3_ws/install/turtlebot3_navigation2:/home/njoy/ROS/ros_ws/turtlebot3_ws/install/turtlebot3_fake_node:/home/njoy/ROS/ros_ws/turtlebot3_ws/install/turtlebot3_msgs:/home/njoy/ROS/ros_ws/turtlebot3_ws/install/turtlebot3_gazebo:/home/njoy/ROS/ros_ws/turtlebot3_ws/install/turtlebot3_description:/home/njoy/ROS/ros_ws/turtlebot3_ws/install/turtlebot3_cartographer:/home/njoy/ROS/ros_ws/turtlebot3_ws/install/dynamixel_sdk_examples:/home/njoy/ROS/ros_ws/turtlebot3_ws/install/dynamixel_sdk_custom_interfaces:/home/njoy/ROS/ros_ws/turtlebot3_ws/install/dynamixel_sdk:/home/njoy/ROS/turtlebot3_ws/install/turtlebot3_teleop:/home/njoy/ROS/turtlebot3_ws/install/turtlebot3_example:/opt/ros/jazzy:/home/njoy/ROS/ros_ws/turtlebot3_ws/install/turtlebot3_teleop:/home/njoy/ROS/ros_ws/turtlebot3_ws/install/turtlebot3_example DEBUGINFOD_URLS=ima:enforcing https://debuginfod.fedoraproject.org/ ima:ignore PS1=📦[\u@rover-dev-container \W]$ PYTHONPATH=/home/njoy/ROS/turtlebot3_ws/install/turtlebot3_msgs/lib/python3.12/site-packages:/home/njoy/ROS/turtlebot3_ws/install/turtlebot3_teleop/lib/python3.12/site-packages:/home/njoy/ROS/turtlebot3_ws/install/turtlebot3_example/lib/python3.12/site-packages:/home/njoy/ROS/turtlebot3_ws/install/dynamixel_sdk_custom_interfaces/lib/python3.12/site-packages:/home/njoy/ROS/turtlebot3_ws/install/dynamixel_sdk/lib/python3.12/site-packages:/opt/ros/jazzy/lib/python3.12/site-packages:/home/njoy/ROS/ros_ws/turtlebot3_ws/build/turtlebot3_teleop:/home/njoy/ROS/ros_ws/turtlebot3_ws/install/turtlebot3_teleop/lib/python3.12/site-packages:/home/njoy/ROS/ros_ws/turtlebot3_ws/build/turtlebot3_example:/home/njoy/ROS/ros_ws/turtlebot3_ws/install/turtlebot3_example/lib/python3.12/site-packages:/home/njoy/ROS/ros_ws/turtlebot3_ws/install/turtlebot3_msgs/lib/python3.12/site-packages:/home/njoy/ROS/ros_ws/turtlebot3_ws/install/dynamixel_sdk_custom_interfaces/lib/python3.12/site-packages:/home/njoy/ROS/ros_ws/turtlebot3_ws/install/dynamixel_sdk/lib/python3.12/site-packages /usr/bin/cmake --install /home/njoy/ROS/turtlebot3_ws/build/turtlebot3_fake_node
[30.740s] Level 1:colcon.colcon_core.environment:checking '/home/njoy/ROS/turtlebot3_ws/install/turtlebot3_fake_node' for CMake config files
[30.740s] Level 1:colcon.colcon_core.shell:create_environment_hook('turtlebot3_fake_node', 'cmake_prefix_path')
[30.741s] INFO:colcon.colcon_core.shell:Creating environment hook '/home/njoy/ROS/turtlebot3_ws/install/turtlebot3_fake_node/share/turtlebot3_fake_node/hook/cmake_prefix_path.ps1'
[30.741s] INFO:colcon.colcon_core.shell:Creating environment descriptor '/home/njoy/ROS/turtlebot3_ws/install/turtlebot3_fake_node/share/turtlebot3_fake_node/hook/cmake_prefix_path.dsv'
[30.741s] INFO:colcon.colcon_core.shell:Creating environment hook '/home/njoy/ROS/turtlebot3_ws/install/turtlebot3_fake_node/share/turtlebot3_fake_node/hook/cmake_prefix_path.sh'
[30.742s] Level 1:colcon.colcon_core.environment:checking '/home/njoy/ROS/turtlebot3_ws/install/turtlebot3_fake_node/lib'
[30.742s] Level 1:colcon.colcon_core.environment:checking '/home/njoy/ROS/turtlebot3_ws/install/turtlebot3_fake_node/bin'
[30.742s] Level 1:colcon.colcon_core.environment:checking '/home/njoy/ROS/turtlebot3_ws/install/turtlebot3_fake_node/lib/pkgconfig/turtlebot3_fake_node.pc'
[30.743s] Level 1:colcon.colcon_core.environment:checking '/home/njoy/ROS/turtlebot3_ws/install/turtlebot3_fake_node/lib/python3.12/site-packages'
[30.743s] Level 1:colcon.colcon_core.environment:checking '/home/njoy/ROS/turtlebot3_ws/install/turtlebot3_fake_node/bin'
[30.743s] INFO:colcon.colcon_core.shell:Creating package script '/home/njoy/ROS/turtlebot3_ws/install/turtlebot3_fake_node/share/turtlebot3_fake_node/package.ps1'
[30.743s] INFO:colcon.colcon_core.shell:Creating package descriptor '/home/njoy/ROS/turtlebot3_ws/install/turtlebot3_fake_node/share/turtlebot3_fake_node/package.dsv'
[30.744s] INFO:colcon.colcon_core.shell:Creating package script '/home/njoy/ROS/turtlebot3_ws/install/turtlebot3_fake_node/share/turtlebot3_fake_node/package.sh'
[30.744s] INFO:colcon.colcon_core.shell:Creating package script '/home/njoy/ROS/turtlebot3_ws/install/turtlebot3_fake_node/share/turtlebot3_fake_node/package.bash'
[30.744s] INFO:colcon.colcon_core.shell:Creating package script '/home/njoy/ROS/turtlebot3_ws/install/turtlebot3_fake_node/share/turtlebot3_fake_node/package.zsh'
[30.744s] Level 1:colcon.colcon_core.environment:create_file_with_runtime_dependencies(/home/njoy/ROS/turtlebot3_ws/install/turtlebot3_fake_node/share/colcon-core/packages/turtlebot3_fake_node)
[30.745s] Level 1:colcon.colcon_core.environment:create_environment_scripts_only(turtlebot3_fake_node)
[30.745s] Level 1:colcon.colcon_core.environment:checking '/home/njoy/ROS/turtlebot3_ws/install/turtlebot3_fake_node' for CMake module files
[30.745s] Level 1:colcon.colcon_core.environment:checking '/home/njoy/ROS/turtlebot3_ws/install/turtlebot3_fake_node' for CMake config files
[30.746s] Level 1:colcon.colcon_core.shell:create_environment_hook('turtlebot3_fake_node', 'cmake_prefix_path')
[30.746s] INFO:colcon.colcon_core.shell:Creating environment hook '/home/njoy/ROS/turtlebot3_ws/install/turtlebot3_fake_node/share/turtlebot3_fake_node/hook/cmake_prefix_path.ps1'
[30.746s] INFO:colcon.colcon_core.shell:Creating environment descriptor '/home/njoy/ROS/turtlebot3_ws/install/turtlebot3_fake_node/share/turtlebot3_fake_node/hook/cmake_prefix_path.dsv'
[30.746s] INFO:colcon.colcon_core.shell:Creating environment hook '/home/njoy/ROS/turtlebot3_ws/install/turtlebot3_fake_node/share/turtlebot3_fake_node/hook/cmake_prefix_path.sh'
[30.747s] Level 1:colcon.colcon_core.environment:checking '/home/njoy/ROS/turtlebot3_ws/install/turtlebot3_fake_node/lib'
[30.747s] Level 1:colcon.colcon_core.environment:checking '/home/njoy/ROS/turtlebot3_ws/install/turtlebot3_fake_node/bin'
[30.747s] Level 1:colcon.colcon_core.environment:checking '/home/njoy/ROS/turtlebot3_ws/install/turtlebot3_fake_node/lib/pkgconfig/turtlebot3_fake_node.pc'
[30.747s] Level 1:colcon.colcon_core.environment:checking '/home/njoy/ROS/turtlebot3_ws/install/turtlebot3_fake_node/lib/python3.12/site-packages'
[30.747s] Level 1:colcon.colcon_core.environment:checking '/home/njoy/ROS/turtlebot3_ws/install/turtlebot3_fake_node/bin'
[30.747s] INFO:colcon.colcon_core.shell:Creating package script '/home/njoy/ROS/turtlebot3_ws/install/turtlebot3_fake_node/share/turtlebot3_fake_node/package.ps1'
[30.748s] INFO:colcon.colcon_core.shell:Creating package descriptor '/home/njoy/ROS/turtlebot3_ws/install/turtlebot3_fake_node/share/turtlebot3_fake_node/package.dsv'
[30.748s] INFO:colcon.colcon_core.shell:Creating package script '/home/njoy/ROS/turtlebot3_ws/install/turtlebot3_fake_node/share/turtlebot3_fake_node/package.sh'
[30.748s] INFO:colcon.colcon_core.shell:Creating package script '/home/njoy/ROS/turtlebot3_ws/install/turtlebot3_fake_node/share/turtlebot3_fake_node/package.bash'
[30.749s] INFO:colcon.colcon_core.shell:Creating package script '/home/njoy/ROS/turtlebot3_ws/install/turtlebot3_fake_node/share/turtlebot3_fake_node/package.zsh'
[30.749s] Level 1:colcon.colcon_core.environment:create_file_with_runtime_dependencies(/home/njoy/ROS/turtlebot3_ws/install/turtlebot3_fake_node/share/colcon-core/packages/turtlebot3_fake_node)
[30.749s] INFO:colcon.colcon_ros.task.ament_cmake.build:Building ROS package in '/home/njoy/ROS/turtlebot3_ws/src/turtlebot3_simulations/turtlebot3_simulations' with build type 'ament_cmake'
[30.750s] INFO:colcon.colcon_cmake.task.cmake.build:Building CMake package in '/home/njoy/ROS/turtlebot3_ws/src/turtlebot3_simulations/turtlebot3_simulations'
[30.750s] INFO:colcon.colcon_core.shell:Skip shell extension 'powershell' for command environment: Not usable outside of PowerShell
[30.750s] DEBUG:colcon.colcon_core.shell:Skip shell extension 'dsv' for command environment
[30.777s] DEBUG:colcon.colcon_core.event_handler.log_command:Invoking command in '/home/njoy/ROS/turtlebot3_ws/build/turtlebot3_simulations': AMENT_PREFIX_PATH=/home/njoy/ROS/turtlebot3_ws/install/turtlebot3_fake_node:/home/njoy/ROS/turtlebot3_ws/install/turtlebot3_msgs:/home/njoy/ROS/turtlebot3_ws/install/turtlebot3_gazebo:${AMENT_PREFIX_PATH} CMAKE_PREFIX_PATH=/home/njoy/ROS/turtlebot3_ws/install/turtlebot3_fake_node:/home/njoy/ROS/turtlebot3_ws/install/turtlebot3_msgs:/home/njoy/ROS/turtlebot3_ws/install/turtlebot3_gazebo:/home/njoy/ROS/turtlebot3_ws/install/turtlebot3:/home/njoy/ROS/turtlebot3_ws/install/turtlebot3_simulations:/home/njoy/ROS/turtlebot3_ws/install/turtlebot3_bringup:/home/njoy/ROS/turtlebot3_ws/install/turtlebot3_node:/home/njoy/ROS/turtlebot3_ws/install/turtlebot3_navigation2:/home/njoy/ROS/turtlebot3_ws/install/turtlebot3_description:/home/njoy/ROS/turtlebot3_ws/install/turtlebot3_cartographer:/home/njoy/ROS/turtlebot3_ws/install/dynamixel_sdk_examples:/home/njoy/ROS/turtlebot3_ws/install/dynamixel_sdk_custom_interfaces:/home/njoy/ROS/turtlebot3_ws/install/dynamixel_sdk:/opt/ros/jazzy/opt/gz_sim_vendor:/opt/ros/jazzy/opt/gz_sensors_vendor:/opt/ros/jazzy/opt/gz_physics_vendor:/opt/ros/jazzy/opt/sdformat_vendor:/opt/ros/jazzy/opt/gz_gui_vendor:/opt/ros/jazzy/opt/gz_transport_vendor:/opt/ros/jazzy/opt/gz_rendering_vendor:/opt/ros/jazzy/opt/gz_plugin_vendor:/opt/ros/jazzy/opt/gz_fuel_tools_vendor:/opt/ros/jazzy/opt/gz_msgs_vendor:/opt/ros/jazzy/opt/gz_common_vendor:/opt/ros/jazzy/opt/gz_math_vendor:/opt/ros/jazzy/opt/gz_utils_vendor:/opt/ros/jazzy/opt/gz_tools_vendor:/opt/ros/jazzy/opt/gz_ogre_next_vendor:/opt/ros/jazzy/opt/gz_dartsim_vendor:/opt/ros/jazzy/opt/gz_cmake_vendor:/home/njoy/ROS/ros_ws/turtlebot3_ws/install/turtlebot3:/home/njoy/ROS/ros_ws/turtlebot3_ws/install/turtlebot3_simulations:/home/njoy/ROS/ros_ws/turtlebot3_ws/install/turtlebot3_bringup:/home/njoy/ROS/ros_ws/turtlebot3_ws/install/turtlebot3_node:/home/njoy/ROS/ros_ws/turtlebot3_ws/install/turtlebot3_navigation2:/home/njoy/ROS/ros_ws/turtlebot3_ws/install/turtlebot3_fake_node:/home/njoy/ROS/ros_ws/turtlebot3_ws/install/turtlebot3_msgs:/home/njoy/ROS/ros_ws/turtlebot3_ws/install/turtlebot3_gazebo:/home/njoy/ROS/ros_ws/turtlebot3_ws/install/turtlebot3_description:/home/njoy/ROS/ros_ws/turtlebot3_ws/install/turtlebot3_cartographer:/home/njoy/ROS/ros_ws/turtlebot3_ws/install/dynamixel_sdk_examples:/home/njoy/ROS/ros_ws/turtlebot3_ws/install/dynamixel_sdk_custom_interfaces:/home/njoy/ROS/ros_ws/turtlebot3_ws/install/dynamixel_sdk:/home/njoy/ROS/turtlebot3_ws/install/turtlebot3_teleop:/home/njoy/ROS/turtlebot3_ws/install/turtlebot3_example:/opt/ros/jazzy:/home/njoy/ROS/ros_ws/turtlebot3_ws/install/turtlebot3_teleop:/home/njoy/ROS/ros_ws/turtlebot3_ws/install/turtlebot3_example DEBUGINFOD_URLS=ima:enforcing https://debuginfod.fedoraproject.org/ ima:ignore PS1=📦[\u@rover-dev-container \W]$ PYTHONPATH=/home/njoy/ROS/turtlebot3_ws/install/turtlebot3_msgs/lib/python3.12/site-packages:/home/njoy/ROS/turtlebot3_ws/install/turtlebot3_teleop/lib/python3.12/site-packages:/home/njoy/ROS/turtlebot3_ws/install/turtlebot3_example/lib/python3.12/site-packages:/home/njoy/ROS/turtlebot3_ws/install/dynamixel_sdk_custom_interfaces/lib/python3.12/site-packages:/home/njoy/ROS/turtlebot3_ws/install/dynamixel_sdk/lib/python3.12/site-packages:/opt/ros/jazzy/lib/python3.12/site-packages:/home/njoy/ROS/ros_ws/turtlebot3_ws/build/turtlebot3_teleop:/home/njoy/ROS/ros_ws/turtlebot3_ws/install/turtlebot3_teleop/lib/python3.12/site-packages:/home/njoy/ROS/ros_ws/turtlebot3_ws/build/turtlebot3_example:/home/njoy/ROS/ros_ws/turtlebot3_ws/install/turtlebot3_example/lib/python3.12/site-packages:/home/njoy/ROS/ros_ws/turtlebot3_ws/install/turtlebot3_msgs/lib/python3.12/site-packages:/home/njoy/ROS/ros_ws/turtlebot3_ws/install/dynamixel_sdk_custom_interfaces/lib/python3.12/site-packages:/home/njoy/ROS/ros_ws/turtlebot3_ws/install/dynamixel_sdk/lib/python3.12/site-packages /usr/bin/cmake /home/njoy/ROS/turtlebot3_ws/src/turtlebot3_simulations/turtlebot3_simulations -DAMENT_CMAKE_SYMLINK_INSTALL=1 -DCMAKE_INSTALL_PREFIX=/home/njoy/ROS/turtlebot3_ws/install/turtlebot3_simulations
[31.762s] DEBUG:colcon.colcon_core.event_handler.log_command:Invoked command in '/home/njoy/ROS/turtlebot3_ws/build/turtlebot3_simulations' returned '0': AMENT_PREFIX_PATH=/home/njoy/ROS/turtlebot3_ws/install/turtlebot3_fake_node:/home/njoy/ROS/turtlebot3_ws/install/turtlebot3_msgs:/home/njoy/ROS/turtlebot3_ws/install/turtlebot3_gazebo:${AMENT_PREFIX_PATH} CMAKE_PREFIX_PATH=/home/njoy/ROS/turtlebot3_ws/install/turtlebot3_fake_node:/home/njoy/ROS/turtlebot3_ws/install/turtlebot3_msgs:/home/njoy/ROS/turtlebot3_ws/install/turtlebot3_gazebo:/home/njoy/ROS/turtlebot3_ws/install/turtlebot3:/home/njoy/ROS/turtlebot3_ws/install/turtlebot3_simulations:/home/njoy/ROS/turtlebot3_ws/install/turtlebot3_bringup:/home/njoy/ROS/turtlebot3_ws/install/turtlebot3_node:/home/njoy/ROS/turtlebot3_ws/install/turtlebot3_navigation2:/home/njoy/ROS/turtlebot3_ws/install/turtlebot3_description:/home/njoy/ROS/turtlebot3_ws/install/turtlebot3_cartographer:/home/njoy/ROS/turtlebot3_ws/install/dynamixel_sdk_examples:/home/njoy/ROS/turtlebot3_ws/install/dynamixel_sdk_custom_interfaces:/home/njoy/ROS/turtlebot3_ws/install/dynamixel_sdk:/opt/ros/jazzy/opt/gz_sim_vendor:/opt/ros/jazzy/opt/gz_sensors_vendor:/opt/ros/jazzy/opt/gz_physics_vendor:/opt/ros/jazzy/opt/sdformat_vendor:/opt/ros/jazzy/opt/gz_gui_vendor:/opt/ros/jazzy/opt/gz_transport_vendor:/opt/ros/jazzy/opt/gz_rendering_vendor:/opt/ros/jazzy/opt/gz_plugin_vendor:/opt/ros/jazzy/opt/gz_fuel_tools_vendor:/opt/ros/jazzy/opt/gz_msgs_vendor:/opt/ros/jazzy/opt/gz_common_vendor:/opt/ros/jazzy/opt/gz_math_vendor:/opt/ros/jazzy/opt/gz_utils_vendor:/opt/ros/jazzy/opt/gz_tools_vendor:/opt/ros/jazzy/opt/gz_ogre_next_vendor:/opt/ros/jazzy/opt/gz_dartsim_vendor:/opt/ros/jazzy/opt/gz_cmake_vendor:/home/njoy/ROS/ros_ws/turtlebot3_ws/install/turtlebot3:/home/njoy/ROS/ros_ws/turtlebot3_ws/install/turtlebot3_simulations:/home/njoy/ROS/ros_ws/turtlebot3_ws/install/turtlebot3_bringup:/home/njoy/ROS/ros_ws/turtlebot3_ws/install/turtlebot3_node:/home/njoy/ROS/ros_ws/turtlebot3_ws/install/turtlebot3_navigation2:/home/njoy/ROS/ros_ws/turtlebot3_ws/install/turtlebot3_fake_node:/home/njoy/ROS/ros_ws/turtlebot3_ws/install/turtlebot3_msgs:/home/njoy/ROS/ros_ws/turtlebot3_ws/install/turtlebot3_gazebo:/home/njoy/ROS/ros_ws/turtlebot3_ws/install/turtlebot3_description:/home/njoy/ROS/ros_ws/turtlebot3_ws/install/turtlebot3_cartographer:/home/njoy/ROS/ros_ws/turtlebot3_ws/install/dynamixel_sdk_examples:/home/njoy/ROS/ros_ws/turtlebot3_ws/install/dynamixel_sdk_custom_interfaces:/home/njoy/ROS/ros_ws/turtlebot3_ws/install/dynamixel_sdk:/home/njoy/ROS/turtlebot3_ws/install/turtlebot3_teleop:/home/njoy/ROS/turtlebot3_ws/install/turtlebot3_example:/opt/ros/jazzy:/home/njoy/ROS/ros_ws/turtlebot3_ws/install/turtlebot3_teleop:/home/njoy/ROS/ros_ws/turtlebot3_ws/install/turtlebot3_example DEBUGINFOD_URLS=ima:enforcing https://debuginfod.fedoraproject.org/ ima:ignore PS1=📦[\u@rover-dev-container \W]$ PYTHONPATH=/home/njoy/ROS/turtlebot3_ws/install/turtlebot3_msgs/lib/python3.12/site-packages:/home/njoy/ROS/turtlebot3_ws/install/turtlebot3_teleop/lib/python3.12/site-packages:/home/njoy/ROS/turtlebot3_ws/install/turtlebot3_example/lib/python3.12/site-packages:/home/njoy/ROS/turtlebot3_ws/install/dynamixel_sdk_custom_interfaces/lib/python3.12/site-packages:/home/njoy/ROS/turtlebot3_ws/install/dynamixel_sdk/lib/python3.12/site-packages:/opt/ros/jazzy/lib/python3.12/site-packages:/home/njoy/ROS/ros_ws/turtlebot3_ws/build/turtlebot3_teleop:/home/njoy/ROS/ros_ws/turtlebot3_ws/install/turtlebot3_teleop/lib/python3.12/site-packages:/home/njoy/ROS/ros_ws/turtlebot3_ws/build/turtlebot3_example:/home/njoy/ROS/ros_ws/turtlebot3_ws/install/turtlebot3_example/lib/python3.12/site-packages:/home/njoy/ROS/ros_ws/turtlebot3_ws/install/turtlebot3_msgs/lib/python3.12/site-packages:/home/njoy/ROS/ros_ws/turtlebot3_ws/install/dynamixel_sdk_custom_interfaces/lib/python3.12/site-packages:/home/njoy/ROS/ros_ws/turtlebot3_ws/install/dynamixel_sdk/lib/python3.12/site-packages /usr/bin/cmake /home/njoy/ROS/turtlebot3_ws/src/turtlebot3_simulations/turtlebot3_simulations -DAMENT_CMAKE_SYMLINK_INSTALL=1 -DCMAKE_INSTALL_PREFIX=/home/njoy/ROS/turtlebot3_ws/install/turtlebot3_simulations
[31.763s] DEBUG:colcon.colcon_core.event_handler.log_command:Invoking command in '/home/njoy/ROS/turtlebot3_ws/build/turtlebot3_simulations': AMENT_PREFIX_PATH=/home/njoy/ROS/turtlebot3_ws/install/turtlebot3_fake_node:/home/njoy/ROS/turtlebot3_ws/install/turtlebot3_msgs:/home/njoy/ROS/turtlebot3_ws/install/turtlebot3_gazebo:${AMENT_PREFIX_PATH} CMAKE_PREFIX_PATH=/home/njoy/ROS/turtlebot3_ws/install/turtlebot3_fake_node:/home/njoy/ROS/turtlebot3_ws/install/turtlebot3_msgs:/home/njoy/ROS/turtlebot3_ws/install/turtlebot3_gazebo:/home/njoy/ROS/turtlebot3_ws/install/turtlebot3:/home/njoy/ROS/turtlebot3_ws/install/turtlebot3_simulations:/home/njoy/ROS/turtlebot3_ws/install/turtlebot3_bringup:/home/njoy/ROS/turtlebot3_ws/install/turtlebot3_node:/home/njoy/ROS/turtlebot3_ws/install/turtlebot3_navigation2:/home/njoy/ROS/turtlebot3_ws/install/turtlebot3_description:/home/njoy/ROS/turtlebot3_ws/install/turtlebot3_cartographer:/home/njoy/ROS/turtlebot3_ws/install/dynamixel_sdk_examples:/home/njoy/ROS/turtlebot3_ws/install/dynamixel_sdk_custom_interfaces:/home/njoy/ROS/turtlebot3_ws/install/dynamixel_sdk:/opt/ros/jazzy/opt/gz_sim_vendor:/opt/ros/jazzy/opt/gz_sensors_vendor:/opt/ros/jazzy/opt/gz_physics_vendor:/opt/ros/jazzy/opt/sdformat_vendor:/opt/ros/jazzy/opt/gz_gui_vendor:/opt/ros/jazzy/opt/gz_transport_vendor:/opt/ros/jazzy/opt/gz_rendering_vendor:/opt/ros/jazzy/opt/gz_plugin_vendor:/opt/ros/jazzy/opt/gz_fuel_tools_vendor:/opt/ros/jazzy/opt/gz_msgs_vendor:/opt/ros/jazzy/opt/gz_common_vendor:/opt/ros/jazzy/opt/gz_math_vendor:/opt/ros/jazzy/opt/gz_utils_vendor:/opt/ros/jazzy/opt/gz_tools_vendor:/opt/ros/jazzy/opt/gz_ogre_next_vendor:/opt/ros/jazzy/opt/gz_dartsim_vendor:/opt/ros/jazzy/opt/gz_cmake_vendor:/home/njoy/ROS/ros_ws/turtlebot3_ws/install/turtlebot3:/home/njoy/ROS/ros_ws/turtlebot3_ws/install/turtlebot3_simulations:/home/njoy/ROS/ros_ws/turtlebot3_ws/install/turtlebot3_bringup:/home/njoy/ROS/ros_ws/turtlebot3_ws/install/turtlebot3_node:/home/njoy/ROS/ros_ws/turtlebot3_ws/install/turtlebot3_navigation2:/home/njoy/ROS/ros_ws/turtlebot3_ws/install/turtlebot3_fake_node:/home/njoy/ROS/ros_ws/turtlebot3_ws/install/turtlebot3_msgs:/home/njoy/ROS/ros_ws/turtlebot3_ws/install/turtlebot3_gazebo:/home/njoy/ROS/ros_ws/turtlebot3_ws/install/turtlebot3_description:/home/njoy/ROS/ros_ws/turtlebot3_ws/install/turtlebot3_cartographer:/home/njoy/ROS/ros_ws/turtlebot3_ws/install/dynamixel_sdk_examples:/home/njoy/ROS/ros_ws/turtlebot3_ws/install/dynamixel_sdk_custom_interfaces:/home/njoy/ROS/ros_ws/turtlebot3_ws/install/dynamixel_sdk:/home/njoy/ROS/turtlebot3_ws/install/turtlebot3_teleop:/home/njoy/ROS/turtlebot3_ws/install/turtlebot3_example:/opt/ros/jazzy:/home/njoy/ROS/ros_ws/turtlebot3_ws/install/turtlebot3_teleop:/home/njoy/ROS/ros_ws/turtlebot3_ws/install/turtlebot3_example DEBUGINFOD_URLS=ima:enforcing https://debuginfod.fedoraproject.org/ ima:ignore PS1=📦[\u@rover-dev-container \W]$ PYTHONPATH=/home/njoy/ROS/turtlebot3_ws/install/turtlebot3_msgs/lib/python3.12/site-packages:/home/njoy/ROS/turtlebot3_ws/install/turtlebot3_teleop/lib/python3.12/site-packages:/home/njoy/ROS/turtlebot3_ws/install/turtlebot3_example/lib/python3.12/site-packages:/home/njoy/ROS/turtlebot3_ws/install/dynamixel_sdk_custom_interfaces/lib/python3.12/site-packages:/home/njoy/ROS/turtlebot3_ws/install/dynamixel_sdk/lib/python3.12/site-packages:/opt/ros/jazzy/lib/python3.12/site-packages:/home/njoy/ROS/ros_ws/turtlebot3_ws/build/turtlebot3_teleop:/home/njoy/ROS/ros_ws/turtlebot3_ws/install/turtlebot3_teleop/lib/python3.12/site-packages:/home/njoy/ROS/ros_ws/turtlebot3_ws/build/turtlebot3_example:/home/njoy/ROS/ros_ws/turtlebot3_ws/install/turtlebot3_example/lib/python3.12/site-packages:/home/njoy/ROS/ros_ws/turtlebot3_ws/install/turtlebot3_msgs/lib/python3.12/site-packages:/home/njoy/ROS/ros_ws/turtlebot3_ws/install/dynamixel_sdk_custom_interfaces/lib/python3.12/site-packages:/home/njoy/ROS/ros_ws/turtlebot3_ws/install/dynamixel_sdk/lib/python3.12/site-packages /usr/bin/cmake --build /home/njoy/ROS/turtlebot3_ws/build/turtlebot3_simulations -- -j16 -l16
[31.826s] DEBUG:colcon.colcon_core.event_handler.log_command:Invoked command in '/home/njoy/ROS/turtlebot3_ws/build/turtlebot3_simulations' returned '0': AMENT_PREFIX_PATH=/home/njoy/ROS/turtlebot3_ws/install/turtlebot3_fake_node:/home/njoy/ROS/turtlebot3_ws/install/turtlebot3_msgs:/home/njoy/ROS/turtlebot3_ws/install/turtlebot3_gazebo:${AMENT_PREFIX_PATH} CMAKE_PREFIX_PATH=/home/njoy/ROS/turtlebot3_ws/install/turtlebot3_fake_node:/home/njoy/ROS/turtlebot3_ws/install/turtlebot3_msgs:/home/njoy/ROS/turtlebot3_ws/install/turtlebot3_gazebo:/home/njoy/ROS/turtlebot3_ws/install/turtlebot3:/home/njoy/ROS/turtlebot3_ws/install/turtlebot3_simulations:/home/njoy/ROS/turtlebot3_ws/install/turtlebot3_bringup:/home/njoy/ROS/turtlebot3_ws/install/turtlebot3_node:/home/njoy/ROS/turtlebot3_ws/install/turtlebot3_navigation2:/home/njoy/ROS/turtlebot3_ws/install/turtlebot3_description:/home/njoy/ROS/turtlebot3_ws/install/turtlebot3_cartographer:/home/njoy/ROS/turtlebot3_ws/install/dynamixel_sdk_examples:/home/njoy/ROS/turtlebot3_ws/install/dynamixel_sdk_custom_interfaces:/home/njoy/ROS/turtlebot3_ws/install/dynamixel_sdk:/opt/ros/jazzy/opt/gz_sim_vendor:/opt/ros/jazzy/opt/gz_sensors_vendor:/opt/ros/jazzy/opt/gz_physics_vendor:/opt/ros/jazzy/opt/sdformat_vendor:/opt/ros/jazzy/opt/gz_gui_vendor:/opt/ros/jazzy/opt/gz_transport_vendor:/opt/ros/jazzy/opt/gz_rendering_vendor:/opt/ros/jazzy/opt/gz_plugin_vendor:/opt/ros/jazzy/opt/gz_fuel_tools_vendor:/opt/ros/jazzy/opt/gz_msgs_vendor:/opt/ros/jazzy/opt/gz_common_vendor:/opt/ros/jazzy/opt/gz_math_vendor:/opt/ros/jazzy/opt/gz_utils_vendor:/opt/ros/jazzy/opt/gz_tools_vendor:/opt/ros/jazzy/opt/gz_ogre_next_vendor:/opt/ros/jazzy/opt/gz_dartsim_vendor:/opt/ros/jazzy/opt/gz_cmake_vendor:/home/njoy/ROS/ros_ws/turtlebot3_ws/install/turtlebot3:/home/njoy/ROS/ros_ws/turtlebot3_ws/install/turtlebot3_simulations:/home/njoy/ROS/ros_ws/turtlebot3_ws/install/turtlebot3_bringup:/home/njoy/ROS/ros_ws/turtlebot3_ws/install/turtlebot3_node:/home/njoy/ROS/ros_ws/turtlebot3_ws/install/turtlebot3_navigation2:/home/njoy/ROS/ros_ws/turtlebot3_ws/install/turtlebot3_fake_node:/home/njoy/ROS/ros_ws/turtlebot3_ws/install/turtlebot3_msgs:/home/njoy/ROS/ros_ws/turtlebot3_ws/install/turtlebot3_gazebo:/home/njoy/ROS/ros_ws/turtlebot3_ws/install/turtlebot3_description:/home/njoy/ROS/ros_ws/turtlebot3_ws/install/turtlebot3_cartographer:/home/njoy/ROS/ros_ws/turtlebot3_ws/install/dynamixel_sdk_examples:/home/njoy/ROS/ros_ws/turtlebot3_ws/install/dynamixel_sdk_custom_interfaces:/home/njoy/ROS/ros_ws/turtlebot3_ws/install/dynamixel_sdk:/home/njoy/ROS/turtlebot3_ws/install/turtlebot3_teleop:/home/njoy/ROS/turtlebot3_ws/install/turtlebot3_example:/opt/ros/jazzy:/home/njoy/ROS/ros_ws/turtlebot3_ws/install/turtlebot3_teleop:/home/njoy/ROS/ros_ws/turtlebot3_ws/install/turtlebot3_example DEBUGINFOD_URLS=ima:enforcing https://debuginfod.fedoraproject.org/ ima:ignore PS1=📦[\u@rover-dev-container \W]$ PYTHONPATH=/home/njoy/ROS/turtlebot3_ws/install/turtlebot3_msgs/lib/python3.12/site-packages:/home/njoy/ROS/turtlebot3_ws/install/turtlebot3_teleop/lib/python3.12/site-packages:/home/njoy/ROS/turtlebot3_ws/install/turtlebot3_example/lib/python3.12/site-packages:/home/njoy/ROS/turtlebot3_ws/install/dynamixel_sdk_custom_interfaces/lib/python3.12/site-packages:/home/njoy/ROS/turtlebot3_ws/install/dynamixel_sdk/lib/python3.12/site-packages:/opt/ros/jazzy/lib/python3.12/site-packages:/home/njoy/ROS/ros_ws/turtlebot3_ws/build/turtlebot3_teleop:/home/njoy/ROS/ros_ws/turtlebot3_ws/install/turtlebot3_teleop/lib/python3.12/site-packages:/home/njoy/ROS/ros_ws/turtlebot3_ws/build/turtlebot3_example:/home/njoy/ROS/ros_ws/turtlebot3_ws/install/turtlebot3_example/lib/python3.12/site-packages:/home/njoy/ROS/ros_ws/turtlebot3_ws/install/turtlebot3_msgs/lib/python3.12/site-packages:/home/njoy/ROS/ros_ws/turtlebot3_ws/install/dynamixel_sdk_custom_interfaces/lib/python3.12/site-packages:/home/njoy/ROS/ros_ws/turtlebot3_ws/install/dynamixel_sdk/lib/python3.12/site-packages /usr/bin/cmake --build /home/njoy/ROS/turtlebot3_ws/build/turtlebot3_simulations -- -j16 -l16
[31.827s] DEBUG:colcon.colcon_core.event_handler.log_command:Invoking command in '/home/njoy/ROS/turtlebot3_ws/build/turtlebot3_simulations': AMENT_PREFIX_PATH=/home/njoy/ROS/turtlebot3_ws/install/turtlebot3_fake_node:/home/njoy/ROS/turtlebot3_ws/install/turtlebot3_msgs:/home/njoy/ROS/turtlebot3_ws/install/turtlebot3_gazebo:${AMENT_PREFIX_PATH} CMAKE_PREFIX_PATH=/home/njoy/ROS/turtlebot3_ws/install/turtlebot3_fake_node:/home/njoy/ROS/turtlebot3_ws/install/turtlebot3_msgs:/home/njoy/ROS/turtlebot3_ws/install/turtlebot3_gazebo:/home/njoy/ROS/turtlebot3_ws/install/turtlebot3:/home/njoy/ROS/turtlebot3_ws/install/turtlebot3_simulations:/home/njoy/ROS/turtlebot3_ws/install/turtlebot3_bringup:/home/njoy/ROS/turtlebot3_ws/install/turtlebot3_node:/home/njoy/ROS/turtlebot3_ws/install/turtlebot3_navigation2:/home/njoy/ROS/turtlebot3_ws/install/turtlebot3_description:/home/njoy/ROS/turtlebot3_ws/install/turtlebot3_cartographer:/home/njoy/ROS/turtlebot3_ws/install/dynamixel_sdk_examples:/home/njoy/ROS/turtlebot3_ws/install/dynamixel_sdk_custom_interfaces:/home/njoy/ROS/turtlebot3_ws/install/dynamixel_sdk:/opt/ros/jazzy/opt/gz_sim_vendor:/opt/ros/jazzy/opt/gz_sensors_vendor:/opt/ros/jazzy/opt/gz_physics_vendor:/opt/ros/jazzy/opt/sdformat_vendor:/opt/ros/jazzy/opt/gz_gui_vendor:/opt/ros/jazzy/opt/gz_transport_vendor:/opt/ros/jazzy/opt/gz_rendering_vendor:/opt/ros/jazzy/opt/gz_plugin_vendor:/opt/ros/jazzy/opt/gz_fuel_tools_vendor:/opt/ros/jazzy/opt/gz_msgs_vendor:/opt/ros/jazzy/opt/gz_common_vendor:/opt/ros/jazzy/opt/gz_math_vendor:/opt/ros/jazzy/opt/gz_utils_vendor:/opt/ros/jazzy/opt/gz_tools_vendor:/opt/ros/jazzy/opt/gz_ogre_next_vendor:/opt/ros/jazzy/opt/gz_dartsim_vendor:/opt/ros/jazzy/opt/gz_cmake_vendor:/home/njoy/ROS/ros_ws/turtlebot3_ws/install/turtlebot3:/home/njoy/ROS/ros_ws/turtlebot3_ws/install/turtlebot3_simulations:/home/njoy/ROS/ros_ws/turtlebot3_ws/install/turtlebot3_bringup:/home/njoy/ROS/ros_ws/turtlebot3_ws/install/turtlebot3_node:/home/njoy/ROS/ros_ws/turtlebot3_ws/install/turtlebot3_navigation2:/home/njoy/ROS/ros_ws/turtlebot3_ws/install/turtlebot3_fake_node:/home/njoy/ROS/ros_ws/turtlebot3_ws/install/turtlebot3_msgs:/home/njoy/ROS/ros_ws/turtlebot3_ws/install/turtlebot3_gazebo:/home/njoy/ROS/ros_ws/turtlebot3_ws/install/turtlebot3_description:/home/njoy/ROS/ros_ws/turtlebot3_ws/install/turtlebot3_cartographer:/home/njoy/ROS/ros_ws/turtlebot3_ws/install/dynamixel_sdk_examples:/home/njoy/ROS/ros_ws/turtlebot3_ws/install/dynamixel_sdk_custom_interfaces:/home/njoy/ROS/ros_ws/turtlebot3_ws/install/dynamixel_sdk:/home/njoy/ROS/turtlebot3_ws/install/turtlebot3_teleop:/home/njoy/ROS/turtlebot3_ws/install/turtlebot3_example:/opt/ros/jazzy:/home/njoy/ROS/ros_ws/turtlebot3_ws/install/turtlebot3_teleop:/home/njoy/ROS/ros_ws/turtlebot3_ws/install/turtlebot3_example DEBUGINFOD_URLS=ima:enforcing https://debuginfod.fedoraproject.org/ ima:ignore PS1=📦[\u@rover-dev-container \W]$ PYTHONPATH=/home/njoy/ROS/turtlebot3_ws/install/turtlebot3_msgs/lib/python3.12/site-packages:/home/njoy/ROS/turtlebot3_ws/install/turtlebot3_teleop/lib/python3.12/site-packages:/home/njoy/ROS/turtlebot3_ws/install/turtlebot3_example/lib/python3.12/site-packages:/home/njoy/ROS/turtlebot3_ws/install/dynamixel_sdk_custom_interfaces/lib/python3.12/site-packages:/home/njoy/ROS/turtlebot3_ws/install/dynamixel_sdk/lib/python3.12/site-packages:/opt/ros/jazzy/lib/python3.12/site-packages:/home/njoy/ROS/ros_ws/turtlebot3_ws/build/turtlebot3_teleop:/home/njoy/ROS/ros_ws/turtlebot3_ws/install/turtlebot3_teleop/lib/python3.12/site-packages:/home/njoy/ROS/ros_ws/turtlebot3_ws/build/turtlebot3_example:/home/njoy/ROS/ros_ws/turtlebot3_ws/install/turtlebot3_example/lib/python3.12/site-packages:/home/njoy/ROS/ros_ws/turtlebot3_ws/install/turtlebot3_msgs/lib/python3.12/site-packages:/home/njoy/ROS/ros_ws/turtlebot3_ws/install/dynamixel_sdk_custom_interfaces/lib/python3.12/site-packages:/home/njoy/ROS/ros_ws/turtlebot3_ws/install/dynamixel_sdk/lib/python3.12/site-packages /usr/bin/cmake --install /home/njoy/ROS/turtlebot3_ws/build/turtlebot3_simulations
[32.053s] Level 1:colcon.colcon_core.environment:create_environment_scripts_only(turtlebot3_simulations)
[32.053s] Level 1:colcon.colcon_core.environment:checking '/home/njoy/ROS/turtlebot3_ws/install/turtlebot3_simulations' for CMake module files
[32.054s] DEBUG:colcon.colcon_core.event_handler.log_command:Invoked command in '/home/njoy/ROS/turtlebot3_ws/build/turtlebot3_simulations' returned '0': AMENT_PREFIX_PATH=/home/njoy/ROS/turtlebot3_ws/install/turtlebot3_fake_node:/home/njoy/ROS/turtlebot3_ws/install/turtlebot3_msgs:/home/njoy/ROS/turtlebot3_ws/install/turtlebot3_gazebo:${AMENT_PREFIX_PATH} CMAKE_PREFIX_PATH=/home/njoy/ROS/turtlebot3_ws/install/turtlebot3_fake_node:/home/njoy/ROS/turtlebot3_ws/install/turtlebot3_msgs:/home/njoy/ROS/turtlebot3_ws/install/turtlebot3_gazebo:/home/njoy/ROS/turtlebot3_ws/install/turtlebot3:/home/njoy/ROS/turtlebot3_ws/install/turtlebot3_simulations:/home/njoy/ROS/turtlebot3_ws/install/turtlebot3_bringup:/home/njoy/ROS/turtlebot3_ws/install/turtlebot3_node:/home/njoy/ROS/turtlebot3_ws/install/turtlebot3_navigation2:/home/njoy/ROS/turtlebot3_ws/install/turtlebot3_description:/home/njoy/ROS/turtlebot3_ws/install/turtlebot3_cartographer:/home/njoy/ROS/turtlebot3_ws/install/dynamixel_sdk_examples:/home/njoy/ROS/turtlebot3_ws/install/dynamixel_sdk_custom_interfaces:/home/njoy/ROS/turtlebot3_ws/install/dynamixel_sdk:/opt/ros/jazzy/opt/gz_sim_vendor:/opt/ros/jazzy/opt/gz_sensors_vendor:/opt/ros/jazzy/opt/gz_physics_vendor:/opt/ros/jazzy/opt/sdformat_vendor:/opt/ros/jazzy/opt/gz_gui_vendor:/opt/ros/jazzy/opt/gz_transport_vendor:/opt/ros/jazzy/opt/gz_rendering_vendor:/opt/ros/jazzy/opt/gz_plugin_vendor:/opt/ros/jazzy/opt/gz_fuel_tools_vendor:/opt/ros/jazzy/opt/gz_msgs_vendor:/opt/ros/jazzy/opt/gz_common_vendor:/opt/ros/jazzy/opt/gz_math_vendor:/opt/ros/jazzy/opt/gz_utils_vendor:/opt/ros/jazzy/opt/gz_tools_vendor:/opt/ros/jazzy/opt/gz_ogre_next_vendor:/opt/ros/jazzy/opt/gz_dartsim_vendor:/opt/ros/jazzy/opt/gz_cmake_vendor:/home/njoy/ROS/ros_ws/turtlebot3_ws/install/turtlebot3:/home/njoy/ROS/ros_ws/turtlebot3_ws/install/turtlebot3_simulations:/home/njoy/ROS/ros_ws/turtlebot3_ws/install/turtlebot3_bringup:/home/njoy/ROS/ros_ws/turtlebot3_ws/install/turtlebot3_node:/home/njoy/ROS/ros_ws/turtlebot3_ws/install/turtlebot3_navigation2:/home/njoy/ROS/ros_ws/turtlebot3_ws/install/turtlebot3_fake_node:/home/njoy/ROS/ros_ws/turtlebot3_ws/install/turtlebot3_msgs:/home/njoy/ROS/ros_ws/turtlebot3_ws/install/turtlebot3_gazebo:/home/njoy/ROS/ros_ws/turtlebot3_ws/install/turtlebot3_description:/home/njoy/ROS/ros_ws/turtlebot3_ws/install/turtlebot3_cartographer:/home/njoy/ROS/ros_ws/turtlebot3_ws/install/dynamixel_sdk_examples:/home/njoy/ROS/ros_ws/turtlebot3_ws/install/dynamixel_sdk_custom_interfaces:/home/njoy/ROS/ros_ws/turtlebot3_ws/install/dynamixel_sdk:/home/njoy/ROS/turtlebot3_ws/install/turtlebot3_teleop:/home/njoy/ROS/turtlebot3_ws/install/turtlebot3_example:/opt/ros/jazzy:/home/njoy/ROS/ros_ws/turtlebot3_ws/install/turtlebot3_teleop:/home/njoy/ROS/ros_ws/turtlebot3_ws/install/turtlebot3_example DEBUGINFOD_URLS=ima:enforcing https://debuginfod.fedoraproject.org/ ima:ignore PS1=📦[\u@rover-dev-container \W]$ PYTHONPATH=/home/njoy/ROS/turtlebot3_ws/install/turtlebot3_msgs/lib/python3.12/site-packages:/home/njoy/ROS/turtlebot3_ws/install/turtlebot3_teleop/lib/python3.12/site-packages:/home/njoy/ROS/turtlebot3_ws/install/turtlebot3_example/lib/python3.12/site-packages:/home/njoy/ROS/turtlebot3_ws/install/dynamixel_sdk_custom_interfaces/lib/python3.12/site-packages:/home/njoy/ROS/turtlebot3_ws/install/dynamixel_sdk/lib/python3.12/site-packages:/opt/ros/jazzy/lib/python3.12/site-packages:/home/njoy/ROS/ros_ws/turtlebot3_ws/build/turtlebot3_teleop:/home/njoy/ROS/ros_ws/turtlebot3_ws/install/turtlebot3_teleop/lib/python3.12/site-packages:/home/njoy/ROS/ros_ws/turtlebot3_ws/build/turtlebot3_example:/home/njoy/ROS/ros_ws/turtlebot3_ws/install/turtlebot3_example/lib/python3.12/site-packages:/home/njoy/ROS/ros_ws/turtlebot3_ws/install/turtlebot3_msgs/lib/python3.12/site-packages:/home/njoy/ROS/ros_ws/turtlebot3_ws/install/dynamixel_sdk_custom_interfaces/lib/python3.12/site-packages:/home/njoy/ROS/ros_ws/turtlebot3_ws/install/dynamixel_sdk/lib/python3.12/site-packages /usr/bin/cmake --install /home/njoy/ROS/turtlebot3_ws/build/turtlebot3_simulations
[32.054s] Level 1:colcon.colcon_core.environment:checking '/home/njoy/ROS/turtlebot3_ws/install/turtlebot3_simulations' for CMake config files
[32.054s] Level 1:colcon.colcon_core.shell:create_environment_hook('turtlebot3_simulations', 'cmake_prefix_path')
[32.055s] INFO:colcon.colcon_core.shell:Creating environment hook '/home/njoy/ROS/turtlebot3_ws/install/turtlebot3_simulations/share/turtlebot3_simulations/hook/cmake_prefix_path.ps1'
[32.055s] INFO:colcon.colcon_core.shell:Creating environment descriptor '/home/njoy/ROS/turtlebot3_ws/install/turtlebot3_simulations/share/turtlebot3_simulations/hook/cmake_prefix_path.dsv'
[32.055s] INFO:colcon.colcon_core.shell:Creating environment hook '/home/njoy/ROS/turtlebot3_ws/install/turtlebot3_simulations/share/turtlebot3_simulations/hook/cmake_prefix_path.sh'
[32.056s] Level 1:colcon.colcon_core.environment:checking '/home/njoy/ROS/turtlebot3_ws/install/turtlebot3_simulations/bin'
[32.056s] Level 1:colcon.colcon_core.environment:checking '/home/njoy/ROS/turtlebot3_ws/install/turtlebot3_simulations/lib/pkgconfig/turtlebot3_simulations.pc'
[32.056s] Level 1:colcon.colcon_core.environment:checking '/home/njoy/ROS/turtlebot3_ws/install/turtlebot3_simulations/lib/python3.12/site-packages'
[32.056s] Level 1:colcon.colcon_core.environment:checking '/home/njoy/ROS/turtlebot3_ws/install/turtlebot3_simulations/bin'
[32.056s] INFO:colcon.colcon_core.shell:Creating package script '/home/njoy/ROS/turtlebot3_ws/install/turtlebot3_simulations/share/turtlebot3_simulations/package.ps1'
[32.057s] INFO:colcon.colcon_core.shell:Creating package descriptor '/home/njoy/ROS/turtlebot3_ws/install/turtlebot3_simulations/share/turtlebot3_simulations/package.dsv'
[32.057s] INFO:colcon.colcon_core.shell:Creating package script '/home/njoy/ROS/turtlebot3_ws/install/turtlebot3_simulations/share/turtlebot3_simulations/package.sh'
[32.057s] INFO:colcon.colcon_core.shell:Creating package script '/home/njoy/ROS/turtlebot3_ws/install/turtlebot3_simulations/share/turtlebot3_simulations/package.bash'
[32.058s] INFO:colcon.colcon_core.shell:Creating package script '/home/njoy/ROS/turtlebot3_ws/install/turtlebot3_simulations/share/turtlebot3_simulations/package.zsh'
[32.058s] Level 1:colcon.colcon_core.environment:create_file_with_runtime_dependencies(/home/njoy/ROS/turtlebot3_ws/install/turtlebot3_simulations/share/colcon-core/packages/turtlebot3_simulations)
[32.058s] Level 1:colcon.colcon_core.environment:create_environment_scripts_only(turtlebot3_simulations)
[32.058s] Level 1:colcon.colcon_core.environment:checking '/home/njoy/ROS/turtlebot3_ws/install/turtlebot3_simulations' for CMake module files
[32.059s] Level 1:colcon.colcon_core.environment:checking '/home/njoy/ROS/turtlebot3_ws/install/turtlebot3_simulations' for CMake config files
[32.059s] Level 1:colcon.colcon_core.shell:create_environment_hook('turtlebot3_simulations', 'cmake_prefix_path')
[32.059s] INFO:colcon.colcon_core.shell:Creating environment hook '/home/njoy/ROS/turtlebot3_ws/install/turtlebot3_simulations/share/turtlebot3_simulations/hook/cmake_prefix_path.ps1'
[32.059s] INFO:colcon.colcon_core.shell:Creating environment descriptor '/home/njoy/ROS/turtlebot3_ws/install/turtlebot3_simulations/share/turtlebot3_simulations/hook/cmake_prefix_path.dsv'
[32.060s] INFO:colcon.colcon_core.shell:Creating environment hook '/home/njoy/ROS/turtlebot3_ws/install/turtlebot3_simulations/share/turtlebot3_simulations/hook/cmake_prefix_path.sh'
[32.060s] Level 1:colcon.colcon_core.environment:checking '/home/njoy/ROS/turtlebot3_ws/install/turtlebot3_simulations/bin'
[32.060s] Level 1:colcon.colcon_core.environment:checking '/home/njoy/ROS/turtlebot3_ws/install/turtlebot3_simulations/lib/pkgconfig/turtlebot3_simulations.pc'
[32.060s] Level 1:colcon.colcon_core.environment:checking '/home/njoy/ROS/turtlebot3_ws/install/turtlebot3_simulations/lib/python3.12/site-packages'
[32.061s] Level 1:colcon.colcon_core.environment:checking '/home/njoy/ROS/turtlebot3_ws/install/turtlebot3_simulations/bin'
[32.061s] INFO:colcon.colcon_core.shell:Creating package script '/home/njoy/ROS/turtlebot3_ws/install/turtlebot3_simulations/share/turtlebot3_simulations/package.ps1'
[32.061s] INFO:colcon.colcon_core.shell:Creating package descriptor '/home/njoy/ROS/turtlebot3_ws/install/turtlebot3_simulations/share/turtlebot3_simulations/package.dsv'
[32.061s] INFO:colcon.colcon_core.shell:Creating package script '/home/njoy/ROS/turtlebot3_ws/install/turtlebot3_simulations/share/turtlebot3_simulations/package.sh'
[32.062s] INFO:colcon.colcon_core.shell:Creating package script '/home/njoy/ROS/turtlebot3_ws/install/turtlebot3_simulations/share/turtlebot3_simulations/package.bash'
[32.062s] INFO:colcon.colcon_core.shell:Creating package script '/home/njoy/ROS/turtlebot3_ws/install/turtlebot3_simulations/share/turtlebot3_simulations/package.zsh'
[32.063s] Level 1:colcon.colcon_core.environment:create_file_with_runtime_dependencies(/home/njoy/ROS/turtlebot3_ws/install/turtlebot3_simulations/share/colcon-core/packages/turtlebot3_simulations)
[39.113s] DEBUG:colcon.colcon_core.event_handler.log_command:Invoked command in '/home/njoy/ROS/turtlebot3_ws/build/turtlebot3_node' returned '0': AMENT_PREFIX_PATH=/home/njoy/ROS/turtlebot3_ws/install/turtlebot3_msgs:/home/njoy/ROS/turtlebot3_ws/install/dynamixel_sdk:${AMENT_PREFIX_PATH} CMAKE_PREFIX_PATH=/home/njoy/ROS/turtlebot3_ws/install/turtlebot3_msgs:/home/njoy/ROS/turtlebot3_ws/install/dynamixel_sdk:/home/njoy/ROS/turtlebot3_ws/install/turtlebot3:/home/njoy/ROS/turtlebot3_ws/install/turtlebot3_simulations:/home/njoy/ROS/turtlebot3_ws/install/turtlebot3_bringup:/home/njoy/ROS/turtlebot3_ws/install/turtlebot3_node:/home/njoy/ROS/turtlebot3_ws/install/turtlebot3_navigation2:/home/njoy/ROS/turtlebot3_ws/install/turtlebot3_fake_node:/home/njoy/ROS/turtlebot3_ws/install/turtlebot3_gazebo:/home/njoy/ROS/turtlebot3_ws/install/turtlebot3_description:/home/njoy/ROS/turtlebot3_ws/install/turtlebot3_cartographer:/home/njoy/ROS/turtlebot3_ws/install/dynamixel_sdk_examples:/home/njoy/ROS/turtlebot3_ws/install/dynamixel_sdk_custom_interfaces:/opt/ros/jazzy/opt/gz_sim_vendor:/opt/ros/jazzy/opt/gz_sensors_vendor:/opt/ros/jazzy/opt/gz_physics_vendor:/opt/ros/jazzy/opt/sdformat_vendor:/opt/ros/jazzy/opt/gz_gui_vendor:/opt/ros/jazzy/opt/gz_transport_vendor:/opt/ros/jazzy/opt/gz_rendering_vendor:/opt/ros/jazzy/opt/gz_plugin_vendor:/opt/ros/jazzy/opt/gz_fuel_tools_vendor:/opt/ros/jazzy/opt/gz_msgs_vendor:/opt/ros/jazzy/opt/gz_common_vendor:/opt/ros/jazzy/opt/gz_math_vendor:/opt/ros/jazzy/opt/gz_utils_vendor:/opt/ros/jazzy/opt/gz_tools_vendor:/opt/ros/jazzy/opt/gz_ogre_next_vendor:/opt/ros/jazzy/opt/gz_dartsim_vendor:/opt/ros/jazzy/opt/gz_cmake_vendor:/home/njoy/ROS/ros_ws/turtlebot3_ws/install/turtlebot3:/home/njoy/ROS/ros_ws/turtlebot3_ws/install/turtlebot3_simulations:/home/njoy/ROS/ros_ws/turtlebot3_ws/install/turtlebot3_bringup:/home/njoy/ROS/ros_ws/turtlebot3_ws/install/turtlebot3_node:/home/njoy/ROS/ros_ws/turtlebot3_ws/install/turtlebot3_navigation2:/home/njoy/ROS/ros_ws/turtlebot3_ws/install/turtlebot3_fake_node:/home/njoy/ROS/ros_ws/turtlebot3_ws/install/turtlebot3_msgs:/home/njoy/ROS/ros_ws/turtlebot3_ws/install/turtlebot3_gazebo:/home/njoy/ROS/ros_ws/turtlebot3_ws/install/turtlebot3_description:/home/njoy/ROS/ros_ws/turtlebot3_ws/install/turtlebot3_cartographer:/home/njoy/ROS/ros_ws/turtlebot3_ws/install/dynamixel_sdk_examples:/home/njoy/ROS/ros_ws/turtlebot3_ws/install/dynamixel_sdk_custom_interfaces:/home/njoy/ROS/ros_ws/turtlebot3_ws/install/dynamixel_sdk:/home/njoy/ROS/turtlebot3_ws/install/turtlebot3_teleop:/home/njoy/ROS/turtlebot3_ws/install/turtlebot3_example:/opt/ros/jazzy:/home/njoy/ROS/ros_ws/turtlebot3_ws/install/turtlebot3_teleop:/home/njoy/ROS/ros_ws/turtlebot3_ws/install/turtlebot3_example DEBUGINFOD_URLS=ima:enforcing https://debuginfod.fedoraproject.org/ ima:ignore LD_LIBRARY_PATH=/home/njoy/ROS/turtlebot3_ws/install/turtlebot3_msgs/lib:/home/njoy/ROS/turtlebot3_ws/install/dynamixel_sdk/lib:/home/njoy/ROS/turtlebot3_ws/install/dynamixel_sdk_custom_interfaces/lib:/opt/ros/jazzy/opt/gz_sim_vendor/lib:/opt/ros/jazzy/opt/gz_sensors_vendor/lib:/opt/ros/jazzy/opt/gz_physics_vendor/lib:/opt/ros/jazzy/opt/sdformat_vendor/lib:/opt/ros/jazzy/opt/rviz_ogre_vendor/lib:/opt/ros/jazzy/lib/x86_64-linux-gnu:/opt/ros/jazzy/opt/gz_gui_vendor/lib:/opt/ros/jazzy/opt/gz_transport_vendor/lib:/opt/ros/jazzy/opt/gz_rendering_vendor/lib:/opt/ros/jazzy/opt/gz_plugin_vendor/lib:/opt/ros/jazzy/opt/gz_fuel_tools_vendor/lib:/opt/ros/jazzy/opt/gz_msgs_vendor/lib:/opt/ros/jazzy/opt/gz_common_vendor/lib:/opt/ros/jazzy/opt/gz_math_vendor/lib:/opt/ros/jazzy/opt/gz_utils_vendor/lib:/opt/ros/jazzy/opt/gz_tools_vendor/lib:/opt/ros/jazzy/opt/gz_ogre_next_vendor/lib:/opt/ros/jazzy/opt/gz_dartsim_vendor/lib:/opt/ros/jazzy/opt/gz_cmake_vendor/lib:/opt/ros/jazzy/lib:/home/njoy/ROS/ros_ws/turtlebot3_ws/install/turtlebot3_msgs/lib:/home/njoy/ROS/ros_ws/turtlebot3_ws/install/dynamixel_sdk_custom_interfaces/lib:/home/njoy/ROS/ros_ws/turtlebot3_ws/install/dynamixel_sdk/lib PS1=📦[\u@rover-dev-container \W]$ PYTHONPATH=/home/njoy/ROS/turtlebot3_ws/install/turtlebot3_msgs/lib/python3.12/site-packages:/home/njoy/ROS/turtlebot3_ws/install/dynamixel_sdk/lib/python3.12/site-packages:/home/njoy/ROS/turtlebot3_ws/install/turtlebot3_teleop/lib/python3.12/site-packages:/home/njoy/ROS/turtlebot3_ws/install/turtlebot3_example/lib/python3.12/site-packages:/home/njoy/ROS/turtlebot3_ws/install/dynamixel_sdk_custom_interfaces/lib/python3.12/site-packages:/opt/ros/jazzy/lib/python3.12/site-packages:/home/njoy/ROS/ros_ws/turtlebot3_ws/build/turtlebot3_teleop:/home/njoy/ROS/ros_ws/turtlebot3_ws/install/turtlebot3_teleop/lib/python3.12/site-packages:/home/njoy/ROS/ros_ws/turtlebot3_ws/build/turtlebot3_example:/home/njoy/ROS/ros_ws/turtlebot3_ws/install/turtlebot3_example/lib/python3.12/site-packages:/home/njoy/ROS/ros_ws/turtlebot3_ws/install/turtlebot3_msgs/lib/python3.12/site-packages:/home/njoy/ROS/ros_ws/turtlebot3_ws/install/dynamixel_sdk_custom_interfaces/lib/python3.12/site-packages:/home/njoy/ROS/ros_ws/turtlebot3_ws/install/dynamixel_sdk/lib/python3.12/site-packages /usr/bin/cmake --build /home/njoy/ROS/turtlebot3_ws/build/turtlebot3_node -- -j16 -l16
[39.114s] DEBUG:colcon.colcon_core.event_handler.log_command:Invoking command in '/home/njoy/ROS/turtlebot3_ws/build/turtlebot3_node': AMENT_PREFIX_PATH=/home/njoy/ROS/turtlebot3_ws/install/turtlebot3_msgs:/home/njoy/ROS/turtlebot3_ws/install/dynamixel_sdk:${AMENT_PREFIX_PATH} CMAKE_PREFIX_PATH=/home/njoy/ROS/turtlebot3_ws/install/turtlebot3_msgs:/home/njoy/ROS/turtlebot3_ws/install/dynamixel_sdk:/home/njoy/ROS/turtlebot3_ws/install/turtlebot3:/home/njoy/ROS/turtlebot3_ws/install/turtlebot3_simulations:/home/njoy/ROS/turtlebot3_ws/install/turtlebot3_bringup:/home/njoy/ROS/turtlebot3_ws/install/turtlebot3_node:/home/njoy/ROS/turtlebot3_ws/install/turtlebot3_navigation2:/home/njoy/ROS/turtlebot3_ws/install/turtlebot3_fake_node:/home/njoy/ROS/turtlebot3_ws/install/turtlebot3_gazebo:/home/njoy/ROS/turtlebot3_ws/install/turtlebot3_description:/home/njoy/ROS/turtlebot3_ws/install/turtlebot3_cartographer:/home/njoy/ROS/turtlebot3_ws/install/dynamixel_sdk_examples:/home/njoy/ROS/turtlebot3_ws/install/dynamixel_sdk_custom_interfaces:/opt/ros/jazzy/opt/gz_sim_vendor:/opt/ros/jazzy/opt/gz_sensors_vendor:/opt/ros/jazzy/opt/gz_physics_vendor:/opt/ros/jazzy/opt/sdformat_vendor:/opt/ros/jazzy/opt/gz_gui_vendor:/opt/ros/jazzy/opt/gz_transport_vendor:/opt/ros/jazzy/opt/gz_rendering_vendor:/opt/ros/jazzy/opt/gz_plugin_vendor:/opt/ros/jazzy/opt/gz_fuel_tools_vendor:/opt/ros/jazzy/opt/gz_msgs_vendor:/opt/ros/jazzy/opt/gz_common_vendor:/opt/ros/jazzy/opt/gz_math_vendor:/opt/ros/jazzy/opt/gz_utils_vendor:/opt/ros/jazzy/opt/gz_tools_vendor:/opt/ros/jazzy/opt/gz_ogre_next_vendor:/opt/ros/jazzy/opt/gz_dartsim_vendor:/opt/ros/jazzy/opt/gz_cmake_vendor:/home/njoy/ROS/ros_ws/turtlebot3_ws/install/turtlebot3:/home/njoy/ROS/ros_ws/turtlebot3_ws/install/turtlebot3_simulations:/home/njoy/ROS/ros_ws/turtlebot3_ws/install/turtlebot3_bringup:/home/njoy/ROS/ros_ws/turtlebot3_ws/install/turtlebot3_node:/home/njoy/ROS/ros_ws/turtlebot3_ws/install/turtlebot3_navigation2:/home/njoy/ROS/ros_ws/turtlebot3_ws/install/turtlebot3_fake_node:/home/njoy/ROS/ros_ws/turtlebot3_ws/install/turtlebot3_msgs:/home/njoy/ROS/ros_ws/turtlebot3_ws/install/turtlebot3_gazebo:/home/njoy/ROS/ros_ws/turtlebot3_ws/install/turtlebot3_description:/home/njoy/ROS/ros_ws/turtlebot3_ws/install/turtlebot3_cartographer:/home/njoy/ROS/ros_ws/turtlebot3_ws/install/dynamixel_sdk_examples:/home/njoy/ROS/ros_ws/turtlebot3_ws/install/dynamixel_sdk_custom_interfaces:/home/njoy/ROS/ros_ws/turtlebot3_ws/install/dynamixel_sdk:/home/njoy/ROS/turtlebot3_ws/install/turtlebot3_teleop:/home/njoy/ROS/turtlebot3_ws/install/turtlebot3_example:/opt/ros/jazzy:/home/njoy/ROS/ros_ws/turtlebot3_ws/install/turtlebot3_teleop:/home/njoy/ROS/ros_ws/turtlebot3_ws/install/turtlebot3_example DEBUGINFOD_URLS=ima:enforcing https://debuginfod.fedoraproject.org/ ima:ignore LD_LIBRARY_PATH=/home/njoy/ROS/turtlebot3_ws/install/turtlebot3_msgs/lib:/home/njoy/ROS/turtlebot3_ws/install/dynamixel_sdk/lib:/home/njoy/ROS/turtlebot3_ws/install/dynamixel_sdk_custom_interfaces/lib:/opt/ros/jazzy/opt/gz_sim_vendor/lib:/opt/ros/jazzy/opt/gz_sensors_vendor/lib:/opt/ros/jazzy/opt/gz_physics_vendor/lib:/opt/ros/jazzy/opt/sdformat_vendor/lib:/opt/ros/jazzy/opt/rviz_ogre_vendor/lib:/opt/ros/jazzy/lib/x86_64-linux-gnu:/opt/ros/jazzy/opt/gz_gui_vendor/lib:/opt/ros/jazzy/opt/gz_transport_vendor/lib:/opt/ros/jazzy/opt/gz_rendering_vendor/lib:/opt/ros/jazzy/opt/gz_plugin_vendor/lib:/opt/ros/jazzy/opt/gz_fuel_tools_vendor/lib:/opt/ros/jazzy/opt/gz_msgs_vendor/lib:/opt/ros/jazzy/opt/gz_common_vendor/lib:/opt/ros/jazzy/opt/gz_math_vendor/lib:/opt/ros/jazzy/opt/gz_utils_vendor/lib:/opt/ros/jazzy/opt/gz_tools_vendor/lib:/opt/ros/jazzy/opt/gz_ogre_next_vendor/lib:/opt/ros/jazzy/opt/gz_dartsim_vendor/lib:/opt/ros/jazzy/opt/gz_cmake_vendor/lib:/opt/ros/jazzy/lib:/home/njoy/ROS/ros_ws/turtlebot3_ws/install/turtlebot3_msgs/lib:/home/njoy/ROS/ros_ws/turtlebot3_ws/install/dynamixel_sdk_custom_interfaces/lib:/home/njoy/ROS/ros_ws/turtlebot3_ws/install/dynamixel_sdk/lib PS1=📦[\u@rover-dev-container \W]$ PYTHONPATH=/home/njoy/ROS/turtlebot3_ws/install/turtlebot3_msgs/lib/python3.12/site-packages:/home/njoy/ROS/turtlebot3_ws/install/dynamixel_sdk/lib/python3.12/site-packages:/home/njoy/ROS/turtlebot3_ws/install/turtlebot3_teleop/lib/python3.12/site-packages:/home/njoy/ROS/turtlebot3_ws/install/turtlebot3_example/lib/python3.12/site-packages:/home/njoy/ROS/turtlebot3_ws/install/dynamixel_sdk_custom_interfaces/lib/python3.12/site-packages:/opt/ros/jazzy/lib/python3.12/site-packages:/home/njoy/ROS/ros_ws/turtlebot3_ws/build/turtlebot3_teleop:/home/njoy/ROS/ros_ws/turtlebot3_ws/install/turtlebot3_teleop/lib/python3.12/site-packages:/home/njoy/ROS/ros_ws/turtlebot3_ws/build/turtlebot3_example:/home/njoy/ROS/ros_ws/turtlebot3_ws/install/turtlebot3_example/lib/python3.12/site-packages:/home/njoy/ROS/ros_ws/turtlebot3_ws/install/turtlebot3_msgs/lib/python3.12/site-packages:/home/njoy/ROS/ros_ws/turtlebot3_ws/install/dynamixel_sdk_custom_interfaces/lib/python3.12/site-packages:/home/njoy/ROS/ros_ws/turtlebot3_ws/install/dynamixel_sdk/lib/python3.12/site-packages /usr/bin/cmake --install /home/njoy/ROS/turtlebot3_ws/build/turtlebot3_node
[39.400s] Level 1:colcon.colcon_core.environment:create_environment_scripts_only(turtlebot3_node)
[39.401s] Level 1:colcon.colcon_core.environment:checking '/home/njoy/ROS/turtlebot3_ws/install/turtlebot3_node' for CMake module files
[39.402s] DEBUG:colcon.colcon_core.event_handler.log_command:Invoked command in '/home/njoy/ROS/turtlebot3_ws/build/turtlebot3_node' returned '0': AMENT_PREFIX_PATH=/home/njoy/ROS/turtlebot3_ws/install/turtlebot3_msgs:/home/njoy/ROS/turtlebot3_ws/install/dynamixel_sdk:${AMENT_PREFIX_PATH} CMAKE_PREFIX_PATH=/home/njoy/ROS/turtlebot3_ws/install/turtlebot3_msgs:/home/njoy/ROS/turtlebot3_ws/install/dynamixel_sdk:/home/njoy/ROS/turtlebot3_ws/install/turtlebot3:/home/njoy/ROS/turtlebot3_ws/install/turtlebot3_simulations:/home/njoy/ROS/turtlebot3_ws/install/turtlebot3_bringup:/home/njoy/ROS/turtlebot3_ws/install/turtlebot3_node:/home/njoy/ROS/turtlebot3_ws/install/turtlebot3_navigation2:/home/njoy/ROS/turtlebot3_ws/install/turtlebot3_fake_node:/home/njoy/ROS/turtlebot3_ws/install/turtlebot3_gazebo:/home/njoy/ROS/turtlebot3_ws/install/turtlebot3_description:/home/njoy/ROS/turtlebot3_ws/install/turtlebot3_cartographer:/home/njoy/ROS/turtlebot3_ws/install/dynamixel_sdk_examples:/home/njoy/ROS/turtlebot3_ws/install/dynamixel_sdk_custom_interfaces:/opt/ros/jazzy/opt/gz_sim_vendor:/opt/ros/jazzy/opt/gz_sensors_vendor:/opt/ros/jazzy/opt/gz_physics_vendor:/opt/ros/jazzy/opt/sdformat_vendor:/opt/ros/jazzy/opt/gz_gui_vendor:/opt/ros/jazzy/opt/gz_transport_vendor:/opt/ros/jazzy/opt/gz_rendering_vendor:/opt/ros/jazzy/opt/gz_plugin_vendor:/opt/ros/jazzy/opt/gz_fuel_tools_vendor:/opt/ros/jazzy/opt/gz_msgs_vendor:/opt/ros/jazzy/opt/gz_common_vendor:/opt/ros/jazzy/opt/gz_math_vendor:/opt/ros/jazzy/opt/gz_utils_vendor:/opt/ros/jazzy/opt/gz_tools_vendor:/opt/ros/jazzy/opt/gz_ogre_next_vendor:/opt/ros/jazzy/opt/gz_dartsim_vendor:/opt/ros/jazzy/opt/gz_cmake_vendor:/home/njoy/ROS/ros_ws/turtlebot3_ws/install/turtlebot3:/home/njoy/ROS/ros_ws/turtlebot3_ws/install/turtlebot3_simulations:/home/njoy/ROS/ros_ws/turtlebot3_ws/install/turtlebot3_bringup:/home/njoy/ROS/ros_ws/turtlebot3_ws/install/turtlebot3_node:/home/njoy/ROS/ros_ws/turtlebot3_ws/install/turtlebot3_navigation2:/home/njoy/ROS/ros_ws/turtlebot3_ws/install/turtlebot3_fake_node:/home/njoy/ROS/ros_ws/turtlebot3_ws/install/turtlebot3_msgs:/home/njoy/ROS/ros_ws/turtlebot3_ws/install/turtlebot3_gazebo:/home/njoy/ROS/ros_ws/turtlebot3_ws/install/turtlebot3_description:/home/njoy/ROS/ros_ws/turtlebot3_ws/install/turtlebot3_cartographer:/home/njoy/ROS/ros_ws/turtlebot3_ws/install/dynamixel_sdk_examples:/home/njoy/ROS/ros_ws/turtlebot3_ws/install/dynamixel_sdk_custom_interfaces:/home/njoy/ROS/ros_ws/turtlebot3_ws/install/dynamixel_sdk:/home/njoy/ROS/turtlebot3_ws/install/turtlebot3_teleop:/home/njoy/ROS/turtlebot3_ws/install/turtlebot3_example:/opt/ros/jazzy:/home/njoy/ROS/ros_ws/turtlebot3_ws/install/turtlebot3_teleop:/home/njoy/ROS/ros_ws/turtlebot3_ws/install/turtlebot3_example DEBUGINFOD_URLS=ima:enforcing https://debuginfod.fedoraproject.org/ ima:ignore LD_LIBRARY_PATH=/home/njoy/ROS/turtlebot3_ws/install/turtlebot3_msgs/lib:/home/njoy/ROS/turtlebot3_ws/install/dynamixel_sdk/lib:/home/njoy/ROS/turtlebot3_ws/install/dynamixel_sdk_custom_interfaces/lib:/opt/ros/jazzy/opt/gz_sim_vendor/lib:/opt/ros/jazzy/opt/gz_sensors_vendor/lib:/opt/ros/jazzy/opt/gz_physics_vendor/lib:/opt/ros/jazzy/opt/sdformat_vendor/lib:/opt/ros/jazzy/opt/rviz_ogre_vendor/lib:/opt/ros/jazzy/lib/x86_64-linux-gnu:/opt/ros/jazzy/opt/gz_gui_vendor/lib:/opt/ros/jazzy/opt/gz_transport_vendor/lib:/opt/ros/jazzy/opt/gz_rendering_vendor/lib:/opt/ros/jazzy/opt/gz_plugin_vendor/lib:/opt/ros/jazzy/opt/gz_fuel_tools_vendor/lib:/opt/ros/jazzy/opt/gz_msgs_vendor/lib:/opt/ros/jazzy/opt/gz_common_vendor/lib:/opt/ros/jazzy/opt/gz_math_vendor/lib:/opt/ros/jazzy/opt/gz_utils_vendor/lib:/opt/ros/jazzy/opt/gz_tools_vendor/lib:/opt/ros/jazzy/opt/gz_ogre_next_vendor/lib:/opt/ros/jazzy/opt/gz_dartsim_vendor/lib:/opt/ros/jazzy/opt/gz_cmake_vendor/lib:/opt/ros/jazzy/lib:/home/njoy/ROS/ros_ws/turtlebot3_ws/install/turtlebot3_msgs/lib:/home/njoy/ROS/ros_ws/turtlebot3_ws/install/dynamixel_sdk_custom_interfaces/lib:/home/njoy/ROS/ros_ws/turtlebot3_ws/install/dynamixel_sdk/lib PS1=📦[\u@rover-dev-container \W]$ PYTHONPATH=/home/njoy/ROS/turtlebot3_ws/install/turtlebot3_msgs/lib/python3.12/site-packages:/home/njoy/ROS/turtlebot3_ws/install/dynamixel_sdk/lib/python3.12/site-packages:/home/njoy/ROS/turtlebot3_ws/install/turtlebot3_teleop/lib/python3.12/site-packages:/home/njoy/ROS/turtlebot3_ws/install/turtlebot3_example/lib/python3.12/site-packages:/home/njoy/ROS/turtlebot3_ws/install/dynamixel_sdk_custom_interfaces/lib/python3.12/site-packages:/opt/ros/jazzy/lib/python3.12/site-packages:/home/njoy/ROS/ros_ws/turtlebot3_ws/build/turtlebot3_teleop:/home/njoy/ROS/ros_ws/turtlebot3_ws/install/turtlebot3_teleop/lib/python3.12/site-packages:/home/njoy/ROS/ros_ws/turtlebot3_ws/build/turtlebot3_example:/home/njoy/ROS/ros_ws/turtlebot3_ws/install/turtlebot3_example/lib/python3.12/site-packages:/home/njoy/ROS/ros_ws/turtlebot3_ws/install/turtlebot3_msgs/lib/python3.12/site-packages:/home/njoy/ROS/ros_ws/turtlebot3_ws/install/dynamixel_sdk_custom_interfaces/lib/python3.12/site-packages:/home/njoy/ROS/ros_ws/turtlebot3_ws/install/dynamixel_sdk/lib/python3.12/site-packages /usr/bin/cmake --install /home/njoy/ROS/turtlebot3_ws/build/turtlebot3_node
[39.402s] Level 1:colcon.colcon_core.environment:checking '/home/njoy/ROS/turtlebot3_ws/install/turtlebot3_node' for CMake config files
[39.402s] Level 1:colcon.colcon_core.shell:create_environment_hook('turtlebot3_node', 'cmake_prefix_path')
[39.402s] INFO:colcon.colcon_core.shell:Creating environment hook '/home/njoy/ROS/turtlebot3_ws/install/turtlebot3_node/share/turtlebot3_node/hook/cmake_prefix_path.ps1'
[39.403s] INFO:colcon.colcon_core.shell:Creating environment descriptor '/home/njoy/ROS/turtlebot3_ws/install/turtlebot3_node/share/turtlebot3_node/hook/cmake_prefix_path.dsv'
[39.403s] INFO:colcon.colcon_core.shell:Creating environment hook '/home/njoy/ROS/turtlebot3_ws/install/turtlebot3_node/share/turtlebot3_node/hook/cmake_prefix_path.sh'
[39.404s] Level 1:colcon.colcon_core.environment:checking '/home/njoy/ROS/turtlebot3_ws/install/turtlebot3_node/lib'
[39.404s] Level 1:colcon.colcon_core.environment:checking '/home/njoy/ROS/turtlebot3_ws/install/turtlebot3_node/bin'
[39.404s] Level 1:colcon.colcon_core.environment:checking '/home/njoy/ROS/turtlebot3_ws/install/turtlebot3_node/lib/pkgconfig/turtlebot3_node.pc'
[39.404s] Level 1:colcon.colcon_core.environment:checking '/home/njoy/ROS/turtlebot3_ws/install/turtlebot3_node/lib/python3.12/site-packages'
[39.404s] Level 1:colcon.colcon_core.environment:checking '/home/njoy/ROS/turtlebot3_ws/install/turtlebot3_node/bin'
[39.404s] INFO:colcon.colcon_core.shell:Creating package script '/home/njoy/ROS/turtlebot3_ws/install/turtlebot3_node/share/turtlebot3_node/package.ps1'
[39.405s] INFO:colcon.colcon_core.shell:Creating package descriptor '/home/njoy/ROS/turtlebot3_ws/install/turtlebot3_node/share/turtlebot3_node/package.dsv'
[39.405s] INFO:colcon.colcon_core.shell:Creating package script '/home/njoy/ROS/turtlebot3_ws/install/turtlebot3_node/share/turtlebot3_node/package.sh'
[39.405s] INFO:colcon.colcon_core.shell:Creating package script '/home/njoy/ROS/turtlebot3_ws/install/turtlebot3_node/share/turtlebot3_node/package.bash'
[39.405s] INFO:colcon.colcon_core.shell:Creating package script '/home/njoy/ROS/turtlebot3_ws/install/turtlebot3_node/share/turtlebot3_node/package.zsh'
[39.406s] Level 1:colcon.colcon_core.environment:create_file_with_runtime_dependencies(/home/njoy/ROS/turtlebot3_ws/install/turtlebot3_node/share/colcon-core/packages/turtlebot3_node)
[39.406s] Level 1:colcon.colcon_core.environment:create_environment_scripts_only(turtlebot3_node)
[39.406s] Level 1:colcon.colcon_core.environment:checking '/home/njoy/ROS/turtlebot3_ws/install/turtlebot3_node' for CMake module files
[39.407s] Level 1:colcon.colcon_core.environment:checking '/home/njoy/ROS/turtlebot3_ws/install/turtlebot3_node' for CMake config files
[39.407s] Level 1:colcon.colcon_core.shell:create_environment_hook('turtlebot3_node', 'cmake_prefix_path')
[39.407s] INFO:colcon.colcon_core.shell:Creating environment hook '/home/njoy/ROS/turtlebot3_ws/install/turtlebot3_node/share/turtlebot3_node/hook/cmake_prefix_path.ps1'
[39.407s] INFO:colcon.colcon_core.shell:Creating environment descriptor '/home/njoy/ROS/turtlebot3_ws/install/turtlebot3_node/share/turtlebot3_node/hook/cmake_prefix_path.dsv'
[39.407s] INFO:colcon.colcon_core.shell:Creating environment hook '/home/njoy/ROS/turtlebot3_ws/install/turtlebot3_node/share/turtlebot3_node/hook/cmake_prefix_path.sh'
[39.408s] Level 1:colcon.colcon_core.environment:checking '/home/njoy/ROS/turtlebot3_ws/install/turtlebot3_node/lib'
[39.408s] Level 1:colcon.colcon_core.environment:checking '/home/njoy/ROS/turtlebot3_ws/install/turtlebot3_node/bin'
[39.408s] Level 1:colcon.colcon_core.environment:checking '/home/njoy/ROS/turtlebot3_ws/install/turtlebot3_node/lib/pkgconfig/turtlebot3_node.pc'
[39.408s] Level 1:colcon.colcon_core.environment:checking '/home/njoy/ROS/turtlebot3_ws/install/turtlebot3_node/lib/python3.12/site-packages'
[39.408s] Level 1:colcon.colcon_core.environment:checking '/home/njoy/ROS/turtlebot3_ws/install/turtlebot3_node/bin'
[39.409s] INFO:colcon.colcon_core.shell:Creating package script '/home/njoy/ROS/turtlebot3_ws/install/turtlebot3_node/share/turtlebot3_node/package.ps1'
[39.409s] INFO:colcon.colcon_core.shell:Creating package descriptor '/home/njoy/ROS/turtlebot3_ws/install/turtlebot3_node/share/turtlebot3_node/package.dsv'
[39.409s] INFO:colcon.colcon_core.shell:Creating package script '/home/njoy/ROS/turtlebot3_ws/install/turtlebot3_node/share/turtlebot3_node/package.sh'
[39.410s] INFO:colcon.colcon_core.shell:Creating package script '/home/njoy/ROS/turtlebot3_ws/install/turtlebot3_node/share/turtlebot3_node/package.bash'
[39.410s] INFO:colcon.colcon_core.shell:Creating package script '/home/njoy/ROS/turtlebot3_ws/install/turtlebot3_node/share/turtlebot3_node/package.zsh'
[39.410s] Level 1:colcon.colcon_core.environment:create_file_with_runtime_dependencies(/home/njoy/ROS/turtlebot3_ws/install/turtlebot3_node/share/colcon-core/packages/turtlebot3_node)
[39.410s] INFO:colcon.colcon_ros.task.ament_cmake.build:Building ROS package in '/home/njoy/ROS/turtlebot3_ws/src/turtlebot3/turtlebot3_bringup' with build type 'ament_cmake'
[39.410s] INFO:colcon.colcon_cmake.task.cmake.build:Building CMake package in '/home/njoy/ROS/turtlebot3_ws/src/turtlebot3/turtlebot3_bringup'
[39.410s] INFO:colcon.colcon_core.shell:Skip shell extension 'powershell' for command environment: Not usable outside of PowerShell
[39.410s] DEBUG:colcon.colcon_core.shell:Skip shell extension 'dsv' for command environment
[39.441s] DEBUG:colcon.colcon_core.event_handler.log_command:Invoking command in '/home/njoy/ROS/turtlebot3_ws/build/turtlebot3_bringup': AMENT_PREFIX_PATH=/home/njoy/ROS/turtlebot3_ws/install/turtlebot3_node:/home/njoy/ROS/turtlebot3_ws/install/turtlebot3_msgs:/home/njoy/ROS/turtlebot3_ws/install/turtlebot3_description:/home/njoy/ROS/turtlebot3_ws/install/dynamixel_sdk:${AMENT_PREFIX_PATH} CMAKE_PREFIX_PATH=/home/njoy/ROS/turtlebot3_ws/install/turtlebot3_node:/home/njoy/ROS/turtlebot3_ws/install/turtlebot3_msgs:/home/njoy/ROS/turtlebot3_ws/install/turtlebot3_description:/home/njoy/ROS/turtlebot3_ws/install/dynamixel_sdk:/home/njoy/ROS/turtlebot3_ws/install/turtlebot3:/home/njoy/ROS/turtlebot3_ws/install/turtlebot3_simulations:/home/njoy/ROS/turtlebot3_ws/install/turtlebot3_bringup:/home/njoy/ROS/turtlebot3_ws/install/turtlebot3_navigation2:/home/njoy/ROS/turtlebot3_ws/install/turtlebot3_fake_node:/home/njoy/ROS/turtlebot3_ws/install/turtlebot3_gazebo:/home/njoy/ROS/turtlebot3_ws/install/turtlebot3_cartographer:/home/njoy/ROS/turtlebot3_ws/install/dynamixel_sdk_examples:/home/njoy/ROS/turtlebot3_ws/install/dynamixel_sdk_custom_interfaces:/opt/ros/jazzy/opt/gz_sim_vendor:/opt/ros/jazzy/opt/gz_sensors_vendor:/opt/ros/jazzy/opt/gz_physics_vendor:/opt/ros/jazzy/opt/sdformat_vendor:/opt/ros/jazzy/opt/gz_gui_vendor:/opt/ros/jazzy/opt/gz_transport_vendor:/opt/ros/jazzy/opt/gz_rendering_vendor:/opt/ros/jazzy/opt/gz_plugin_vendor:/opt/ros/jazzy/opt/gz_fuel_tools_vendor:/opt/ros/jazzy/opt/gz_msgs_vendor:/opt/ros/jazzy/opt/gz_common_vendor:/opt/ros/jazzy/opt/gz_math_vendor:/opt/ros/jazzy/opt/gz_utils_vendor:/opt/ros/jazzy/opt/gz_tools_vendor:/opt/ros/jazzy/opt/gz_ogre_next_vendor:/opt/ros/jazzy/opt/gz_dartsim_vendor:/opt/ros/jazzy/opt/gz_cmake_vendor:/home/njoy/ROS/ros_ws/turtlebot3_ws/install/turtlebot3:/home/njoy/ROS/ros_ws/turtlebot3_ws/install/turtlebot3_simulations:/home/njoy/ROS/ros_ws/turtlebot3_ws/install/turtlebot3_bringup:/home/njoy/ROS/ros_ws/turtlebot3_ws/install/turtlebot3_node:/home/njoy/ROS/ros_ws/turtlebot3_ws/install/turtlebot3_navigation2:/home/njoy/ROS/ros_ws/turtlebot3_ws/install/turtlebot3_fake_node:/home/njoy/ROS/ros_ws/turtlebot3_ws/install/turtlebot3_msgs:/home/njoy/ROS/ros_ws/turtlebot3_ws/install/turtlebot3_gazebo:/home/njoy/ROS/ros_ws/turtlebot3_ws/install/turtlebot3_description:/home/njoy/ROS/ros_ws/turtlebot3_ws/install/turtlebot3_cartographer:/home/njoy/ROS/ros_ws/turtlebot3_ws/install/dynamixel_sdk_examples:/home/njoy/ROS/ros_ws/turtlebot3_ws/install/dynamixel_sdk_custom_interfaces:/home/njoy/ROS/ros_ws/turtlebot3_ws/install/dynamixel_sdk:/home/njoy/ROS/turtlebot3_ws/install/turtlebot3_teleop:/home/njoy/ROS/turtlebot3_ws/install/turtlebot3_example:/opt/ros/jazzy:/home/njoy/ROS/ros_ws/turtlebot3_ws/install/turtlebot3_teleop:/home/njoy/ROS/ros_ws/turtlebot3_ws/install/turtlebot3_example DEBUGINFOD_URLS=ima:enforcing https://debuginfod.fedoraproject.org/ ima:ignore LD_LIBRARY_PATH=/home/njoy/ROS/turtlebot3_ws/install/turtlebot3_msgs/lib:/home/njoy/ROS/turtlebot3_ws/install/dynamixel_sdk/lib:/home/njoy/ROS/turtlebot3_ws/install/dynamixel_sdk_custom_interfaces/lib:/opt/ros/jazzy/opt/gz_sim_vendor/lib:/opt/ros/jazzy/opt/gz_sensors_vendor/lib:/opt/ros/jazzy/opt/gz_physics_vendor/lib:/opt/ros/jazzy/opt/sdformat_vendor/lib:/opt/ros/jazzy/opt/rviz_ogre_vendor/lib:/opt/ros/jazzy/lib/x86_64-linux-gnu:/opt/ros/jazzy/opt/gz_gui_vendor/lib:/opt/ros/jazzy/opt/gz_transport_vendor/lib:/opt/ros/jazzy/opt/gz_rendering_vendor/lib:/opt/ros/jazzy/opt/gz_plugin_vendor/lib:/opt/ros/jazzy/opt/gz_fuel_tools_vendor/lib:/opt/ros/jazzy/opt/gz_msgs_vendor/lib:/opt/ros/jazzy/opt/gz_common_vendor/lib:/opt/ros/jazzy/opt/gz_math_vendor/lib:/opt/ros/jazzy/opt/gz_utils_vendor/lib:/opt/ros/jazzy/opt/gz_tools_vendor/lib:/opt/ros/jazzy/opt/gz_ogre_next_vendor/lib:/opt/ros/jazzy/opt/gz_dartsim_vendor/lib:/opt/ros/jazzy/opt/gz_cmake_vendor/lib:/opt/ros/jazzy/lib:/home/njoy/ROS/ros_ws/turtlebot3_ws/install/turtlebot3_msgs/lib:/home/njoy/ROS/ros_ws/turtlebot3_ws/install/dynamixel_sdk_custom_interfaces/lib:/home/njoy/ROS/ros_ws/turtlebot3_ws/install/dynamixel_sdk/lib PS1=📦[\u@rover-dev-container \W]$ PYTHONPATH=/home/njoy/ROS/turtlebot3_ws/install/turtlebot3_msgs/lib/python3.12/site-packages:/home/njoy/ROS/turtlebot3_ws/install/dynamixel_sdk/lib/python3.12/site-packages:/home/njoy/ROS/turtlebot3_ws/install/turtlebot3_teleop/lib/python3.12/site-packages:/home/njoy/ROS/turtlebot3_ws/install/turtlebot3_example/lib/python3.12/site-packages:/home/njoy/ROS/turtlebot3_ws/install/dynamixel_sdk_custom_interfaces/lib/python3.12/site-packages:/opt/ros/jazzy/lib/python3.12/site-packages:/home/njoy/ROS/ros_ws/turtlebot3_ws/build/turtlebot3_teleop:/home/njoy/ROS/ros_ws/turtlebot3_ws/install/turtlebot3_teleop/lib/python3.12/site-packages:/home/njoy/ROS/ros_ws/turtlebot3_ws/build/turtlebot3_example:/home/njoy/ROS/ros_ws/turtlebot3_ws/install/turtlebot3_example/lib/python3.12/site-packages:/home/njoy/ROS/ros_ws/turtlebot3_ws/install/turtlebot3_msgs/lib/python3.12/site-packages:/home/njoy/ROS/ros_ws/turtlebot3_ws/install/dynamixel_sdk_custom_interfaces/lib/python3.12/site-packages:/home/njoy/ROS/ros_ws/turtlebot3_ws/install/dynamixel_sdk/lib/python3.12/site-packages /usr/bin/cmake /home/njoy/ROS/turtlebot3_ws/src/turtlebot3/turtlebot3_bringup -DAMENT_CMAKE_SYMLINK_INSTALL=1 -DCMAKE_INSTALL_PREFIX=/home/njoy/ROS/turtlebot3_ws/install/turtlebot3_bringup
[40.346s] DEBUG:colcon.colcon_core.event_handler.log_command:Invoked command in '/home/njoy/ROS/turtlebot3_ws/build/turtlebot3_bringup' returned '0': AMENT_PREFIX_PATH=/home/njoy/ROS/turtlebot3_ws/install/turtlebot3_node:/home/njoy/ROS/turtlebot3_ws/install/turtlebot3_msgs:/home/njoy/ROS/turtlebot3_ws/install/turtlebot3_description:/home/njoy/ROS/turtlebot3_ws/install/dynamixel_sdk:${AMENT_PREFIX_PATH} CMAKE_PREFIX_PATH=/home/njoy/ROS/turtlebot3_ws/install/turtlebot3_node:/home/njoy/ROS/turtlebot3_ws/install/turtlebot3_msgs:/home/njoy/ROS/turtlebot3_ws/install/turtlebot3_description:/home/njoy/ROS/turtlebot3_ws/install/dynamixel_sdk:/home/njoy/ROS/turtlebot3_ws/install/turtlebot3:/home/njoy/ROS/turtlebot3_ws/install/turtlebot3_simulations:/home/njoy/ROS/turtlebot3_ws/install/turtlebot3_bringup:/home/njoy/ROS/turtlebot3_ws/install/turtlebot3_navigation2:/home/njoy/ROS/turtlebot3_ws/install/turtlebot3_fake_node:/home/njoy/ROS/turtlebot3_ws/install/turtlebot3_gazebo:/home/njoy/ROS/turtlebot3_ws/install/turtlebot3_cartographer:/home/njoy/ROS/turtlebot3_ws/install/dynamixel_sdk_examples:/home/njoy/ROS/turtlebot3_ws/install/dynamixel_sdk_custom_interfaces:/opt/ros/jazzy/opt/gz_sim_vendor:/opt/ros/jazzy/opt/gz_sensors_vendor:/opt/ros/jazzy/opt/gz_physics_vendor:/opt/ros/jazzy/opt/sdformat_vendor:/opt/ros/jazzy/opt/gz_gui_vendor:/opt/ros/jazzy/opt/gz_transport_vendor:/opt/ros/jazzy/opt/gz_rendering_vendor:/opt/ros/jazzy/opt/gz_plugin_vendor:/opt/ros/jazzy/opt/gz_fuel_tools_vendor:/opt/ros/jazzy/opt/gz_msgs_vendor:/opt/ros/jazzy/opt/gz_common_vendor:/opt/ros/jazzy/opt/gz_math_vendor:/opt/ros/jazzy/opt/gz_utils_vendor:/opt/ros/jazzy/opt/gz_tools_vendor:/opt/ros/jazzy/opt/gz_ogre_next_vendor:/opt/ros/jazzy/opt/gz_dartsim_vendor:/opt/ros/jazzy/opt/gz_cmake_vendor:/home/njoy/ROS/ros_ws/turtlebot3_ws/install/turtlebot3:/home/njoy/ROS/ros_ws/turtlebot3_ws/install/turtlebot3_simulations:/home/njoy/ROS/ros_ws/turtlebot3_ws/install/turtlebot3_bringup:/home/njoy/ROS/ros_ws/turtlebot3_ws/install/turtlebot3_node:/home/njoy/ROS/ros_ws/turtlebot3_ws/install/turtlebot3_navigation2:/home/njoy/ROS/ros_ws/turtlebot3_ws/install/turtlebot3_fake_node:/home/njoy/ROS/ros_ws/turtlebot3_ws/install/turtlebot3_msgs:/home/njoy/ROS/ros_ws/turtlebot3_ws/install/turtlebot3_gazebo:/home/njoy/ROS/ros_ws/turtlebot3_ws/install/turtlebot3_description:/home/njoy/ROS/ros_ws/turtlebot3_ws/install/turtlebot3_cartographer:/home/njoy/ROS/ros_ws/turtlebot3_ws/install/dynamixel_sdk_examples:/home/njoy/ROS/ros_ws/turtlebot3_ws/install/dynamixel_sdk_custom_interfaces:/home/njoy/ROS/ros_ws/turtlebot3_ws/install/dynamixel_sdk:/home/njoy/ROS/turtlebot3_ws/install/turtlebot3_teleop:/home/njoy/ROS/turtlebot3_ws/install/turtlebot3_example:/opt/ros/jazzy:/home/njoy/ROS/ros_ws/turtlebot3_ws/install/turtlebot3_teleop:/home/njoy/ROS/ros_ws/turtlebot3_ws/install/turtlebot3_example DEBUGINFOD_URLS=ima:enforcing https://debuginfod.fedoraproject.org/ ima:ignore LD_LIBRARY_PATH=/home/njoy/ROS/turtlebot3_ws/install/turtlebot3_msgs/lib:/home/njoy/ROS/turtlebot3_ws/install/dynamixel_sdk/lib:/home/njoy/ROS/turtlebot3_ws/install/dynamixel_sdk_custom_interfaces/lib:/opt/ros/jazzy/opt/gz_sim_vendor/lib:/opt/ros/jazzy/opt/gz_sensors_vendor/lib:/opt/ros/jazzy/opt/gz_physics_vendor/lib:/opt/ros/jazzy/opt/sdformat_vendor/lib:/opt/ros/jazzy/opt/rviz_ogre_vendor/lib:/opt/ros/jazzy/lib/x86_64-linux-gnu:/opt/ros/jazzy/opt/gz_gui_vendor/lib:/opt/ros/jazzy/opt/gz_transport_vendor/lib:/opt/ros/jazzy/opt/gz_rendering_vendor/lib:/opt/ros/jazzy/opt/gz_plugin_vendor/lib:/opt/ros/jazzy/opt/gz_fuel_tools_vendor/lib:/opt/ros/jazzy/opt/gz_msgs_vendor/lib:/opt/ros/jazzy/opt/gz_common_vendor/lib:/opt/ros/jazzy/opt/gz_math_vendor/lib:/opt/ros/jazzy/opt/gz_utils_vendor/lib:/opt/ros/jazzy/opt/gz_tools_vendor/lib:/opt/ros/jazzy/opt/gz_ogre_next_vendor/lib:/opt/ros/jazzy/opt/gz_dartsim_vendor/lib:/opt/ros/jazzy/opt/gz_cmake_vendor/lib:/opt/ros/jazzy/lib:/home/njoy/ROS/ros_ws/turtlebot3_ws/install/turtlebot3_msgs/lib:/home/njoy/ROS/ros_ws/turtlebot3_ws/install/dynamixel_sdk_custom_interfaces/lib:/home/njoy/ROS/ros_ws/turtlebot3_ws/install/dynamixel_sdk/lib PS1=📦[\u@rover-dev-container \W]$ PYTHONPATH=/home/njoy/ROS/turtlebot3_ws/install/turtlebot3_msgs/lib/python3.12/site-packages:/home/njoy/ROS/turtlebot3_ws/install/dynamixel_sdk/lib/python3.12/site-packages:/home/njoy/ROS/turtlebot3_ws/install/turtlebot3_teleop/lib/python3.12/site-packages:/home/njoy/ROS/turtlebot3_ws/install/turtlebot3_example/lib/python3.12/site-packages:/home/njoy/ROS/turtlebot3_ws/install/dynamixel_sdk_custom_interfaces/lib/python3.12/site-packages:/opt/ros/jazzy/lib/python3.12/site-packages:/home/njoy/ROS/ros_ws/turtlebot3_ws/build/turtlebot3_teleop:/home/njoy/ROS/ros_ws/turtlebot3_ws/install/turtlebot3_teleop/lib/python3.12/site-packages:/home/njoy/ROS/ros_ws/turtlebot3_ws/build/turtlebot3_example:/home/njoy/ROS/ros_ws/turtlebot3_ws/install/turtlebot3_example/lib/python3.12/site-packages:/home/njoy/ROS/ros_ws/turtlebot3_ws/install/turtlebot3_msgs/lib/python3.12/site-packages:/home/njoy/ROS/ros_ws/turtlebot3_ws/install/dynamixel_sdk_custom_interfaces/lib/python3.12/site-packages:/home/njoy/ROS/ros_ws/turtlebot3_ws/install/dynamixel_sdk/lib/python3.12/site-packages /usr/bin/cmake /home/njoy/ROS/turtlebot3_ws/src/turtlebot3/turtlebot3_bringup -DAMENT_CMAKE_SYMLINK_INSTALL=1 -DCMAKE_INSTALL_PREFIX=/home/njoy/ROS/turtlebot3_ws/install/turtlebot3_bringup
[40.347s] DEBUG:colcon.colcon_core.event_handler.log_command:Invoking command in '/home/njoy/ROS/turtlebot3_ws/build/turtlebot3_bringup': AMENT_PREFIX_PATH=/home/njoy/ROS/turtlebot3_ws/install/turtlebot3_node:/home/njoy/ROS/turtlebot3_ws/install/turtlebot3_msgs:/home/njoy/ROS/turtlebot3_ws/install/turtlebot3_description:/home/njoy/ROS/turtlebot3_ws/install/dynamixel_sdk:${AMENT_PREFIX_PATH} CMAKE_PREFIX_PATH=/home/njoy/ROS/turtlebot3_ws/install/turtlebot3_node:/home/njoy/ROS/turtlebot3_ws/install/turtlebot3_msgs:/home/njoy/ROS/turtlebot3_ws/install/turtlebot3_description:/home/njoy/ROS/turtlebot3_ws/install/dynamixel_sdk:/home/njoy/ROS/turtlebot3_ws/install/turtlebot3:/home/njoy/ROS/turtlebot3_ws/install/turtlebot3_simulations:/home/njoy/ROS/turtlebot3_ws/install/turtlebot3_bringup:/home/njoy/ROS/turtlebot3_ws/install/turtlebot3_navigation2:/home/njoy/ROS/turtlebot3_ws/install/turtlebot3_fake_node:/home/njoy/ROS/turtlebot3_ws/install/turtlebot3_gazebo:/home/njoy/ROS/turtlebot3_ws/install/turtlebot3_cartographer:/home/njoy/ROS/turtlebot3_ws/install/dynamixel_sdk_examples:/home/njoy/ROS/turtlebot3_ws/install/dynamixel_sdk_custom_interfaces:/opt/ros/jazzy/opt/gz_sim_vendor:/opt/ros/jazzy/opt/gz_sensors_vendor:/opt/ros/jazzy/opt/gz_physics_vendor:/opt/ros/jazzy/opt/sdformat_vendor:/opt/ros/jazzy/opt/gz_gui_vendor:/opt/ros/jazzy/opt/gz_transport_vendor:/opt/ros/jazzy/opt/gz_rendering_vendor:/opt/ros/jazzy/opt/gz_plugin_vendor:/opt/ros/jazzy/opt/gz_fuel_tools_vendor:/opt/ros/jazzy/opt/gz_msgs_vendor:/opt/ros/jazzy/opt/gz_common_vendor:/opt/ros/jazzy/opt/gz_math_vendor:/opt/ros/jazzy/opt/gz_utils_vendor:/opt/ros/jazzy/opt/gz_tools_vendor:/opt/ros/jazzy/opt/gz_ogre_next_vendor:/opt/ros/jazzy/opt/gz_dartsim_vendor:/opt/ros/jazzy/opt/gz_cmake_vendor:/home/njoy/ROS/ros_ws/turtlebot3_ws/install/turtlebot3:/home/njoy/ROS/ros_ws/turtlebot3_ws/install/turtlebot3_simulations:/home/njoy/ROS/ros_ws/turtlebot3_ws/install/turtlebot3_bringup:/home/njoy/ROS/ros_ws/turtlebot3_ws/install/turtlebot3_node:/home/njoy/ROS/ros_ws/turtlebot3_ws/install/turtlebot3_navigation2:/home/njoy/ROS/ros_ws/turtlebot3_ws/install/turtlebot3_fake_node:/home/njoy/ROS/ros_ws/turtlebot3_ws/install/turtlebot3_msgs:/home/njoy/ROS/ros_ws/turtlebot3_ws/install/turtlebot3_gazebo:/home/njoy/ROS/ros_ws/turtlebot3_ws/install/turtlebot3_description:/home/njoy/ROS/ros_ws/turtlebot3_ws/install/turtlebot3_cartographer:/home/njoy/ROS/ros_ws/turtlebot3_ws/install/dynamixel_sdk_examples:/home/njoy/ROS/ros_ws/turtlebot3_ws/install/dynamixel_sdk_custom_interfaces:/home/njoy/ROS/ros_ws/turtlebot3_ws/install/dynamixel_sdk:/home/njoy/ROS/turtlebot3_ws/install/turtlebot3_teleop:/home/njoy/ROS/turtlebot3_ws/install/turtlebot3_example:/opt/ros/jazzy:/home/njoy/ROS/ros_ws/turtlebot3_ws/install/turtlebot3_teleop:/home/njoy/ROS/ros_ws/turtlebot3_ws/install/turtlebot3_example DEBUGINFOD_URLS=ima:enforcing https://debuginfod.fedoraproject.org/ ima:ignore LD_LIBRARY_PATH=/home/njoy/ROS/turtlebot3_ws/install/turtlebot3_msgs/lib:/home/njoy/ROS/turtlebot3_ws/install/dynamixel_sdk/lib:/home/njoy/ROS/turtlebot3_ws/install/dynamixel_sdk_custom_interfaces/lib:/opt/ros/jazzy/opt/gz_sim_vendor/lib:/opt/ros/jazzy/opt/gz_sensors_vendor/lib:/opt/ros/jazzy/opt/gz_physics_vendor/lib:/opt/ros/jazzy/opt/sdformat_vendor/lib:/opt/ros/jazzy/opt/rviz_ogre_vendor/lib:/opt/ros/jazzy/lib/x86_64-linux-gnu:/opt/ros/jazzy/opt/gz_gui_vendor/lib:/opt/ros/jazzy/opt/gz_transport_vendor/lib:/opt/ros/jazzy/opt/gz_rendering_vendor/lib:/opt/ros/jazzy/opt/gz_plugin_vendor/lib:/opt/ros/jazzy/opt/gz_fuel_tools_vendor/lib:/opt/ros/jazzy/opt/gz_msgs_vendor/lib:/opt/ros/jazzy/opt/gz_common_vendor/lib:/opt/ros/jazzy/opt/gz_math_vendor/lib:/opt/ros/jazzy/opt/gz_utils_vendor/lib:/opt/ros/jazzy/opt/gz_tools_vendor/lib:/opt/ros/jazzy/opt/gz_ogre_next_vendor/lib:/opt/ros/jazzy/opt/gz_dartsim_vendor/lib:/opt/ros/jazzy/opt/gz_cmake_vendor/lib:/opt/ros/jazzy/lib:/home/njoy/ROS/ros_ws/turtlebot3_ws/install/turtlebot3_msgs/lib:/home/njoy/ROS/ros_ws/turtlebot3_ws/install/dynamixel_sdk_custom_interfaces/lib:/home/njoy/ROS/ros_ws/turtlebot3_ws/install/dynamixel_sdk/lib PS1=📦[\u@rover-dev-container \W]$ PYTHONPATH=/home/njoy/ROS/turtlebot3_ws/install/turtlebot3_msgs/lib/python3.12/site-packages:/home/njoy/ROS/turtlebot3_ws/install/dynamixel_sdk/lib/python3.12/site-packages:/home/njoy/ROS/turtlebot3_ws/install/turtlebot3_teleop/lib/python3.12/site-packages:/home/njoy/ROS/turtlebot3_ws/install/turtlebot3_example/lib/python3.12/site-packages:/home/njoy/ROS/turtlebot3_ws/install/dynamixel_sdk_custom_interfaces/lib/python3.12/site-packages:/opt/ros/jazzy/lib/python3.12/site-packages:/home/njoy/ROS/ros_ws/turtlebot3_ws/build/turtlebot3_teleop:/home/njoy/ROS/ros_ws/turtlebot3_ws/install/turtlebot3_teleop/lib/python3.12/site-packages:/home/njoy/ROS/ros_ws/turtlebot3_ws/build/turtlebot3_example:/home/njoy/ROS/ros_ws/turtlebot3_ws/install/turtlebot3_example/lib/python3.12/site-packages:/home/njoy/ROS/ros_ws/turtlebot3_ws/install/turtlebot3_msgs/lib/python3.12/site-packages:/home/njoy/ROS/ros_ws/turtlebot3_ws/install/dynamixel_sdk_custom_interfaces/lib/python3.12/site-packages:/home/njoy/ROS/ros_ws/turtlebot3_ws/install/dynamixel_sdk/lib/python3.12/site-packages /usr/bin/cmake --build /home/njoy/ROS/turtlebot3_ws/build/turtlebot3_bringup -- -j16 -l16
[40.406s] DEBUG:colcon.colcon_core.event_handler.log_command:Invoked command in '/home/njoy/ROS/turtlebot3_ws/build/turtlebot3_bringup' returned '0': AMENT_PREFIX_PATH=/home/njoy/ROS/turtlebot3_ws/install/turtlebot3_node:/home/njoy/ROS/turtlebot3_ws/install/turtlebot3_msgs:/home/njoy/ROS/turtlebot3_ws/install/turtlebot3_description:/home/njoy/ROS/turtlebot3_ws/install/dynamixel_sdk:${AMENT_PREFIX_PATH} CMAKE_PREFIX_PATH=/home/njoy/ROS/turtlebot3_ws/install/turtlebot3_node:/home/njoy/ROS/turtlebot3_ws/install/turtlebot3_msgs:/home/njoy/ROS/turtlebot3_ws/install/turtlebot3_description:/home/njoy/ROS/turtlebot3_ws/install/dynamixel_sdk:/home/njoy/ROS/turtlebot3_ws/install/turtlebot3:/home/njoy/ROS/turtlebot3_ws/install/turtlebot3_simulations:/home/njoy/ROS/turtlebot3_ws/install/turtlebot3_bringup:/home/njoy/ROS/turtlebot3_ws/install/turtlebot3_navigation2:/home/njoy/ROS/turtlebot3_ws/install/turtlebot3_fake_node:/home/njoy/ROS/turtlebot3_ws/install/turtlebot3_gazebo:/home/njoy/ROS/turtlebot3_ws/install/turtlebot3_cartographer:/home/njoy/ROS/turtlebot3_ws/install/dynamixel_sdk_examples:/home/njoy/ROS/turtlebot3_ws/install/dynamixel_sdk_custom_interfaces:/opt/ros/jazzy/opt/gz_sim_vendor:/opt/ros/jazzy/opt/gz_sensors_vendor:/opt/ros/jazzy/opt/gz_physics_vendor:/opt/ros/jazzy/opt/sdformat_vendor:/opt/ros/jazzy/opt/gz_gui_vendor:/opt/ros/jazzy/opt/gz_transport_vendor:/opt/ros/jazzy/opt/gz_rendering_vendor:/opt/ros/jazzy/opt/gz_plugin_vendor:/opt/ros/jazzy/opt/gz_fuel_tools_vendor:/opt/ros/jazzy/opt/gz_msgs_vendor:/opt/ros/jazzy/opt/gz_common_vendor:/opt/ros/jazzy/opt/gz_math_vendor:/opt/ros/jazzy/opt/gz_utils_vendor:/opt/ros/jazzy/opt/gz_tools_vendor:/opt/ros/jazzy/opt/gz_ogre_next_vendor:/opt/ros/jazzy/opt/gz_dartsim_vendor:/opt/ros/jazzy/opt/gz_cmake_vendor:/home/njoy/ROS/ros_ws/turtlebot3_ws/install/turtlebot3:/home/njoy/ROS/ros_ws/turtlebot3_ws/install/turtlebot3_simulations:/home/njoy/ROS/ros_ws/turtlebot3_ws/install/turtlebot3_bringup:/home/njoy/ROS/ros_ws/turtlebot3_ws/install/turtlebot3_node:/home/njoy/ROS/ros_ws/turtlebot3_ws/install/turtlebot3_navigation2:/home/njoy/ROS/ros_ws/turtlebot3_ws/install/turtlebot3_fake_node:/home/njoy/ROS/ros_ws/turtlebot3_ws/install/turtlebot3_msgs:/home/njoy/ROS/ros_ws/turtlebot3_ws/install/turtlebot3_gazebo:/home/njoy/ROS/ros_ws/turtlebot3_ws/install/turtlebot3_description:/home/njoy/ROS/ros_ws/turtlebot3_ws/install/turtlebot3_cartographer:/home/njoy/ROS/ros_ws/turtlebot3_ws/install/dynamixel_sdk_examples:/home/njoy/ROS/ros_ws/turtlebot3_ws/install/dynamixel_sdk_custom_interfaces:/home/njoy/ROS/ros_ws/turtlebot3_ws/install/dynamixel_sdk:/home/njoy/ROS/turtlebot3_ws/install/turtlebot3_teleop:/home/njoy/ROS/turtlebot3_ws/install/turtlebot3_example:/opt/ros/jazzy:/home/njoy/ROS/ros_ws/turtlebot3_ws/install/turtlebot3_teleop:/home/njoy/ROS/ros_ws/turtlebot3_ws/install/turtlebot3_example DEBUGINFOD_URLS=ima:enforcing https://debuginfod.fedoraproject.org/ ima:ignore LD_LIBRARY_PATH=/home/njoy/ROS/turtlebot3_ws/install/turtlebot3_msgs/lib:/home/njoy/ROS/turtlebot3_ws/install/dynamixel_sdk/lib:/home/njoy/ROS/turtlebot3_ws/install/dynamixel_sdk_custom_interfaces/lib:/opt/ros/jazzy/opt/gz_sim_vendor/lib:/opt/ros/jazzy/opt/gz_sensors_vendor/lib:/opt/ros/jazzy/opt/gz_physics_vendor/lib:/opt/ros/jazzy/opt/sdformat_vendor/lib:/opt/ros/jazzy/opt/rviz_ogre_vendor/lib:/opt/ros/jazzy/lib/x86_64-linux-gnu:/opt/ros/jazzy/opt/gz_gui_vendor/lib:/opt/ros/jazzy/opt/gz_transport_vendor/lib:/opt/ros/jazzy/opt/gz_rendering_vendor/lib:/opt/ros/jazzy/opt/gz_plugin_vendor/lib:/opt/ros/jazzy/opt/gz_fuel_tools_vendor/lib:/opt/ros/jazzy/opt/gz_msgs_vendor/lib:/opt/ros/jazzy/opt/gz_common_vendor/lib:/opt/ros/jazzy/opt/gz_math_vendor/lib:/opt/ros/jazzy/opt/gz_utils_vendor/lib:/opt/ros/jazzy/opt/gz_tools_vendor/lib:/opt/ros/jazzy/opt/gz_ogre_next_vendor/lib:/opt/ros/jazzy/opt/gz_dartsim_vendor/lib:/opt/ros/jazzy/opt/gz_cmake_vendor/lib:/opt/ros/jazzy/lib:/home/njoy/ROS/ros_ws/turtlebot3_ws/install/turtlebot3_msgs/lib:/home/njoy/ROS/ros_ws/turtlebot3_ws/install/dynamixel_sdk_custom_interfaces/lib:/home/njoy/ROS/ros_ws/turtlebot3_ws/install/dynamixel_sdk/lib PS1=📦[\u@rover-dev-container \W]$ PYTHONPATH=/home/njoy/ROS/turtlebot3_ws/install/turtlebot3_msgs/lib/python3.12/site-packages:/home/njoy/ROS/turtlebot3_ws/install/dynamixel_sdk/lib/python3.12/site-packages:/home/njoy/ROS/turtlebot3_ws/install/turtlebot3_teleop/lib/python3.12/site-packages:/home/njoy/ROS/turtlebot3_ws/install/turtlebot3_example/lib/python3.12/site-packages:/home/njoy/ROS/turtlebot3_ws/install/dynamixel_sdk_custom_interfaces/lib/python3.12/site-packages:/opt/ros/jazzy/lib/python3.12/site-packages:/home/njoy/ROS/ros_ws/turtlebot3_ws/build/turtlebot3_teleop:/home/njoy/ROS/ros_ws/turtlebot3_ws/install/turtlebot3_teleop/lib/python3.12/site-packages:/home/njoy/ROS/ros_ws/turtlebot3_ws/build/turtlebot3_example:/home/njoy/ROS/ros_ws/turtlebot3_ws/install/turtlebot3_example/lib/python3.12/site-packages:/home/njoy/ROS/ros_ws/turtlebot3_ws/install/turtlebot3_msgs/lib/python3.12/site-packages:/home/njoy/ROS/ros_ws/turtlebot3_ws/install/dynamixel_sdk_custom_interfaces/lib/python3.12/site-packages:/home/njoy/ROS/ros_ws/turtlebot3_ws/install/dynamixel_sdk/lib/python3.12/site-packages /usr/bin/cmake --build /home/njoy/ROS/turtlebot3_ws/build/turtlebot3_bringup -- -j16 -l16
[40.407s] DEBUG:colcon.colcon_core.event_handler.log_command:Invoking command in '/home/njoy/ROS/turtlebot3_ws/build/turtlebot3_bringup': AMENT_PREFIX_PATH=/home/njoy/ROS/turtlebot3_ws/install/turtlebot3_node:/home/njoy/ROS/turtlebot3_ws/install/turtlebot3_msgs:/home/njoy/ROS/turtlebot3_ws/install/turtlebot3_description:/home/njoy/ROS/turtlebot3_ws/install/dynamixel_sdk:${AMENT_PREFIX_PATH} CMAKE_PREFIX_PATH=/home/njoy/ROS/turtlebot3_ws/install/turtlebot3_node:/home/njoy/ROS/turtlebot3_ws/install/turtlebot3_msgs:/home/njoy/ROS/turtlebot3_ws/install/turtlebot3_description:/home/njoy/ROS/turtlebot3_ws/install/dynamixel_sdk:/home/njoy/ROS/turtlebot3_ws/install/turtlebot3:/home/njoy/ROS/turtlebot3_ws/install/turtlebot3_simulations:/home/njoy/ROS/turtlebot3_ws/install/turtlebot3_bringup:/home/njoy/ROS/turtlebot3_ws/install/turtlebot3_navigation2:/home/njoy/ROS/turtlebot3_ws/install/turtlebot3_fake_node:/home/njoy/ROS/turtlebot3_ws/install/turtlebot3_gazebo:/home/njoy/ROS/turtlebot3_ws/install/turtlebot3_cartographer:/home/njoy/ROS/turtlebot3_ws/install/dynamixel_sdk_examples:/home/njoy/ROS/turtlebot3_ws/install/dynamixel_sdk_custom_interfaces:/opt/ros/jazzy/opt/gz_sim_vendor:/opt/ros/jazzy/opt/gz_sensors_vendor:/opt/ros/jazzy/opt/gz_physics_vendor:/opt/ros/jazzy/opt/sdformat_vendor:/opt/ros/jazzy/opt/gz_gui_vendor:/opt/ros/jazzy/opt/gz_transport_vendor:/opt/ros/jazzy/opt/gz_rendering_vendor:/opt/ros/jazzy/opt/gz_plugin_vendor:/opt/ros/jazzy/opt/gz_fuel_tools_vendor:/opt/ros/jazzy/opt/gz_msgs_vendor:/opt/ros/jazzy/opt/gz_common_vendor:/opt/ros/jazzy/opt/gz_math_vendor:/opt/ros/jazzy/opt/gz_utils_vendor:/opt/ros/jazzy/opt/gz_tools_vendor:/opt/ros/jazzy/opt/gz_ogre_next_vendor:/opt/ros/jazzy/opt/gz_dartsim_vendor:/opt/ros/jazzy/opt/gz_cmake_vendor:/home/njoy/ROS/ros_ws/turtlebot3_ws/install/turtlebot3:/home/njoy/ROS/ros_ws/turtlebot3_ws/install/turtlebot3_simulations:/home/njoy/ROS/ros_ws/turtlebot3_ws/install/turtlebot3_bringup:/home/njoy/ROS/ros_ws/turtlebot3_ws/install/turtlebot3_node:/home/njoy/ROS/ros_ws/turtlebot3_ws/install/turtlebot3_navigation2:/home/njoy/ROS/ros_ws/turtlebot3_ws/install/turtlebot3_fake_node:/home/njoy/ROS/ros_ws/turtlebot3_ws/install/turtlebot3_msgs:/home/njoy/ROS/ros_ws/turtlebot3_ws/install/turtlebot3_gazebo:/home/njoy/ROS/ros_ws/turtlebot3_ws/install/turtlebot3_description:/home/njoy/ROS/ros_ws/turtlebot3_ws/install/turtlebot3_cartographer:/home/njoy/ROS/ros_ws/turtlebot3_ws/install/dynamixel_sdk_examples:/home/njoy/ROS/ros_ws/turtlebot3_ws/install/dynamixel_sdk_custom_interfaces:/home/njoy/ROS/ros_ws/turtlebot3_ws/install/dynamixel_sdk:/home/njoy/ROS/turtlebot3_ws/install/turtlebot3_teleop:/home/njoy/ROS/turtlebot3_ws/install/turtlebot3_example:/opt/ros/jazzy:/home/njoy/ROS/ros_ws/turtlebot3_ws/install/turtlebot3_teleop:/home/njoy/ROS/ros_ws/turtlebot3_ws/install/turtlebot3_example DEBUGINFOD_URLS=ima:enforcing https://debuginfod.fedoraproject.org/ ima:ignore LD_LIBRARY_PATH=/home/njoy/ROS/turtlebot3_ws/install/turtlebot3_msgs/lib:/home/njoy/ROS/turtlebot3_ws/install/dynamixel_sdk/lib:/home/njoy/ROS/turtlebot3_ws/install/dynamixel_sdk_custom_interfaces/lib:/opt/ros/jazzy/opt/gz_sim_vendor/lib:/opt/ros/jazzy/opt/gz_sensors_vendor/lib:/opt/ros/jazzy/opt/gz_physics_vendor/lib:/opt/ros/jazzy/opt/sdformat_vendor/lib:/opt/ros/jazzy/opt/rviz_ogre_vendor/lib:/opt/ros/jazzy/lib/x86_64-linux-gnu:/opt/ros/jazzy/opt/gz_gui_vendor/lib:/opt/ros/jazzy/opt/gz_transport_vendor/lib:/opt/ros/jazzy/opt/gz_rendering_vendor/lib:/opt/ros/jazzy/opt/gz_plugin_vendor/lib:/opt/ros/jazzy/opt/gz_fuel_tools_vendor/lib:/opt/ros/jazzy/opt/gz_msgs_vendor/lib:/opt/ros/jazzy/opt/gz_common_vendor/lib:/opt/ros/jazzy/opt/gz_math_vendor/lib:/opt/ros/jazzy/opt/gz_utils_vendor/lib:/opt/ros/jazzy/opt/gz_tools_vendor/lib:/opt/ros/jazzy/opt/gz_ogre_next_vendor/lib:/opt/ros/jazzy/opt/gz_dartsim_vendor/lib:/opt/ros/jazzy/opt/gz_cmake_vendor/lib:/opt/ros/jazzy/lib:/home/njoy/ROS/ros_ws/turtlebot3_ws/install/turtlebot3_msgs/lib:/home/njoy/ROS/ros_ws/turtlebot3_ws/install/dynamixel_sdk_custom_interfaces/lib:/home/njoy/ROS/ros_ws/turtlebot3_ws/install/dynamixel_sdk/lib PS1=📦[\u@rover-dev-container \W]$ PYTHONPATH=/home/njoy/ROS/turtlebot3_ws/install/turtlebot3_msgs/lib/python3.12/site-packages:/home/njoy/ROS/turtlebot3_ws/install/dynamixel_sdk/lib/python3.12/site-packages:/home/njoy/ROS/turtlebot3_ws/install/turtlebot3_teleop/lib/python3.12/site-packages:/home/njoy/ROS/turtlebot3_ws/install/turtlebot3_example/lib/python3.12/site-packages:/home/njoy/ROS/turtlebot3_ws/install/dynamixel_sdk_custom_interfaces/lib/python3.12/site-packages:/opt/ros/jazzy/lib/python3.12/site-packages:/home/njoy/ROS/ros_ws/turtlebot3_ws/build/turtlebot3_teleop:/home/njoy/ROS/ros_ws/turtlebot3_ws/install/turtlebot3_teleop/lib/python3.12/site-packages:/home/njoy/ROS/ros_ws/turtlebot3_ws/build/turtlebot3_example:/home/njoy/ROS/ros_ws/turtlebot3_ws/install/turtlebot3_example/lib/python3.12/site-packages:/home/njoy/ROS/ros_ws/turtlebot3_ws/install/turtlebot3_msgs/lib/python3.12/site-packages:/home/njoy/ROS/ros_ws/turtlebot3_ws/install/dynamixel_sdk_custom_interfaces/lib/python3.12/site-packages:/home/njoy/ROS/ros_ws/turtlebot3_ws/install/dynamixel_sdk/lib/python3.12/site-packages /usr/bin/cmake --install /home/njoy/ROS/turtlebot3_ws/build/turtlebot3_bringup
[40.766s] Level 1:colcon.colcon_core.environment:create_environment_scripts_only(turtlebot3_bringup)
[40.766s] Level 1:colcon.colcon_core.environment:checking '/home/njoy/ROS/turtlebot3_ws/install/turtlebot3_bringup' for CMake module files
[40.767s] DEBUG:colcon.colcon_core.event_handler.log_command:Invoked command in '/home/njoy/ROS/turtlebot3_ws/build/turtlebot3_bringup' returned '0': AMENT_PREFIX_PATH=/home/njoy/ROS/turtlebot3_ws/install/turtlebot3_node:/home/njoy/ROS/turtlebot3_ws/install/turtlebot3_msgs:/home/njoy/ROS/turtlebot3_ws/install/turtlebot3_description:/home/njoy/ROS/turtlebot3_ws/install/dynamixel_sdk:${AMENT_PREFIX_PATH} CMAKE_PREFIX_PATH=/home/njoy/ROS/turtlebot3_ws/install/turtlebot3_node:/home/njoy/ROS/turtlebot3_ws/install/turtlebot3_msgs:/home/njoy/ROS/turtlebot3_ws/install/turtlebot3_description:/home/njoy/ROS/turtlebot3_ws/install/dynamixel_sdk:/home/njoy/ROS/turtlebot3_ws/install/turtlebot3:/home/njoy/ROS/turtlebot3_ws/install/turtlebot3_simulations:/home/njoy/ROS/turtlebot3_ws/install/turtlebot3_bringup:/home/njoy/ROS/turtlebot3_ws/install/turtlebot3_navigation2:/home/njoy/ROS/turtlebot3_ws/install/turtlebot3_fake_node:/home/njoy/ROS/turtlebot3_ws/install/turtlebot3_gazebo:/home/njoy/ROS/turtlebot3_ws/install/turtlebot3_cartographer:/home/njoy/ROS/turtlebot3_ws/install/dynamixel_sdk_examples:/home/njoy/ROS/turtlebot3_ws/install/dynamixel_sdk_custom_interfaces:/opt/ros/jazzy/opt/gz_sim_vendor:/opt/ros/jazzy/opt/gz_sensors_vendor:/opt/ros/jazzy/opt/gz_physics_vendor:/opt/ros/jazzy/opt/sdformat_vendor:/opt/ros/jazzy/opt/gz_gui_vendor:/opt/ros/jazzy/opt/gz_transport_vendor:/opt/ros/jazzy/opt/gz_rendering_vendor:/opt/ros/jazzy/opt/gz_plugin_vendor:/opt/ros/jazzy/opt/gz_fuel_tools_vendor:/opt/ros/jazzy/opt/gz_msgs_vendor:/opt/ros/jazzy/opt/gz_common_vendor:/opt/ros/jazzy/opt/gz_math_vendor:/opt/ros/jazzy/opt/gz_utils_vendor:/opt/ros/jazzy/opt/gz_tools_vendor:/opt/ros/jazzy/opt/gz_ogre_next_vendor:/opt/ros/jazzy/opt/gz_dartsim_vendor:/opt/ros/jazzy/opt/gz_cmake_vendor:/home/njoy/ROS/ros_ws/turtlebot3_ws/install/turtlebot3:/home/njoy/ROS/ros_ws/turtlebot3_ws/install/turtlebot3_simulations:/home/njoy/ROS/ros_ws/turtlebot3_ws/install/turtlebot3_bringup:/home/njoy/ROS/ros_ws/turtlebot3_ws/install/turtlebot3_node:/home/njoy/ROS/ros_ws/turtlebot3_ws/install/turtlebot3_navigation2:/home/njoy/ROS/ros_ws/turtlebot3_ws/install/turtlebot3_fake_node:/home/njoy/ROS/ros_ws/turtlebot3_ws/install/turtlebot3_msgs:/home/njoy/ROS/ros_ws/turtlebot3_ws/install/turtlebot3_gazebo:/home/njoy/ROS/ros_ws/turtlebot3_ws/install/turtlebot3_description:/home/njoy/ROS/ros_ws/turtlebot3_ws/install/turtlebot3_cartographer:/home/njoy/ROS/ros_ws/turtlebot3_ws/install/dynamixel_sdk_examples:/home/njoy/ROS/ros_ws/turtlebot3_ws/install/dynamixel_sdk_custom_interfaces:/home/njoy/ROS/ros_ws/turtlebot3_ws/install/dynamixel_sdk:/home/njoy/ROS/turtlebot3_ws/install/turtlebot3_teleop:/home/njoy/ROS/turtlebot3_ws/install/turtlebot3_example:/opt/ros/jazzy:/home/njoy/ROS/ros_ws/turtlebot3_ws/install/turtlebot3_teleop:/home/njoy/ROS/ros_ws/turtlebot3_ws/install/turtlebot3_example DEBUGINFOD_URLS=ima:enforcing https://debuginfod.fedoraproject.org/ ima:ignore LD_LIBRARY_PATH=/home/njoy/ROS/turtlebot3_ws/install/turtlebot3_msgs/lib:/home/njoy/ROS/turtlebot3_ws/install/dynamixel_sdk/lib:/home/njoy/ROS/turtlebot3_ws/install/dynamixel_sdk_custom_interfaces/lib:/opt/ros/jazzy/opt/gz_sim_vendor/lib:/opt/ros/jazzy/opt/gz_sensors_vendor/lib:/opt/ros/jazzy/opt/gz_physics_vendor/lib:/opt/ros/jazzy/opt/sdformat_vendor/lib:/opt/ros/jazzy/opt/rviz_ogre_vendor/lib:/opt/ros/jazzy/lib/x86_64-linux-gnu:/opt/ros/jazzy/opt/gz_gui_vendor/lib:/opt/ros/jazzy/opt/gz_transport_vendor/lib:/opt/ros/jazzy/opt/gz_rendering_vendor/lib:/opt/ros/jazzy/opt/gz_plugin_vendor/lib:/opt/ros/jazzy/opt/gz_fuel_tools_vendor/lib:/opt/ros/jazzy/opt/gz_msgs_vendor/lib:/opt/ros/jazzy/opt/gz_common_vendor/lib:/opt/ros/jazzy/opt/gz_math_vendor/lib:/opt/ros/jazzy/opt/gz_utils_vendor/lib:/opt/ros/jazzy/opt/gz_tools_vendor/lib:/opt/ros/jazzy/opt/gz_ogre_next_vendor/lib:/opt/ros/jazzy/opt/gz_dartsim_vendor/lib:/opt/ros/jazzy/opt/gz_cmake_vendor/lib:/opt/ros/jazzy/lib:/home/njoy/ROS/ros_ws/turtlebot3_ws/install/turtlebot3_msgs/lib:/home/njoy/ROS/ros_ws/turtlebot3_ws/install/dynamixel_sdk_custom_interfaces/lib:/home/njoy/ROS/ros_ws/turtlebot3_ws/install/dynamixel_sdk/lib PS1=📦[\u@rover-dev-container \W]$ PYTHONPATH=/home/njoy/ROS/turtlebot3_ws/install/turtlebot3_msgs/lib/python3.12/site-packages:/home/njoy/ROS/turtlebot3_ws/install/dynamixel_sdk/lib/python3.12/site-packages:/home/njoy/ROS/turtlebot3_ws/install/turtlebot3_teleop/lib/python3.12/site-packages:/home/njoy/ROS/turtlebot3_ws/install/turtlebot3_example/lib/python3.12/site-packages:/home/njoy/ROS/turtlebot3_ws/install/dynamixel_sdk_custom_interfaces/lib/python3.12/site-packages:/opt/ros/jazzy/lib/python3.12/site-packages:/home/njoy/ROS/ros_ws/turtlebot3_ws/build/turtlebot3_teleop:/home/njoy/ROS/ros_ws/turtlebot3_ws/install/turtlebot3_teleop/lib/python3.12/site-packages:/home/njoy/ROS/ros_ws/turtlebot3_ws/build/turtlebot3_example:/home/njoy/ROS/ros_ws/turtlebot3_ws/install/turtlebot3_example/lib/python3.12/site-packages:/home/njoy/ROS/ros_ws/turtlebot3_ws/install/turtlebot3_msgs/lib/python3.12/site-packages:/home/njoy/ROS/ros_ws/turtlebot3_ws/install/dynamixel_sdk_custom_interfaces/lib/python3.12/site-packages:/home/njoy/ROS/ros_ws/turtlebot3_ws/install/dynamixel_sdk/lib/python3.12/site-packages /usr/bin/cmake --install /home/njoy/ROS/turtlebot3_ws/build/turtlebot3_bringup
[40.767s] Level 1:colcon.colcon_core.environment:checking '/home/njoy/ROS/turtlebot3_ws/install/turtlebot3_bringup' for CMake config files
[40.767s] Level 1:colcon.colcon_core.shell:create_environment_hook('turtlebot3_bringup', 'cmake_prefix_path')
[40.767s] INFO:colcon.colcon_core.shell:Creating environment hook '/home/njoy/ROS/turtlebot3_ws/install/turtlebot3_bringup/share/turtlebot3_bringup/hook/cmake_prefix_path.ps1'
[40.768s] INFO:colcon.colcon_core.shell:Creating environment descriptor '/home/njoy/ROS/turtlebot3_ws/install/turtlebot3_bringup/share/turtlebot3_bringup/hook/cmake_prefix_path.dsv'
[40.768s] INFO:colcon.colcon_core.shell:Creating environment hook '/home/njoy/ROS/turtlebot3_ws/install/turtlebot3_bringup/share/turtlebot3_bringup/hook/cmake_prefix_path.sh'
[40.769s] Level 1:colcon.colcon_core.environment:checking '/home/njoy/ROS/turtlebot3_ws/install/turtlebot3_bringup/bin'
[40.769s] Level 1:colcon.colcon_core.environment:checking '/home/njoy/ROS/turtlebot3_ws/install/turtlebot3_bringup/lib/pkgconfig/turtlebot3_bringup.pc'
[40.769s] Level 1:colcon.colcon_core.environment:checking '/home/njoy/ROS/turtlebot3_ws/install/turtlebot3_bringup/lib/python3.12/site-packages'
[40.769s] Level 1:colcon.colcon_core.environment:checking '/home/njoy/ROS/turtlebot3_ws/install/turtlebot3_bringup/bin'
[40.769s] INFO:colcon.colcon_core.shell:Creating package script '/home/njoy/ROS/turtlebot3_ws/install/turtlebot3_bringup/share/turtlebot3_bringup/package.ps1'
[40.769s] INFO:colcon.colcon_core.shell:Creating package descriptor '/home/njoy/ROS/turtlebot3_ws/install/turtlebot3_bringup/share/turtlebot3_bringup/package.dsv'
[40.770s] INFO:colcon.colcon_core.shell:Creating package script '/home/njoy/ROS/turtlebot3_ws/install/turtlebot3_bringup/share/turtlebot3_bringup/package.sh'
[40.770s] INFO:colcon.colcon_core.shell:Creating package script '/home/njoy/ROS/turtlebot3_ws/install/turtlebot3_bringup/share/turtlebot3_bringup/package.bash'
[40.770s] INFO:colcon.colcon_core.shell:Creating package script '/home/njoy/ROS/turtlebot3_ws/install/turtlebot3_bringup/share/turtlebot3_bringup/package.zsh'
[40.771s] Level 1:colcon.colcon_core.environment:create_file_with_runtime_dependencies(/home/njoy/ROS/turtlebot3_ws/install/turtlebot3_bringup/share/colcon-core/packages/turtlebot3_bringup)
[40.771s] Level 1:colcon.colcon_core.environment:create_environment_scripts_only(turtlebot3_bringup)
[40.771s] Level 1:colcon.colcon_core.environment:checking '/home/njoy/ROS/turtlebot3_ws/install/turtlebot3_bringup' for CMake module files
[40.771s] Level 1:colcon.colcon_core.environment:checking '/home/njoy/ROS/turtlebot3_ws/install/turtlebot3_bringup' for CMake config files
[40.772s] Level 1:colcon.colcon_core.shell:create_environment_hook('turtlebot3_bringup', 'cmake_prefix_path')
[40.772s] INFO:colcon.colcon_core.shell:Creating environment hook '/home/njoy/ROS/turtlebot3_ws/install/turtlebot3_bringup/share/turtlebot3_bringup/hook/cmake_prefix_path.ps1'
[40.772s] INFO:colcon.colcon_core.shell:Creating environment descriptor '/home/njoy/ROS/turtlebot3_ws/install/turtlebot3_bringup/share/turtlebot3_bringup/hook/cmake_prefix_path.dsv'
[40.772s] INFO:colcon.colcon_core.shell:Creating environment hook '/home/njoy/ROS/turtlebot3_ws/install/turtlebot3_bringup/share/turtlebot3_bringup/hook/cmake_prefix_path.sh'
[40.773s] Level 1:colcon.colcon_core.environment:checking '/home/njoy/ROS/turtlebot3_ws/install/turtlebot3_bringup/bin'
[40.773s] Level 1:colcon.colcon_core.environment:checking '/home/njoy/ROS/turtlebot3_ws/install/turtlebot3_bringup/lib/pkgconfig/turtlebot3_bringup.pc'
[40.773s] Level 1:colcon.colcon_core.environment:checking '/home/njoy/ROS/turtlebot3_ws/install/turtlebot3_bringup/lib/python3.12/site-packages'
[40.773s] Level 1:colcon.colcon_core.environment:checking '/home/njoy/ROS/turtlebot3_ws/install/turtlebot3_bringup/bin'
[40.773s] INFO:colcon.colcon_core.shell:Creating package script '/home/njoy/ROS/turtlebot3_ws/install/turtlebot3_bringup/share/turtlebot3_bringup/package.ps1'
[40.774s] INFO:colcon.colcon_core.shell:Creating package descriptor '/home/njoy/ROS/turtlebot3_ws/install/turtlebot3_bringup/share/turtlebot3_bringup/package.dsv'
[40.774s] INFO:colcon.colcon_core.shell:Creating package script '/home/njoy/ROS/turtlebot3_ws/install/turtlebot3_bringup/share/turtlebot3_bringup/package.sh'
[40.774s] INFO:colcon.colcon_core.shell:Creating package script '/home/njoy/ROS/turtlebot3_ws/install/turtlebot3_bringup/share/turtlebot3_bringup/package.bash'
[40.774s] INFO:colcon.colcon_core.shell:Creating package script '/home/njoy/ROS/turtlebot3_ws/install/turtlebot3_bringup/share/turtlebot3_bringup/package.zsh'
[40.775s] Level 1:colcon.colcon_core.environment:create_file_with_runtime_dependencies(/home/njoy/ROS/turtlebot3_ws/install/turtlebot3_bringup/share/colcon-core/packages/turtlebot3_bringup)
[40.775s] INFO:colcon.colcon_ros.task.ament_cmake.build:Building ROS package in '/home/njoy/ROS/turtlebot3_ws/src/turtlebot3/turtlebot3' with build type 'ament_cmake'
[40.775s] INFO:colcon.colcon_cmake.task.cmake.build:Building CMake package in '/home/njoy/ROS/turtlebot3_ws/src/turtlebot3/turtlebot3'
[40.775s] INFO:colcon.colcon_core.shell:Skip shell extension 'powershell' for command environment: Not usable outside of PowerShell
[40.775s] DEBUG:colcon.colcon_core.shell:Skip shell extension 'dsv' for command environment
[40.812s] DEBUG:colcon.colcon_core.event_handler.log_command:Invoking command in '/home/njoy/ROS/turtlebot3_ws/build/turtlebot3': AMENT_PREFIX_PATH=/home/njoy/ROS/turtlebot3_ws/install/turtlebot3_bringup:/home/njoy/ROS/turtlebot3_ws/install/turtlebot3_node:/home/njoy/ROS/turtlebot3_ws/install/turtlebot3_example:/home/njoy/ROS/turtlebot3_ws/install/turtlebot3_teleop:/home/njoy/ROS/turtlebot3_ws/install/turtlebot3_navigation2:/home/njoy/ROS/turtlebot3_ws/install/turtlebot3_msgs:/home/njoy/ROS/turtlebot3_ws/install/turtlebot3_description:/home/njoy/ROS/turtlebot3_ws/install/turtlebot3_cartographer:/home/njoy/ROS/turtlebot3_ws/install/dynamixel_sdk:/opt/ros/jazzy:/home/njoy/ROS/ros_ws/turtlebot3_ws/install/turtlebot3:/home/njoy/ROS/ros_ws/turtlebot3_ws/install/turtlebot3_teleop:/home/njoy/ROS/ros_ws/turtlebot3_ws/install/turtlebot3_simulations:/home/njoy/ROS/ros_ws/turtlebot3_ws/install/turtlebot3_bringup:/home/njoy/ROS/ros_ws/turtlebot3_ws/install/turtlebot3_node:/home/njoy/ROS/ros_ws/turtlebot3_ws/install/turtlebot3_navigation2:/home/njoy/ROS/ros_ws/turtlebot3_ws/install/turtlebot3_fake_node:/home/njoy/ROS/ros_ws/turtlebot3_ws/install/turtlebot3_example:/home/njoy/ROS/ros_ws/turtlebot3_ws/install/turtlebot3_msgs:/home/njoy/ROS/ros_ws/turtlebot3_ws/install/turtlebot3_gazebo:/home/njoy/ROS/ros_ws/turtlebot3_ws/install/turtlebot3_description:/home/njoy/ROS/ros_ws/turtlebot3_ws/install/turtlebot3_cartographer:/home/njoy/ROS/ros_ws/turtlebot3_ws/install/dynamixel_sdk_examples:/home/njoy/ROS/ros_ws/turtlebot3_ws/install/dynamixel_sdk_custom_interfaces:/home/njoy/ROS/ros_ws/turtlebot3_ws/install/dynamixel_sdk CMAKE_PREFIX_PATH=/home/njoy/ROS/turtlebot3_ws/install/turtlebot3_bringup:/home/njoy/ROS/turtlebot3_ws/install/turtlebot3_node:/home/njoy/ROS/turtlebot3_ws/install/turtlebot3_navigation2:/home/njoy/ROS/turtlebot3_ws/install/turtlebot3_msgs:/home/njoy/ROS/turtlebot3_ws/install/turtlebot3_description:/home/njoy/ROS/turtlebot3_ws/install/turtlebot3_cartographer:/home/njoy/ROS/turtlebot3_ws/install/dynamixel_sdk:/home/njoy/ROS/turtlebot3_ws/install/turtlebot3:/home/njoy/ROS/turtlebot3_ws/install/turtlebot3_simulations:/home/njoy/ROS/turtlebot3_ws/install/turtlebot3_fake_node:/home/njoy/ROS/turtlebot3_ws/install/turtlebot3_gazebo:/home/njoy/ROS/turtlebot3_ws/install/dynamixel_sdk_examples:/home/njoy/ROS/turtlebot3_ws/install/dynamixel_sdk_custom_interfaces:/opt/ros/jazzy/opt/gz_sim_vendor:/opt/ros/jazzy/opt/gz_sensors_vendor:/opt/ros/jazzy/opt/gz_physics_vendor:/opt/ros/jazzy/opt/sdformat_vendor:/opt/ros/jazzy/opt/gz_gui_vendor:/opt/ros/jazzy/opt/gz_transport_vendor:/opt/ros/jazzy/opt/gz_rendering_vendor:/opt/ros/jazzy/opt/gz_plugin_vendor:/opt/ros/jazzy/opt/gz_fuel_tools_vendor:/opt/ros/jazzy/opt/gz_msgs_vendor:/opt/ros/jazzy/opt/gz_common_vendor:/opt/ros/jazzy/opt/gz_math_vendor:/opt/ros/jazzy/opt/gz_utils_vendor:/opt/ros/jazzy/opt/gz_tools_vendor:/opt/ros/jazzy/opt/gz_ogre_next_vendor:/opt/ros/jazzy/opt/gz_dartsim_vendor:/opt/ros/jazzy/opt/gz_cmake_vendor:/home/njoy/ROS/ros_ws/turtlebot3_ws/install/turtlebot3:/home/njoy/ROS/ros_ws/turtlebot3_ws/install/turtlebot3_simulations:/home/njoy/ROS/ros_ws/turtlebot3_ws/install/turtlebot3_bringup:/home/njoy/ROS/ros_ws/turtlebot3_ws/install/turtlebot3_node:/home/njoy/ROS/ros_ws/turtlebot3_ws/install/turtlebot3_navigation2:/home/njoy/ROS/ros_ws/turtlebot3_ws/install/turtlebot3_fake_node:/home/njoy/ROS/ros_ws/turtlebot3_ws/install/turtlebot3_msgs:/home/njoy/ROS/ros_ws/turtlebot3_ws/install/turtlebot3_gazebo:/home/njoy/ROS/ros_ws/turtlebot3_ws/install/turtlebot3_description:/home/njoy/ROS/ros_ws/turtlebot3_ws/install/turtlebot3_cartographer:/home/njoy/ROS/ros_ws/turtlebot3_ws/install/dynamixel_sdk_examples:/home/njoy/ROS/ros_ws/turtlebot3_ws/install/dynamixel_sdk_custom_interfaces:/home/njoy/ROS/ros_ws/turtlebot3_ws/install/dynamixel_sdk:/home/njoy/ROS/turtlebot3_ws/install/turtlebot3_teleop:/home/njoy/ROS/turtlebot3_ws/install/turtlebot3_example:/opt/ros/jazzy:/home/njoy/ROS/ros_ws/turtlebot3_ws/install/turtlebot3_teleop:/home/njoy/ROS/ros_ws/turtlebot3_ws/install/turtlebot3_example DEBUGINFOD_URLS=ima:enforcing https://debuginfod.fedoraproject.org/ ima:ignore LD_LIBRARY_PATH=/home/njoy/ROS/turtlebot3_ws/install/turtlebot3_msgs/lib:/home/njoy/ROS/turtlebot3_ws/install/dynamixel_sdk/lib:/home/njoy/ROS/turtlebot3_ws/install/dynamixel_sdk_custom_interfaces/lib:/opt/ros/jazzy/opt/gz_sim_vendor/lib:/opt/ros/jazzy/opt/gz_sensors_vendor/lib:/opt/ros/jazzy/opt/gz_physics_vendor/lib:/opt/ros/jazzy/opt/sdformat_vendor/lib:/opt/ros/jazzy/opt/rviz_ogre_vendor/lib:/opt/ros/jazzy/lib/x86_64-linux-gnu:/opt/ros/jazzy/opt/gz_gui_vendor/lib:/opt/ros/jazzy/opt/gz_transport_vendor/lib:/opt/ros/jazzy/opt/gz_rendering_vendor/lib:/opt/ros/jazzy/opt/gz_plugin_vendor/lib:/opt/ros/jazzy/opt/gz_fuel_tools_vendor/lib:/opt/ros/jazzy/opt/gz_msgs_vendor/lib:/opt/ros/jazzy/opt/gz_common_vendor/lib:/opt/ros/jazzy/opt/gz_math_vendor/lib:/opt/ros/jazzy/opt/gz_utils_vendor/lib:/opt/ros/jazzy/opt/gz_tools_vendor/lib:/opt/ros/jazzy/opt/gz_ogre_next_vendor/lib:/opt/ros/jazzy/opt/gz_dartsim_vendor/lib:/opt/ros/jazzy/opt/gz_cmake_vendor/lib:/opt/ros/jazzy/lib:/home/njoy/ROS/ros_ws/turtlebot3_ws/install/turtlebot3_msgs/lib:/home/njoy/ROS/ros_ws/turtlebot3_ws/install/dynamixel_sdk_custom_interfaces/lib:/home/njoy/ROS/ros_ws/turtlebot3_ws/install/dynamixel_sdk/lib PS1=📦[\u@rover-dev-container \W]$ PYTHONPATH=/home/njoy/ROS/turtlebot3_ws/build/turtlebot3_example:/home/njoy/ROS/turtlebot3_ws/install/turtlebot3_example/lib/python3.12/site-packages:/home/njoy/ROS/turtlebot3_ws/build/turtlebot3_teleop:/home/njoy/ROS/turtlebot3_ws/install/turtlebot3_teleop/lib/python3.12/site-packages:/home/njoy/ROS/turtlebot3_ws/install/turtlebot3_msgs/lib/python3.12/site-packages:/home/njoy/ROS/turtlebot3_ws/install/dynamixel_sdk/lib/python3.12/site-packages:/home/njoy/ROS/turtlebot3_ws/install/dynamixel_sdk_custom_interfaces/lib/python3.12/site-packages:/opt/ros/jazzy/lib/python3.12/site-packages:/home/njoy/ROS/ros_ws/turtlebot3_ws/build/turtlebot3_teleop:/home/njoy/ROS/ros_ws/turtlebot3_ws/install/turtlebot3_teleop/lib/python3.12/site-packages:/home/njoy/ROS/ros_ws/turtlebot3_ws/build/turtlebot3_example:/home/njoy/ROS/ros_ws/turtlebot3_ws/install/turtlebot3_example/lib/python3.12/site-packages:/home/njoy/ROS/ros_ws/turtlebot3_ws/install/turtlebot3_msgs/lib/python3.12/site-packages:/home/njoy/ROS/ros_ws/turtlebot3_ws/install/dynamixel_sdk_custom_interfaces/lib/python3.12/site-packages:/home/njoy/ROS/ros_ws/turtlebot3_ws/install/dynamixel_sdk/lib/python3.12/site-packages /usr/bin/cmake /home/njoy/ROS/turtlebot3_ws/src/turtlebot3/turtlebot3 -DAMENT_CMAKE_SYMLINK_INSTALL=1 -DCMAKE_INSTALL_PREFIX=/home/njoy/ROS/turtlebot3_ws/install/turtlebot3
[41.741s] DEBUG:colcon.colcon_core.event_handler.log_command:Invoked command in '/home/njoy/ROS/turtlebot3_ws/build/turtlebot3' returned '0': AMENT_PREFIX_PATH=/home/njoy/ROS/turtlebot3_ws/install/turtlebot3_bringup:/home/njoy/ROS/turtlebot3_ws/install/turtlebot3_node:/home/njoy/ROS/turtlebot3_ws/install/turtlebot3_example:/home/njoy/ROS/turtlebot3_ws/install/turtlebot3_teleop:/home/njoy/ROS/turtlebot3_ws/install/turtlebot3_navigation2:/home/njoy/ROS/turtlebot3_ws/install/turtlebot3_msgs:/home/njoy/ROS/turtlebot3_ws/install/turtlebot3_description:/home/njoy/ROS/turtlebot3_ws/install/turtlebot3_cartographer:/home/njoy/ROS/turtlebot3_ws/install/dynamixel_sdk:/opt/ros/jazzy:/home/njoy/ROS/ros_ws/turtlebot3_ws/install/turtlebot3:/home/njoy/ROS/ros_ws/turtlebot3_ws/install/turtlebot3_teleop:/home/njoy/ROS/ros_ws/turtlebot3_ws/install/turtlebot3_simulations:/home/njoy/ROS/ros_ws/turtlebot3_ws/install/turtlebot3_bringup:/home/njoy/ROS/ros_ws/turtlebot3_ws/install/turtlebot3_node:/home/njoy/ROS/ros_ws/turtlebot3_ws/install/turtlebot3_navigation2:/home/njoy/ROS/ros_ws/turtlebot3_ws/install/turtlebot3_fake_node:/home/njoy/ROS/ros_ws/turtlebot3_ws/install/turtlebot3_example:/home/njoy/ROS/ros_ws/turtlebot3_ws/install/turtlebot3_msgs:/home/njoy/ROS/ros_ws/turtlebot3_ws/install/turtlebot3_gazebo:/home/njoy/ROS/ros_ws/turtlebot3_ws/install/turtlebot3_description:/home/njoy/ROS/ros_ws/turtlebot3_ws/install/turtlebot3_cartographer:/home/njoy/ROS/ros_ws/turtlebot3_ws/install/dynamixel_sdk_examples:/home/njoy/ROS/ros_ws/turtlebot3_ws/install/dynamixel_sdk_custom_interfaces:/home/njoy/ROS/ros_ws/turtlebot3_ws/install/dynamixel_sdk CMAKE_PREFIX_PATH=/home/njoy/ROS/turtlebot3_ws/install/turtlebot3_bringup:/home/njoy/ROS/turtlebot3_ws/install/turtlebot3_node:/home/njoy/ROS/turtlebot3_ws/install/turtlebot3_navigation2:/home/njoy/ROS/turtlebot3_ws/install/turtlebot3_msgs:/home/njoy/ROS/turtlebot3_ws/install/turtlebot3_description:/home/njoy/ROS/turtlebot3_ws/install/turtlebot3_cartographer:/home/njoy/ROS/turtlebot3_ws/install/dynamixel_sdk:/home/njoy/ROS/turtlebot3_ws/install/turtlebot3:/home/njoy/ROS/turtlebot3_ws/install/turtlebot3_simulations:/home/njoy/ROS/turtlebot3_ws/install/turtlebot3_fake_node:/home/njoy/ROS/turtlebot3_ws/install/turtlebot3_gazebo:/home/njoy/ROS/turtlebot3_ws/install/dynamixel_sdk_examples:/home/njoy/ROS/turtlebot3_ws/install/dynamixel_sdk_custom_interfaces:/opt/ros/jazzy/opt/gz_sim_vendor:/opt/ros/jazzy/opt/gz_sensors_vendor:/opt/ros/jazzy/opt/gz_physics_vendor:/opt/ros/jazzy/opt/sdformat_vendor:/opt/ros/jazzy/opt/gz_gui_vendor:/opt/ros/jazzy/opt/gz_transport_vendor:/opt/ros/jazzy/opt/gz_rendering_vendor:/opt/ros/jazzy/opt/gz_plugin_vendor:/opt/ros/jazzy/opt/gz_fuel_tools_vendor:/opt/ros/jazzy/opt/gz_msgs_vendor:/opt/ros/jazzy/opt/gz_common_vendor:/opt/ros/jazzy/opt/gz_math_vendor:/opt/ros/jazzy/opt/gz_utils_vendor:/opt/ros/jazzy/opt/gz_tools_vendor:/opt/ros/jazzy/opt/gz_ogre_next_vendor:/opt/ros/jazzy/opt/gz_dartsim_vendor:/opt/ros/jazzy/opt/gz_cmake_vendor:/home/njoy/ROS/ros_ws/turtlebot3_ws/install/turtlebot3:/home/njoy/ROS/ros_ws/turtlebot3_ws/install/turtlebot3_simulations:/home/njoy/ROS/ros_ws/turtlebot3_ws/install/turtlebot3_bringup:/home/njoy/ROS/ros_ws/turtlebot3_ws/install/turtlebot3_node:/home/njoy/ROS/ros_ws/turtlebot3_ws/install/turtlebot3_navigation2:/home/njoy/ROS/ros_ws/turtlebot3_ws/install/turtlebot3_fake_node:/home/njoy/ROS/ros_ws/turtlebot3_ws/install/turtlebot3_msgs:/home/njoy/ROS/ros_ws/turtlebot3_ws/install/turtlebot3_gazebo:/home/njoy/ROS/ros_ws/turtlebot3_ws/install/turtlebot3_description:/home/njoy/ROS/ros_ws/turtlebot3_ws/install/turtlebot3_cartographer:/home/njoy/ROS/ros_ws/turtlebot3_ws/install/dynamixel_sdk_examples:/home/njoy/ROS/ros_ws/turtlebot3_ws/install/dynamixel_sdk_custom_interfaces:/home/njoy/ROS/ros_ws/turtlebot3_ws/install/dynamixel_sdk:/home/njoy/ROS/turtlebot3_ws/install/turtlebot3_teleop:/home/njoy/ROS/turtlebot3_ws/install/turtlebot3_example:/opt/ros/jazzy:/home/njoy/ROS/ros_ws/turtlebot3_ws/install/turtlebot3_teleop:/home/njoy/ROS/ros_ws/turtlebot3_ws/install/turtlebot3_example DEBUGINFOD_URLS=ima:enforcing https://debuginfod.fedoraproject.org/ ima:ignore LD_LIBRARY_PATH=/home/njoy/ROS/turtlebot3_ws/install/turtlebot3_msgs/lib:/home/njoy/ROS/turtlebot3_ws/install/dynamixel_sdk/lib:/home/njoy/ROS/turtlebot3_ws/install/dynamixel_sdk_custom_interfaces/lib:/opt/ros/jazzy/opt/gz_sim_vendor/lib:/opt/ros/jazzy/opt/gz_sensors_vendor/lib:/opt/ros/jazzy/opt/gz_physics_vendor/lib:/opt/ros/jazzy/opt/sdformat_vendor/lib:/opt/ros/jazzy/opt/rviz_ogre_vendor/lib:/opt/ros/jazzy/lib/x86_64-linux-gnu:/opt/ros/jazzy/opt/gz_gui_vendor/lib:/opt/ros/jazzy/opt/gz_transport_vendor/lib:/opt/ros/jazzy/opt/gz_rendering_vendor/lib:/opt/ros/jazzy/opt/gz_plugin_vendor/lib:/opt/ros/jazzy/opt/gz_fuel_tools_vendor/lib:/opt/ros/jazzy/opt/gz_msgs_vendor/lib:/opt/ros/jazzy/opt/gz_common_vendor/lib:/opt/ros/jazzy/opt/gz_math_vendor/lib:/opt/ros/jazzy/opt/gz_utils_vendor/lib:/opt/ros/jazzy/opt/gz_tools_vendor/lib:/opt/ros/jazzy/opt/gz_ogre_next_vendor/lib:/opt/ros/jazzy/opt/gz_dartsim_vendor/lib:/opt/ros/jazzy/opt/gz_cmake_vendor/lib:/opt/ros/jazzy/lib:/home/njoy/ROS/ros_ws/turtlebot3_ws/install/turtlebot3_msgs/lib:/home/njoy/ROS/ros_ws/turtlebot3_ws/install/dynamixel_sdk_custom_interfaces/lib:/home/njoy/ROS/ros_ws/turtlebot3_ws/install/dynamixel_sdk/lib PS1=📦[\u@rover-dev-container \W]$ PYTHONPATH=/home/njoy/ROS/turtlebot3_ws/build/turtlebot3_example:/home/njoy/ROS/turtlebot3_ws/install/turtlebot3_example/lib/python3.12/site-packages:/home/njoy/ROS/turtlebot3_ws/build/turtlebot3_teleop:/home/njoy/ROS/turtlebot3_ws/install/turtlebot3_teleop/lib/python3.12/site-packages:/home/njoy/ROS/turtlebot3_ws/install/turtlebot3_msgs/lib/python3.12/site-packages:/home/njoy/ROS/turtlebot3_ws/install/dynamixel_sdk/lib/python3.12/site-packages:/home/njoy/ROS/turtlebot3_ws/install/dynamixel_sdk_custom_interfaces/lib/python3.12/site-packages:/opt/ros/jazzy/lib/python3.12/site-packages:/home/njoy/ROS/ros_ws/turtlebot3_ws/build/turtlebot3_teleop:/home/njoy/ROS/ros_ws/turtlebot3_ws/install/turtlebot3_teleop/lib/python3.12/site-packages:/home/njoy/ROS/ros_ws/turtlebot3_ws/build/turtlebot3_example:/home/njoy/ROS/ros_ws/turtlebot3_ws/install/turtlebot3_example/lib/python3.12/site-packages:/home/njoy/ROS/ros_ws/turtlebot3_ws/install/turtlebot3_msgs/lib/python3.12/site-packages:/home/njoy/ROS/ros_ws/turtlebot3_ws/install/dynamixel_sdk_custom_interfaces/lib/python3.12/site-packages:/home/njoy/ROS/ros_ws/turtlebot3_ws/install/dynamixel_sdk/lib/python3.12/site-packages /usr/bin/cmake /home/njoy/ROS/turtlebot3_ws/src/turtlebot3/turtlebot3 -DAMENT_CMAKE_SYMLINK_INSTALL=1 -DCMAKE_INSTALL_PREFIX=/home/njoy/ROS/turtlebot3_ws/install/turtlebot3
[41.742s] DEBUG:colcon.colcon_core.event_handler.log_command:Invoking command in '/home/njoy/ROS/turtlebot3_ws/build/turtlebot3': AMENT_PREFIX_PATH=/home/njoy/ROS/turtlebot3_ws/install/turtlebot3_bringup:/home/njoy/ROS/turtlebot3_ws/install/turtlebot3_node:/home/njoy/ROS/turtlebot3_ws/install/turtlebot3_example:/home/njoy/ROS/turtlebot3_ws/install/turtlebot3_teleop:/home/njoy/ROS/turtlebot3_ws/install/turtlebot3_navigation2:/home/njoy/ROS/turtlebot3_ws/install/turtlebot3_msgs:/home/njoy/ROS/turtlebot3_ws/install/turtlebot3_description:/home/njoy/ROS/turtlebot3_ws/install/turtlebot3_cartographer:/home/njoy/ROS/turtlebot3_ws/install/dynamixel_sdk:/opt/ros/jazzy:/home/njoy/ROS/ros_ws/turtlebot3_ws/install/turtlebot3:/home/njoy/ROS/ros_ws/turtlebot3_ws/install/turtlebot3_teleop:/home/njoy/ROS/ros_ws/turtlebot3_ws/install/turtlebot3_simulations:/home/njoy/ROS/ros_ws/turtlebot3_ws/install/turtlebot3_bringup:/home/njoy/ROS/ros_ws/turtlebot3_ws/install/turtlebot3_node:/home/njoy/ROS/ros_ws/turtlebot3_ws/install/turtlebot3_navigation2:/home/njoy/ROS/ros_ws/turtlebot3_ws/install/turtlebot3_fake_node:/home/njoy/ROS/ros_ws/turtlebot3_ws/install/turtlebot3_example:/home/njoy/ROS/ros_ws/turtlebot3_ws/install/turtlebot3_msgs:/home/njoy/ROS/ros_ws/turtlebot3_ws/install/turtlebot3_gazebo:/home/njoy/ROS/ros_ws/turtlebot3_ws/install/turtlebot3_description:/home/njoy/ROS/ros_ws/turtlebot3_ws/install/turtlebot3_cartographer:/home/njoy/ROS/ros_ws/turtlebot3_ws/install/dynamixel_sdk_examples:/home/njoy/ROS/ros_ws/turtlebot3_ws/install/dynamixel_sdk_custom_interfaces:/home/njoy/ROS/ros_ws/turtlebot3_ws/install/dynamixel_sdk CMAKE_PREFIX_PATH=/home/njoy/ROS/turtlebot3_ws/install/turtlebot3_bringup:/home/njoy/ROS/turtlebot3_ws/install/turtlebot3_node:/home/njoy/ROS/turtlebot3_ws/install/turtlebot3_navigation2:/home/njoy/ROS/turtlebot3_ws/install/turtlebot3_msgs:/home/njoy/ROS/turtlebot3_ws/install/turtlebot3_description:/home/njoy/ROS/turtlebot3_ws/install/turtlebot3_cartographer:/home/njoy/ROS/turtlebot3_ws/install/dynamixel_sdk:/home/njoy/ROS/turtlebot3_ws/install/turtlebot3:/home/njoy/ROS/turtlebot3_ws/install/turtlebot3_simulations:/home/njoy/ROS/turtlebot3_ws/install/turtlebot3_fake_node:/home/njoy/ROS/turtlebot3_ws/install/turtlebot3_gazebo:/home/njoy/ROS/turtlebot3_ws/install/dynamixel_sdk_examples:/home/njoy/ROS/turtlebot3_ws/install/dynamixel_sdk_custom_interfaces:/opt/ros/jazzy/opt/gz_sim_vendor:/opt/ros/jazzy/opt/gz_sensors_vendor:/opt/ros/jazzy/opt/gz_physics_vendor:/opt/ros/jazzy/opt/sdformat_vendor:/opt/ros/jazzy/opt/gz_gui_vendor:/opt/ros/jazzy/opt/gz_transport_vendor:/opt/ros/jazzy/opt/gz_rendering_vendor:/opt/ros/jazzy/opt/gz_plugin_vendor:/opt/ros/jazzy/opt/gz_fuel_tools_vendor:/opt/ros/jazzy/opt/gz_msgs_vendor:/opt/ros/jazzy/opt/gz_common_vendor:/opt/ros/jazzy/opt/gz_math_vendor:/opt/ros/jazzy/opt/gz_utils_vendor:/opt/ros/jazzy/opt/gz_tools_vendor:/opt/ros/jazzy/opt/gz_ogre_next_vendor:/opt/ros/jazzy/opt/gz_dartsim_vendor:/opt/ros/jazzy/opt/gz_cmake_vendor:/home/njoy/ROS/ros_ws/turtlebot3_ws/install/turtlebot3:/home/njoy/ROS/ros_ws/turtlebot3_ws/install/turtlebot3_simulations:/home/njoy/ROS/ros_ws/turtlebot3_ws/install/turtlebot3_bringup:/home/njoy/ROS/ros_ws/turtlebot3_ws/install/turtlebot3_node:/home/njoy/ROS/ros_ws/turtlebot3_ws/install/turtlebot3_navigation2:/home/njoy/ROS/ros_ws/turtlebot3_ws/install/turtlebot3_fake_node:/home/njoy/ROS/ros_ws/turtlebot3_ws/install/turtlebot3_msgs:/home/njoy/ROS/ros_ws/turtlebot3_ws/install/turtlebot3_gazebo:/home/njoy/ROS/ros_ws/turtlebot3_ws/install/turtlebot3_description:/home/njoy/ROS/ros_ws/turtlebot3_ws/install/turtlebot3_cartographer:/home/njoy/ROS/ros_ws/turtlebot3_ws/install/dynamixel_sdk_examples:/home/njoy/ROS/ros_ws/turtlebot3_ws/install/dynamixel_sdk_custom_interfaces:/home/njoy/ROS/ros_ws/turtlebot3_ws/install/dynamixel_sdk:/home/njoy/ROS/turtlebot3_ws/install/turtlebot3_teleop:/home/njoy/ROS/turtlebot3_ws/install/turtlebot3_example:/opt/ros/jazzy:/home/njoy/ROS/ros_ws/turtlebot3_ws/install/turtlebot3_teleop:/home/njoy/ROS/ros_ws/turtlebot3_ws/install/turtlebot3_example DEBUGINFOD_URLS=ima:enforcing https://debuginfod.fedoraproject.org/ ima:ignore LD_LIBRARY_PATH=/home/njoy/ROS/turtlebot3_ws/install/turtlebot3_msgs/lib:/home/njoy/ROS/turtlebot3_ws/install/dynamixel_sdk/lib:/home/njoy/ROS/turtlebot3_ws/install/dynamixel_sdk_custom_interfaces/lib:/opt/ros/jazzy/opt/gz_sim_vendor/lib:/opt/ros/jazzy/opt/gz_sensors_vendor/lib:/opt/ros/jazzy/opt/gz_physics_vendor/lib:/opt/ros/jazzy/opt/sdformat_vendor/lib:/opt/ros/jazzy/opt/rviz_ogre_vendor/lib:/opt/ros/jazzy/lib/x86_64-linux-gnu:/opt/ros/jazzy/opt/gz_gui_vendor/lib:/opt/ros/jazzy/opt/gz_transport_vendor/lib:/opt/ros/jazzy/opt/gz_rendering_vendor/lib:/opt/ros/jazzy/opt/gz_plugin_vendor/lib:/opt/ros/jazzy/opt/gz_fuel_tools_vendor/lib:/opt/ros/jazzy/opt/gz_msgs_vendor/lib:/opt/ros/jazzy/opt/gz_common_vendor/lib:/opt/ros/jazzy/opt/gz_math_vendor/lib:/opt/ros/jazzy/opt/gz_utils_vendor/lib:/opt/ros/jazzy/opt/gz_tools_vendor/lib:/opt/ros/jazzy/opt/gz_ogre_next_vendor/lib:/opt/ros/jazzy/opt/gz_dartsim_vendor/lib:/opt/ros/jazzy/opt/gz_cmake_vendor/lib:/opt/ros/jazzy/lib:/home/njoy/ROS/ros_ws/turtlebot3_ws/install/turtlebot3_msgs/lib:/home/njoy/ROS/ros_ws/turtlebot3_ws/install/dynamixel_sdk_custom_interfaces/lib:/home/njoy/ROS/ros_ws/turtlebot3_ws/install/dynamixel_sdk/lib PS1=📦[\u@rover-dev-container \W]$ PYTHONPATH=/home/njoy/ROS/turtlebot3_ws/build/turtlebot3_example:/home/njoy/ROS/turtlebot3_ws/install/turtlebot3_example/lib/python3.12/site-packages:/home/njoy/ROS/turtlebot3_ws/build/turtlebot3_teleop:/home/njoy/ROS/turtlebot3_ws/install/turtlebot3_teleop/lib/python3.12/site-packages:/home/njoy/ROS/turtlebot3_ws/install/turtlebot3_msgs/lib/python3.12/site-packages:/home/njoy/ROS/turtlebot3_ws/install/dynamixel_sdk/lib/python3.12/site-packages:/home/njoy/ROS/turtlebot3_ws/install/dynamixel_sdk_custom_interfaces/lib/python3.12/site-packages:/opt/ros/jazzy/lib/python3.12/site-packages:/home/njoy/ROS/ros_ws/turtlebot3_ws/build/turtlebot3_teleop:/home/njoy/ROS/ros_ws/turtlebot3_ws/install/turtlebot3_teleop/lib/python3.12/site-packages:/home/njoy/ROS/ros_ws/turtlebot3_ws/build/turtlebot3_example:/home/njoy/ROS/ros_ws/turtlebot3_ws/install/turtlebot3_example/lib/python3.12/site-packages:/home/njoy/ROS/ros_ws/turtlebot3_ws/install/turtlebot3_msgs/lib/python3.12/site-packages:/home/njoy/ROS/ros_ws/turtlebot3_ws/install/dynamixel_sdk_custom_interfaces/lib/python3.12/site-packages:/home/njoy/ROS/ros_ws/turtlebot3_ws/install/dynamixel_sdk/lib/python3.12/site-packages /usr/bin/cmake --build /home/njoy/ROS/turtlebot3_ws/build/turtlebot3 -- -j16 -l16
[41.800s] DEBUG:colcon.colcon_core.event_handler.log_command:Invoked command in '/home/njoy/ROS/turtlebot3_ws/build/turtlebot3' returned '0': AMENT_PREFIX_PATH=/home/njoy/ROS/turtlebot3_ws/install/turtlebot3_bringup:/home/njoy/ROS/turtlebot3_ws/install/turtlebot3_node:/home/njoy/ROS/turtlebot3_ws/install/turtlebot3_example:/home/njoy/ROS/turtlebot3_ws/install/turtlebot3_teleop:/home/njoy/ROS/turtlebot3_ws/install/turtlebot3_navigation2:/home/njoy/ROS/turtlebot3_ws/install/turtlebot3_msgs:/home/njoy/ROS/turtlebot3_ws/install/turtlebot3_description:/home/njoy/ROS/turtlebot3_ws/install/turtlebot3_cartographer:/home/njoy/ROS/turtlebot3_ws/install/dynamixel_sdk:/opt/ros/jazzy:/home/njoy/ROS/ros_ws/turtlebot3_ws/install/turtlebot3:/home/njoy/ROS/ros_ws/turtlebot3_ws/install/turtlebot3_teleop:/home/njoy/ROS/ros_ws/turtlebot3_ws/install/turtlebot3_simulations:/home/njoy/ROS/ros_ws/turtlebot3_ws/install/turtlebot3_bringup:/home/njoy/ROS/ros_ws/turtlebot3_ws/install/turtlebot3_node:/home/njoy/ROS/ros_ws/turtlebot3_ws/install/turtlebot3_navigation2:/home/njoy/ROS/ros_ws/turtlebot3_ws/install/turtlebot3_fake_node:/home/njoy/ROS/ros_ws/turtlebot3_ws/install/turtlebot3_example:/home/njoy/ROS/ros_ws/turtlebot3_ws/install/turtlebot3_msgs:/home/njoy/ROS/ros_ws/turtlebot3_ws/install/turtlebot3_gazebo:/home/njoy/ROS/ros_ws/turtlebot3_ws/install/turtlebot3_description:/home/njoy/ROS/ros_ws/turtlebot3_ws/install/turtlebot3_cartographer:/home/njoy/ROS/ros_ws/turtlebot3_ws/install/dynamixel_sdk_examples:/home/njoy/ROS/ros_ws/turtlebot3_ws/install/dynamixel_sdk_custom_interfaces:/home/njoy/ROS/ros_ws/turtlebot3_ws/install/dynamixel_sdk CMAKE_PREFIX_PATH=/home/njoy/ROS/turtlebot3_ws/install/turtlebot3_bringup:/home/njoy/ROS/turtlebot3_ws/install/turtlebot3_node:/home/njoy/ROS/turtlebot3_ws/install/turtlebot3_navigation2:/home/njoy/ROS/turtlebot3_ws/install/turtlebot3_msgs:/home/njoy/ROS/turtlebot3_ws/install/turtlebot3_description:/home/njoy/ROS/turtlebot3_ws/install/turtlebot3_cartographer:/home/njoy/ROS/turtlebot3_ws/install/dynamixel_sdk:/home/njoy/ROS/turtlebot3_ws/install/turtlebot3:/home/njoy/ROS/turtlebot3_ws/install/turtlebot3_simulations:/home/njoy/ROS/turtlebot3_ws/install/turtlebot3_fake_node:/home/njoy/ROS/turtlebot3_ws/install/turtlebot3_gazebo:/home/njoy/ROS/turtlebot3_ws/install/dynamixel_sdk_examples:/home/njoy/ROS/turtlebot3_ws/install/dynamixel_sdk_custom_interfaces:/opt/ros/jazzy/opt/gz_sim_vendor:/opt/ros/jazzy/opt/gz_sensors_vendor:/opt/ros/jazzy/opt/gz_physics_vendor:/opt/ros/jazzy/opt/sdformat_vendor:/opt/ros/jazzy/opt/gz_gui_vendor:/opt/ros/jazzy/opt/gz_transport_vendor:/opt/ros/jazzy/opt/gz_rendering_vendor:/opt/ros/jazzy/opt/gz_plugin_vendor:/opt/ros/jazzy/opt/gz_fuel_tools_vendor:/opt/ros/jazzy/opt/gz_msgs_vendor:/opt/ros/jazzy/opt/gz_common_vendor:/opt/ros/jazzy/opt/gz_math_vendor:/opt/ros/jazzy/opt/gz_utils_vendor:/opt/ros/jazzy/opt/gz_tools_vendor:/opt/ros/jazzy/opt/gz_ogre_next_vendor:/opt/ros/jazzy/opt/gz_dartsim_vendor:/opt/ros/jazzy/opt/gz_cmake_vendor:/home/njoy/ROS/ros_ws/turtlebot3_ws/install/turtlebot3:/home/njoy/ROS/ros_ws/turtlebot3_ws/install/turtlebot3_simulations:/home/njoy/ROS/ros_ws/turtlebot3_ws/install/turtlebot3_bringup:/home/njoy/ROS/ros_ws/turtlebot3_ws/install/turtlebot3_node:/home/njoy/ROS/ros_ws/turtlebot3_ws/install/turtlebot3_navigation2:/home/njoy/ROS/ros_ws/turtlebot3_ws/install/turtlebot3_fake_node:/home/njoy/ROS/ros_ws/turtlebot3_ws/install/turtlebot3_msgs:/home/njoy/ROS/ros_ws/turtlebot3_ws/install/turtlebot3_gazebo:/home/njoy/ROS/ros_ws/turtlebot3_ws/install/turtlebot3_description:/home/njoy/ROS/ros_ws/turtlebot3_ws/install/turtlebot3_cartographer:/home/njoy/ROS/ros_ws/turtlebot3_ws/install/dynamixel_sdk_examples:/home/njoy/ROS/ros_ws/turtlebot3_ws/install/dynamixel_sdk_custom_interfaces:/home/njoy/ROS/ros_ws/turtlebot3_ws/install/dynamixel_sdk:/home/njoy/ROS/turtlebot3_ws/install/turtlebot3_teleop:/home/njoy/ROS/turtlebot3_ws/install/turtlebot3_example:/opt/ros/jazzy:/home/njoy/ROS/ros_ws/turtlebot3_ws/install/turtlebot3_teleop:/home/njoy/ROS/ros_ws/turtlebot3_ws/install/turtlebot3_example DEBUGINFOD_URLS=ima:enforcing https://debuginfod.fedoraproject.org/ ima:ignore LD_LIBRARY_PATH=/home/njoy/ROS/turtlebot3_ws/install/turtlebot3_msgs/lib:/home/njoy/ROS/turtlebot3_ws/install/dynamixel_sdk/lib:/home/njoy/ROS/turtlebot3_ws/install/dynamixel_sdk_custom_interfaces/lib:/opt/ros/jazzy/opt/gz_sim_vendor/lib:/opt/ros/jazzy/opt/gz_sensors_vendor/lib:/opt/ros/jazzy/opt/gz_physics_vendor/lib:/opt/ros/jazzy/opt/sdformat_vendor/lib:/opt/ros/jazzy/opt/rviz_ogre_vendor/lib:/opt/ros/jazzy/lib/x86_64-linux-gnu:/opt/ros/jazzy/opt/gz_gui_vendor/lib:/opt/ros/jazzy/opt/gz_transport_vendor/lib:/opt/ros/jazzy/opt/gz_rendering_vendor/lib:/opt/ros/jazzy/opt/gz_plugin_vendor/lib:/opt/ros/jazzy/opt/gz_fuel_tools_vendor/lib:/opt/ros/jazzy/opt/gz_msgs_vendor/lib:/opt/ros/jazzy/opt/gz_common_vendor/lib:/opt/ros/jazzy/opt/gz_math_vendor/lib:/opt/ros/jazzy/opt/gz_utils_vendor/lib:/opt/ros/jazzy/opt/gz_tools_vendor/lib:/opt/ros/jazzy/opt/gz_ogre_next_vendor/lib:/opt/ros/jazzy/opt/gz_dartsim_vendor/lib:/opt/ros/jazzy/opt/gz_cmake_vendor/lib:/opt/ros/jazzy/lib:/home/njoy/ROS/ros_ws/turtlebot3_ws/install/turtlebot3_msgs/lib:/home/njoy/ROS/ros_ws/turtlebot3_ws/install/dynamixel_sdk_custom_interfaces/lib:/home/njoy/ROS/ros_ws/turtlebot3_ws/install/dynamixel_sdk/lib PS1=📦[\u@rover-dev-container \W]$ PYTHONPATH=/home/njoy/ROS/turtlebot3_ws/build/turtlebot3_example:/home/njoy/ROS/turtlebot3_ws/install/turtlebot3_example/lib/python3.12/site-packages:/home/njoy/ROS/turtlebot3_ws/build/turtlebot3_teleop:/home/njoy/ROS/turtlebot3_ws/install/turtlebot3_teleop/lib/python3.12/site-packages:/home/njoy/ROS/turtlebot3_ws/install/turtlebot3_msgs/lib/python3.12/site-packages:/home/njoy/ROS/turtlebot3_ws/install/dynamixel_sdk/lib/python3.12/site-packages:/home/njoy/ROS/turtlebot3_ws/install/dynamixel_sdk_custom_interfaces/lib/python3.12/site-packages:/opt/ros/jazzy/lib/python3.12/site-packages:/home/njoy/ROS/ros_ws/turtlebot3_ws/build/turtlebot3_teleop:/home/njoy/ROS/ros_ws/turtlebot3_ws/install/turtlebot3_teleop/lib/python3.12/site-packages:/home/njoy/ROS/ros_ws/turtlebot3_ws/build/turtlebot3_example:/home/njoy/ROS/ros_ws/turtlebot3_ws/install/turtlebot3_example/lib/python3.12/site-packages:/home/njoy/ROS/ros_ws/turtlebot3_ws/install/turtlebot3_msgs/lib/python3.12/site-packages:/home/njoy/ROS/ros_ws/turtlebot3_ws/install/dynamixel_sdk_custom_interfaces/lib/python3.12/site-packages:/home/njoy/ROS/ros_ws/turtlebot3_ws/install/dynamixel_sdk/lib/python3.12/site-packages /usr/bin/cmake --build /home/njoy/ROS/turtlebot3_ws/build/turtlebot3 -- -j16 -l16
[41.801s] DEBUG:colcon.colcon_core.event_handler.log_command:Invoking command in '/home/njoy/ROS/turtlebot3_ws/build/turtlebot3': AMENT_PREFIX_PATH=/home/njoy/ROS/turtlebot3_ws/install/turtlebot3_bringup:/home/njoy/ROS/turtlebot3_ws/install/turtlebot3_node:/home/njoy/ROS/turtlebot3_ws/install/turtlebot3_example:/home/njoy/ROS/turtlebot3_ws/install/turtlebot3_teleop:/home/njoy/ROS/turtlebot3_ws/install/turtlebot3_navigation2:/home/njoy/ROS/turtlebot3_ws/install/turtlebot3_msgs:/home/njoy/ROS/turtlebot3_ws/install/turtlebot3_description:/home/njoy/ROS/turtlebot3_ws/install/turtlebot3_cartographer:/home/njoy/ROS/turtlebot3_ws/install/dynamixel_sdk:/opt/ros/jazzy:/home/njoy/ROS/ros_ws/turtlebot3_ws/install/turtlebot3:/home/njoy/ROS/ros_ws/turtlebot3_ws/install/turtlebot3_teleop:/home/njoy/ROS/ros_ws/turtlebot3_ws/install/turtlebot3_simulations:/home/njoy/ROS/ros_ws/turtlebot3_ws/install/turtlebot3_bringup:/home/njoy/ROS/ros_ws/turtlebot3_ws/install/turtlebot3_node:/home/njoy/ROS/ros_ws/turtlebot3_ws/install/turtlebot3_navigation2:/home/njoy/ROS/ros_ws/turtlebot3_ws/install/turtlebot3_fake_node:/home/njoy/ROS/ros_ws/turtlebot3_ws/install/turtlebot3_example:/home/njoy/ROS/ros_ws/turtlebot3_ws/install/turtlebot3_msgs:/home/njoy/ROS/ros_ws/turtlebot3_ws/install/turtlebot3_gazebo:/home/njoy/ROS/ros_ws/turtlebot3_ws/install/turtlebot3_description:/home/njoy/ROS/ros_ws/turtlebot3_ws/install/turtlebot3_cartographer:/home/njoy/ROS/ros_ws/turtlebot3_ws/install/dynamixel_sdk_examples:/home/njoy/ROS/ros_ws/turtlebot3_ws/install/dynamixel_sdk_custom_interfaces:/home/njoy/ROS/ros_ws/turtlebot3_ws/install/dynamixel_sdk CMAKE_PREFIX_PATH=/home/njoy/ROS/turtlebot3_ws/install/turtlebot3_bringup:/home/njoy/ROS/turtlebot3_ws/install/turtlebot3_node:/home/njoy/ROS/turtlebot3_ws/install/turtlebot3_navigation2:/home/njoy/ROS/turtlebot3_ws/install/turtlebot3_msgs:/home/njoy/ROS/turtlebot3_ws/install/turtlebot3_description:/home/njoy/ROS/turtlebot3_ws/install/turtlebot3_cartographer:/home/njoy/ROS/turtlebot3_ws/install/dynamixel_sdk:/home/njoy/ROS/turtlebot3_ws/install/turtlebot3:/home/njoy/ROS/turtlebot3_ws/install/turtlebot3_simulations:/home/njoy/ROS/turtlebot3_ws/install/turtlebot3_fake_node:/home/njoy/ROS/turtlebot3_ws/install/turtlebot3_gazebo:/home/njoy/ROS/turtlebot3_ws/install/dynamixel_sdk_examples:/home/njoy/ROS/turtlebot3_ws/install/dynamixel_sdk_custom_interfaces:/opt/ros/jazzy/opt/gz_sim_vendor:/opt/ros/jazzy/opt/gz_sensors_vendor:/opt/ros/jazzy/opt/gz_physics_vendor:/opt/ros/jazzy/opt/sdformat_vendor:/opt/ros/jazzy/opt/gz_gui_vendor:/opt/ros/jazzy/opt/gz_transport_vendor:/opt/ros/jazzy/opt/gz_rendering_vendor:/opt/ros/jazzy/opt/gz_plugin_vendor:/opt/ros/jazzy/opt/gz_fuel_tools_vendor:/opt/ros/jazzy/opt/gz_msgs_vendor:/opt/ros/jazzy/opt/gz_common_vendor:/opt/ros/jazzy/opt/gz_math_vendor:/opt/ros/jazzy/opt/gz_utils_vendor:/opt/ros/jazzy/opt/gz_tools_vendor:/opt/ros/jazzy/opt/gz_ogre_next_vendor:/opt/ros/jazzy/opt/gz_dartsim_vendor:/opt/ros/jazzy/opt/gz_cmake_vendor:/home/njoy/ROS/ros_ws/turtlebot3_ws/install/turtlebot3:/home/njoy/ROS/ros_ws/turtlebot3_ws/install/turtlebot3_simulations:/home/njoy/ROS/ros_ws/turtlebot3_ws/install/turtlebot3_bringup:/home/njoy/ROS/ros_ws/turtlebot3_ws/install/turtlebot3_node:/home/njoy/ROS/ros_ws/turtlebot3_ws/install/turtlebot3_navigation2:/home/njoy/ROS/ros_ws/turtlebot3_ws/install/turtlebot3_fake_node:/home/njoy/ROS/ros_ws/turtlebot3_ws/install/turtlebot3_msgs:/home/njoy/ROS/ros_ws/turtlebot3_ws/install/turtlebot3_gazebo:/home/njoy/ROS/ros_ws/turtlebot3_ws/install/turtlebot3_description:/home/njoy/ROS/ros_ws/turtlebot3_ws/install/turtlebot3_cartographer:/home/njoy/ROS/ros_ws/turtlebot3_ws/install/dynamixel_sdk_examples:/home/njoy/ROS/ros_ws/turtlebot3_ws/install/dynamixel_sdk_custom_interfaces:/home/njoy/ROS/ros_ws/turtlebot3_ws/install/dynamixel_sdk:/home/njoy/ROS/turtlebot3_ws/install/turtlebot3_teleop:/home/njoy/ROS/turtlebot3_ws/install/turtlebot3_example:/opt/ros/jazzy:/home/njoy/ROS/ros_ws/turtlebot3_ws/install/turtlebot3_teleop:/home/njoy/ROS/ros_ws/turtlebot3_ws/install/turtlebot3_example DEBUGINFOD_URLS=ima:enforcing https://debuginfod.fedoraproject.org/ ima:ignore LD_LIBRARY_PATH=/home/njoy/ROS/turtlebot3_ws/install/turtlebot3_msgs/lib:/home/njoy/ROS/turtlebot3_ws/install/dynamixel_sdk/lib:/home/njoy/ROS/turtlebot3_ws/install/dynamixel_sdk_custom_interfaces/lib:/opt/ros/jazzy/opt/gz_sim_vendor/lib:/opt/ros/jazzy/opt/gz_sensors_vendor/lib:/opt/ros/jazzy/opt/gz_physics_vendor/lib:/opt/ros/jazzy/opt/sdformat_vendor/lib:/opt/ros/jazzy/opt/rviz_ogre_vendor/lib:/opt/ros/jazzy/lib/x86_64-linux-gnu:/opt/ros/jazzy/opt/gz_gui_vendor/lib:/opt/ros/jazzy/opt/gz_transport_vendor/lib:/opt/ros/jazzy/opt/gz_rendering_vendor/lib:/opt/ros/jazzy/opt/gz_plugin_vendor/lib:/opt/ros/jazzy/opt/gz_fuel_tools_vendor/lib:/opt/ros/jazzy/opt/gz_msgs_vendor/lib:/opt/ros/jazzy/opt/gz_common_vendor/lib:/opt/ros/jazzy/opt/gz_math_vendor/lib:/opt/ros/jazzy/opt/gz_utils_vendor/lib:/opt/ros/jazzy/opt/gz_tools_vendor/lib:/opt/ros/jazzy/opt/gz_ogre_next_vendor/lib:/opt/ros/jazzy/opt/gz_dartsim_vendor/lib:/opt/ros/jazzy/opt/gz_cmake_vendor/lib:/opt/ros/jazzy/lib:/home/njoy/ROS/ros_ws/turtlebot3_ws/install/turtlebot3_msgs/lib:/home/njoy/ROS/ros_ws/turtlebot3_ws/install/dynamixel_sdk_custom_interfaces/lib:/home/njoy/ROS/ros_ws/turtlebot3_ws/install/dynamixel_sdk/lib PS1=📦[\u@rover-dev-container \W]$ PYTHONPATH=/home/njoy/ROS/turtlebot3_ws/build/turtlebot3_example:/home/njoy/ROS/turtlebot3_ws/install/turtlebot3_example/lib/python3.12/site-packages:/home/njoy/ROS/turtlebot3_ws/build/turtlebot3_teleop:/home/njoy/ROS/turtlebot3_ws/install/turtlebot3_teleop/lib/python3.12/site-packages:/home/njoy/ROS/turtlebot3_ws/install/turtlebot3_msgs/lib/python3.12/site-packages:/home/njoy/ROS/turtlebot3_ws/install/dynamixel_sdk/lib/python3.12/site-packages:/home/njoy/ROS/turtlebot3_ws/install/dynamixel_sdk_custom_interfaces/lib/python3.12/site-packages:/opt/ros/jazzy/lib/python3.12/site-packages:/home/njoy/ROS/ros_ws/turtlebot3_ws/build/turtlebot3_teleop:/home/njoy/ROS/ros_ws/turtlebot3_ws/install/turtlebot3_teleop/lib/python3.12/site-packages:/home/njoy/ROS/ros_ws/turtlebot3_ws/build/turtlebot3_example:/home/njoy/ROS/ros_ws/turtlebot3_ws/install/turtlebot3_example/lib/python3.12/site-packages:/home/njoy/ROS/ros_ws/turtlebot3_ws/install/turtlebot3_msgs/lib/python3.12/site-packages:/home/njoy/ROS/ros_ws/turtlebot3_ws/install/dynamixel_sdk_custom_interfaces/lib/python3.12/site-packages:/home/njoy/ROS/ros_ws/turtlebot3_ws/install/dynamixel_sdk/lib/python3.12/site-packages /usr/bin/cmake --install /home/njoy/ROS/turtlebot3_ws/build/turtlebot3
[42.009s] Level 1:colcon.colcon_core.environment:create_environment_scripts_only(turtlebot3)
[42.009s] Level 1:colcon.colcon_core.environment:checking '/home/njoy/ROS/turtlebot3_ws/install/turtlebot3' for CMake module files
[42.010s] DEBUG:colcon.colcon_core.event_handler.log_command:Invoked command in '/home/njoy/ROS/turtlebot3_ws/build/turtlebot3' returned '0': AMENT_PREFIX_PATH=/home/njoy/ROS/turtlebot3_ws/install/turtlebot3_bringup:/home/njoy/ROS/turtlebot3_ws/install/turtlebot3_node:/home/njoy/ROS/turtlebot3_ws/install/turtlebot3_example:/home/njoy/ROS/turtlebot3_ws/install/turtlebot3_teleop:/home/njoy/ROS/turtlebot3_ws/install/turtlebot3_navigation2:/home/njoy/ROS/turtlebot3_ws/install/turtlebot3_msgs:/home/njoy/ROS/turtlebot3_ws/install/turtlebot3_description:/home/njoy/ROS/turtlebot3_ws/install/turtlebot3_cartographer:/home/njoy/ROS/turtlebot3_ws/install/dynamixel_sdk:/opt/ros/jazzy:/home/njoy/ROS/ros_ws/turtlebot3_ws/install/turtlebot3:/home/njoy/ROS/ros_ws/turtlebot3_ws/install/turtlebot3_teleop:/home/njoy/ROS/ros_ws/turtlebot3_ws/install/turtlebot3_simulations:/home/njoy/ROS/ros_ws/turtlebot3_ws/install/turtlebot3_bringup:/home/njoy/ROS/ros_ws/turtlebot3_ws/install/turtlebot3_node:/home/njoy/ROS/ros_ws/turtlebot3_ws/install/turtlebot3_navigation2:/home/njoy/ROS/ros_ws/turtlebot3_ws/install/turtlebot3_fake_node:/home/njoy/ROS/ros_ws/turtlebot3_ws/install/turtlebot3_example:/home/njoy/ROS/ros_ws/turtlebot3_ws/install/turtlebot3_msgs:/home/njoy/ROS/ros_ws/turtlebot3_ws/install/turtlebot3_gazebo:/home/njoy/ROS/ros_ws/turtlebot3_ws/install/turtlebot3_description:/home/njoy/ROS/ros_ws/turtlebot3_ws/install/turtlebot3_cartographer:/home/njoy/ROS/ros_ws/turtlebot3_ws/install/dynamixel_sdk_examples:/home/njoy/ROS/ros_ws/turtlebot3_ws/install/dynamixel_sdk_custom_interfaces:/home/njoy/ROS/ros_ws/turtlebot3_ws/install/dynamixel_sdk CMAKE_PREFIX_PATH=/home/njoy/ROS/turtlebot3_ws/install/turtlebot3_bringup:/home/njoy/ROS/turtlebot3_ws/install/turtlebot3_node:/home/njoy/ROS/turtlebot3_ws/install/turtlebot3_navigation2:/home/njoy/ROS/turtlebot3_ws/install/turtlebot3_msgs:/home/njoy/ROS/turtlebot3_ws/install/turtlebot3_description:/home/njoy/ROS/turtlebot3_ws/install/turtlebot3_cartographer:/home/njoy/ROS/turtlebot3_ws/install/dynamixel_sdk:/home/njoy/ROS/turtlebot3_ws/install/turtlebot3:/home/njoy/ROS/turtlebot3_ws/install/turtlebot3_simulations:/home/njoy/ROS/turtlebot3_ws/install/turtlebot3_fake_node:/home/njoy/ROS/turtlebot3_ws/install/turtlebot3_gazebo:/home/njoy/ROS/turtlebot3_ws/install/dynamixel_sdk_examples:/home/njoy/ROS/turtlebot3_ws/install/dynamixel_sdk_custom_interfaces:/opt/ros/jazzy/opt/gz_sim_vendor:/opt/ros/jazzy/opt/gz_sensors_vendor:/opt/ros/jazzy/opt/gz_physics_vendor:/opt/ros/jazzy/opt/sdformat_vendor:/opt/ros/jazzy/opt/gz_gui_vendor:/opt/ros/jazzy/opt/gz_transport_vendor:/opt/ros/jazzy/opt/gz_rendering_vendor:/opt/ros/jazzy/opt/gz_plugin_vendor:/opt/ros/jazzy/opt/gz_fuel_tools_vendor:/opt/ros/jazzy/opt/gz_msgs_vendor:/opt/ros/jazzy/opt/gz_common_vendor:/opt/ros/jazzy/opt/gz_math_vendor:/opt/ros/jazzy/opt/gz_utils_vendor:/opt/ros/jazzy/opt/gz_tools_vendor:/opt/ros/jazzy/opt/gz_ogre_next_vendor:/opt/ros/jazzy/opt/gz_dartsim_vendor:/opt/ros/jazzy/opt/gz_cmake_vendor:/home/njoy/ROS/ros_ws/turtlebot3_ws/install/turtlebot3:/home/njoy/ROS/ros_ws/turtlebot3_ws/install/turtlebot3_simulations:/home/njoy/ROS/ros_ws/turtlebot3_ws/install/turtlebot3_bringup:/home/njoy/ROS/ros_ws/turtlebot3_ws/install/turtlebot3_node:/home/njoy/ROS/ros_ws/turtlebot3_ws/install/turtlebot3_navigation2:/home/njoy/ROS/ros_ws/turtlebot3_ws/install/turtlebot3_fake_node:/home/njoy/ROS/ros_ws/turtlebot3_ws/install/turtlebot3_msgs:/home/njoy/ROS/ros_ws/turtlebot3_ws/install/turtlebot3_gazebo:/home/njoy/ROS/ros_ws/turtlebot3_ws/install/turtlebot3_description:/home/njoy/ROS/ros_ws/turtlebot3_ws/install/turtlebot3_cartographer:/home/njoy/ROS/ros_ws/turtlebot3_ws/install/dynamixel_sdk_examples:/home/njoy/ROS/ros_ws/turtlebot3_ws/install/dynamixel_sdk_custom_interfaces:/home/njoy/ROS/ros_ws/turtlebot3_ws/install/dynamixel_sdk:/home/njoy/ROS/turtlebot3_ws/install/turtlebot3_teleop:/home/njoy/ROS/turtlebot3_ws/install/turtlebot3_example:/opt/ros/jazzy:/home/njoy/ROS/ros_ws/turtlebot3_ws/install/turtlebot3_teleop:/home/njoy/ROS/ros_ws/turtlebot3_ws/install/turtlebot3_example DEBUGINFOD_URLS=ima:enforcing https://debuginfod.fedoraproject.org/ ima:ignore LD_LIBRARY_PATH=/home/njoy/ROS/turtlebot3_ws/install/turtlebot3_msgs/lib:/home/njoy/ROS/turtlebot3_ws/install/dynamixel_sdk/lib:/home/njoy/ROS/turtlebot3_ws/install/dynamixel_sdk_custom_interfaces/lib:/opt/ros/jazzy/opt/gz_sim_vendor/lib:/opt/ros/jazzy/opt/gz_sensors_vendor/lib:/opt/ros/jazzy/opt/gz_physics_vendor/lib:/opt/ros/jazzy/opt/sdformat_vendor/lib:/opt/ros/jazzy/opt/rviz_ogre_vendor/lib:/opt/ros/jazzy/lib/x86_64-linux-gnu:/opt/ros/jazzy/opt/gz_gui_vendor/lib:/opt/ros/jazzy/opt/gz_transport_vendor/lib:/opt/ros/jazzy/opt/gz_rendering_vendor/lib:/opt/ros/jazzy/opt/gz_plugin_vendor/lib:/opt/ros/jazzy/opt/gz_fuel_tools_vendor/lib:/opt/ros/jazzy/opt/gz_msgs_vendor/lib:/opt/ros/jazzy/opt/gz_common_vendor/lib:/opt/ros/jazzy/opt/gz_math_vendor/lib:/opt/ros/jazzy/opt/gz_utils_vendor/lib:/opt/ros/jazzy/opt/gz_tools_vendor/lib:/opt/ros/jazzy/opt/gz_ogre_next_vendor/lib:/opt/ros/jazzy/opt/gz_dartsim_vendor/lib:/opt/ros/jazzy/opt/gz_cmake_vendor/lib:/opt/ros/jazzy/lib:/home/njoy/ROS/ros_ws/turtlebot3_ws/install/turtlebot3_msgs/lib:/home/njoy/ROS/ros_ws/turtlebot3_ws/install/dynamixel_sdk_custom_interfaces/lib:/home/njoy/ROS/ros_ws/turtlebot3_ws/install/dynamixel_sdk/lib PS1=📦[\u@rover-dev-container \W]$ PYTHONPATH=/home/njoy/ROS/turtlebot3_ws/build/turtlebot3_example:/home/njoy/ROS/turtlebot3_ws/install/turtlebot3_example/lib/python3.12/site-packages:/home/njoy/ROS/turtlebot3_ws/build/turtlebot3_teleop:/home/njoy/ROS/turtlebot3_ws/install/turtlebot3_teleop/lib/python3.12/site-packages:/home/njoy/ROS/turtlebot3_ws/install/turtlebot3_msgs/lib/python3.12/site-packages:/home/njoy/ROS/turtlebot3_ws/install/dynamixel_sdk/lib/python3.12/site-packages:/home/njoy/ROS/turtlebot3_ws/install/dynamixel_sdk_custom_interfaces/lib/python3.12/site-packages:/opt/ros/jazzy/lib/python3.12/site-packages:/home/njoy/ROS/ros_ws/turtlebot3_ws/build/turtlebot3_teleop:/home/njoy/ROS/ros_ws/turtlebot3_ws/install/turtlebot3_teleop/lib/python3.12/site-packages:/home/njoy/ROS/ros_ws/turtlebot3_ws/build/turtlebot3_example:/home/njoy/ROS/ros_ws/turtlebot3_ws/install/turtlebot3_example/lib/python3.12/site-packages:/home/njoy/ROS/ros_ws/turtlebot3_ws/install/turtlebot3_msgs/lib/python3.12/site-packages:/home/njoy/ROS/ros_ws/turtlebot3_ws/install/dynamixel_sdk_custom_interfaces/lib/python3.12/site-packages:/home/njoy/ROS/ros_ws/turtlebot3_ws/install/dynamixel_sdk/lib/python3.12/site-packages /usr/bin/cmake --install /home/njoy/ROS/turtlebot3_ws/build/turtlebot3
[42.010s] Level 1:colcon.colcon_core.environment:checking '/home/njoy/ROS/turtlebot3_ws/install/turtlebot3' for CMake config files
[42.011s] Level 1:colcon.colcon_core.shell:create_environment_hook('turtlebot3', 'cmake_prefix_path')
[42.011s] INFO:colcon.colcon_core.shell:Creating environment hook '/home/njoy/ROS/turtlebot3_ws/install/turtlebot3/share/turtlebot3/hook/cmake_prefix_path.ps1'
[42.011s] INFO:colcon.colcon_core.shell:Creating environment descriptor '/home/njoy/ROS/turtlebot3_ws/install/turtlebot3/share/turtlebot3/hook/cmake_prefix_path.dsv'
[42.011s] INFO:colcon.colcon_core.shell:Creating environment hook '/home/njoy/ROS/turtlebot3_ws/install/turtlebot3/share/turtlebot3/hook/cmake_prefix_path.sh'
[42.012s] Level 1:colcon.colcon_core.environment:checking '/home/njoy/ROS/turtlebot3_ws/install/turtlebot3/bin'
[42.012s] Level 1:colcon.colcon_core.environment:checking '/home/njoy/ROS/turtlebot3_ws/install/turtlebot3/lib/pkgconfig/turtlebot3.pc'
[42.012s] Level 1:colcon.colcon_core.environment:checking '/home/njoy/ROS/turtlebot3_ws/install/turtlebot3/lib/python3.12/site-packages'
[42.012s] Level 1:colcon.colcon_core.environment:checking '/home/njoy/ROS/turtlebot3_ws/install/turtlebot3/bin'
[42.012s] INFO:colcon.colcon_core.shell:Creating package script '/home/njoy/ROS/turtlebot3_ws/install/turtlebot3/share/turtlebot3/package.ps1'
[42.013s] INFO:colcon.colcon_core.shell:Creating package descriptor '/home/njoy/ROS/turtlebot3_ws/install/turtlebot3/share/turtlebot3/package.dsv'
[42.013s] INFO:colcon.colcon_core.shell:Creating package script '/home/njoy/ROS/turtlebot3_ws/install/turtlebot3/share/turtlebot3/package.sh'
[42.014s] INFO:colcon.colcon_core.shell:Creating package script '/home/njoy/ROS/turtlebot3_ws/install/turtlebot3/share/turtlebot3/package.bash'
[42.014s] INFO:colcon.colcon_core.shell:Creating package script '/home/njoy/ROS/turtlebot3_ws/install/turtlebot3/share/turtlebot3/package.zsh'
[42.014s] Level 1:colcon.colcon_core.environment:create_file_with_runtime_dependencies(/home/njoy/ROS/turtlebot3_ws/install/turtlebot3/share/colcon-core/packages/turtlebot3)
[42.014s] Level 1:colcon.colcon_core.environment:create_environment_scripts_only(turtlebot3)
[42.014s] Level 1:colcon.colcon_core.environment:checking '/home/njoy/ROS/turtlebot3_ws/install/turtlebot3' for CMake module files
[42.015s] Level 1:colcon.colcon_core.environment:checking '/home/njoy/ROS/turtlebot3_ws/install/turtlebot3' for CMake config files
[42.015s] Level 1:colcon.colcon_core.shell:create_environment_hook('turtlebot3', 'cmake_prefix_path')
[42.015s] INFO:colcon.colcon_core.shell:Creating environment hook '/home/njoy/ROS/turtlebot3_ws/install/turtlebot3/share/turtlebot3/hook/cmake_prefix_path.ps1'
[42.016s] INFO:colcon.colcon_core.shell:Creating environment descriptor '/home/njoy/ROS/turtlebot3_ws/install/turtlebot3/share/turtlebot3/hook/cmake_prefix_path.dsv'
[42.016s] INFO:colcon.colcon_core.shell:Creating environment hook '/home/njoy/ROS/turtlebot3_ws/install/turtlebot3/share/turtlebot3/hook/cmake_prefix_path.sh'
[42.016s] Level 1:colcon.colcon_core.environment:checking '/home/njoy/ROS/turtlebot3_ws/install/turtlebot3/bin'
[42.016s] Level 1:colcon.colcon_core.environment:checking '/home/njoy/ROS/turtlebot3_ws/install/turtlebot3/lib/pkgconfig/turtlebot3.pc'
[42.016s] Level 1:colcon.colcon_core.environment:checking '/home/njoy/ROS/turtlebot3_ws/install/turtlebot3/lib/python3.12/site-packages'
[42.017s] Level 1:colcon.colcon_core.environment:checking '/home/njoy/ROS/turtlebot3_ws/install/turtlebot3/bin'
[42.017s] INFO:colcon.colcon_core.shell:Creating package script '/home/njoy/ROS/turtlebot3_ws/install/turtlebot3/share/turtlebot3/package.ps1'
[42.017s] INFO:colcon.colcon_core.shell:Creating package descriptor '/home/njoy/ROS/turtlebot3_ws/install/turtlebot3/share/turtlebot3/package.dsv'
[42.017s] INFO:colcon.colcon_core.shell:Creating package script '/home/njoy/ROS/turtlebot3_ws/install/turtlebot3/share/turtlebot3/package.sh'
[42.018s] INFO:colcon.colcon_core.shell:Creating package script '/home/njoy/ROS/turtlebot3_ws/install/turtlebot3/share/turtlebot3/package.bash'
[42.018s] INFO:colcon.colcon_core.shell:Creating package script '/home/njoy/ROS/turtlebot3_ws/install/turtlebot3/share/turtlebot3/package.zsh'
[42.018s] Level 1:colcon.colcon_core.environment:create_file_with_runtime_dependencies(/home/njoy/ROS/turtlebot3_ws/install/turtlebot3/share/colcon-core/packages/turtlebot3)
[42.018s] DEBUG:colcon.colcon_parallel_executor.executor.parallel:closing loop
[42.019s] DEBUG:colcon.colcon_parallel_executor.executor.parallel:loop closed
[42.019s] DEBUG:colcon.colcon_parallel_executor.executor.parallel:run_until_complete finished with '0'
[42.020s] DEBUG:colcon.colcon_core.event_reactor:joining thread
[42.025s] INFO:colcon.colcon_core.plugin_system:Skipping extension 'colcon_notification.desktop_notification.notify_send': Could not find 'notify-send'
[42.025s] INFO:colcon.colcon_core.plugin_system:Skipping extension 'colcon_notification.desktop_notification.terminal_notifier': Not used on non-Darwin systems
[42.025s] INFO:colcon.colcon_core.plugin_system:Skipping extension 'colcon_notification.desktop_notification.win32': Not used on non-Windows systems
[42.025s] INFO:colcon.colcon_notification.desktop_notification:Sending desktop notification using 'notify2'
[42.043s] DEBUG:colcon.colcon_core.event_reactor:joined thread
[42.043s] INFO:colcon.colcon_core.shell:Creating prefix script '/home/njoy/ROS/turtlebot3_ws/install/local_setup.ps1'
[42.044s] INFO:colcon.colcon_core.shell:Creating prefix util module '/home/njoy/ROS/turtlebot3_ws/install/_local_setup_util_ps1.py'
[42.045s] INFO:colcon.colcon_core.shell:Creating prefix chain script '/home/njoy/ROS/turtlebot3_ws/install/setup.ps1'
[42.046s] INFO:colcon.colcon_core.shell:Creating prefix script '/home/njoy/ROS/turtlebot3_ws/install/local_setup.sh'
[42.046s] INFO:colcon.colcon_core.shell:Creating prefix util module '/home/njoy/ROS/turtlebot3_ws/install/_local_setup_util_sh.py'
[42.047s] INFO:colcon.colcon_core.shell:Creating prefix chain script '/home/njoy/ROS/turtlebot3_ws/install/setup.sh'
[42.048s] INFO:colcon.colcon_core.shell:Creating prefix script '/home/njoy/ROS/turtlebot3_ws/install/local_setup.bash'
[42.048s] INFO:colcon.colcon_core.shell:Creating prefix chain script '/home/njoy/ROS/turtlebot3_ws/install/setup.bash'
[42.049s] INFO:colcon.colcon_core.shell:Creating prefix script '/home/njoy/ROS/turtlebot3_ws/install/local_setup.zsh'
[42.050s] INFO:colcon.colcon_core.shell:Creating prefix chain script '/home/njoy/ROS/turtlebot3_ws/install/setup.zsh'
