[0.124s] DEBUG:colcon:Command line arguments: ['/usr/bin/colcon', 'build', '--symlink-install']
[0.124s] DEBUG:colcon:Parsed command line arguments: Namespace(log_base=None, log_level=None, verb_name='build', build_base='build', install_base='install', merge_install=False, symlink_install=True, test_result_base=None, continue_on_error=False, executor='parallel', parallel_workers=16, event_handlers=None, ignore_user_meta=False, metas=['./colcon.meta'], base_paths=['.'], packages_ignore=None, packages_ignore_regex=None, paths=None, packages_up_to=None, packages_up_to_regex=None, packages_above=None, packages_above_and_dependencies=None, packages_above_depth=None, packages_select_by_dep=None, packages_skip_by_dep=None, packages_skip_up_to=None, packages_select_build_failed=False, packages_skip_build_finished=False, packages_select_test_failures=False, packages_skip_test_passed=False, packages_select=None, packages_skip=None, packages_select_regex=None, packages_skip_regex=None, packages_start=None, packages_end=None, allow_overriding=[], cmake_args=None, cmake_target=None, cmake_target_skip_unavailable=False, cmake_clean_cache=False, cmake_clean_first=False, cmake_force_configure=False, ament_cmake_args=None, catkin_cmake_args=None, catkin_skip_building_tests=False, verb_parser=<colcon_defaults.argument_parser.defaults.DefaultArgumentsDecorator object at 0x7fb32ba46510>, verb_extension=<colcon_core.verb.build.BuildVerb object at 0x7fb32bba72f0>, main=<bound method BuildVerb.main of <colcon_core.verb.build.BuildVerb object at 0x7fb32bba72f0>>)
[0.171s] Level 1:colcon.colcon_core.package_discovery:discover_packages(colcon_meta) check parameters
[0.171s] Level 1:colcon.colcon_core.package_discovery:discover_packages(recursive) check parameters
[0.171s] Level 1:colcon.colcon_core.package_discovery:discover_packages(ignore) check parameters
[0.171s] Level 1:colcon.colcon_core.package_discovery:discover_packages(path) check parameters
[0.171s] Level 1:colcon.colcon_core.package_discovery:discover_packages(colcon_meta) discover
[0.171s] Level 1:colcon.colcon_core.package_discovery:discover_packages(recursive) discover
[0.171s] INFO:colcon.colcon_core.package_discovery:Crawling recursively for packages in '/home/njoy/rover-simulation/turtlebot3_ws'
[0.171s] Level 1:colcon.colcon_core.package_identification:_identify(.) by extensions ['ignore', 'ignore_ament_install']
[0.172s] Level 1:colcon.colcon_core.package_identification:_identify(.) by extension 'ignore'
[0.172s] Level 1:colcon.colcon_core.package_identification:_identify(.) by extension 'ignore_ament_install'
[0.172s] Level 1:colcon.colcon_core.package_identification:_identify(.) by extensions ['colcon_pkg']
[0.172s] Level 1:colcon.colcon_core.package_identification:_identify(.) by extension 'colcon_pkg'
[0.172s] Level 1:colcon.colcon_core.package_identification:_identify(.) by extensions ['colcon_meta']
[0.172s] Level 1:colcon.colcon_core.package_identification:_identify(.) by extension 'colcon_meta'
[0.172s] Level 1:colcon.colcon_core.package_identification:_identify(.) by extensions ['ros']
[0.172s] Level 1:colcon.colcon_core.package_identification:_identify(.) by extension 'ros'
[0.201s] Level 1:colcon.colcon_core.package_identification:_identify(.) by extensions ['cmake', 'python']
[0.201s] Level 1:colcon.colcon_core.package_identification:_identify(.) by extension 'cmake'
[0.202s] Level 1:colcon.colcon_core.package_identification:_identify(.) by extension 'python'
[0.202s] Level 1:colcon.colcon_core.package_identification:_identify(.) by extensions ['python_setup_py']
[0.202s] Level 1:colcon.colcon_core.package_identification:_identify(.) by extension 'python_setup_py'
[0.202s] Level 1:colcon.colcon_core.package_identification:_identify(build) by extensions ['ignore', 'ignore_ament_install']
[0.202s] Level 1:colcon.colcon_core.package_identification:_identify(build) by extension 'ignore'
[0.202s] Level 1:colcon.colcon_core.package_identification:_identify(build) ignored
[0.202s] Level 1:colcon.colcon_core.package_identification:_identify(install) by extensions ['ignore', 'ignore_ament_install']
[0.202s] Level 1:colcon.colcon_core.package_identification:_identify(install) by extension 'ignore'
[0.202s] Level 1:colcon.colcon_core.package_identification:_identify(install) ignored
[0.202s] Level 1:colcon.colcon_core.package_identification:_identify(log) by extensions ['ignore', 'ignore_ament_install']
[0.202s] Level 1:colcon.colcon_core.package_identification:_identify(log) by extension 'ignore'
[0.203s] Level 1:colcon.colcon_core.package_identification:_identify(log) ignored
[0.203s] Level 1:colcon.colcon_core.package_identification:_identify(src) by extensions ['ignore', 'ignore_ament_install']
[0.203s] Level 1:colcon.colcon_core.package_identification:_identify(src) by extension 'ignore'
[0.203s] Level 1:colcon.colcon_core.package_identification:_identify(src) by extension 'ignore_ament_install'
[0.203s] Level 1:colcon.colcon_core.package_identification:_identify(src) by extensions ['colcon_pkg']
[0.203s] Level 1:colcon.colcon_core.package_identification:_identify(src) by extension 'colcon_pkg'
[0.203s] Level 1:colcon.colcon_core.package_identification:_identify(src) by extensions ['colcon_meta']
[0.203s] Level 1:colcon.colcon_core.package_identification:_identify(src) by extension 'colcon_meta'
[0.203s] Level 1:colcon.colcon_core.package_identification:_identify(src) by extensions ['ros']
[0.203s] Level 1:colcon.colcon_core.package_identification:_identify(src) by extension 'ros'
[0.203s] Level 1:colcon.colcon_core.package_identification:_identify(src) by extensions ['cmake', 'python']
[0.203s] Level 1:colcon.colcon_core.package_identification:_identify(src) by extension 'cmake'
[0.203s] Level 1:colcon.colcon_core.package_identification:_identify(src) by extension 'python'
[0.203s] Level 1:colcon.colcon_core.package_identification:_identify(src) by extensions ['python_setup_py']
[0.203s] Level 1:colcon.colcon_core.package_identification:_identify(src) by extension 'python_setup_py'
[0.203s] Level 1:colcon.colcon_core.package_identification:_identify(src/DynamixelSDK) by extensions ['ignore', 'ignore_ament_install']
[0.204s] Level 1:colcon.colcon_core.package_identification:_identify(src/DynamixelSDK) by extension 'ignore'
[0.204s] Level 1:colcon.colcon_core.package_identification:_identify(src/DynamixelSDK) by extension 'ignore_ament_install'
[0.204s] Level 1:colcon.colcon_core.package_identification:_identify(src/DynamixelSDK) by extensions ['colcon_pkg']
[0.204s] Level 1:colcon.colcon_core.package_identification:_identify(src/DynamixelSDK) by extension 'colcon_pkg'
[0.204s] Level 1:colcon.colcon_core.package_identification:_identify(src/DynamixelSDK) by extensions ['colcon_meta']
[0.204s] Level 1:colcon.colcon_core.package_identification:_identify(src/DynamixelSDK) by extension 'colcon_meta'
[0.204s] Level 1:colcon.colcon_core.package_identification:_identify(src/DynamixelSDK) by extensions ['ros']
[0.204s] Level 1:colcon.colcon_core.package_identification:_identify(src/DynamixelSDK) by extension 'ros'
[0.204s] Level 1:colcon.colcon_core.package_identification:_identify(src/DynamixelSDK) by extensions ['cmake', 'python']
[0.204s] Level 1:colcon.colcon_core.package_identification:_identify(src/DynamixelSDK) by extension 'cmake'
[0.204s] Level 1:colcon.colcon_core.package_identification:_identify(src/DynamixelSDK) by extension 'python'
[0.204s] Level 1:colcon.colcon_core.package_identification:_identify(src/DynamixelSDK) by extensions ['python_setup_py']
[0.204s] Level 1:colcon.colcon_core.package_identification:_identify(src/DynamixelSDK) by extension 'python_setup_py'
[0.204s] Level 1:colcon.colcon_core.package_identification:_identify(src/DynamixelSDK/c) by extensions ['ignore', 'ignore_ament_install']
[0.204s] Level 1:colcon.colcon_core.package_identification:_identify(src/DynamixelSDK/c) by extension 'ignore'
[0.204s] Level 1:colcon.colcon_core.package_identification:_identify(src/DynamixelSDK/c) ignored
[0.204s] Level 1:colcon.colcon_core.package_identification:_identify(src/DynamixelSDK/c#) by extensions ['ignore', 'ignore_ament_install']
[0.205s] Level 1:colcon.colcon_core.package_identification:_identify(src/DynamixelSDK/c#) by extension 'ignore'
[0.205s] Level 1:colcon.colcon_core.package_identification:_identify(src/DynamixelSDK/c#) by extension 'ignore_ament_install'
[0.205s] Level 1:colcon.colcon_core.package_identification:_identify(src/DynamixelSDK/c#) by extensions ['colcon_pkg']
[0.205s] Level 1:colcon.colcon_core.package_identification:_identify(src/DynamixelSDK/c#) by extension 'colcon_pkg'
[0.205s] Level 1:colcon.colcon_core.package_identification:_identify(src/DynamixelSDK/c#) by extensions ['colcon_meta']
[0.205s] Level 1:colcon.colcon_core.package_identification:_identify(src/DynamixelSDK/c#) by extension 'colcon_meta'
[0.205s] Level 1:colcon.colcon_core.package_identification:_identify(src/DynamixelSDK/c#) by extensions ['ros']
[0.205s] Level 1:colcon.colcon_core.package_identification:_identify(src/DynamixelSDK/c#) by extension 'ros'
[0.205s] Level 1:colcon.colcon_core.package_identification:_identify(src/DynamixelSDK/c#) by extensions ['cmake', 'python']
[0.205s] Level 1:colcon.colcon_core.package_identification:_identify(src/DynamixelSDK/c#) by extension 'cmake'
[0.205s] Level 1:colcon.colcon_core.package_identification:_identify(src/DynamixelSDK/c#) by extension 'python'
[0.205s] Level 1:colcon.colcon_core.package_identification:_identify(src/DynamixelSDK/c#) by extensions ['python_setup_py']
[0.205s] Level 1:colcon.colcon_core.package_identification:_identify(src/DynamixelSDK/c#) by extension 'python_setup_py'
[0.205s] Level 1:colcon.colcon_core.package_identification:_identify(src/DynamixelSDK/c#/dynamixel_functions_csharp) by extensions ['ignore', 'ignore_ament_install']
[0.205s] Level 1:colcon.colcon_core.package_identification:_identify(src/DynamixelSDK/c#/dynamixel_functions_csharp) by extension 'ignore'
[0.205s] Level 1:colcon.colcon_core.package_identification:_identify(src/DynamixelSDK/c#/dynamixel_functions_csharp) by extension 'ignore_ament_install'
[0.205s] Level 1:colcon.colcon_core.package_identification:_identify(src/DynamixelSDK/c#/dynamixel_functions_csharp) by extensions ['colcon_pkg']
[0.206s] Level 1:colcon.colcon_core.package_identification:_identify(src/DynamixelSDK/c#/dynamixel_functions_csharp) by extension 'colcon_pkg'
[0.206s] Level 1:colcon.colcon_core.package_identification:_identify(src/DynamixelSDK/c#/dynamixel_functions_csharp) by extensions ['colcon_meta']
[0.206s] Level 1:colcon.colcon_core.package_identification:_identify(src/DynamixelSDK/c#/dynamixel_functions_csharp) by extension 'colcon_meta'
[0.206s] Level 1:colcon.colcon_core.package_identification:_identify(src/DynamixelSDK/c#/dynamixel_functions_csharp) by extensions ['ros']
[0.206s] Level 1:colcon.colcon_core.package_identification:_identify(src/DynamixelSDK/c#/dynamixel_functions_csharp) by extension 'ros'
[0.206s] Level 1:colcon.colcon_core.package_identification:_identify(src/DynamixelSDK/c#/dynamixel_functions_csharp) by extensions ['cmake', 'python']
[0.206s] Level 1:colcon.colcon_core.package_identification:_identify(src/DynamixelSDK/c#/dynamixel_functions_csharp) by extension 'cmake'
[0.206s] Level 1:colcon.colcon_core.package_identification:_identify(src/DynamixelSDK/c#/dynamixel_functions_csharp) by extension 'python'
[0.206s] Level 1:colcon.colcon_core.package_identification:_identify(src/DynamixelSDK/c#/dynamixel_functions_csharp) by extensions ['python_setup_py']
[0.206s] Level 1:colcon.colcon_core.package_identification:_identify(src/DynamixelSDK/c#/dynamixel_functions_csharp) by extension 'python_setup_py'
[0.206s] Level 1:colcon.colcon_core.package_identification:_identify(src/DynamixelSDK/c#/dynamixel_functions_csharp/win32) by extensions ['ignore', 'ignore_ament_install']
[0.206s] Level 1:colcon.colcon_core.package_identification:_identify(src/DynamixelSDK/c#/dynamixel_functions_csharp/win32) by extension 'ignore'
[0.206s] Level 1:colcon.colcon_core.package_identification:_identify(src/DynamixelSDK/c#/dynamixel_functions_csharp/win32) by extension 'ignore_ament_install'
[0.206s] Level 1:colcon.colcon_core.package_identification:_identify(src/DynamixelSDK/c#/dynamixel_functions_csharp/win32) by extensions ['colcon_pkg']
[0.206s] Level 1:colcon.colcon_core.package_identification:_identify(src/DynamixelSDK/c#/dynamixel_functions_csharp/win32) by extension 'colcon_pkg'
[0.206s] Level 1:colcon.colcon_core.package_identification:_identify(src/DynamixelSDK/c#/dynamixel_functions_csharp/win32) by extensions ['colcon_meta']
[0.206s] Level 1:colcon.colcon_core.package_identification:_identify(src/DynamixelSDK/c#/dynamixel_functions_csharp/win32) by extension 'colcon_meta'
[0.206s] Level 1:colcon.colcon_core.package_identification:_identify(src/DynamixelSDK/c#/dynamixel_functions_csharp/win32) by extensions ['ros']
[0.207s] Level 1:colcon.colcon_core.package_identification:_identify(src/DynamixelSDK/c#/dynamixel_functions_csharp/win32) by extension 'ros'
[0.207s] Level 1:colcon.colcon_core.package_identification:_identify(src/DynamixelSDK/c#/dynamixel_functions_csharp/win32) by extensions ['cmake', 'python']
[0.207s] Level 1:colcon.colcon_core.package_identification:_identify(src/DynamixelSDK/c#/dynamixel_functions_csharp/win32) by extension 'cmake'
[0.207s] Level 1:colcon.colcon_core.package_identification:_identify(src/DynamixelSDK/c#/dynamixel_functions_csharp/win32) by extension 'python'
[0.207s] Level 1:colcon.colcon_core.package_identification:_identify(src/DynamixelSDK/c#/dynamixel_functions_csharp/win32) by extensions ['python_setup_py']
[0.207s] Level 1:colcon.colcon_core.package_identification:_identify(src/DynamixelSDK/c#/dynamixel_functions_csharp/win32) by extension 'python_setup_py'
[0.207s] Level 1:colcon.colcon_core.package_identification:_identify(src/DynamixelSDK/c#/dynamixel_functions_csharp/win64) by extensions ['ignore', 'ignore_ament_install']
[0.207s] Level 1:colcon.colcon_core.package_identification:_identify(src/DynamixelSDK/c#/dynamixel_functions_csharp/win64) by extension 'ignore'
[0.207s] Level 1:colcon.colcon_core.package_identification:_identify(src/DynamixelSDK/c#/dynamixel_functions_csharp/win64) by extension 'ignore_ament_install'
[0.207s] Level 1:colcon.colcon_core.package_identification:_identify(src/DynamixelSDK/c#/dynamixel_functions_csharp/win64) by extensions ['colcon_pkg']
[0.207s] Level 1:colcon.colcon_core.package_identification:_identify(src/DynamixelSDK/c#/dynamixel_functions_csharp/win64) by extension 'colcon_pkg'
[0.207s] Level 1:colcon.colcon_core.package_identification:_identify(src/DynamixelSDK/c#/dynamixel_functions_csharp/win64) by extensions ['colcon_meta']
[0.207s] Level 1:colcon.colcon_core.package_identification:_identify(src/DynamixelSDK/c#/dynamixel_functions_csharp/win64) by extension 'colcon_meta'
[0.207s] Level 1:colcon.colcon_core.package_identification:_identify(src/DynamixelSDK/c#/dynamixel_functions_csharp/win64) by extensions ['ros']
[0.207s] Level 1:colcon.colcon_core.package_identification:_identify(src/DynamixelSDK/c#/dynamixel_functions_csharp/win64) by extension 'ros'
[0.207s] Level 1:colcon.colcon_core.package_identification:_identify(src/DynamixelSDK/c#/dynamixel_functions_csharp/win64) by extensions ['cmake', 'python']
[0.207s] Level 1:colcon.colcon_core.package_identification:_identify(src/DynamixelSDK/c#/dynamixel_functions_csharp/win64) by extension 'cmake'
[0.208s] Level 1:colcon.colcon_core.package_identification:_identify(src/DynamixelSDK/c#/dynamixel_functions_csharp/win64) by extension 'python'
[0.208s] Level 1:colcon.colcon_core.package_identification:_identify(src/DynamixelSDK/c#/dynamixel_functions_csharp/win64) by extensions ['python_setup_py']
[0.208s] Level 1:colcon.colcon_core.package_identification:_identify(src/DynamixelSDK/c#/dynamixel_functions_csharp/win64) by extension 'python_setup_py'
[0.208s] Level 1:colcon.colcon_core.package_identification:_identify(src/DynamixelSDK/c#/protocol1.0) by extensions ['ignore', 'ignore_ament_install']
[0.208s] Level 1:colcon.colcon_core.package_identification:_identify(src/DynamixelSDK/c#/protocol1.0) by extension 'ignore'
[0.208s] Level 1:colcon.colcon_core.package_identification:_identify(src/DynamixelSDK/c#/protocol1.0) by extension 'ignore_ament_install'
[0.208s] Level 1:colcon.colcon_core.package_identification:_identify(src/DynamixelSDK/c#/protocol1.0) by extensions ['colcon_pkg']
[0.208s] Level 1:colcon.colcon_core.package_identification:_identify(src/DynamixelSDK/c#/protocol1.0) by extension 'colcon_pkg'
[0.208s] Level 1:colcon.colcon_core.package_identification:_identify(src/DynamixelSDK/c#/protocol1.0) by extensions ['colcon_meta']
[0.208s] Level 1:colcon.colcon_core.package_identification:_identify(src/DynamixelSDK/c#/protocol1.0) by extension 'colcon_meta'
[0.208s] Level 1:colcon.colcon_core.package_identification:_identify(src/DynamixelSDK/c#/protocol1.0) by extensions ['ros']
[0.208s] Level 1:colcon.colcon_core.package_identification:_identify(src/DynamixelSDK/c#/protocol1.0) by extension 'ros'
[0.208s] Level 1:colcon.colcon_core.package_identification:_identify(src/DynamixelSDK/c#/protocol1.0) by extensions ['cmake', 'python']
[0.208s] Level 1:colcon.colcon_core.package_identification:_identify(src/DynamixelSDK/c#/protocol1.0) by extension 'cmake'
[0.208s] Level 1:colcon.colcon_core.package_identification:_identify(src/DynamixelSDK/c#/protocol1.0) by extension 'python'
[0.208s] Level 1:colcon.colcon_core.package_identification:_identify(src/DynamixelSDK/c#/protocol1.0) by extensions ['python_setup_py']
[0.208s] Level 1:colcon.colcon_core.package_identification:_identify(src/DynamixelSDK/c#/protocol1.0) by extension 'python_setup_py'
[0.209s] Level 1:colcon.colcon_core.package_identification:_identify(src/DynamixelSDK/c#/protocol1.0/bulk_read) by extensions ['ignore', 'ignore_ament_install']
[0.209s] Level 1:colcon.colcon_core.package_identification:_identify(src/DynamixelSDK/c#/protocol1.0/bulk_read) by extension 'ignore'
[0.209s] Level 1:colcon.colcon_core.package_identification:_identify(src/DynamixelSDK/c#/protocol1.0/bulk_read) by extension 'ignore_ament_install'
[0.209s] Level 1:colcon.colcon_core.package_identification:_identify(src/DynamixelSDK/c#/protocol1.0/bulk_read) by extensions ['colcon_pkg']
[0.209s] Level 1:colcon.colcon_core.package_identification:_identify(src/DynamixelSDK/c#/protocol1.0/bulk_read) by extension 'colcon_pkg'
[0.209s] Level 1:colcon.colcon_core.package_identification:_identify(src/DynamixelSDK/c#/protocol1.0/bulk_read) by extensions ['colcon_meta']
[0.209s] Level 1:colcon.colcon_core.package_identification:_identify(src/DynamixelSDK/c#/protocol1.0/bulk_read) by extension 'colcon_meta'
[0.209s] Level 1:colcon.colcon_core.package_identification:_identify(src/DynamixelSDK/c#/protocol1.0/bulk_read) by extensions ['ros']
[0.209s] Level 1:colcon.colcon_core.package_identification:_identify(src/DynamixelSDK/c#/protocol1.0/bulk_read) by extension 'ros'
[0.209s] Level 1:colcon.colcon_core.package_identification:_identify(src/DynamixelSDK/c#/protocol1.0/bulk_read) by extensions ['cmake', 'python']
[0.209s] Level 1:colcon.colcon_core.package_identification:_identify(src/DynamixelSDK/c#/protocol1.0/bulk_read) by extension 'cmake'
[0.209s] Level 1:colcon.colcon_core.package_identification:_identify(src/DynamixelSDK/c#/protocol1.0/bulk_read) by extension 'python'
[0.209s] Level 1:colcon.colcon_core.package_identification:_identify(src/DynamixelSDK/c#/protocol1.0/bulk_read) by extensions ['python_setup_py']
[0.209s] Level 1:colcon.colcon_core.package_identification:_identify(src/DynamixelSDK/c#/protocol1.0/bulk_read) by extension 'python_setup_py'
[0.209s] Level 1:colcon.colcon_core.package_identification:_identify(src/DynamixelSDK/c#/protocol1.0/bulk_read/win32) by extensions ['ignore', 'ignore_ament_install']
[0.210s] Level 1:colcon.colcon_core.package_identification:_identify(src/DynamixelSDK/c#/protocol1.0/bulk_read/win32) by extension 'ignore'
[0.210s] Level 1:colcon.colcon_core.package_identification:_identify(src/DynamixelSDK/c#/protocol1.0/bulk_read/win32) by extension 'ignore_ament_install'
[0.210s] Level 1:colcon.colcon_core.package_identification:_identify(src/DynamixelSDK/c#/protocol1.0/bulk_read/win32) by extensions ['colcon_pkg']
[0.210s] Level 1:colcon.colcon_core.package_identification:_identify(src/DynamixelSDK/c#/protocol1.0/bulk_read/win32) by extension 'colcon_pkg'
[0.210s] Level 1:colcon.colcon_core.package_identification:_identify(src/DynamixelSDK/c#/protocol1.0/bulk_read/win32) by extensions ['colcon_meta']
[0.210s] Level 1:colcon.colcon_core.package_identification:_identify(src/DynamixelSDK/c#/protocol1.0/bulk_read/win32) by extension 'colcon_meta'
[0.210s] Level 1:colcon.colcon_core.package_identification:_identify(src/DynamixelSDK/c#/protocol1.0/bulk_read/win32) by extensions ['ros']
[0.210s] Level 1:colcon.colcon_core.package_identification:_identify(src/DynamixelSDK/c#/protocol1.0/bulk_read/win32) by extension 'ros'
[0.210s] Level 1:colcon.colcon_core.package_identification:_identify(src/DynamixelSDK/c#/protocol1.0/bulk_read/win32) by extensions ['cmake', 'python']
[0.210s] Level 1:colcon.colcon_core.package_identification:_identify(src/DynamixelSDK/c#/protocol1.0/bulk_read/win32) by extension 'cmake'
[0.210s] Level 1:colcon.colcon_core.package_identification:_identify(src/DynamixelSDK/c#/protocol1.0/bulk_read/win32) by extension 'python'
[0.210s] Level 1:colcon.colcon_core.package_identification:_identify(src/DynamixelSDK/c#/protocol1.0/bulk_read/win32) by extensions ['python_setup_py']
[0.210s] Level 1:colcon.colcon_core.package_identification:_identify(src/DynamixelSDK/c#/protocol1.0/bulk_read/win32) by extension 'python_setup_py'
[0.210s] Level 1:colcon.colcon_core.package_identification:_identify(src/DynamixelSDK/c#/protocol1.0/bulk_read/win32/bulk_read) by extensions ['ignore', 'ignore_ament_install']
[0.210s] Level 1:colcon.colcon_core.package_identification:_identify(src/DynamixelSDK/c#/protocol1.0/bulk_read/win32/bulk_read) by extension 'ignore'
[0.210s] Level 1:colcon.colcon_core.package_identification:_identify(src/DynamixelSDK/c#/protocol1.0/bulk_read/win32/bulk_read) by extension 'ignore_ament_install'
[0.211s] Level 1:colcon.colcon_core.package_identification:_identify(src/DynamixelSDK/c#/protocol1.0/bulk_read/win32/bulk_read) by extensions ['colcon_pkg']
[0.211s] Level 1:colcon.colcon_core.package_identification:_identify(src/DynamixelSDK/c#/protocol1.0/bulk_read/win32/bulk_read) by extension 'colcon_pkg'
[0.211s] Level 1:colcon.colcon_core.package_identification:_identify(src/DynamixelSDK/c#/protocol1.0/bulk_read/win32/bulk_read) by extensions ['colcon_meta']
[0.211s] Level 1:colcon.colcon_core.package_identification:_identify(src/DynamixelSDK/c#/protocol1.0/bulk_read/win32/bulk_read) by extension 'colcon_meta'
[0.211s] Level 1:colcon.colcon_core.package_identification:_identify(src/DynamixelSDK/c#/protocol1.0/bulk_read/win32/bulk_read) by extensions ['ros']
[0.211s] Level 1:colcon.colcon_core.package_identification:_identify(src/DynamixelSDK/c#/protocol1.0/bulk_read/win32/bulk_read) by extension 'ros'
[0.211s] Level 1:colcon.colcon_core.package_identification:_identify(src/DynamixelSDK/c#/protocol1.0/bulk_read/win32/bulk_read) by extensions ['cmake', 'python']
[0.211s] Level 1:colcon.colcon_core.package_identification:_identify(src/DynamixelSDK/c#/protocol1.0/bulk_read/win32/bulk_read) by extension 'cmake'
[0.211s] Level 1:colcon.colcon_core.package_identification:_identify(src/DynamixelSDK/c#/protocol1.0/bulk_read/win32/bulk_read) by extension 'python'
[0.211s] Level 1:colcon.colcon_core.package_identification:_identify(src/DynamixelSDK/c#/protocol1.0/bulk_read/win32/bulk_read) by extensions ['python_setup_py']
[0.211s] Level 1:colcon.colcon_core.package_identification:_identify(src/DynamixelSDK/c#/protocol1.0/bulk_read/win32/bulk_read) by extension 'python_setup_py'
[0.211s] Level 1:colcon.colcon_core.package_identification:_identify(src/DynamixelSDK/c#/protocol1.0/bulk_read/win32/bulk_read/Properties) by extensions ['ignore', 'ignore_ament_install']
[0.211s] Level 1:colcon.colcon_core.package_identification:_identify(src/DynamixelSDK/c#/protocol1.0/bulk_read/win32/bulk_read/Properties) by extension 'ignore'
[0.211s] Level 1:colcon.colcon_core.package_identification:_identify(src/DynamixelSDK/c#/protocol1.0/bulk_read/win32/bulk_read/Properties) by extension 'ignore_ament_install'
[0.211s] Level 1:colcon.colcon_core.package_identification:_identify(src/DynamixelSDK/c#/protocol1.0/bulk_read/win32/bulk_read/Properties) by extensions ['colcon_pkg']
[0.211s] Level 1:colcon.colcon_core.package_identification:_identify(src/DynamixelSDK/c#/protocol1.0/bulk_read/win32/bulk_read/Properties) by extension 'colcon_pkg'
[0.211s] Level 1:colcon.colcon_core.package_identification:_identify(src/DynamixelSDK/c#/protocol1.0/bulk_read/win32/bulk_read/Properties) by extensions ['colcon_meta']
[0.211s] Level 1:colcon.colcon_core.package_identification:_identify(src/DynamixelSDK/c#/protocol1.0/bulk_read/win32/bulk_read/Properties) by extension 'colcon_meta'
[0.212s] Level 1:colcon.colcon_core.package_identification:_identify(src/DynamixelSDK/c#/protocol1.0/bulk_read/win32/bulk_read/Properties) by extensions ['ros']
[0.212s] Level 1:colcon.colcon_core.package_identification:_identify(src/DynamixelSDK/c#/protocol1.0/bulk_read/win32/bulk_read/Properties) by extension 'ros'
[0.212s] Level 1:colcon.colcon_core.package_identification:_identify(src/DynamixelSDK/c#/protocol1.0/bulk_read/win32/bulk_read/Properties) by extensions ['cmake', 'python']
[0.212s] Level 1:colcon.colcon_core.package_identification:_identify(src/DynamixelSDK/c#/protocol1.0/bulk_read/win32/bulk_read/Properties) by extension 'cmake'
[0.212s] Level 1:colcon.colcon_core.package_identification:_identify(src/DynamixelSDK/c#/protocol1.0/bulk_read/win32/bulk_read/Properties) by extension 'python'
[0.212s] Level 1:colcon.colcon_core.package_identification:_identify(src/DynamixelSDK/c#/protocol1.0/bulk_read/win32/bulk_read/Properties) by extensions ['python_setup_py']
[0.212s] Level 1:colcon.colcon_core.package_identification:_identify(src/DynamixelSDK/c#/protocol1.0/bulk_read/win32/bulk_read/Properties) by extension 'python_setup_py'
[0.212s] Level 1:colcon.colcon_core.package_identification:_identify(src/DynamixelSDK/c#/protocol1.0/bulk_read/win64) by extensions ['ignore', 'ignore_ament_install']
[0.212s] Level 1:colcon.colcon_core.package_identification:_identify(src/DynamixelSDK/c#/protocol1.0/bulk_read/win64) by extension 'ignore'
[0.212s] Level 1:colcon.colcon_core.package_identification:_identify(src/DynamixelSDK/c#/protocol1.0/bulk_read/win64) by extension 'ignore_ament_install'
[0.212s] Level 1:colcon.colcon_core.package_identification:_identify(src/DynamixelSDK/c#/protocol1.0/bulk_read/win64) by extensions ['colcon_pkg']
[0.212s] Level 1:colcon.colcon_core.package_identification:_identify(src/DynamixelSDK/c#/protocol1.0/bulk_read/win64) by extension 'colcon_pkg'
[0.212s] Level 1:colcon.colcon_core.package_identification:_identify(src/DynamixelSDK/c#/protocol1.0/bulk_read/win64) by extensions ['colcon_meta']
[0.212s] Level 1:colcon.colcon_core.package_identification:_identify(src/DynamixelSDK/c#/protocol1.0/bulk_read/win64) by extension 'colcon_meta'
[0.212s] Level 1:colcon.colcon_core.package_identification:_identify(src/DynamixelSDK/c#/protocol1.0/bulk_read/win64) by extensions ['ros']
[0.212s] Level 1:colcon.colcon_core.package_identification:_identify(src/DynamixelSDK/c#/protocol1.0/bulk_read/win64) by extension 'ros'
[0.213s] Level 1:colcon.colcon_core.package_identification:_identify(src/DynamixelSDK/c#/protocol1.0/bulk_read/win64) by extensions ['cmake', 'python']
[0.213s] Level 1:colcon.colcon_core.package_identification:_identify(src/DynamixelSDK/c#/protocol1.0/bulk_read/win64) by extension 'cmake'
[0.213s] Level 1:colcon.colcon_core.package_identification:_identify(src/DynamixelSDK/c#/protocol1.0/bulk_read/win64) by extension 'python'
[0.213s] Level 1:colcon.colcon_core.package_identification:_identify(src/DynamixelSDK/c#/protocol1.0/bulk_read/win64) by extensions ['python_setup_py']
[0.213s] Level 1:colcon.colcon_core.package_identification:_identify(src/DynamixelSDK/c#/protocol1.0/bulk_read/win64) by extension 'python_setup_py'
[0.213s] Level 1:colcon.colcon_core.package_identification:_identify(src/DynamixelSDK/c#/protocol1.0/bulk_read/win64/bulk_read) by extensions ['ignore', 'ignore_ament_install']
[0.213s] Level 1:colcon.colcon_core.package_identification:_identify(src/DynamixelSDK/c#/protocol1.0/bulk_read/win64/bulk_read) by extension 'ignore'
[0.213s] Level 1:colcon.colcon_core.package_identification:_identify(src/DynamixelSDK/c#/protocol1.0/bulk_read/win64/bulk_read) by extension 'ignore_ament_install'
[0.213s] Level 1:colcon.colcon_core.package_identification:_identify(src/DynamixelSDK/c#/protocol1.0/bulk_read/win64/bulk_read) by extensions ['colcon_pkg']
[0.213s] Level 1:colcon.colcon_core.package_identification:_identify(src/DynamixelSDK/c#/protocol1.0/bulk_read/win64/bulk_read) by extension 'colcon_pkg'
[0.213s] Level 1:colcon.colcon_core.package_identification:_identify(src/DynamixelSDK/c#/protocol1.0/bulk_read/win64/bulk_read) by extensions ['colcon_meta']
[0.213s] Level 1:colcon.colcon_core.package_identification:_identify(src/DynamixelSDK/c#/protocol1.0/bulk_read/win64/bulk_read) by extension 'colcon_meta'
[0.213s] Level 1:colcon.colcon_core.package_identification:_identify(src/DynamixelSDK/c#/protocol1.0/bulk_read/win64/bulk_read) by extensions ['ros']
[0.213s] Level 1:colcon.colcon_core.package_identification:_identify(src/DynamixelSDK/c#/protocol1.0/bulk_read/win64/bulk_read) by extension 'ros'
[0.213s] Level 1:colcon.colcon_core.package_identification:_identify(src/DynamixelSDK/c#/protocol1.0/bulk_read/win64/bulk_read) by extensions ['cmake', 'python']
[0.213s] Level 1:colcon.colcon_core.package_identification:_identify(src/DynamixelSDK/c#/protocol1.0/bulk_read/win64/bulk_read) by extension 'cmake'
[0.214s] Level 1:colcon.colcon_core.package_identification:_identify(src/DynamixelSDK/c#/protocol1.0/bulk_read/win64/bulk_read) by extension 'python'
[0.214s] Level 1:colcon.colcon_core.package_identification:_identify(src/DynamixelSDK/c#/protocol1.0/bulk_read/win64/bulk_read) by extensions ['python_setup_py']
[0.214s] Level 1:colcon.colcon_core.package_identification:_identify(src/DynamixelSDK/c#/protocol1.0/bulk_read/win64/bulk_read) by extension 'python_setup_py'
[0.214s] Level 1:colcon.colcon_core.package_identification:_identify(src/DynamixelSDK/c#/protocol1.0/bulk_read/win64/bulk_read/Properties) by extensions ['ignore', 'ignore_ament_install']
[0.214s] Level 1:colcon.colcon_core.package_identification:_identify(src/DynamixelSDK/c#/protocol1.0/bulk_read/win64/bulk_read/Properties) by extension 'ignore'
[0.214s] Level 1:colcon.colcon_core.package_identification:_identify(src/DynamixelSDK/c#/protocol1.0/bulk_read/win64/bulk_read/Properties) by extension 'ignore_ament_install'
[0.214s] Level 1:colcon.colcon_core.package_identification:_identify(src/DynamixelSDK/c#/protocol1.0/bulk_read/win64/bulk_read/Properties) by extensions ['colcon_pkg']
[0.214s] Level 1:colcon.colcon_core.package_identification:_identify(src/DynamixelSDK/c#/protocol1.0/bulk_read/win64/bulk_read/Properties) by extension 'colcon_pkg'
[0.214s] Level 1:colcon.colcon_core.package_identification:_identify(src/DynamixelSDK/c#/protocol1.0/bulk_read/win64/bulk_read/Properties) by extensions ['colcon_meta']
[0.214s] Level 1:colcon.colcon_core.package_identification:_identify(src/DynamixelSDK/c#/protocol1.0/bulk_read/win64/bulk_read/Properties) by extension 'colcon_meta'
[0.214s] Level 1:colcon.colcon_core.package_identification:_identify(src/DynamixelSDK/c#/protocol1.0/bulk_read/win64/bulk_read/Properties) by extensions ['ros']
[0.214s] Level 1:colcon.colcon_core.package_identification:_identify(src/DynamixelSDK/c#/protocol1.0/bulk_read/win64/bulk_read/Properties) by extension 'ros'
[0.214s] Level 1:colcon.colcon_core.package_identification:_identify(src/DynamixelSDK/c#/protocol1.0/bulk_read/win64/bulk_read/Properties) by extensions ['cmake', 'python']
[0.214s] Level 1:colcon.colcon_core.package_identification:_identify(src/DynamixelSDK/c#/protocol1.0/bulk_read/win64/bulk_read/Properties) by extension 'cmake'
[0.214s] Level 1:colcon.colcon_core.package_identification:_identify(src/DynamixelSDK/c#/protocol1.0/bulk_read/win64/bulk_read/Properties) by extension 'python'
[0.214s] Level 1:colcon.colcon_core.package_identification:_identify(src/DynamixelSDK/c#/protocol1.0/bulk_read/win64/bulk_read/Properties) by extensions ['python_setup_py']
[0.215s] Level 1:colcon.colcon_core.package_identification:_identify(src/DynamixelSDK/c#/protocol1.0/bulk_read/win64/bulk_read/Properties) by extension 'python_setup_py'
[0.215s] Level 1:colcon.colcon_core.package_identification:_identify(src/DynamixelSDK/c#/protocol1.0/multi_port) by extensions ['ignore', 'ignore_ament_install']
[0.215s] Level 1:colcon.colcon_core.package_identification:_identify(src/DynamixelSDK/c#/protocol1.0/multi_port) by extension 'ignore'
[0.215s] Level 1:colcon.colcon_core.package_identification:_identify(src/DynamixelSDK/c#/protocol1.0/multi_port) by extension 'ignore_ament_install'
[0.215s] Level 1:colcon.colcon_core.package_identification:_identify(src/DynamixelSDK/c#/protocol1.0/multi_port) by extensions ['colcon_pkg']
[0.215s] Level 1:colcon.colcon_core.package_identification:_identify(src/DynamixelSDK/c#/protocol1.0/multi_port) by extension 'colcon_pkg'
[0.215s] Level 1:colcon.colcon_core.package_identification:_identify(src/DynamixelSDK/c#/protocol1.0/multi_port) by extensions ['colcon_meta']
[0.215s] Level 1:colcon.colcon_core.package_identification:_identify(src/DynamixelSDK/c#/protocol1.0/multi_port) by extension 'colcon_meta'
[0.215s] Level 1:colcon.colcon_core.package_identification:_identify(src/DynamixelSDK/c#/protocol1.0/multi_port) by extensions ['ros']
[0.215s] Level 1:colcon.colcon_core.package_identification:_identify(src/DynamixelSDK/c#/protocol1.0/multi_port) by extension 'ros'
[0.215s] Level 1:colcon.colcon_core.package_identification:_identify(src/DynamixelSDK/c#/protocol1.0/multi_port) by extensions ['cmake', 'python']
[0.215s] Level 1:colcon.colcon_core.package_identification:_identify(src/DynamixelSDK/c#/protocol1.0/multi_port) by extension 'cmake'
[0.215s] Level 1:colcon.colcon_core.package_identification:_identify(src/DynamixelSDK/c#/protocol1.0/multi_port) by extension 'python'
[0.215s] Level 1:colcon.colcon_core.package_identification:_identify(src/DynamixelSDK/c#/protocol1.0/multi_port) by extensions ['python_setup_py']
[0.215s] Level 1:colcon.colcon_core.package_identification:_identify(src/DynamixelSDK/c#/protocol1.0/multi_port) by extension 'python_setup_py'
[0.215s] Level 1:colcon.colcon_core.package_identification:_identify(src/DynamixelSDK/c#/protocol1.0/multi_port/win32) by extensions ['ignore', 'ignore_ament_install']
[0.216s] Level 1:colcon.colcon_core.package_identification:_identify(src/DynamixelSDK/c#/protocol1.0/multi_port/win32) by extension 'ignore'
[0.216s] Level 1:colcon.colcon_core.package_identification:_identify(src/DynamixelSDK/c#/protocol1.0/multi_port/win32) by extension 'ignore_ament_install'
[0.216s] Level 1:colcon.colcon_core.package_identification:_identify(src/DynamixelSDK/c#/protocol1.0/multi_port/win32) by extensions ['colcon_pkg']
[0.216s] Level 1:colcon.colcon_core.package_identification:_identify(src/DynamixelSDK/c#/protocol1.0/multi_port/win32) by extension 'colcon_pkg'
[0.216s] Level 1:colcon.colcon_core.package_identification:_identify(src/DynamixelSDK/c#/protocol1.0/multi_port/win32) by extensions ['colcon_meta']
[0.216s] Level 1:colcon.colcon_core.package_identification:_identify(src/DynamixelSDK/c#/protocol1.0/multi_port/win32) by extension 'colcon_meta'
[0.216s] Level 1:colcon.colcon_core.package_identification:_identify(src/DynamixelSDK/c#/protocol1.0/multi_port/win32) by extensions ['ros']
[0.216s] Level 1:colcon.colcon_core.package_identification:_identify(src/DynamixelSDK/c#/protocol1.0/multi_port/win32) by extension 'ros'
[0.216s] Level 1:colcon.colcon_core.package_identification:_identify(src/DynamixelSDK/c#/protocol1.0/multi_port/win32) by extensions ['cmake', 'python']
[0.216s] Level 1:colcon.colcon_core.package_identification:_identify(src/DynamixelSDK/c#/protocol1.0/multi_port/win32) by extension 'cmake'
[0.216s] Level 1:colcon.colcon_core.package_identification:_identify(src/DynamixelSDK/c#/protocol1.0/multi_port/win32) by extension 'python'
[0.216s] Level 1:colcon.colcon_core.package_identification:_identify(src/DynamixelSDK/c#/protocol1.0/multi_port/win32) by extensions ['python_setup_py']
[0.216s] Level 1:colcon.colcon_core.package_identification:_identify(src/DynamixelSDK/c#/protocol1.0/multi_port/win32) by extension 'python_setup_py'
[0.216s] Level 1:colcon.colcon_core.package_identification:_identify(src/DynamixelSDK/c#/protocol1.0/multi_port/win32/multi_port) by extensions ['ignore', 'ignore_ament_install']
[0.216s] Level 1:colcon.colcon_core.package_identification:_identify(src/DynamixelSDK/c#/protocol1.0/multi_port/win32/multi_port) by extension 'ignore'
[0.216s] Level 1:colcon.colcon_core.package_identification:_identify(src/DynamixelSDK/c#/protocol1.0/multi_port/win32/multi_port) by extension 'ignore_ament_install'
[0.216s] Level 1:colcon.colcon_core.package_identification:_identify(src/DynamixelSDK/c#/protocol1.0/multi_port/win32/multi_port) by extensions ['colcon_pkg']
[0.216s] Level 1:colcon.colcon_core.package_identification:_identify(src/DynamixelSDK/c#/protocol1.0/multi_port/win32/multi_port) by extension 'colcon_pkg'
[0.217s] Level 1:colcon.colcon_core.package_identification:_identify(src/DynamixelSDK/c#/protocol1.0/multi_port/win32/multi_port) by extensions ['colcon_meta']
[0.217s] Level 1:colcon.colcon_core.package_identification:_identify(src/DynamixelSDK/c#/protocol1.0/multi_port/win32/multi_port) by extension 'colcon_meta'
[0.217s] Level 1:colcon.colcon_core.package_identification:_identify(src/DynamixelSDK/c#/protocol1.0/multi_port/win32/multi_port) by extensions ['ros']
[0.217s] Level 1:colcon.colcon_core.package_identification:_identify(src/DynamixelSDK/c#/protocol1.0/multi_port/win32/multi_port) by extension 'ros'
[0.217s] Level 1:colcon.colcon_core.package_identification:_identify(src/DynamixelSDK/c#/protocol1.0/multi_port/win32/multi_port) by extensions ['cmake', 'python']
[0.217s] Level 1:colcon.colcon_core.package_identification:_identify(src/DynamixelSDK/c#/protocol1.0/multi_port/win32/multi_port) by extension 'cmake'
[0.217s] Level 1:colcon.colcon_core.package_identification:_identify(src/DynamixelSDK/c#/protocol1.0/multi_port/win32/multi_port) by extension 'python'
[0.217s] Level 1:colcon.colcon_core.package_identification:_identify(src/DynamixelSDK/c#/protocol1.0/multi_port/win32/multi_port) by extensions ['python_setup_py']
[0.217s] Level 1:colcon.colcon_core.package_identification:_identify(src/DynamixelSDK/c#/protocol1.0/multi_port/win32/multi_port) by extension 'python_setup_py'
[0.217s] Level 1:colcon.colcon_core.package_identification:_identify(src/DynamixelSDK/c#/protocol1.0/multi_port/win32/multi_port/Properties) by extensions ['ignore', 'ignore_ament_install']
[0.217s] Level 1:colcon.colcon_core.package_identification:_identify(src/DynamixelSDK/c#/protocol1.0/multi_port/win32/multi_port/Properties) by extension 'ignore'
[0.217s] Level 1:colcon.colcon_core.package_identification:_identify(src/DynamixelSDK/c#/protocol1.0/multi_port/win32/multi_port/Properties) by extension 'ignore_ament_install'
[0.217s] Level 1:colcon.colcon_core.package_identification:_identify(src/DynamixelSDK/c#/protocol1.0/multi_port/win32/multi_port/Properties) by extensions ['colcon_pkg']
[0.217s] Level 1:colcon.colcon_core.package_identification:_identify(src/DynamixelSDK/c#/protocol1.0/multi_port/win32/multi_port/Properties) by extension 'colcon_pkg'
[0.217s] Level 1:colcon.colcon_core.package_identification:_identify(src/DynamixelSDK/c#/protocol1.0/multi_port/win32/multi_port/Properties) by extensions ['colcon_meta']
[0.217s] Level 1:colcon.colcon_core.package_identification:_identify(src/DynamixelSDK/c#/protocol1.0/multi_port/win32/multi_port/Properties) by extension 'colcon_meta'
[0.217s] Level 1:colcon.colcon_core.package_identification:_identify(src/DynamixelSDK/c#/protocol1.0/multi_port/win32/multi_port/Properties) by extensions ['ros']
[0.217s] Level 1:colcon.colcon_core.package_identification:_identify(src/DynamixelSDK/c#/protocol1.0/multi_port/win32/multi_port/Properties) by extension 'ros'
[0.218s] Level 1:colcon.colcon_core.package_identification:_identify(src/DynamixelSDK/c#/protocol1.0/multi_port/win32/multi_port/Properties) by extensions ['cmake', 'python']
[0.218s] Level 1:colcon.colcon_core.package_identification:_identify(src/DynamixelSDK/c#/protocol1.0/multi_port/win32/multi_port/Properties) by extension 'cmake'
[0.218s] Level 1:colcon.colcon_core.package_identification:_identify(src/DynamixelSDK/c#/protocol1.0/multi_port/win32/multi_port/Properties) by extension 'python'
[0.218s] Level 1:colcon.colcon_core.package_identification:_identify(src/DynamixelSDK/c#/protocol1.0/multi_port/win32/multi_port/Properties) by extensions ['python_setup_py']
[0.218s] Level 1:colcon.colcon_core.package_identification:_identify(src/DynamixelSDK/c#/protocol1.0/multi_port/win32/multi_port/Properties) by extension 'python_setup_py'
[0.218s] Level 1:colcon.colcon_core.package_identification:_identify(src/DynamixelSDK/c#/protocol1.0/multi_port/win64) by extensions ['ignore', 'ignore_ament_install']
[0.218s] Level 1:colcon.colcon_core.package_identification:_identify(src/DynamixelSDK/c#/protocol1.0/multi_port/win64) by extension 'ignore'
[0.218s] Level 1:colcon.colcon_core.package_identification:_identify(src/DynamixelSDK/c#/protocol1.0/multi_port/win64) by extension 'ignore_ament_install'
[0.218s] Level 1:colcon.colcon_core.package_identification:_identify(src/DynamixelSDK/c#/protocol1.0/multi_port/win64) by extensions ['colcon_pkg']
[0.218s] Level 1:colcon.colcon_core.package_identification:_identify(src/DynamixelSDK/c#/protocol1.0/multi_port/win64) by extension 'colcon_pkg'
[0.218s] Level 1:colcon.colcon_core.package_identification:_identify(src/DynamixelSDK/c#/protocol1.0/multi_port/win64) by extensions ['colcon_meta']
[0.218s] Level 1:colcon.colcon_core.package_identification:_identify(src/DynamixelSDK/c#/protocol1.0/multi_port/win64) by extension 'colcon_meta'
[0.218s] Level 1:colcon.colcon_core.package_identification:_identify(src/DynamixelSDK/c#/protocol1.0/multi_port/win64) by extensions ['ros']
[0.218s] Level 1:colcon.colcon_core.package_identification:_identify(src/DynamixelSDK/c#/protocol1.0/multi_port/win64) by extension 'ros'
[0.218s] Level 1:colcon.colcon_core.package_identification:_identify(src/DynamixelSDK/c#/protocol1.0/multi_port/win64) by extensions ['cmake', 'python']
[0.218s] Level 1:colcon.colcon_core.package_identification:_identify(src/DynamixelSDK/c#/protocol1.0/multi_port/win64) by extension 'cmake'
[0.218s] Level 1:colcon.colcon_core.package_identification:_identify(src/DynamixelSDK/c#/protocol1.0/multi_port/win64) by extension 'python'
[0.219s] Level 1:colcon.colcon_core.package_identification:_identify(src/DynamixelSDK/c#/protocol1.0/multi_port/win64) by extensions ['python_setup_py']
[0.219s] Level 1:colcon.colcon_core.package_identification:_identify(src/DynamixelSDK/c#/protocol1.0/multi_port/win64) by extension 'python_setup_py'
[0.219s] Level 1:colcon.colcon_core.package_identification:_identify(src/DynamixelSDK/c#/protocol1.0/multi_port/win64/multi_port) by extensions ['ignore', 'ignore_ament_install']
[0.219s] Level 1:colcon.colcon_core.package_identification:_identify(src/DynamixelSDK/c#/protocol1.0/multi_port/win64/multi_port) by extension 'ignore'
[0.219s] Level 1:colcon.colcon_core.package_identification:_identify(src/DynamixelSDK/c#/protocol1.0/multi_port/win64/multi_port) by extension 'ignore_ament_install'
[0.219s] Level 1:colcon.colcon_core.package_identification:_identify(src/DynamixelSDK/c#/protocol1.0/multi_port/win64/multi_port) by extensions ['colcon_pkg']
[0.219s] Level 1:colcon.colcon_core.package_identification:_identify(src/DynamixelSDK/c#/protocol1.0/multi_port/win64/multi_port) by extension 'colcon_pkg'
[0.219s] Level 1:colcon.colcon_core.package_identification:_identify(src/DynamixelSDK/c#/protocol1.0/multi_port/win64/multi_port) by extensions ['colcon_meta']
[0.219s] Level 1:colcon.colcon_core.package_identification:_identify(src/DynamixelSDK/c#/protocol1.0/multi_port/win64/multi_port) by extension 'colcon_meta'
[0.219s] Level 1:colcon.colcon_core.package_identification:_identify(src/DynamixelSDK/c#/protocol1.0/multi_port/win64/multi_port) by extensions ['ros']
[0.219s] Level 1:colcon.colcon_core.package_identification:_identify(src/DynamixelSDK/c#/protocol1.0/multi_port/win64/multi_port) by extension 'ros'
[0.219s] Level 1:colcon.colcon_core.package_identification:_identify(src/DynamixelSDK/c#/protocol1.0/multi_port/win64/multi_port) by extensions ['cmake', 'python']
[0.219s] Level 1:colcon.colcon_core.package_identification:_identify(src/DynamixelSDK/c#/protocol1.0/multi_port/win64/multi_port) by extension 'cmake'
[0.219s] Level 1:colcon.colcon_core.package_identification:_identify(src/DynamixelSDK/c#/protocol1.0/multi_port/win64/multi_port) by extension 'python'
[0.219s] Level 1:colcon.colcon_core.package_identification:_identify(src/DynamixelSDK/c#/protocol1.0/multi_port/win64/multi_port) by extensions ['python_setup_py']
[0.219s] Level 1:colcon.colcon_core.package_identification:_identify(src/DynamixelSDK/c#/protocol1.0/multi_port/win64/multi_port) by extension 'python_setup_py'
[0.219s] Level 1:colcon.colcon_core.package_identification:_identify(src/DynamixelSDK/c#/protocol1.0/multi_port/win64/multi_port/Properties) by extensions ['ignore', 'ignore_ament_install']
[0.220s] Level 1:colcon.colcon_core.package_identification:_identify(src/DynamixelSDK/c#/protocol1.0/multi_port/win64/multi_port/Properties) by extension 'ignore'
[0.220s] Level 1:colcon.colcon_core.package_identification:_identify(src/DynamixelSDK/c#/protocol1.0/multi_port/win64/multi_port/Properties) by extension 'ignore_ament_install'
[0.220s] Level 1:colcon.colcon_core.package_identification:_identify(src/DynamixelSDK/c#/protocol1.0/multi_port/win64/multi_port/Properties) by extensions ['colcon_pkg']
[0.220s] Level 1:colcon.colcon_core.package_identification:_identify(src/DynamixelSDK/c#/protocol1.0/multi_port/win64/multi_port/Properties) by extension 'colcon_pkg'
[0.220s] Level 1:colcon.colcon_core.package_identification:_identify(src/DynamixelSDK/c#/protocol1.0/multi_port/win64/multi_port/Properties) by extensions ['colcon_meta']
[0.220s] Level 1:colcon.colcon_core.package_identification:_identify(src/DynamixelSDK/c#/protocol1.0/multi_port/win64/multi_port/Properties) by extension 'colcon_meta'
[0.220s] Level 1:colcon.colcon_core.package_identification:_identify(src/DynamixelSDK/c#/protocol1.0/multi_port/win64/multi_port/Properties) by extensions ['ros']
[0.220s] Level 1:colcon.colcon_core.package_identification:_identify(src/DynamixelSDK/c#/protocol1.0/multi_port/win64/multi_port/Properties) by extension 'ros'
[0.220s] Level 1:colcon.colcon_core.package_identification:_identify(src/DynamixelSDK/c#/protocol1.0/multi_port/win64/multi_port/Properties) by extensions ['cmake', 'python']
[0.220s] Level 1:colcon.colcon_core.package_identification:_identify(src/DynamixelSDK/c#/protocol1.0/multi_port/win64/multi_port/Properties) by extension 'cmake'
[0.220s] Level 1:colcon.colcon_core.package_identification:_identify(src/DynamixelSDK/c#/protocol1.0/multi_port/win64/multi_port/Properties) by extension 'python'
[0.220s] Level 1:colcon.colcon_core.package_identification:_identify(src/DynamixelSDK/c#/protocol1.0/multi_port/win64/multi_port/Properties) by extensions ['python_setup_py']
[0.220s] Level 1:colcon.colcon_core.package_identification:_identify(src/DynamixelSDK/c#/protocol1.0/multi_port/win64/multi_port/Properties) by extension 'python_setup_py'
[0.220s] Level 1:colcon.colcon_core.package_identification:_identify(src/DynamixelSDK/c#/protocol1.0/ping) by extensions ['ignore', 'ignore_ament_install']
[0.220s] Level 1:colcon.colcon_core.package_identification:_identify(src/DynamixelSDK/c#/protocol1.0/ping) by extension 'ignore'
[0.220s] Level 1:colcon.colcon_core.package_identification:_identify(src/DynamixelSDK/c#/protocol1.0/ping) by extension 'ignore_ament_install'
[0.220s] Level 1:colcon.colcon_core.package_identification:_identify(src/DynamixelSDK/c#/protocol1.0/ping) by extensions ['colcon_pkg']
[0.220s] Level 1:colcon.colcon_core.package_identification:_identify(src/DynamixelSDK/c#/protocol1.0/ping) by extension 'colcon_pkg'
[0.221s] Level 1:colcon.colcon_core.package_identification:_identify(src/DynamixelSDK/c#/protocol1.0/ping) by extensions ['colcon_meta']
[0.221s] Level 1:colcon.colcon_core.package_identification:_identify(src/DynamixelSDK/c#/protocol1.0/ping) by extension 'colcon_meta'
[0.221s] Level 1:colcon.colcon_core.package_identification:_identify(src/DynamixelSDK/c#/protocol1.0/ping) by extensions ['ros']
[0.221s] Level 1:colcon.colcon_core.package_identification:_identify(src/DynamixelSDK/c#/protocol1.0/ping) by extension 'ros'
[0.221s] Level 1:colcon.colcon_core.package_identification:_identify(src/DynamixelSDK/c#/protocol1.0/ping) by extensions ['cmake', 'python']
[0.221s] Level 1:colcon.colcon_core.package_identification:_identify(src/DynamixelSDK/c#/protocol1.0/ping) by extension 'cmake'
[0.221s] Level 1:colcon.colcon_core.package_identification:_identify(src/DynamixelSDK/c#/protocol1.0/ping) by extension 'python'
[0.221s] Level 1:colcon.colcon_core.package_identification:_identify(src/DynamixelSDK/c#/protocol1.0/ping) by extensions ['python_setup_py']
[0.221s] Level 1:colcon.colcon_core.package_identification:_identify(src/DynamixelSDK/c#/protocol1.0/ping) by extension 'python_setup_py'
[0.221s] Level 1:colcon.colcon_core.package_identification:_identify(src/DynamixelSDK/c#/protocol1.0/ping/win32) by extensions ['ignore', 'ignore_ament_install']
[0.221s] Level 1:colcon.colcon_core.package_identification:_identify(src/DynamixelSDK/c#/protocol1.0/ping/win32) by extension 'ignore'
[0.221s] Level 1:colcon.colcon_core.package_identification:_identify(src/DynamixelSDK/c#/protocol1.0/ping/win32) by extension 'ignore_ament_install'
[0.221s] Level 1:colcon.colcon_core.package_identification:_identify(src/DynamixelSDK/c#/protocol1.0/ping/win32) by extensions ['colcon_pkg']
[0.221s] Level 1:colcon.colcon_core.package_identification:_identify(src/DynamixelSDK/c#/protocol1.0/ping/win32) by extension 'colcon_pkg'
[0.221s] Level 1:colcon.colcon_core.package_identification:_identify(src/DynamixelSDK/c#/protocol1.0/ping/win32) by extensions ['colcon_meta']
[0.221s] Level 1:colcon.colcon_core.package_identification:_identify(src/DynamixelSDK/c#/protocol1.0/ping/win32) by extension 'colcon_meta'
[0.221s] Level 1:colcon.colcon_core.package_identification:_identify(src/DynamixelSDK/c#/protocol1.0/ping/win32) by extensions ['ros']
[0.221s] Level 1:colcon.colcon_core.package_identification:_identify(src/DynamixelSDK/c#/protocol1.0/ping/win32) by extension 'ros'
[0.222s] Level 1:colcon.colcon_core.package_identification:_identify(src/DynamixelSDK/c#/protocol1.0/ping/win32) by extensions ['cmake', 'python']
[0.222s] Level 1:colcon.colcon_core.package_identification:_identify(src/DynamixelSDK/c#/protocol1.0/ping/win32) by extension 'cmake'
[0.222s] Level 1:colcon.colcon_core.package_identification:_identify(src/DynamixelSDK/c#/protocol1.0/ping/win32) by extension 'python'
[0.222s] Level 1:colcon.colcon_core.package_identification:_identify(src/DynamixelSDK/c#/protocol1.0/ping/win32) by extensions ['python_setup_py']
[0.222s] Level 1:colcon.colcon_core.package_identification:_identify(src/DynamixelSDK/c#/protocol1.0/ping/win32) by extension 'python_setup_py'
[0.222s] Level 1:colcon.colcon_core.package_identification:_identify(src/DynamixelSDK/c#/protocol1.0/ping/win32/ping) by extensions ['ignore', 'ignore_ament_install']
[0.222s] Level 1:colcon.colcon_core.package_identification:_identify(src/DynamixelSDK/c#/protocol1.0/ping/win32/ping) by extension 'ignore'
[0.222s] Level 1:colcon.colcon_core.package_identification:_identify(src/DynamixelSDK/c#/protocol1.0/ping/win32/ping) by extension 'ignore_ament_install'
[0.222s] Level 1:colcon.colcon_core.package_identification:_identify(src/DynamixelSDK/c#/protocol1.0/ping/win32/ping) by extensions ['colcon_pkg']
[0.222s] Level 1:colcon.colcon_core.package_identification:_identify(src/DynamixelSDK/c#/protocol1.0/ping/win32/ping) by extension 'colcon_pkg'
[0.222s] Level 1:colcon.colcon_core.package_identification:_identify(src/DynamixelSDK/c#/protocol1.0/ping/win32/ping) by extensions ['colcon_meta']
[0.222s] Level 1:colcon.colcon_core.package_identification:_identify(src/DynamixelSDK/c#/protocol1.0/ping/win32/ping) by extension 'colcon_meta'
[0.222s] Level 1:colcon.colcon_core.package_identification:_identify(src/DynamixelSDK/c#/protocol1.0/ping/win32/ping) by extensions ['ros']
[0.222s] Level 1:colcon.colcon_core.package_identification:_identify(src/DynamixelSDK/c#/protocol1.0/ping/win32/ping) by extension 'ros'
[0.222s] Level 1:colcon.colcon_core.package_identification:_identify(src/DynamixelSDK/c#/protocol1.0/ping/win32/ping) by extensions ['cmake', 'python']
[0.222s] Level 1:colcon.colcon_core.package_identification:_identify(src/DynamixelSDK/c#/protocol1.0/ping/win32/ping) by extension 'cmake'
[0.222s] Level 1:colcon.colcon_core.package_identification:_identify(src/DynamixelSDK/c#/protocol1.0/ping/win32/ping) by extension 'python'
[0.222s] Level 1:colcon.colcon_core.package_identification:_identify(src/DynamixelSDK/c#/protocol1.0/ping/win32/ping) by extensions ['python_setup_py']
[0.222s] Level 1:colcon.colcon_core.package_identification:_identify(src/DynamixelSDK/c#/protocol1.0/ping/win32/ping) by extension 'python_setup_py'
[0.223s] Level 1:colcon.colcon_core.package_identification:_identify(src/DynamixelSDK/c#/protocol1.0/ping/win32/ping/Properties) by extensions ['ignore', 'ignore_ament_install']
[0.223s] Level 1:colcon.colcon_core.package_identification:_identify(src/DynamixelSDK/c#/protocol1.0/ping/win32/ping/Properties) by extension 'ignore'
[0.223s] Level 1:colcon.colcon_core.package_identification:_identify(src/DynamixelSDK/c#/protocol1.0/ping/win32/ping/Properties) by extension 'ignore_ament_install'
[0.223s] Level 1:colcon.colcon_core.package_identification:_identify(src/DynamixelSDK/c#/protocol1.0/ping/win32/ping/Properties) by extensions ['colcon_pkg']
[0.223s] Level 1:colcon.colcon_core.package_identification:_identify(src/DynamixelSDK/c#/protocol1.0/ping/win32/ping/Properties) by extension 'colcon_pkg'
[0.223s] Level 1:colcon.colcon_core.package_identification:_identify(src/DynamixelSDK/c#/protocol1.0/ping/win32/ping/Properties) by extensions ['colcon_meta']
[0.223s] Level 1:colcon.colcon_core.package_identification:_identify(src/DynamixelSDK/c#/protocol1.0/ping/win32/ping/Properties) by extension 'colcon_meta'
[0.223s] Level 1:colcon.colcon_core.package_identification:_identify(src/DynamixelSDK/c#/protocol1.0/ping/win32/ping/Properties) by extensions ['ros']
[0.223s] Level 1:colcon.colcon_core.package_identification:_identify(src/DynamixelSDK/c#/protocol1.0/ping/win32/ping/Properties) by extension 'ros'
[0.223s] Level 1:colcon.colcon_core.package_identification:_identify(src/DynamixelSDK/c#/protocol1.0/ping/win32/ping/Properties) by extensions ['cmake', 'python']
[0.223s] Level 1:colcon.colcon_core.package_identification:_identify(src/DynamixelSDK/c#/protocol1.0/ping/win32/ping/Properties) by extension 'cmake'
[0.223s] Level 1:colcon.colcon_core.package_identification:_identify(src/DynamixelSDK/c#/protocol1.0/ping/win32/ping/Properties) by extension 'python'
[0.223s] Level 1:colcon.colcon_core.package_identification:_identify(src/DynamixelSDK/c#/protocol1.0/ping/win32/ping/Properties) by extensions ['python_setup_py']
[0.223s] Level 1:colcon.colcon_core.package_identification:_identify(src/DynamixelSDK/c#/protocol1.0/ping/win32/ping/Properties) by extension 'python_setup_py'
[0.223s] Level 1:colcon.colcon_core.package_identification:_identify(src/DynamixelSDK/c#/protocol1.0/ping/win64) by extensions ['ignore', 'ignore_ament_install']
[0.223s] Level 1:colcon.colcon_core.package_identification:_identify(src/DynamixelSDK/c#/protocol1.0/ping/win64) by extension 'ignore'
[0.224s] Level 1:colcon.colcon_core.package_identification:_identify(src/DynamixelSDK/c#/protocol1.0/ping/win64) by extension 'ignore_ament_install'
[0.224s] Level 1:colcon.colcon_core.package_identification:_identify(src/DynamixelSDK/c#/protocol1.0/ping/win64) by extensions ['colcon_pkg']
[0.224s] Level 1:colcon.colcon_core.package_identification:_identify(src/DynamixelSDK/c#/protocol1.0/ping/win64) by extension 'colcon_pkg'
[0.224s] Level 1:colcon.colcon_core.package_identification:_identify(src/DynamixelSDK/c#/protocol1.0/ping/win64) by extensions ['colcon_meta']
[0.224s] Level 1:colcon.colcon_core.package_identification:_identify(src/DynamixelSDK/c#/protocol1.0/ping/win64) by extension 'colcon_meta'
[0.224s] Level 1:colcon.colcon_core.package_identification:_identify(src/DynamixelSDK/c#/protocol1.0/ping/win64) by extensions ['ros']
[0.224s] Level 1:colcon.colcon_core.package_identification:_identify(src/DynamixelSDK/c#/protocol1.0/ping/win64) by extension 'ros'
[0.224s] Level 1:colcon.colcon_core.package_identification:_identify(src/DynamixelSDK/c#/protocol1.0/ping/win64) by extensions ['cmake', 'python']
[0.224s] Level 1:colcon.colcon_core.package_identification:_identify(src/DynamixelSDK/c#/protocol1.0/ping/win64) by extension 'cmake'
[0.224s] Level 1:colcon.colcon_core.package_identification:_identify(src/DynamixelSDK/c#/protocol1.0/ping/win64) by extension 'python'
[0.224s] Level 1:colcon.colcon_core.package_identification:_identify(src/DynamixelSDK/c#/protocol1.0/ping/win64) by extensions ['python_setup_py']
[0.224s] Level 1:colcon.colcon_core.package_identification:_identify(src/DynamixelSDK/c#/protocol1.0/ping/win64) by extension 'python_setup_py'
[0.224s] Level 1:colcon.colcon_core.package_identification:_identify(src/DynamixelSDK/c#/protocol1.0/ping/win64/ping) by extensions ['ignore', 'ignore_ament_install']
[0.224s] Level 1:colcon.colcon_core.package_identification:_identify(src/DynamixelSDK/c#/protocol1.0/ping/win64/ping) by extension 'ignore'
[0.225s] Level 1:colcon.colcon_core.package_identification:_identify(src/DynamixelSDK/c#/protocol1.0/ping/win64/ping) by extension 'ignore_ament_install'
[0.225s] Level 1:colcon.colcon_core.package_identification:_identify(src/DynamixelSDK/c#/protocol1.0/ping/win64/ping) by extensions ['colcon_pkg']
[0.225s] Level 1:colcon.colcon_core.package_identification:_identify(src/DynamixelSDK/c#/protocol1.0/ping/win64/ping) by extension 'colcon_pkg'
[0.225s] Level 1:colcon.colcon_core.package_identification:_identify(src/DynamixelSDK/c#/protocol1.0/ping/win64/ping) by extensions ['colcon_meta']
[0.225s] Level 1:colcon.colcon_core.package_identification:_identify(src/DynamixelSDK/c#/protocol1.0/ping/win64/ping) by extension 'colcon_meta'
[0.225s] Level 1:colcon.colcon_core.package_identification:_identify(src/DynamixelSDK/c#/protocol1.0/ping/win64/ping) by extensions ['ros']
[0.225s] Level 1:colcon.colcon_core.package_identification:_identify(src/DynamixelSDK/c#/protocol1.0/ping/win64/ping) by extension 'ros'
[0.225s] Level 1:colcon.colcon_core.package_identification:_identify(src/DynamixelSDK/c#/protocol1.0/ping/win64/ping) by extensions ['cmake', 'python']
[0.225s] Level 1:colcon.colcon_core.package_identification:_identify(src/DynamixelSDK/c#/protocol1.0/ping/win64/ping) by extension 'cmake'
[0.225s] Level 1:colcon.colcon_core.package_identification:_identify(src/DynamixelSDK/c#/protocol1.0/ping/win64/ping) by extension 'python'
[0.225s] Level 1:colcon.colcon_core.package_identification:_identify(src/DynamixelSDK/c#/protocol1.0/ping/win64/ping) by extensions ['python_setup_py']
[0.225s] Level 1:colcon.colcon_core.package_identification:_identify(src/DynamixelSDK/c#/protocol1.0/ping/win64/ping) by extension 'python_setup_py'
[0.225s] Level 1:colcon.colcon_core.package_identification:_identify(src/DynamixelSDK/c#/protocol1.0/ping/win64/ping/Properties) by extensions ['ignore', 'ignore_ament_install']
[0.226s] Level 1:colcon.colcon_core.package_identification:_identify(src/DynamixelSDK/c#/protocol1.0/ping/win64/ping/Properties) by extension 'ignore'
[0.226s] Level 1:colcon.colcon_core.package_identification:_identify(src/DynamixelSDK/c#/protocol1.0/ping/win64/ping/Properties) by extension 'ignore_ament_install'
[0.226s] Level 1:colcon.colcon_core.package_identification:_identify(src/DynamixelSDK/c#/protocol1.0/ping/win64/ping/Properties) by extensions ['colcon_pkg']
[0.226s] Level 1:colcon.colcon_core.package_identification:_identify(src/DynamixelSDK/c#/protocol1.0/ping/win64/ping/Properties) by extension 'colcon_pkg'
[0.226s] Level 1:colcon.colcon_core.package_identification:_identify(src/DynamixelSDK/c#/protocol1.0/ping/win64/ping/Properties) by extensions ['colcon_meta']
[0.226s] Level 1:colcon.colcon_core.package_identification:_identify(src/DynamixelSDK/c#/protocol1.0/ping/win64/ping/Properties) by extension 'colcon_meta'
[0.226s] Level 1:colcon.colcon_core.package_identification:_identify(src/DynamixelSDK/c#/protocol1.0/ping/win64/ping/Properties) by extensions ['ros']
[0.226s] Level 1:colcon.colcon_core.package_identification:_identify(src/DynamixelSDK/c#/protocol1.0/ping/win64/ping/Properties) by extension 'ros'
[0.226s] Level 1:colcon.colcon_core.package_identification:_identify(src/DynamixelSDK/c#/protocol1.0/ping/win64/ping/Properties) by extensions ['cmake', 'python']
[0.226s] Level 1:colcon.colcon_core.package_identification:_identify(src/DynamixelSDK/c#/protocol1.0/ping/win64/ping/Properties) by extension 'cmake'
[0.226s] Level 1:colcon.colcon_core.package_identification:_identify(src/DynamixelSDK/c#/protocol1.0/ping/win64/ping/Properties) by extension 'python'
[0.226s] Level 1:colcon.colcon_core.package_identification:_identify(src/DynamixelSDK/c#/protocol1.0/ping/win64/ping/Properties) by extensions ['python_setup_py']
[0.226s] Level 1:colcon.colcon_core.package_identification:_identify(src/DynamixelSDK/c#/protocol1.0/ping/win64/ping/Properties) by extension 'python_setup_py'
[0.226s] Level 1:colcon.colcon_core.package_identification:_identify(src/DynamixelSDK/c#/protocol1.0/read_write) by extensions ['ignore', 'ignore_ament_install']
[0.227s] Level 1:colcon.colcon_core.package_identification:_identify(src/DynamixelSDK/c#/protocol1.0/read_write) by extension 'ignore'
[0.227s] Level 1:colcon.colcon_core.package_identification:_identify(src/DynamixelSDK/c#/protocol1.0/read_write) by extension 'ignore_ament_install'
[0.227s] Level 1:colcon.colcon_core.package_identification:_identify(src/DynamixelSDK/c#/protocol1.0/read_write) by extensions ['colcon_pkg']
[0.227s] Level 1:colcon.colcon_core.package_identification:_identify(src/DynamixelSDK/c#/protocol1.0/read_write) by extension 'colcon_pkg'
[0.227s] Level 1:colcon.colcon_core.package_identification:_identify(src/DynamixelSDK/c#/protocol1.0/read_write) by extensions ['colcon_meta']
[0.227s] Level 1:colcon.colcon_core.package_identification:_identify(src/DynamixelSDK/c#/protocol1.0/read_write) by extension 'colcon_meta'
[0.227s] Level 1:colcon.colcon_core.package_identification:_identify(src/DynamixelSDK/c#/protocol1.0/read_write) by extensions ['ros']
[0.227s] Level 1:colcon.colcon_core.package_identification:_identify(src/DynamixelSDK/c#/protocol1.0/read_write) by extension 'ros'
[0.227s] Level 1:colcon.colcon_core.package_identification:_identify(src/DynamixelSDK/c#/protocol1.0/read_write) by extensions ['cmake', 'python']
[0.227s] Level 1:colcon.colcon_core.package_identification:_identify(src/DynamixelSDK/c#/protocol1.0/read_write) by extension 'cmake'
[0.227s] Level 1:colcon.colcon_core.package_identification:_identify(src/DynamixelSDK/c#/protocol1.0/read_write) by extension 'python'
[0.227s] Level 1:colcon.colcon_core.package_identification:_identify(src/DynamixelSDK/c#/protocol1.0/read_write) by extensions ['python_setup_py']
[0.227s] Level 1:colcon.colcon_core.package_identification:_identify(src/DynamixelSDK/c#/protocol1.0/read_write) by extension 'python_setup_py'
[0.227s] Level 1:colcon.colcon_core.package_identification:_identify(src/DynamixelSDK/c#/protocol1.0/read_write/win32) by extensions ['ignore', 'ignore_ament_install']
[0.228s] Level 1:colcon.colcon_core.package_identification:_identify(src/DynamixelSDK/c#/protocol1.0/read_write/win32) by extension 'ignore'
[0.228s] Level 1:colcon.colcon_core.package_identification:_identify(src/DynamixelSDK/c#/protocol1.0/read_write/win32) by extension 'ignore_ament_install'
[0.228s] Level 1:colcon.colcon_core.package_identification:_identify(src/DynamixelSDK/c#/protocol1.0/read_write/win32) by extensions ['colcon_pkg']
[0.228s] Level 1:colcon.colcon_core.package_identification:_identify(src/DynamixelSDK/c#/protocol1.0/read_write/win32) by extension 'colcon_pkg'
[0.228s] Level 1:colcon.colcon_core.package_identification:_identify(src/DynamixelSDK/c#/protocol1.0/read_write/win32) by extensions ['colcon_meta']
[0.228s] Level 1:colcon.colcon_core.package_identification:_identify(src/DynamixelSDK/c#/protocol1.0/read_write/win32) by extension 'colcon_meta'
[0.228s] Level 1:colcon.colcon_core.package_identification:_identify(src/DynamixelSDK/c#/protocol1.0/read_write/win32) by extensions ['ros']
[0.228s] Level 1:colcon.colcon_core.package_identification:_identify(src/DynamixelSDK/c#/protocol1.0/read_write/win32) by extension 'ros'
[0.228s] Level 1:colcon.colcon_core.package_identification:_identify(src/DynamixelSDK/c#/protocol1.0/read_write/win32) by extensions ['cmake', 'python']
[0.228s] Level 1:colcon.colcon_core.package_identification:_identify(src/DynamixelSDK/c#/protocol1.0/read_write/win32) by extension 'cmake'
[0.228s] Level 1:colcon.colcon_core.package_identification:_identify(src/DynamixelSDK/c#/protocol1.0/read_write/win32) by extension 'python'
[0.228s] Level 1:colcon.colcon_core.package_identification:_identify(src/DynamixelSDK/c#/protocol1.0/read_write/win32) by extensions ['python_setup_py']
[0.228s] Level 1:colcon.colcon_core.package_identification:_identify(src/DynamixelSDK/c#/protocol1.0/read_write/win32) by extension 'python_setup_py'
[0.228s] Level 1:colcon.colcon_core.package_identification:_identify(src/DynamixelSDK/c#/protocol1.0/read_write/win32/read_write) by extensions ['ignore', 'ignore_ament_install']
[0.229s] Level 1:colcon.colcon_core.package_identification:_identify(src/DynamixelSDK/c#/protocol1.0/read_write/win32/read_write) by extension 'ignore'
[0.229s] Level 1:colcon.colcon_core.package_identification:_identify(src/DynamixelSDK/c#/protocol1.0/read_write/win32/read_write) by extension 'ignore_ament_install'
[0.229s] Level 1:colcon.colcon_core.package_identification:_identify(src/DynamixelSDK/c#/protocol1.0/read_write/win32/read_write) by extensions ['colcon_pkg']
[0.229s] Level 1:colcon.colcon_core.package_identification:_identify(src/DynamixelSDK/c#/protocol1.0/read_write/win32/read_write) by extension 'colcon_pkg'
[0.229s] Level 1:colcon.colcon_core.package_identification:_identify(src/DynamixelSDK/c#/protocol1.0/read_write/win32/read_write) by extensions ['colcon_meta']
[0.229s] Level 1:colcon.colcon_core.package_identification:_identify(src/DynamixelSDK/c#/protocol1.0/read_write/win32/read_write) by extension 'colcon_meta'
[0.229s] Level 1:colcon.colcon_core.package_identification:_identify(src/DynamixelSDK/c#/protocol1.0/read_write/win32/read_write) by extensions ['ros']
[0.229s] Level 1:colcon.colcon_core.package_identification:_identify(src/DynamixelSDK/c#/protocol1.0/read_write/win32/read_write) by extension 'ros'
[0.229s] Level 1:colcon.colcon_core.package_identification:_identify(src/DynamixelSDK/c#/protocol1.0/read_write/win32/read_write) by extensions ['cmake', 'python']
[0.229s] Level 1:colcon.colcon_core.package_identification:_identify(src/DynamixelSDK/c#/protocol1.0/read_write/win32/read_write) by extension 'cmake'
[0.229s] Level 1:colcon.colcon_core.package_identification:_identify(src/DynamixelSDK/c#/protocol1.0/read_write/win32/read_write) by extension 'python'
[0.229s] Level 1:colcon.colcon_core.package_identification:_identify(src/DynamixelSDK/c#/protocol1.0/read_write/win32/read_write) by extensions ['python_setup_py']
[0.229s] Level 1:colcon.colcon_core.package_identification:_identify(src/DynamixelSDK/c#/protocol1.0/read_write/win32/read_write) by extension 'python_setup_py'
[0.229s] Level 1:colcon.colcon_core.package_identification:_identify(src/DynamixelSDK/c#/protocol1.0/read_write/win32/read_write/Properties) by extensions ['ignore', 'ignore_ament_install']
[0.229s] Level 1:colcon.colcon_core.package_identification:_identify(src/DynamixelSDK/c#/protocol1.0/read_write/win32/read_write/Properties) by extension 'ignore'
[0.229s] Level 1:colcon.colcon_core.package_identification:_identify(src/DynamixelSDK/c#/protocol1.0/read_write/win32/read_write/Properties) by extension 'ignore_ament_install'
[0.230s] Level 1:colcon.colcon_core.package_identification:_identify(src/DynamixelSDK/c#/protocol1.0/read_write/win32/read_write/Properties) by extensions ['colcon_pkg']
[0.230s] Level 1:colcon.colcon_core.package_identification:_identify(src/DynamixelSDK/c#/protocol1.0/read_write/win32/read_write/Properties) by extension 'colcon_pkg'
[0.230s] Level 1:colcon.colcon_core.package_identification:_identify(src/DynamixelSDK/c#/protocol1.0/read_write/win32/read_write/Properties) by extensions ['colcon_meta']
[0.230s] Level 1:colcon.colcon_core.package_identification:_identify(src/DynamixelSDK/c#/protocol1.0/read_write/win32/read_write/Properties) by extension 'colcon_meta'
[0.230s] Level 1:colcon.colcon_core.package_identification:_identify(src/DynamixelSDK/c#/protocol1.0/read_write/win32/read_write/Properties) by extensions ['ros']
[0.230s] Level 1:colcon.colcon_core.package_identification:_identify(src/DynamixelSDK/c#/protocol1.0/read_write/win32/read_write/Properties) by extension 'ros'
[0.230s] Level 1:colcon.colcon_core.package_identification:_identify(src/DynamixelSDK/c#/protocol1.0/read_write/win32/read_write/Properties) by extensions ['cmake', 'python']
[0.230s] Level 1:colcon.colcon_core.package_identification:_identify(src/DynamixelSDK/c#/protocol1.0/read_write/win32/read_write/Properties) by extension 'cmake'
[0.230s] Level 1:colcon.colcon_core.package_identification:_identify(src/DynamixelSDK/c#/protocol1.0/read_write/win32/read_write/Properties) by extension 'python'
[0.230s] Level 1:colcon.colcon_core.package_identification:_identify(src/DynamixelSDK/c#/protocol1.0/read_write/win32/read_write/Properties) by extensions ['python_setup_py']
[0.230s] Level 1:colcon.colcon_core.package_identification:_identify(src/DynamixelSDK/c#/protocol1.0/read_write/win32/read_write/Properties) by extension 'python_setup_py'
[0.230s] Level 1:colcon.colcon_core.package_identification:_identify(src/DynamixelSDK/c#/protocol1.0/read_write/win64) by extensions ['ignore', 'ignore_ament_install']
[0.230s] Level 1:colcon.colcon_core.package_identification:_identify(src/DynamixelSDK/c#/protocol1.0/read_write/win64) by extension 'ignore'
[0.230s] Level 1:colcon.colcon_core.package_identification:_identify(src/DynamixelSDK/c#/protocol1.0/read_write/win64) by extension 'ignore_ament_install'
[0.230s] Level 1:colcon.colcon_core.package_identification:_identify(src/DynamixelSDK/c#/protocol1.0/read_write/win64) by extensions ['colcon_pkg']
[0.230s] Level 1:colcon.colcon_core.package_identification:_identify(src/DynamixelSDK/c#/protocol1.0/read_write/win64) by extension 'colcon_pkg'
[0.231s] Level 1:colcon.colcon_core.package_identification:_identify(src/DynamixelSDK/c#/protocol1.0/read_write/win64) by extensions ['colcon_meta']
[0.231s] Level 1:colcon.colcon_core.package_identification:_identify(src/DynamixelSDK/c#/protocol1.0/read_write/win64) by extension 'colcon_meta'
[0.231s] Level 1:colcon.colcon_core.package_identification:_identify(src/DynamixelSDK/c#/protocol1.0/read_write/win64) by extensions ['ros']
[0.231s] Level 1:colcon.colcon_core.package_identification:_identify(src/DynamixelSDK/c#/protocol1.0/read_write/win64) by extension 'ros'
[0.231s] Level 1:colcon.colcon_core.package_identification:_identify(src/DynamixelSDK/c#/protocol1.0/read_write/win64) by extensions ['cmake', 'python']
[0.231s] Level 1:colcon.colcon_core.package_identification:_identify(src/DynamixelSDK/c#/protocol1.0/read_write/win64) by extension 'cmake'
[0.231s] Level 1:colcon.colcon_core.package_identification:_identify(src/DynamixelSDK/c#/protocol1.0/read_write/win64) by extension 'python'
[0.231s] Level 1:colcon.colcon_core.package_identification:_identify(src/DynamixelSDK/c#/protocol1.0/read_write/win64) by extensions ['python_setup_py']
[0.231s] Level 1:colcon.colcon_core.package_identification:_identify(src/DynamixelSDK/c#/protocol1.0/read_write/win64) by extension 'python_setup_py'
[0.231s] Level 1:colcon.colcon_core.package_identification:_identify(src/DynamixelSDK/c#/protocol1.0/read_write/win64/read_write) by extensions ['ignore', 'ignore_ament_install']
[0.231s] Level 1:colcon.colcon_core.package_identification:_identify(src/DynamixelSDK/c#/protocol1.0/read_write/win64/read_write) by extension 'ignore'
[0.231s] Level 1:colcon.colcon_core.package_identification:_identify(src/DynamixelSDK/c#/protocol1.0/read_write/win64/read_write) by extension 'ignore_ament_install'
[0.231s] Level 1:colcon.colcon_core.package_identification:_identify(src/DynamixelSDK/c#/protocol1.0/read_write/win64/read_write) by extensions ['colcon_pkg']
[0.231s] Level 1:colcon.colcon_core.package_identification:_identify(src/DynamixelSDK/c#/protocol1.0/read_write/win64/read_write) by extension 'colcon_pkg'
[0.231s] Level 1:colcon.colcon_core.package_identification:_identify(src/DynamixelSDK/c#/protocol1.0/read_write/win64/read_write) by extensions ['colcon_meta']
[0.231s] Level 1:colcon.colcon_core.package_identification:_identify(src/DynamixelSDK/c#/protocol1.0/read_write/win64/read_write) by extension 'colcon_meta'
[0.232s] Level 1:colcon.colcon_core.package_identification:_identify(src/DynamixelSDK/c#/protocol1.0/read_write/win64/read_write) by extensions ['ros']
[0.232s] Level 1:colcon.colcon_core.package_identification:_identify(src/DynamixelSDK/c#/protocol1.0/read_write/win64/read_write) by extension 'ros'
[0.232s] Level 1:colcon.colcon_core.package_identification:_identify(src/DynamixelSDK/c#/protocol1.0/read_write/win64/read_write) by extensions ['cmake', 'python']
[0.232s] Level 1:colcon.colcon_core.package_identification:_identify(src/DynamixelSDK/c#/protocol1.0/read_write/win64/read_write) by extension 'cmake'
[0.232s] Level 1:colcon.colcon_core.package_identification:_identify(src/DynamixelSDK/c#/protocol1.0/read_write/win64/read_write) by extension 'python'
[0.232s] Level 1:colcon.colcon_core.package_identification:_identify(src/DynamixelSDK/c#/protocol1.0/read_write/win64/read_write) by extensions ['python_setup_py']
[0.232s] Level 1:colcon.colcon_core.package_identification:_identify(src/DynamixelSDK/c#/protocol1.0/read_write/win64/read_write) by extension 'python_setup_py'
[0.232s] Level 1:colcon.colcon_core.package_identification:_identify(src/DynamixelSDK/c#/protocol1.0/read_write/win64/read_write/Properties) by extensions ['ignore', 'ignore_ament_install']
[0.232s] Level 1:colcon.colcon_core.package_identification:_identify(src/DynamixelSDK/c#/protocol1.0/read_write/win64/read_write/Properties) by extension 'ignore'
[0.232s] Level 1:colcon.colcon_core.package_identification:_identify(src/DynamixelSDK/c#/protocol1.0/read_write/win64/read_write/Properties) by extension 'ignore_ament_install'
[0.232s] Level 1:colcon.colcon_core.package_identification:_identify(src/DynamixelSDK/c#/protocol1.0/read_write/win64/read_write/Properties) by extensions ['colcon_pkg']
[0.232s] Level 1:colcon.colcon_core.package_identification:_identify(src/DynamixelSDK/c#/protocol1.0/read_write/win64/read_write/Properties) by extension 'colcon_pkg'
[0.232s] Level 1:colcon.colcon_core.package_identification:_identify(src/DynamixelSDK/c#/protocol1.0/read_write/win64/read_write/Properties) by extensions ['colcon_meta']
[0.232s] Level 1:colcon.colcon_core.package_identification:_identify(src/DynamixelSDK/c#/protocol1.0/read_write/win64/read_write/Properties) by extension 'colcon_meta'
[0.232s] Level 1:colcon.colcon_core.package_identification:_identify(src/DynamixelSDK/c#/protocol1.0/read_write/win64/read_write/Properties) by extensions ['ros']
[0.232s] Level 1:colcon.colcon_core.package_identification:_identify(src/DynamixelSDK/c#/protocol1.0/read_write/win64/read_write/Properties) by extension 'ros'
[0.233s] Level 1:colcon.colcon_core.package_identification:_identify(src/DynamixelSDK/c#/protocol1.0/read_write/win64/read_write/Properties) by extensions ['cmake', 'python']
[0.233s] Level 1:colcon.colcon_core.package_identification:_identify(src/DynamixelSDK/c#/protocol1.0/read_write/win64/read_write/Properties) by extension 'cmake'
[0.233s] Level 1:colcon.colcon_core.package_identification:_identify(src/DynamixelSDK/c#/protocol1.0/read_write/win64/read_write/Properties) by extension 'python'
[0.233s] Level 1:colcon.colcon_core.package_identification:_identify(src/DynamixelSDK/c#/protocol1.0/read_write/win64/read_write/Properties) by extensions ['python_setup_py']
[0.233s] Level 1:colcon.colcon_core.package_identification:_identify(src/DynamixelSDK/c#/protocol1.0/read_write/win64/read_write/Properties) by extension 'python_setup_py'
[0.233s] Level 1:colcon.colcon_core.package_identification:_identify(src/DynamixelSDK/c#/protocol1.0/reset) by extensions ['ignore', 'ignore_ament_install']
[0.233s] Level 1:colcon.colcon_core.package_identification:_identify(src/DynamixelSDK/c#/protocol1.0/reset) by extension 'ignore'
[0.233s] Level 1:colcon.colcon_core.package_identification:_identify(src/DynamixelSDK/c#/protocol1.0/reset) by extension 'ignore_ament_install'
[0.233s] Level 1:colcon.colcon_core.package_identification:_identify(src/DynamixelSDK/c#/protocol1.0/reset) by extensions ['colcon_pkg']
[0.233s] Level 1:colcon.colcon_core.package_identification:_identify(src/DynamixelSDK/c#/protocol1.0/reset) by extension 'colcon_pkg'
[0.233s] Level 1:colcon.colcon_core.package_identification:_identify(src/DynamixelSDK/c#/protocol1.0/reset) by extensions ['colcon_meta']
[0.233s] Level 1:colcon.colcon_core.package_identification:_identify(src/DynamixelSDK/c#/protocol1.0/reset) by extension 'colcon_meta'
[0.233s] Level 1:colcon.colcon_core.package_identification:_identify(src/DynamixelSDK/c#/protocol1.0/reset) by extensions ['ros']
[0.233s] Level 1:colcon.colcon_core.package_identification:_identify(src/DynamixelSDK/c#/protocol1.0/reset) by extension 'ros'
[0.233s] Level 1:colcon.colcon_core.package_identification:_identify(src/DynamixelSDK/c#/protocol1.0/reset) by extensions ['cmake', 'python']
[0.233s] Level 1:colcon.colcon_core.package_identification:_identify(src/DynamixelSDK/c#/protocol1.0/reset) by extension 'cmake'
[0.233s] Level 1:colcon.colcon_core.package_identification:_identify(src/DynamixelSDK/c#/protocol1.0/reset) by extension 'python'
[0.233s] Level 1:colcon.colcon_core.package_identification:_identify(src/DynamixelSDK/c#/protocol1.0/reset) by extensions ['python_setup_py']
[0.233s] Level 1:colcon.colcon_core.package_identification:_identify(src/DynamixelSDK/c#/protocol1.0/reset) by extension 'python_setup_py'
[0.234s] Level 1:colcon.colcon_core.package_identification:_identify(src/DynamixelSDK/c#/protocol1.0/reset/win32) by extensions ['ignore', 'ignore_ament_install']
[0.234s] Level 1:colcon.colcon_core.package_identification:_identify(src/DynamixelSDK/c#/protocol1.0/reset/win32) by extension 'ignore'
[0.234s] Level 1:colcon.colcon_core.package_identification:_identify(src/DynamixelSDK/c#/protocol1.0/reset/win32) by extension 'ignore_ament_install'
[0.234s] Level 1:colcon.colcon_core.package_identification:_identify(src/DynamixelSDK/c#/protocol1.0/reset/win32) by extensions ['colcon_pkg']
[0.234s] Level 1:colcon.colcon_core.package_identification:_identify(src/DynamixelSDK/c#/protocol1.0/reset/win32) by extension 'colcon_pkg'
[0.234s] Level 1:colcon.colcon_core.package_identification:_identify(src/DynamixelSDK/c#/protocol1.0/reset/win32) by extensions ['colcon_meta']
[0.234s] Level 1:colcon.colcon_core.package_identification:_identify(src/DynamixelSDK/c#/protocol1.0/reset/win32) by extension 'colcon_meta'
[0.234s] Level 1:colcon.colcon_core.package_identification:_identify(src/DynamixelSDK/c#/protocol1.0/reset/win32) by extensions ['ros']
[0.234s] Level 1:colcon.colcon_core.package_identification:_identify(src/DynamixelSDK/c#/protocol1.0/reset/win32) by extension 'ros'
[0.234s] Level 1:colcon.colcon_core.package_identification:_identify(src/DynamixelSDK/c#/protocol1.0/reset/win32) by extensions ['cmake', 'python']
[0.234s] Level 1:colcon.colcon_core.package_identification:_identify(src/DynamixelSDK/c#/protocol1.0/reset/win32) by extension 'cmake'
[0.234s] Level 1:colcon.colcon_core.package_identification:_identify(src/DynamixelSDK/c#/protocol1.0/reset/win32) by extension 'python'
[0.234s] Level 1:colcon.colcon_core.package_identification:_identify(src/DynamixelSDK/c#/protocol1.0/reset/win32) by extensions ['python_setup_py']
[0.234s] Level 1:colcon.colcon_core.package_identification:_identify(src/DynamixelSDK/c#/protocol1.0/reset/win32) by extension 'python_setup_py'
[0.234s] Level 1:colcon.colcon_core.package_identification:_identify(src/DynamixelSDK/c#/protocol1.0/reset/win32/reset) by extensions ['ignore', 'ignore_ament_install']
[0.235s] Level 1:colcon.colcon_core.package_identification:_identify(src/DynamixelSDK/c#/protocol1.0/reset/win32/reset) by extension 'ignore'
[0.235s] Level 1:colcon.colcon_core.package_identification:_identify(src/DynamixelSDK/c#/protocol1.0/reset/win32/reset) by extension 'ignore_ament_install'
[0.235s] Level 1:colcon.colcon_core.package_identification:_identify(src/DynamixelSDK/c#/protocol1.0/reset/win32/reset) by extensions ['colcon_pkg']
[0.235s] Level 1:colcon.colcon_core.package_identification:_identify(src/DynamixelSDK/c#/protocol1.0/reset/win32/reset) by extension 'colcon_pkg'
[0.235s] Level 1:colcon.colcon_core.package_identification:_identify(src/DynamixelSDK/c#/protocol1.0/reset/win32/reset) by extensions ['colcon_meta']
[0.235s] Level 1:colcon.colcon_core.package_identification:_identify(src/DynamixelSDK/c#/protocol1.0/reset/win32/reset) by extension 'colcon_meta'
[0.235s] Level 1:colcon.colcon_core.package_identification:_identify(src/DynamixelSDK/c#/protocol1.0/reset/win32/reset) by extensions ['ros']
[0.235s] Level 1:colcon.colcon_core.package_identification:_identify(src/DynamixelSDK/c#/protocol1.0/reset/win32/reset) by extension 'ros'
[0.235s] Level 1:colcon.colcon_core.package_identification:_identify(src/DynamixelSDK/c#/protocol1.0/reset/win32/reset) by extensions ['cmake', 'python']
[0.235s] Level 1:colcon.colcon_core.package_identification:_identify(src/DynamixelSDK/c#/protocol1.0/reset/win32/reset) by extension 'cmake'
[0.235s] Level 1:colcon.colcon_core.package_identification:_identify(src/DynamixelSDK/c#/protocol1.0/reset/win32/reset) by extension 'python'
[0.235s] Level 1:colcon.colcon_core.package_identification:_identify(src/DynamixelSDK/c#/protocol1.0/reset/win32/reset) by extensions ['python_setup_py']
[0.235s] Level 1:colcon.colcon_core.package_identification:_identify(src/DynamixelSDK/c#/protocol1.0/reset/win32/reset) by extension 'python_setup_py'
[0.235s] Level 1:colcon.colcon_core.package_identification:_identify(src/DynamixelSDK/c#/protocol1.0/reset/win32/reset/Properties) by extensions ['ignore', 'ignore_ament_install']
[0.235s] Level 1:colcon.colcon_core.package_identification:_identify(src/DynamixelSDK/c#/protocol1.0/reset/win32/reset/Properties) by extension 'ignore'
[0.235s] Level 1:colcon.colcon_core.package_identification:_identify(src/DynamixelSDK/c#/protocol1.0/reset/win32/reset/Properties) by extension 'ignore_ament_install'
[0.235s] Level 1:colcon.colcon_core.package_identification:_identify(src/DynamixelSDK/c#/protocol1.0/reset/win32/reset/Properties) by extensions ['colcon_pkg']
[0.236s] Level 1:colcon.colcon_core.package_identification:_identify(src/DynamixelSDK/c#/protocol1.0/reset/win32/reset/Properties) by extension 'colcon_pkg'
[0.236s] Level 1:colcon.colcon_core.package_identification:_identify(src/DynamixelSDK/c#/protocol1.0/reset/win32/reset/Properties) by extensions ['colcon_meta']
[0.236s] Level 1:colcon.colcon_core.package_identification:_identify(src/DynamixelSDK/c#/protocol1.0/reset/win32/reset/Properties) by extension 'colcon_meta'
[0.236s] Level 1:colcon.colcon_core.package_identification:_identify(src/DynamixelSDK/c#/protocol1.0/reset/win32/reset/Properties) by extensions ['ros']
[0.236s] Level 1:colcon.colcon_core.package_identification:_identify(src/DynamixelSDK/c#/protocol1.0/reset/win32/reset/Properties) by extension 'ros'
[0.236s] Level 1:colcon.colcon_core.package_identification:_identify(src/DynamixelSDK/c#/protocol1.0/reset/win32/reset/Properties) by extensions ['cmake', 'python']
[0.236s] Level 1:colcon.colcon_core.package_identification:_identify(src/DynamixelSDK/c#/protocol1.0/reset/win32/reset/Properties) by extension 'cmake'
[0.236s] Level 1:colcon.colcon_core.package_identification:_identify(src/DynamixelSDK/c#/protocol1.0/reset/win32/reset/Properties) by extension 'python'
[0.236s] Level 1:colcon.colcon_core.package_identification:_identify(src/DynamixelSDK/c#/protocol1.0/reset/win32/reset/Properties) by extensions ['python_setup_py']
[0.236s] Level 1:colcon.colcon_core.package_identification:_identify(src/DynamixelSDK/c#/protocol1.0/reset/win32/reset/Properties) by extension 'python_setup_py'
[0.236s] Level 1:colcon.colcon_core.package_identification:_identify(src/DynamixelSDK/c#/protocol1.0/reset/win64) by extensions ['ignore', 'ignore_ament_install']
[0.236s] Level 1:colcon.colcon_core.package_identification:_identify(src/DynamixelSDK/c#/protocol1.0/reset/win64) by extension 'ignore'
[0.236s] Level 1:colcon.colcon_core.package_identification:_identify(src/DynamixelSDK/c#/protocol1.0/reset/win64) by extension 'ignore_ament_install'
[0.236s] Level 1:colcon.colcon_core.package_identification:_identify(src/DynamixelSDK/c#/protocol1.0/reset/win64) by extensions ['colcon_pkg']
[0.236s] Level 1:colcon.colcon_core.package_identification:_identify(src/DynamixelSDK/c#/protocol1.0/reset/win64) by extension 'colcon_pkg'
[0.236s] Level 1:colcon.colcon_core.package_identification:_identify(src/DynamixelSDK/c#/protocol1.0/reset/win64) by extensions ['colcon_meta']
[0.236s] Level 1:colcon.colcon_core.package_identification:_identify(src/DynamixelSDK/c#/protocol1.0/reset/win64) by extension 'colcon_meta'
[0.236s] Level 1:colcon.colcon_core.package_identification:_identify(src/DynamixelSDK/c#/protocol1.0/reset/win64) by extensions ['ros']
[0.237s] Level 1:colcon.colcon_core.package_identification:_identify(src/DynamixelSDK/c#/protocol1.0/reset/win64) by extension 'ros'
[0.237s] Level 1:colcon.colcon_core.package_identification:_identify(src/DynamixelSDK/c#/protocol1.0/reset/win64) by extensions ['cmake', 'python']
[0.237s] Level 1:colcon.colcon_core.package_identification:_identify(src/DynamixelSDK/c#/protocol1.0/reset/win64) by extension 'cmake'
[0.237s] Level 1:colcon.colcon_core.package_identification:_identify(src/DynamixelSDK/c#/protocol1.0/reset/win64) by extension 'python'
[0.237s] Level 1:colcon.colcon_core.package_identification:_identify(src/DynamixelSDK/c#/protocol1.0/reset/win64) by extensions ['python_setup_py']
[0.237s] Level 1:colcon.colcon_core.package_identification:_identify(src/DynamixelSDK/c#/protocol1.0/reset/win64) by extension 'python_setup_py'
[0.237s] Level 1:colcon.colcon_core.package_identification:_identify(src/DynamixelSDK/c#/protocol1.0/reset/win64/reset) by extensions ['ignore', 'ignore_ament_install']
[0.237s] Level 1:colcon.colcon_core.package_identification:_identify(src/DynamixelSDK/c#/protocol1.0/reset/win64/reset) by extension 'ignore'
[0.237s] Level 1:colcon.colcon_core.package_identification:_identify(src/DynamixelSDK/c#/protocol1.0/reset/win64/reset) by extension 'ignore_ament_install'
[0.237s] Level 1:colcon.colcon_core.package_identification:_identify(src/DynamixelSDK/c#/protocol1.0/reset/win64/reset) by extensions ['colcon_pkg']
[0.237s] Level 1:colcon.colcon_core.package_identification:_identify(src/DynamixelSDK/c#/protocol1.0/reset/win64/reset) by extension 'colcon_pkg'
[0.237s] Level 1:colcon.colcon_core.package_identification:_identify(src/DynamixelSDK/c#/protocol1.0/reset/win64/reset) by extensions ['colcon_meta']
[0.237s] Level 1:colcon.colcon_core.package_identification:_identify(src/DynamixelSDK/c#/protocol1.0/reset/win64/reset) by extension 'colcon_meta'
[0.237s] Level 1:colcon.colcon_core.package_identification:_identify(src/DynamixelSDK/c#/protocol1.0/reset/win64/reset) by extensions ['ros']
[0.237s] Level 1:colcon.colcon_core.package_identification:_identify(src/DynamixelSDK/c#/protocol1.0/reset/win64/reset) by extension 'ros'
[0.237s] Level 1:colcon.colcon_core.package_identification:_identify(src/DynamixelSDK/c#/protocol1.0/reset/win64/reset) by extensions ['cmake', 'python']
[0.237s] Level 1:colcon.colcon_core.package_identification:_identify(src/DynamixelSDK/c#/protocol1.0/reset/win64/reset) by extension 'cmake'
[0.237s] Level 1:colcon.colcon_core.package_identification:_identify(src/DynamixelSDK/c#/protocol1.0/reset/win64/reset) by extension 'python'
[0.238s] Level 1:colcon.colcon_core.package_identification:_identify(src/DynamixelSDK/c#/protocol1.0/reset/win64/reset) by extensions ['python_setup_py']
[0.238s] Level 1:colcon.colcon_core.package_identification:_identify(src/DynamixelSDK/c#/protocol1.0/reset/win64/reset) by extension 'python_setup_py'
[0.238s] Level 1:colcon.colcon_core.package_identification:_identify(src/DynamixelSDK/c#/protocol1.0/reset/win64/reset/Properties) by extensions ['ignore', 'ignore_ament_install']
[0.238s] Level 1:colcon.colcon_core.package_identification:_identify(src/DynamixelSDK/c#/protocol1.0/reset/win64/reset/Properties) by extension 'ignore'
[0.238s] Level 1:colcon.colcon_core.package_identification:_identify(src/DynamixelSDK/c#/protocol1.0/reset/win64/reset/Properties) by extension 'ignore_ament_install'
[0.238s] Level 1:colcon.colcon_core.package_identification:_identify(src/DynamixelSDK/c#/protocol1.0/reset/win64/reset/Properties) by extensions ['colcon_pkg']
[0.238s] Level 1:colcon.colcon_core.package_identification:_identify(src/DynamixelSDK/c#/protocol1.0/reset/win64/reset/Properties) by extension 'colcon_pkg'
[0.238s] Level 1:colcon.colcon_core.package_identification:_identify(src/DynamixelSDK/c#/protocol1.0/reset/win64/reset/Properties) by extensions ['colcon_meta']
[0.238s] Level 1:colcon.colcon_core.package_identification:_identify(src/DynamixelSDK/c#/protocol1.0/reset/win64/reset/Properties) by extension 'colcon_meta'
[0.238s] Level 1:colcon.colcon_core.package_identification:_identify(src/DynamixelSDK/c#/protocol1.0/reset/win64/reset/Properties) by extensions ['ros']
[0.238s] Level 1:colcon.colcon_core.package_identification:_identify(src/DynamixelSDK/c#/protocol1.0/reset/win64/reset/Properties) by extension 'ros'
[0.238s] Level 1:colcon.colcon_core.package_identification:_identify(src/DynamixelSDK/c#/protocol1.0/reset/win64/reset/Properties) by extensions ['cmake', 'python']
[0.238s] Level 1:colcon.colcon_core.package_identification:_identify(src/DynamixelSDK/c#/protocol1.0/reset/win64/reset/Properties) by extension 'cmake'
[0.238s] Level 1:colcon.colcon_core.package_identification:_identify(src/DynamixelSDK/c#/protocol1.0/reset/win64/reset/Properties) by extension 'python'
[0.238s] Level 1:colcon.colcon_core.package_identification:_identify(src/DynamixelSDK/c#/protocol1.0/reset/win64/reset/Properties) by extensions ['python_setup_py']
[0.238s] Level 1:colcon.colcon_core.package_identification:_identify(src/DynamixelSDK/c#/protocol1.0/reset/win64/reset/Properties) by extension 'python_setup_py'
[0.239s] Level 1:colcon.colcon_core.package_identification:_identify(src/DynamixelSDK/c#/protocol1.0/sync_write) by extensions ['ignore', 'ignore_ament_install']
[0.239s] Level 1:colcon.colcon_core.package_identification:_identify(src/DynamixelSDK/c#/protocol1.0/sync_write) by extension 'ignore'
[0.239s] Level 1:colcon.colcon_core.package_identification:_identify(src/DynamixelSDK/c#/protocol1.0/sync_write) by extension 'ignore_ament_install'
[0.239s] Level 1:colcon.colcon_core.package_identification:_identify(src/DynamixelSDK/c#/protocol1.0/sync_write) by extensions ['colcon_pkg']
[0.239s] Level 1:colcon.colcon_core.package_identification:_identify(src/DynamixelSDK/c#/protocol1.0/sync_write) by extension 'colcon_pkg'
[0.239s] Level 1:colcon.colcon_core.package_identification:_identify(src/DynamixelSDK/c#/protocol1.0/sync_write) by extensions ['colcon_meta']
[0.239s] Level 1:colcon.colcon_core.package_identification:_identify(src/DynamixelSDK/c#/protocol1.0/sync_write) by extension 'colcon_meta'
[0.239s] Level 1:colcon.colcon_core.package_identification:_identify(src/DynamixelSDK/c#/protocol1.0/sync_write) by extensions ['ros']
[0.239s] Level 1:colcon.colcon_core.package_identification:_identify(src/DynamixelSDK/c#/protocol1.0/sync_write) by extension 'ros'
[0.239s] Level 1:colcon.colcon_core.package_identification:_identify(src/DynamixelSDK/c#/protocol1.0/sync_write) by extensions ['cmake', 'python']
[0.239s] Level 1:colcon.colcon_core.package_identification:_identify(src/DynamixelSDK/c#/protocol1.0/sync_write) by extension 'cmake'
[0.239s] Level 1:colcon.colcon_core.package_identification:_identify(src/DynamixelSDK/c#/protocol1.0/sync_write) by extension 'python'
[0.239s] Level 1:colcon.colcon_core.package_identification:_identify(src/DynamixelSDK/c#/protocol1.0/sync_write) by extensions ['python_setup_py']
[0.239s] Level 1:colcon.colcon_core.package_identification:_identify(src/DynamixelSDK/c#/protocol1.0/sync_write) by extension 'python_setup_py'
[0.239s] Level 1:colcon.colcon_core.package_identification:_identify(src/DynamixelSDK/c#/protocol1.0/sync_write/win32) by extensions ['ignore', 'ignore_ament_install']
[0.239s] Level 1:colcon.colcon_core.package_identification:_identify(src/DynamixelSDK/c#/protocol1.0/sync_write/win32) by extension 'ignore'
[0.240s] Level 1:colcon.colcon_core.package_identification:_identify(src/DynamixelSDK/c#/protocol1.0/sync_write/win32) by extension 'ignore_ament_install'
[0.240s] Level 1:colcon.colcon_core.package_identification:_identify(src/DynamixelSDK/c#/protocol1.0/sync_write/win32) by extensions ['colcon_pkg']
[0.240s] Level 1:colcon.colcon_core.package_identification:_identify(src/DynamixelSDK/c#/protocol1.0/sync_write/win32) by extension 'colcon_pkg'
[0.240s] Level 1:colcon.colcon_core.package_identification:_identify(src/DynamixelSDK/c#/protocol1.0/sync_write/win32) by extensions ['colcon_meta']
[0.240s] Level 1:colcon.colcon_core.package_identification:_identify(src/DynamixelSDK/c#/protocol1.0/sync_write/win32) by extension 'colcon_meta'
[0.240s] Level 1:colcon.colcon_core.package_identification:_identify(src/DynamixelSDK/c#/protocol1.0/sync_write/win32) by extensions ['ros']
[0.240s] Level 1:colcon.colcon_core.package_identification:_identify(src/DynamixelSDK/c#/protocol1.0/sync_write/win32) by extension 'ros'
[0.240s] Level 1:colcon.colcon_core.package_identification:_identify(src/DynamixelSDK/c#/protocol1.0/sync_write/win32) by extensions ['cmake', 'python']
[0.240s] Level 1:colcon.colcon_core.package_identification:_identify(src/DynamixelSDK/c#/protocol1.0/sync_write/win32) by extension 'cmake'
[0.240s] Level 1:colcon.colcon_core.package_identification:_identify(src/DynamixelSDK/c#/protocol1.0/sync_write/win32) by extension 'python'
[0.240s] Level 1:colcon.colcon_core.package_identification:_identify(src/DynamixelSDK/c#/protocol1.0/sync_write/win32) by extensions ['python_setup_py']
[0.240s] Level 1:colcon.colcon_core.package_identification:_identify(src/DynamixelSDK/c#/protocol1.0/sync_write/win32) by extension 'python_setup_py'
[0.240s] Level 1:colcon.colcon_core.package_identification:_identify(src/DynamixelSDK/c#/protocol1.0/sync_write/win32/sync_write) by extensions ['ignore', 'ignore_ament_install']
[0.241s] Level 1:colcon.colcon_core.package_identification:_identify(src/DynamixelSDK/c#/protocol1.0/sync_write/win32/sync_write) by extension 'ignore'
[0.241s] Level 1:colcon.colcon_core.package_identification:_identify(src/DynamixelSDK/c#/protocol1.0/sync_write/win32/sync_write) by extension 'ignore_ament_install'
[0.241s] Level 1:colcon.colcon_core.package_identification:_identify(src/DynamixelSDK/c#/protocol1.0/sync_write/win32/sync_write) by extensions ['colcon_pkg']
[0.242s] Level 1:colcon.colcon_core.package_identification:_identify(src/DynamixelSDK/c#/protocol1.0/sync_write/win32/sync_write) by extension 'colcon_pkg'
[0.242s] Level 1:colcon.colcon_core.package_identification:_identify(src/DynamixelSDK/c#/protocol1.0/sync_write/win32/sync_write) by extensions ['colcon_meta']
[0.242s] Level 1:colcon.colcon_core.package_identification:_identify(src/DynamixelSDK/c#/protocol1.0/sync_write/win32/sync_write) by extension 'colcon_meta'
[0.242s] Level 1:colcon.colcon_core.package_identification:_identify(src/DynamixelSDK/c#/protocol1.0/sync_write/win32/sync_write) by extensions ['ros']
[0.242s] Level 1:colcon.colcon_core.package_identification:_identify(src/DynamixelSDK/c#/protocol1.0/sync_write/win32/sync_write) by extension 'ros'
[0.242s] Level 1:colcon.colcon_core.package_identification:_identify(src/DynamixelSDK/c#/protocol1.0/sync_write/win32/sync_write) by extensions ['cmake', 'python']
[0.242s] Level 1:colcon.colcon_core.package_identification:_identify(src/DynamixelSDK/c#/protocol1.0/sync_write/win32/sync_write) by extension 'cmake'
[0.242s] Level 1:colcon.colcon_core.package_identification:_identify(src/DynamixelSDK/c#/protocol1.0/sync_write/win32/sync_write) by extension 'python'
[0.242s] Level 1:colcon.colcon_core.package_identification:_identify(src/DynamixelSDK/c#/protocol1.0/sync_write/win32/sync_write) by extensions ['python_setup_py']
[0.242s] Level 1:colcon.colcon_core.package_identification:_identify(src/DynamixelSDK/c#/protocol1.0/sync_write/win32/sync_write) by extension 'python_setup_py'
[0.242s] Level 1:colcon.colcon_core.package_identification:_identify(src/DynamixelSDK/c#/protocol1.0/sync_write/win32/sync_write/Properties) by extensions ['ignore', 'ignore_ament_install']
[0.242s] Level 1:colcon.colcon_core.package_identification:_identify(src/DynamixelSDK/c#/protocol1.0/sync_write/win32/sync_write/Properties) by extension 'ignore'
[0.242s] Level 1:colcon.colcon_core.package_identification:_identify(src/DynamixelSDK/c#/protocol1.0/sync_write/win32/sync_write/Properties) by extension 'ignore_ament_install'
[0.242s] Level 1:colcon.colcon_core.package_identification:_identify(src/DynamixelSDK/c#/protocol1.0/sync_write/win32/sync_write/Properties) by extensions ['colcon_pkg']
[0.243s] Level 1:colcon.colcon_core.package_identification:_identify(src/DynamixelSDK/c#/protocol1.0/sync_write/win32/sync_write/Properties) by extension 'colcon_pkg'
[0.243s] Level 1:colcon.colcon_core.package_identification:_identify(src/DynamixelSDK/c#/protocol1.0/sync_write/win32/sync_write/Properties) by extensions ['colcon_meta']
[0.243s] Level 1:colcon.colcon_core.package_identification:_identify(src/DynamixelSDK/c#/protocol1.0/sync_write/win32/sync_write/Properties) by extension 'colcon_meta'
[0.243s] Level 1:colcon.colcon_core.package_identification:_identify(src/DynamixelSDK/c#/protocol1.0/sync_write/win32/sync_write/Properties) by extensions ['ros']
[0.243s] Level 1:colcon.colcon_core.package_identification:_identify(src/DynamixelSDK/c#/protocol1.0/sync_write/win32/sync_write/Properties) by extension 'ros'
[0.243s] Level 1:colcon.colcon_core.package_identification:_identify(src/DynamixelSDK/c#/protocol1.0/sync_write/win32/sync_write/Properties) by extensions ['cmake', 'python']
[0.243s] Level 1:colcon.colcon_core.package_identification:_identify(src/DynamixelSDK/c#/protocol1.0/sync_write/win32/sync_write/Properties) by extension 'cmake'
[0.243s] Level 1:colcon.colcon_core.package_identification:_identify(src/DynamixelSDK/c#/protocol1.0/sync_write/win32/sync_write/Properties) by extension 'python'
[0.243s] Level 1:colcon.colcon_core.package_identification:_identify(src/DynamixelSDK/c#/protocol1.0/sync_write/win32/sync_write/Properties) by extensions ['python_setup_py']
[0.243s] Level 1:colcon.colcon_core.package_identification:_identify(src/DynamixelSDK/c#/protocol1.0/sync_write/win32/sync_write/Properties) by extension 'python_setup_py'
[0.243s] Level 1:colcon.colcon_core.package_identification:_identify(src/DynamixelSDK/c#/protocol1.0/sync_write/win64) by extensions ['ignore', 'ignore_ament_install']
[0.243s] Level 1:colcon.colcon_core.package_identification:_identify(src/DynamixelSDK/c#/protocol1.0/sync_write/win64) by extension 'ignore'
[0.243s] Level 1:colcon.colcon_core.package_identification:_identify(src/DynamixelSDK/c#/protocol1.0/sync_write/win64) by extension 'ignore_ament_install'
[0.243s] Level 1:colcon.colcon_core.package_identification:_identify(src/DynamixelSDK/c#/protocol1.0/sync_write/win64) by extensions ['colcon_pkg']
[0.243s] Level 1:colcon.colcon_core.package_identification:_identify(src/DynamixelSDK/c#/protocol1.0/sync_write/win64) by extension 'colcon_pkg'
[0.243s] Level 1:colcon.colcon_core.package_identification:_identify(src/DynamixelSDK/c#/protocol1.0/sync_write/win64) by extensions ['colcon_meta']
[0.243s] Level 1:colcon.colcon_core.package_identification:_identify(src/DynamixelSDK/c#/protocol1.0/sync_write/win64) by extension 'colcon_meta'
[0.244s] Level 1:colcon.colcon_core.package_identification:_identify(src/DynamixelSDK/c#/protocol1.0/sync_write/win64) by extensions ['ros']
[0.244s] Level 1:colcon.colcon_core.package_identification:_identify(src/DynamixelSDK/c#/protocol1.0/sync_write/win64) by extension 'ros'
[0.244s] Level 1:colcon.colcon_core.package_identification:_identify(src/DynamixelSDK/c#/protocol1.0/sync_write/win64) by extensions ['cmake', 'python']
[0.244s] Level 1:colcon.colcon_core.package_identification:_identify(src/DynamixelSDK/c#/protocol1.0/sync_write/win64) by extension 'cmake'
[0.244s] Level 1:colcon.colcon_core.package_identification:_identify(src/DynamixelSDK/c#/protocol1.0/sync_write/win64) by extension 'python'
[0.244s] Level 1:colcon.colcon_core.package_identification:_identify(src/DynamixelSDK/c#/protocol1.0/sync_write/win64) by extensions ['python_setup_py']
[0.244s] Level 1:colcon.colcon_core.package_identification:_identify(src/DynamixelSDK/c#/protocol1.0/sync_write/win64) by extension 'python_setup_py'
[0.244s] Level 1:colcon.colcon_core.package_identification:_identify(src/DynamixelSDK/c#/protocol1.0/sync_write/win64/sync_write) by extensions ['ignore', 'ignore_ament_install']
[0.244s] Level 1:colcon.colcon_core.package_identification:_identify(src/DynamixelSDK/c#/protocol1.0/sync_write/win64/sync_write) by extension 'ignore'
[0.244s] Level 1:colcon.colcon_core.package_identification:_identify(src/DynamixelSDK/c#/protocol1.0/sync_write/win64/sync_write) by extension 'ignore_ament_install'
[0.244s] Level 1:colcon.colcon_core.package_identification:_identify(src/DynamixelSDK/c#/protocol1.0/sync_write/win64/sync_write) by extensions ['colcon_pkg']
[0.244s] Level 1:colcon.colcon_core.package_identification:_identify(src/DynamixelSDK/c#/protocol1.0/sync_write/win64/sync_write) by extension 'colcon_pkg'
[0.244s] Level 1:colcon.colcon_core.package_identification:_identify(src/DynamixelSDK/c#/protocol1.0/sync_write/win64/sync_write) by extensions ['colcon_meta']
[0.244s] Level 1:colcon.colcon_core.package_identification:_identify(src/DynamixelSDK/c#/protocol1.0/sync_write/win64/sync_write) by extension 'colcon_meta'
[0.244s] Level 1:colcon.colcon_core.package_identification:_identify(src/DynamixelSDK/c#/protocol1.0/sync_write/win64/sync_write) by extensions ['ros']
[0.244s] Level 1:colcon.colcon_core.package_identification:_identify(src/DynamixelSDK/c#/protocol1.0/sync_write/win64/sync_write) by extension 'ros'
[0.245s] Level 1:colcon.colcon_core.package_identification:_identify(src/DynamixelSDK/c#/protocol1.0/sync_write/win64/sync_write) by extensions ['cmake', 'python']
[0.245s] Level 1:colcon.colcon_core.package_identification:_identify(src/DynamixelSDK/c#/protocol1.0/sync_write/win64/sync_write) by extension 'cmake'
[0.245s] Level 1:colcon.colcon_core.package_identification:_identify(src/DynamixelSDK/c#/protocol1.0/sync_write/win64/sync_write) by extension 'python'
[0.245s] Level 1:colcon.colcon_core.package_identification:_identify(src/DynamixelSDK/c#/protocol1.0/sync_write/win64/sync_write) by extensions ['python_setup_py']
[0.245s] Level 1:colcon.colcon_core.package_identification:_identify(src/DynamixelSDK/c#/protocol1.0/sync_write/win64/sync_write) by extension 'python_setup_py'
[0.245s] Level 1:colcon.colcon_core.package_identification:_identify(src/DynamixelSDK/c#/protocol1.0/sync_write/win64/sync_write/Properties) by extensions ['ignore', 'ignore_ament_install']
[0.245s] Level 1:colcon.colcon_core.package_identification:_identify(src/DynamixelSDK/c#/protocol1.0/sync_write/win64/sync_write/Properties) by extension 'ignore'
[0.245s] Level 1:colcon.colcon_core.package_identification:_identify(src/DynamixelSDK/c#/protocol1.0/sync_write/win64/sync_write/Properties) by extension 'ignore_ament_install'
[0.245s] Level 1:colcon.colcon_core.package_identification:_identify(src/DynamixelSDK/c#/protocol1.0/sync_write/win64/sync_write/Properties) by extensions ['colcon_pkg']
[0.245s] Level 1:colcon.colcon_core.package_identification:_identify(src/DynamixelSDK/c#/protocol1.0/sync_write/win64/sync_write/Properties) by extension 'colcon_pkg'
[0.245s] Level 1:colcon.colcon_core.package_identification:_identify(src/DynamixelSDK/c#/protocol1.0/sync_write/win64/sync_write/Properties) by extensions ['colcon_meta']
[0.245s] Level 1:colcon.colcon_core.package_identification:_identify(src/DynamixelSDK/c#/protocol1.0/sync_write/win64/sync_write/Properties) by extension 'colcon_meta'
[0.245s] Level 1:colcon.colcon_core.package_identification:_identify(src/DynamixelSDK/c#/protocol1.0/sync_write/win64/sync_write/Properties) by extensions ['ros']
[0.245s] Level 1:colcon.colcon_core.package_identification:_identify(src/DynamixelSDK/c#/protocol1.0/sync_write/win64/sync_write/Properties) by extension 'ros'
[0.245s] Level 1:colcon.colcon_core.package_identification:_identify(src/DynamixelSDK/c#/protocol1.0/sync_write/win64/sync_write/Properties) by extensions ['cmake', 'python']
[0.245s] Level 1:colcon.colcon_core.package_identification:_identify(src/DynamixelSDK/c#/protocol1.0/sync_write/win64/sync_write/Properties) by extension 'cmake'
[0.245s] Level 1:colcon.colcon_core.package_identification:_identify(src/DynamixelSDK/c#/protocol1.0/sync_write/win64/sync_write/Properties) by extension 'python'
[0.246s] Level 1:colcon.colcon_core.package_identification:_identify(src/DynamixelSDK/c#/protocol1.0/sync_write/win64/sync_write/Properties) by extensions ['python_setup_py']
[0.246s] Level 1:colcon.colcon_core.package_identification:_identify(src/DynamixelSDK/c#/protocol1.0/sync_write/win64/sync_write/Properties) by extension 'python_setup_py'
[0.246s] Level 1:colcon.colcon_core.package_identification:_identify(src/DynamixelSDK/c#/protocol2.0) by extensions ['ignore', 'ignore_ament_install']
[0.246s] Level 1:colcon.colcon_core.package_identification:_identify(src/DynamixelSDK/c#/protocol2.0) by extension 'ignore'
[0.246s] Level 1:colcon.colcon_core.package_identification:_identify(src/DynamixelSDK/c#/protocol2.0) by extension 'ignore_ament_install'
[0.246s] Level 1:colcon.colcon_core.package_identification:_identify(src/DynamixelSDK/c#/protocol2.0) by extensions ['colcon_pkg']
[0.246s] Level 1:colcon.colcon_core.package_identification:_identify(src/DynamixelSDK/c#/protocol2.0) by extension 'colcon_pkg'
[0.246s] Level 1:colcon.colcon_core.package_identification:_identify(src/DynamixelSDK/c#/protocol2.0) by extensions ['colcon_meta']
[0.246s] Level 1:colcon.colcon_core.package_identification:_identify(src/DynamixelSDK/c#/protocol2.0) by extension 'colcon_meta'
[0.246s] Level 1:colcon.colcon_core.package_identification:_identify(src/DynamixelSDK/c#/protocol2.0) by extensions ['ros']
[0.246s] Level 1:colcon.colcon_core.package_identification:_identify(src/DynamixelSDK/c#/protocol2.0) by extension 'ros'
[0.246s] Level 1:colcon.colcon_core.package_identification:_identify(src/DynamixelSDK/c#/protocol2.0) by extensions ['cmake', 'python']
[0.246s] Level 1:colcon.colcon_core.package_identification:_identify(src/DynamixelSDK/c#/protocol2.0) by extension 'cmake'
[0.246s] Level 1:colcon.colcon_core.package_identification:_identify(src/DynamixelSDK/c#/protocol2.0) by extension 'python'
[0.246s] Level 1:colcon.colcon_core.package_identification:_identify(src/DynamixelSDK/c#/protocol2.0) by extensions ['python_setup_py']
[0.246s] Level 1:colcon.colcon_core.package_identification:_identify(src/DynamixelSDK/c#/protocol2.0) by extension 'python_setup_py'
[0.246s] Level 1:colcon.colcon_core.package_identification:_identify(src/DynamixelSDK/c#/protocol2.0/broadcast_ping) by extensions ['ignore', 'ignore_ament_install']
[0.247s] Level 1:colcon.colcon_core.package_identification:_identify(src/DynamixelSDK/c#/protocol2.0/broadcast_ping) by extension 'ignore'
[0.247s] Level 1:colcon.colcon_core.package_identification:_identify(src/DynamixelSDK/c#/protocol2.0/broadcast_ping) by extension 'ignore_ament_install'
[0.247s] Level 1:colcon.colcon_core.package_identification:_identify(src/DynamixelSDK/c#/protocol2.0/broadcast_ping) by extensions ['colcon_pkg']
[0.247s] Level 1:colcon.colcon_core.package_identification:_identify(src/DynamixelSDK/c#/protocol2.0/broadcast_ping) by extension 'colcon_pkg'
[0.247s] Level 1:colcon.colcon_core.package_identification:_identify(src/DynamixelSDK/c#/protocol2.0/broadcast_ping) by extensions ['colcon_meta']
[0.247s] Level 1:colcon.colcon_core.package_identification:_identify(src/DynamixelSDK/c#/protocol2.0/broadcast_ping) by extension 'colcon_meta'
[0.247s] Level 1:colcon.colcon_core.package_identification:_identify(src/DynamixelSDK/c#/protocol2.0/broadcast_ping) by extensions ['ros']
[0.247s] Level 1:colcon.colcon_core.package_identification:_identify(src/DynamixelSDK/c#/protocol2.0/broadcast_ping) by extension 'ros'
[0.247s] Level 1:colcon.colcon_core.package_identification:_identify(src/DynamixelSDK/c#/protocol2.0/broadcast_ping) by extensions ['cmake', 'python']
[0.247s] Level 1:colcon.colcon_core.package_identification:_identify(src/DynamixelSDK/c#/protocol2.0/broadcast_ping) by extension 'cmake'
[0.247s] Level 1:colcon.colcon_core.package_identification:_identify(src/DynamixelSDK/c#/protocol2.0/broadcast_ping) by extension 'python'
[0.247s] Level 1:colcon.colcon_core.package_identification:_identify(src/DynamixelSDK/c#/protocol2.0/broadcast_ping) by extensions ['python_setup_py']
[0.247s] Level 1:colcon.colcon_core.package_identification:_identify(src/DynamixelSDK/c#/protocol2.0/broadcast_ping) by extension 'python_setup_py'
[0.247s] Level 1:colcon.colcon_core.package_identification:_identify(src/DynamixelSDK/c#/protocol2.0/broadcast_ping/win32) by extensions ['ignore', 'ignore_ament_install']
[0.247s] Level 1:colcon.colcon_core.package_identification:_identify(src/DynamixelSDK/c#/protocol2.0/broadcast_ping/win32) by extension 'ignore'
[0.248s] Level 1:colcon.colcon_core.package_identification:_identify(src/DynamixelSDK/c#/protocol2.0/broadcast_ping/win32) by extension 'ignore_ament_install'
[0.248s] Level 1:colcon.colcon_core.package_identification:_identify(src/DynamixelSDK/c#/protocol2.0/broadcast_ping/win32) by extensions ['colcon_pkg']
[0.248s] Level 1:colcon.colcon_core.package_identification:_identify(src/DynamixelSDK/c#/protocol2.0/broadcast_ping/win32) by extension 'colcon_pkg'
[0.248s] Level 1:colcon.colcon_core.package_identification:_identify(src/DynamixelSDK/c#/protocol2.0/broadcast_ping/win32) by extensions ['colcon_meta']
[0.248s] Level 1:colcon.colcon_core.package_identification:_identify(src/DynamixelSDK/c#/protocol2.0/broadcast_ping/win32) by extension 'colcon_meta'
[0.248s] Level 1:colcon.colcon_core.package_identification:_identify(src/DynamixelSDK/c#/protocol2.0/broadcast_ping/win32) by extensions ['ros']
[0.248s] Level 1:colcon.colcon_core.package_identification:_identify(src/DynamixelSDK/c#/protocol2.0/broadcast_ping/win32) by extension 'ros'
[0.248s] Level 1:colcon.colcon_core.package_identification:_identify(src/DynamixelSDK/c#/protocol2.0/broadcast_ping/win32) by extensions ['cmake', 'python']
[0.248s] Level 1:colcon.colcon_core.package_identification:_identify(src/DynamixelSDK/c#/protocol2.0/broadcast_ping/win32) by extension 'cmake'
[0.248s] Level 1:colcon.colcon_core.package_identification:_identify(src/DynamixelSDK/c#/protocol2.0/broadcast_ping/win32) by extension 'python'
[0.248s] Level 1:colcon.colcon_core.package_identification:_identify(src/DynamixelSDK/c#/protocol2.0/broadcast_ping/win32) by extensions ['python_setup_py']
[0.248s] Level 1:colcon.colcon_core.package_identification:_identify(src/DynamixelSDK/c#/protocol2.0/broadcast_ping/win32) by extension 'python_setup_py'
[0.248s] Level 1:colcon.colcon_core.package_identification:_identify(src/DynamixelSDK/c#/protocol2.0/broadcast_ping/win32/broadcast_ping) by extensions ['ignore', 'ignore_ament_install']
[0.248s] Level 1:colcon.colcon_core.package_identification:_identify(src/DynamixelSDK/c#/protocol2.0/broadcast_ping/win32/broadcast_ping) by extension 'ignore'
[0.248s] Level 1:colcon.colcon_core.package_identification:_identify(src/DynamixelSDK/c#/protocol2.0/broadcast_ping/win32/broadcast_ping) by extension 'ignore_ament_install'
[0.248s] Level 1:colcon.colcon_core.package_identification:_identify(src/DynamixelSDK/c#/protocol2.0/broadcast_ping/win32/broadcast_ping) by extensions ['colcon_pkg']
[0.248s] Level 1:colcon.colcon_core.package_identification:_identify(src/DynamixelSDK/c#/protocol2.0/broadcast_ping/win32/broadcast_ping) by extension 'colcon_pkg'
[0.249s] Level 1:colcon.colcon_core.package_identification:_identify(src/DynamixelSDK/c#/protocol2.0/broadcast_ping/win32/broadcast_ping) by extensions ['colcon_meta']
[0.249s] Level 1:colcon.colcon_core.package_identification:_identify(src/DynamixelSDK/c#/protocol2.0/broadcast_ping/win32/broadcast_ping) by extension 'colcon_meta'
[0.249s] Level 1:colcon.colcon_core.package_identification:_identify(src/DynamixelSDK/c#/protocol2.0/broadcast_ping/win32/broadcast_ping) by extensions ['ros']
[0.249s] Level 1:colcon.colcon_core.package_identification:_identify(src/DynamixelSDK/c#/protocol2.0/broadcast_ping/win32/broadcast_ping) by extension 'ros'
[0.249s] Level 1:colcon.colcon_core.package_identification:_identify(src/DynamixelSDK/c#/protocol2.0/broadcast_ping/win32/broadcast_ping) by extensions ['cmake', 'python']
[0.249s] Level 1:colcon.colcon_core.package_identification:_identify(src/DynamixelSDK/c#/protocol2.0/broadcast_ping/win32/broadcast_ping) by extension 'cmake'
[0.249s] Level 1:colcon.colcon_core.package_identification:_identify(src/DynamixelSDK/c#/protocol2.0/broadcast_ping/win32/broadcast_ping) by extension 'python'
[0.249s] Level 1:colcon.colcon_core.package_identification:_identify(src/DynamixelSDK/c#/protocol2.0/broadcast_ping/win32/broadcast_ping) by extensions ['python_setup_py']
[0.249s] Level 1:colcon.colcon_core.package_identification:_identify(src/DynamixelSDK/c#/protocol2.0/broadcast_ping/win32/broadcast_ping) by extension 'python_setup_py'
[0.249s] Level 1:colcon.colcon_core.package_identification:_identify(src/DynamixelSDK/c#/protocol2.0/broadcast_ping/win32/broadcast_ping/Properties) by extensions ['ignore', 'ignore_ament_install']
[0.249s] Level 1:colcon.colcon_core.package_identification:_identify(src/DynamixelSDK/c#/protocol2.0/broadcast_ping/win32/broadcast_ping/Properties) by extension 'ignore'
[0.249s] Level 1:colcon.colcon_core.package_identification:_identify(src/DynamixelSDK/c#/protocol2.0/broadcast_ping/win32/broadcast_ping/Properties) by extension 'ignore_ament_install'
[0.249s] Level 1:colcon.colcon_core.package_identification:_identify(src/DynamixelSDK/c#/protocol2.0/broadcast_ping/win32/broadcast_ping/Properties) by extensions ['colcon_pkg']
[0.249s] Level 1:colcon.colcon_core.package_identification:_identify(src/DynamixelSDK/c#/protocol2.0/broadcast_ping/win32/broadcast_ping/Properties) by extension 'colcon_pkg'
[0.249s] Level 1:colcon.colcon_core.package_identification:_identify(src/DynamixelSDK/c#/protocol2.0/broadcast_ping/win32/broadcast_ping/Properties) by extensions ['colcon_meta']
[0.250s] Level 1:colcon.colcon_core.package_identification:_identify(src/DynamixelSDK/c#/protocol2.0/broadcast_ping/win32/broadcast_ping/Properties) by extension 'colcon_meta'
[0.250s] Level 1:colcon.colcon_core.package_identification:_identify(src/DynamixelSDK/c#/protocol2.0/broadcast_ping/win32/broadcast_ping/Properties) by extensions ['ros']
[0.250s] Level 1:colcon.colcon_core.package_identification:_identify(src/DynamixelSDK/c#/protocol2.0/broadcast_ping/win32/broadcast_ping/Properties) by extension 'ros'
[0.250s] Level 1:colcon.colcon_core.package_identification:_identify(src/DynamixelSDK/c#/protocol2.0/broadcast_ping/win32/broadcast_ping/Properties) by extensions ['cmake', 'python']
[0.250s] Level 1:colcon.colcon_core.package_identification:_identify(src/DynamixelSDK/c#/protocol2.0/broadcast_ping/win32/broadcast_ping/Properties) by extension 'cmake'
[0.250s] Level 1:colcon.colcon_core.package_identification:_identify(src/DynamixelSDK/c#/protocol2.0/broadcast_ping/win32/broadcast_ping/Properties) by extension 'python'
[0.250s] Level 1:colcon.colcon_core.package_identification:_identify(src/DynamixelSDK/c#/protocol2.0/broadcast_ping/win32/broadcast_ping/Properties) by extensions ['python_setup_py']
[0.250s] Level 1:colcon.colcon_core.package_identification:_identify(src/DynamixelSDK/c#/protocol2.0/broadcast_ping/win32/broadcast_ping/Properties) by extension 'python_setup_py'
[0.250s] Level 1:colcon.colcon_core.package_identification:_identify(src/DynamixelSDK/c#/protocol2.0/broadcast_ping/win64) by extensions ['ignore', 'ignore_ament_install']
[0.250s] Level 1:colcon.colcon_core.package_identification:_identify(src/DynamixelSDK/c#/protocol2.0/broadcast_ping/win64) by extension 'ignore'
[0.250s] Level 1:colcon.colcon_core.package_identification:_identify(src/DynamixelSDK/c#/protocol2.0/broadcast_ping/win64) by extension 'ignore_ament_install'
[0.250s] Level 1:colcon.colcon_core.package_identification:_identify(src/DynamixelSDK/c#/protocol2.0/broadcast_ping/win64) by extensions ['colcon_pkg']
[0.250s] Level 1:colcon.colcon_core.package_identification:_identify(src/DynamixelSDK/c#/protocol2.0/broadcast_ping/win64) by extension 'colcon_pkg'
[0.250s] Level 1:colcon.colcon_core.package_identification:_identify(src/DynamixelSDK/c#/protocol2.0/broadcast_ping/win64) by extensions ['colcon_meta']
[0.250s] Level 1:colcon.colcon_core.package_identification:_identify(src/DynamixelSDK/c#/protocol2.0/broadcast_ping/win64) by extension 'colcon_meta'
[0.250s] Level 1:colcon.colcon_core.package_identification:_identify(src/DynamixelSDK/c#/protocol2.0/broadcast_ping/win64) by extensions ['ros']
[0.250s] Level 1:colcon.colcon_core.package_identification:_identify(src/DynamixelSDK/c#/protocol2.0/broadcast_ping/win64) by extension 'ros'
[0.251s] Level 1:colcon.colcon_core.package_identification:_identify(src/DynamixelSDK/c#/protocol2.0/broadcast_ping/win64) by extensions ['cmake', 'python']
[0.251s] Level 1:colcon.colcon_core.package_identification:_identify(src/DynamixelSDK/c#/protocol2.0/broadcast_ping/win64) by extension 'cmake'
[0.251s] Level 1:colcon.colcon_core.package_identification:_identify(src/DynamixelSDK/c#/protocol2.0/broadcast_ping/win64) by extension 'python'
[0.251s] Level 1:colcon.colcon_core.package_identification:_identify(src/DynamixelSDK/c#/protocol2.0/broadcast_ping/win64) by extensions ['python_setup_py']
[0.251s] Level 1:colcon.colcon_core.package_identification:_identify(src/DynamixelSDK/c#/protocol2.0/broadcast_ping/win64) by extension 'python_setup_py'
[0.251s] Level 1:colcon.colcon_core.package_identification:_identify(src/DynamixelSDK/c#/protocol2.0/broadcast_ping/win64/broadcast_ping) by extensions ['ignore', 'ignore_ament_install']
[0.251s] Level 1:colcon.colcon_core.package_identification:_identify(src/DynamixelSDK/c#/protocol2.0/broadcast_ping/win64/broadcast_ping) by extension 'ignore'
[0.251s] Level 1:colcon.colcon_core.package_identification:_identify(src/DynamixelSDK/c#/protocol2.0/broadcast_ping/win64/broadcast_ping) by extension 'ignore_ament_install'
[0.251s] Level 1:colcon.colcon_core.package_identification:_identify(src/DynamixelSDK/c#/protocol2.0/broadcast_ping/win64/broadcast_ping) by extensions ['colcon_pkg']
[0.251s] Level 1:colcon.colcon_core.package_identification:_identify(src/DynamixelSDK/c#/protocol2.0/broadcast_ping/win64/broadcast_ping) by extension 'colcon_pkg'
[0.251s] Level 1:colcon.colcon_core.package_identification:_identify(src/DynamixelSDK/c#/protocol2.0/broadcast_ping/win64/broadcast_ping) by extensions ['colcon_meta']
[0.251s] Level 1:colcon.colcon_core.package_identification:_identify(src/DynamixelSDK/c#/protocol2.0/broadcast_ping/win64/broadcast_ping) by extension 'colcon_meta'
[0.251s] Level 1:colcon.colcon_core.package_identification:_identify(src/DynamixelSDK/c#/protocol2.0/broadcast_ping/win64/broadcast_ping) by extensions ['ros']
[0.251s] Level 1:colcon.colcon_core.package_identification:_identify(src/DynamixelSDK/c#/protocol2.0/broadcast_ping/win64/broadcast_ping) by extension 'ros'
[0.251s] Level 1:colcon.colcon_core.package_identification:_identify(src/DynamixelSDK/c#/protocol2.0/broadcast_ping/win64/broadcast_ping) by extensions ['cmake', 'python']
[0.251s] Level 1:colcon.colcon_core.package_identification:_identify(src/DynamixelSDK/c#/protocol2.0/broadcast_ping/win64/broadcast_ping) by extension 'cmake'
[0.251s] Level 1:colcon.colcon_core.package_identification:_identify(src/DynamixelSDK/c#/protocol2.0/broadcast_ping/win64/broadcast_ping) by extension 'python'
[0.251s] Level 1:colcon.colcon_core.package_identification:_identify(src/DynamixelSDK/c#/protocol2.0/broadcast_ping/win64/broadcast_ping) by extensions ['python_setup_py']
[0.252s] Level 1:colcon.colcon_core.package_identification:_identify(src/DynamixelSDK/c#/protocol2.0/broadcast_ping/win64/broadcast_ping) by extension 'python_setup_py'
[0.252s] Level 1:colcon.colcon_core.package_identification:_identify(src/DynamixelSDK/c#/protocol2.0/broadcast_ping/win64/broadcast_ping/Properties) by extensions ['ignore', 'ignore_ament_install']
[0.252s] Level 1:colcon.colcon_core.package_identification:_identify(src/DynamixelSDK/c#/protocol2.0/broadcast_ping/win64/broadcast_ping/Properties) by extension 'ignore'
[0.252s] Level 1:colcon.colcon_core.package_identification:_identify(src/DynamixelSDK/c#/protocol2.0/broadcast_ping/win64/broadcast_ping/Properties) by extension 'ignore_ament_install'
[0.252s] Level 1:colcon.colcon_core.package_identification:_identify(src/DynamixelSDK/c#/protocol2.0/broadcast_ping/win64/broadcast_ping/Properties) by extensions ['colcon_pkg']
[0.252s] Level 1:colcon.colcon_core.package_identification:_identify(src/DynamixelSDK/c#/protocol2.0/broadcast_ping/win64/broadcast_ping/Properties) by extension 'colcon_pkg'
[0.252s] Level 1:colcon.colcon_core.package_identification:_identify(src/DynamixelSDK/c#/protocol2.0/broadcast_ping/win64/broadcast_ping/Properties) by extensions ['colcon_meta']
[0.252s] Level 1:colcon.colcon_core.package_identification:_identify(src/DynamixelSDK/c#/protocol2.0/broadcast_ping/win64/broadcast_ping/Properties) by extension 'colcon_meta'
[0.252s] Level 1:colcon.colcon_core.package_identification:_identify(src/DynamixelSDK/c#/protocol2.0/broadcast_ping/win64/broadcast_ping/Properties) by extensions ['ros']
[0.252s] Level 1:colcon.colcon_core.package_identification:_identify(src/DynamixelSDK/c#/protocol2.0/broadcast_ping/win64/broadcast_ping/Properties) by extension 'ros'
[0.252s] Level 1:colcon.colcon_core.package_identification:_identify(src/DynamixelSDK/c#/protocol2.0/broadcast_ping/win64/broadcast_ping/Properties) by extensions ['cmake', 'python']
[0.252s] Level 1:colcon.colcon_core.package_identification:_identify(src/DynamixelSDK/c#/protocol2.0/broadcast_ping/win64/broadcast_ping/Properties) by extension 'cmake'
[0.252s] Level 1:colcon.colcon_core.package_identification:_identify(src/DynamixelSDK/c#/protocol2.0/broadcast_ping/win64/broadcast_ping/Properties) by extension 'python'
[0.252s] Level 1:colcon.colcon_core.package_identification:_identify(src/DynamixelSDK/c#/protocol2.0/broadcast_ping/win64/broadcast_ping/Properties) by extensions ['python_setup_py']
[0.252s] Level 1:colcon.colcon_core.package_identification:_identify(src/DynamixelSDK/c#/protocol2.0/broadcast_ping/win64/broadcast_ping/Properties) by extension 'python_setup_py'
[0.252s] Level 1:colcon.colcon_core.package_identification:_identify(src/DynamixelSDK/c#/protocol2.0/bulk_read_write) by extensions ['ignore', 'ignore_ament_install']
[0.253s] Level 1:colcon.colcon_core.package_identification:_identify(src/DynamixelSDK/c#/protocol2.0/bulk_read_write) by extension 'ignore'
[0.253s] Level 1:colcon.colcon_core.package_identification:_identify(src/DynamixelSDK/c#/protocol2.0/bulk_read_write) by extension 'ignore_ament_install'
[0.253s] Level 1:colcon.colcon_core.package_identification:_identify(src/DynamixelSDK/c#/protocol2.0/bulk_read_write) by extensions ['colcon_pkg']
[0.253s] Level 1:colcon.colcon_core.package_identification:_identify(src/DynamixelSDK/c#/protocol2.0/bulk_read_write) by extension 'colcon_pkg'
[0.253s] Level 1:colcon.colcon_core.package_identification:_identify(src/DynamixelSDK/c#/protocol2.0/bulk_read_write) by extensions ['colcon_meta']
[0.253s] Level 1:colcon.colcon_core.package_identification:_identify(src/DynamixelSDK/c#/protocol2.0/bulk_read_write) by extension 'colcon_meta'
[0.253s] Level 1:colcon.colcon_core.package_identification:_identify(src/DynamixelSDK/c#/protocol2.0/bulk_read_write) by extensions ['ros']
[0.253s] Level 1:colcon.colcon_core.package_identification:_identify(src/DynamixelSDK/c#/protocol2.0/bulk_read_write) by extension 'ros'
[0.253s] Level 1:colcon.colcon_core.package_identification:_identify(src/DynamixelSDK/c#/protocol2.0/bulk_read_write) by extensions ['cmake', 'python']
[0.253s] Level 1:colcon.colcon_core.package_identification:_identify(src/DynamixelSDK/c#/protocol2.0/bulk_read_write) by extension 'cmake'
[0.253s] Level 1:colcon.colcon_core.package_identification:_identify(src/DynamixelSDK/c#/protocol2.0/bulk_read_write) by extension 'python'
[0.253s] Level 1:colcon.colcon_core.package_identification:_identify(src/DynamixelSDK/c#/protocol2.0/bulk_read_write) by extensions ['python_setup_py']
[0.253s] Level 1:colcon.colcon_core.package_identification:_identify(src/DynamixelSDK/c#/protocol2.0/bulk_read_write) by extension 'python_setup_py'
[0.253s] Level 1:colcon.colcon_core.package_identification:_identify(src/DynamixelSDK/c#/protocol2.0/bulk_read_write/win32) by extensions ['ignore', 'ignore_ament_install']
[0.253s] Level 1:colcon.colcon_core.package_identification:_identify(src/DynamixelSDK/c#/protocol2.0/bulk_read_write/win32) by extension 'ignore'
[0.253s] Level 1:colcon.colcon_core.package_identification:_identify(src/DynamixelSDK/c#/protocol2.0/bulk_read_write/win32) by extension 'ignore_ament_install'
[0.254s] Level 1:colcon.colcon_core.package_identification:_identify(src/DynamixelSDK/c#/protocol2.0/bulk_read_write/win32) by extensions ['colcon_pkg']
[0.254s] Level 1:colcon.colcon_core.package_identification:_identify(src/DynamixelSDK/c#/protocol2.0/bulk_read_write/win32) by extension 'colcon_pkg'
[0.254s] Level 1:colcon.colcon_core.package_identification:_identify(src/DynamixelSDK/c#/protocol2.0/bulk_read_write/win32) by extensions ['colcon_meta']
[0.254s] Level 1:colcon.colcon_core.package_identification:_identify(src/DynamixelSDK/c#/protocol2.0/bulk_read_write/win32) by extension 'colcon_meta'
[0.254s] Level 1:colcon.colcon_core.package_identification:_identify(src/DynamixelSDK/c#/protocol2.0/bulk_read_write/win32) by extensions ['ros']
[0.254s] Level 1:colcon.colcon_core.package_identification:_identify(src/DynamixelSDK/c#/protocol2.0/bulk_read_write/win32) by extension 'ros'
[0.254s] Level 1:colcon.colcon_core.package_identification:_identify(src/DynamixelSDK/c#/protocol2.0/bulk_read_write/win32) by extensions ['cmake', 'python']
[0.254s] Level 1:colcon.colcon_core.package_identification:_identify(src/DynamixelSDK/c#/protocol2.0/bulk_read_write/win32) by extension 'cmake'
[0.254s] Level 1:colcon.colcon_core.package_identification:_identify(src/DynamixelSDK/c#/protocol2.0/bulk_read_write/win32) by extension 'python'
[0.254s] Level 1:colcon.colcon_core.package_identification:_identify(src/DynamixelSDK/c#/protocol2.0/bulk_read_write/win32) by extensions ['python_setup_py']
[0.254s] Level 1:colcon.colcon_core.package_identification:_identify(src/DynamixelSDK/c#/protocol2.0/bulk_read_write/win32) by extension 'python_setup_py'
[0.254s] Level 1:colcon.colcon_core.package_identification:_identify(src/DynamixelSDK/c#/protocol2.0/bulk_read_write/win32/bulk_read_write) by extensions ['ignore', 'ignore_ament_install']
[0.254s] Level 1:colcon.colcon_core.package_identification:_identify(src/DynamixelSDK/c#/protocol2.0/bulk_read_write/win32/bulk_read_write) by extension 'ignore'
[0.254s] Level 1:colcon.colcon_core.package_identification:_identify(src/DynamixelSDK/c#/protocol2.0/bulk_read_write/win32/bulk_read_write) by extension 'ignore_ament_install'
[0.254s] Level 1:colcon.colcon_core.package_identification:_identify(src/DynamixelSDK/c#/protocol2.0/bulk_read_write/win32/bulk_read_write) by extensions ['colcon_pkg']
[0.254s] Level 1:colcon.colcon_core.package_identification:_identify(src/DynamixelSDK/c#/protocol2.0/bulk_read_write/win32/bulk_read_write) by extension 'colcon_pkg'
[0.254s] Level 1:colcon.colcon_core.package_identification:_identify(src/DynamixelSDK/c#/protocol2.0/bulk_read_write/win32/bulk_read_write) by extensions ['colcon_meta']
[0.255s] Level 1:colcon.colcon_core.package_identification:_identify(src/DynamixelSDK/c#/protocol2.0/bulk_read_write/win32/bulk_read_write) by extension 'colcon_meta'
[0.255s] Level 1:colcon.colcon_core.package_identification:_identify(src/DynamixelSDK/c#/protocol2.0/bulk_read_write/win32/bulk_read_write) by extensions ['ros']
[0.255s] Level 1:colcon.colcon_core.package_identification:_identify(src/DynamixelSDK/c#/protocol2.0/bulk_read_write/win32/bulk_read_write) by extension 'ros'
[0.255s] Level 1:colcon.colcon_core.package_identification:_identify(src/DynamixelSDK/c#/protocol2.0/bulk_read_write/win32/bulk_read_write) by extensions ['cmake', 'python']
[0.255s] Level 1:colcon.colcon_core.package_identification:_identify(src/DynamixelSDK/c#/protocol2.0/bulk_read_write/win32/bulk_read_write) by extension 'cmake'
[0.255s] Level 1:colcon.colcon_core.package_identification:_identify(src/DynamixelSDK/c#/protocol2.0/bulk_read_write/win32/bulk_read_write) by extension 'python'
[0.255s] Level 1:colcon.colcon_core.package_identification:_identify(src/DynamixelSDK/c#/protocol2.0/bulk_read_write/win32/bulk_read_write) by extensions ['python_setup_py']
[0.255s] Level 1:colcon.colcon_core.package_identification:_identify(src/DynamixelSDK/c#/protocol2.0/bulk_read_write/win32/bulk_read_write) by extension 'python_setup_py'
[0.255s] Level 1:colcon.colcon_core.package_identification:_identify(src/DynamixelSDK/c#/protocol2.0/bulk_read_write/win32/bulk_read_write/Properties) by extensions ['ignore', 'ignore_ament_install']
[0.255s] Level 1:colcon.colcon_core.package_identification:_identify(src/DynamixelSDK/c#/protocol2.0/bulk_read_write/win32/bulk_read_write/Properties) by extension 'ignore'
[0.255s] Level 1:colcon.colcon_core.package_identification:_identify(src/DynamixelSDK/c#/protocol2.0/bulk_read_write/win32/bulk_read_write/Properties) by extension 'ignore_ament_install'
[0.255s] Level 1:colcon.colcon_core.package_identification:_identify(src/DynamixelSDK/c#/protocol2.0/bulk_read_write/win32/bulk_read_write/Properties) by extensions ['colcon_pkg']
[0.255s] Level 1:colcon.colcon_core.package_identification:_identify(src/DynamixelSDK/c#/protocol2.0/bulk_read_write/win32/bulk_read_write/Properties) by extension 'colcon_pkg'
[0.255s] Level 1:colcon.colcon_core.package_identification:_identify(src/DynamixelSDK/c#/protocol2.0/bulk_read_write/win32/bulk_read_write/Properties) by extensions ['colcon_meta']
[0.255s] Level 1:colcon.colcon_core.package_identification:_identify(src/DynamixelSDK/c#/protocol2.0/bulk_read_write/win32/bulk_read_write/Properties) by extension 'colcon_meta'
[0.256s] Level 1:colcon.colcon_core.package_identification:_identify(src/DynamixelSDK/c#/protocol2.0/bulk_read_write/win32/bulk_read_write/Properties) by extensions ['ros']
[0.256s] Level 1:colcon.colcon_core.package_identification:_identify(src/DynamixelSDK/c#/protocol2.0/bulk_read_write/win32/bulk_read_write/Properties) by extension 'ros'
[0.256s] Level 1:colcon.colcon_core.package_identification:_identify(src/DynamixelSDK/c#/protocol2.0/bulk_read_write/win32/bulk_read_write/Properties) by extensions ['cmake', 'python']
[0.256s] Level 1:colcon.colcon_core.package_identification:_identify(src/DynamixelSDK/c#/protocol2.0/bulk_read_write/win32/bulk_read_write/Properties) by extension 'cmake'
[0.256s] Level 1:colcon.colcon_core.package_identification:_identify(src/DynamixelSDK/c#/protocol2.0/bulk_read_write/win32/bulk_read_write/Properties) by extension 'python'
[0.256s] Level 1:colcon.colcon_core.package_identification:_identify(src/DynamixelSDK/c#/protocol2.0/bulk_read_write/win32/bulk_read_write/Properties) by extensions ['python_setup_py']
[0.256s] Level 1:colcon.colcon_core.package_identification:_identify(src/DynamixelSDK/c#/protocol2.0/bulk_read_write/win32/bulk_read_write/Properties) by extension 'python_setup_py'
[0.256s] Level 1:colcon.colcon_core.package_identification:_identify(src/DynamixelSDK/c#/protocol2.0/bulk_read_write/win64) by extensions ['ignore', 'ignore_ament_install']
[0.256s] Level 1:colcon.colcon_core.package_identification:_identify(src/DynamixelSDK/c#/protocol2.0/bulk_read_write/win64) by extension 'ignore'
[0.256s] Level 1:colcon.colcon_core.package_identification:_identify(src/DynamixelSDK/c#/protocol2.0/bulk_read_write/win64) by extension 'ignore_ament_install'
[0.256s] Level 1:colcon.colcon_core.package_identification:_identify(src/DynamixelSDK/c#/protocol2.0/bulk_read_write/win64) by extensions ['colcon_pkg']
[0.256s] Level 1:colcon.colcon_core.package_identification:_identify(src/DynamixelSDK/c#/protocol2.0/bulk_read_write/win64) by extension 'colcon_pkg'
[0.256s] Level 1:colcon.colcon_core.package_identification:_identify(src/DynamixelSDK/c#/protocol2.0/bulk_read_write/win64) by extensions ['colcon_meta']
[0.256s] Level 1:colcon.colcon_core.package_identification:_identify(src/DynamixelSDK/c#/protocol2.0/bulk_read_write/win64) by extension 'colcon_meta'
[0.256s] Level 1:colcon.colcon_core.package_identification:_identify(src/DynamixelSDK/c#/protocol2.0/bulk_read_write/win64) by extensions ['ros']
[0.256s] Level 1:colcon.colcon_core.package_identification:_identify(src/DynamixelSDK/c#/protocol2.0/bulk_read_write/win64) by extension 'ros'
[0.257s] Level 1:colcon.colcon_core.package_identification:_identify(src/DynamixelSDK/c#/protocol2.0/bulk_read_write/win64) by extensions ['cmake', 'python']
[0.257s] Level 1:colcon.colcon_core.package_identification:_identify(src/DynamixelSDK/c#/protocol2.0/bulk_read_write/win64) by extension 'cmake'
[0.257s] Level 1:colcon.colcon_core.package_identification:_identify(src/DynamixelSDK/c#/protocol2.0/bulk_read_write/win64) by extension 'python'
[0.257s] Level 1:colcon.colcon_core.package_identification:_identify(src/DynamixelSDK/c#/protocol2.0/bulk_read_write/win64) by extensions ['python_setup_py']
[0.257s] Level 1:colcon.colcon_core.package_identification:_identify(src/DynamixelSDK/c#/protocol2.0/bulk_read_write/win64) by extension 'python_setup_py'
[0.257s] Level 1:colcon.colcon_core.package_identification:_identify(src/DynamixelSDK/c#/protocol2.0/bulk_read_write/win64/bulk_read_write) by extensions ['ignore', 'ignore_ament_install']
[0.257s] Level 1:colcon.colcon_core.package_identification:_identify(src/DynamixelSDK/c#/protocol2.0/bulk_read_write/win64/bulk_read_write) by extension 'ignore'
[0.257s] Level 1:colcon.colcon_core.package_identification:_identify(src/DynamixelSDK/c#/protocol2.0/bulk_read_write/win64/bulk_read_write) by extension 'ignore_ament_install'
[0.257s] Level 1:colcon.colcon_core.package_identification:_identify(src/DynamixelSDK/c#/protocol2.0/bulk_read_write/win64/bulk_read_write) by extensions ['colcon_pkg']
[0.257s] Level 1:colcon.colcon_core.package_identification:_identify(src/DynamixelSDK/c#/protocol2.0/bulk_read_write/win64/bulk_read_write) by extension 'colcon_pkg'
[0.257s] Level 1:colcon.colcon_core.package_identification:_identify(src/DynamixelSDK/c#/protocol2.0/bulk_read_write/win64/bulk_read_write) by extensions ['colcon_meta']
[0.257s] Level 1:colcon.colcon_core.package_identification:_identify(src/DynamixelSDK/c#/protocol2.0/bulk_read_write/win64/bulk_read_write) by extension 'colcon_meta'
[0.257s] Level 1:colcon.colcon_core.package_identification:_identify(src/DynamixelSDK/c#/protocol2.0/bulk_read_write/win64/bulk_read_write) by extensions ['ros']
[0.257s] Level 1:colcon.colcon_core.package_identification:_identify(src/DynamixelSDK/c#/protocol2.0/bulk_read_write/win64/bulk_read_write) by extension 'ros'
[0.257s] Level 1:colcon.colcon_core.package_identification:_identify(src/DynamixelSDK/c#/protocol2.0/bulk_read_write/win64/bulk_read_write) by extensions ['cmake', 'python']
[0.257s] Level 1:colcon.colcon_core.package_identification:_identify(src/DynamixelSDK/c#/protocol2.0/bulk_read_write/win64/bulk_read_write) by extension 'cmake'
[0.258s] Level 1:colcon.colcon_core.package_identification:_identify(src/DynamixelSDK/c#/protocol2.0/bulk_read_write/win64/bulk_read_write) by extension 'python'
[0.258s] Level 1:colcon.colcon_core.package_identification:_identify(src/DynamixelSDK/c#/protocol2.0/bulk_read_write/win64/bulk_read_write) by extensions ['python_setup_py']
[0.258s] Level 1:colcon.colcon_core.package_identification:_identify(src/DynamixelSDK/c#/protocol2.0/bulk_read_write/win64/bulk_read_write) by extension 'python_setup_py'
[0.258s] Level 1:colcon.colcon_core.package_identification:_identify(src/DynamixelSDK/c#/protocol2.0/bulk_read_write/win64/bulk_read_write/Properties) by extensions ['ignore', 'ignore_ament_install']
[0.258s] Level 1:colcon.colcon_core.package_identification:_identify(src/DynamixelSDK/c#/protocol2.0/bulk_read_write/win64/bulk_read_write/Properties) by extension 'ignore'
[0.258s] Level 1:colcon.colcon_core.package_identification:_identify(src/DynamixelSDK/c#/protocol2.0/bulk_read_write/win64/bulk_read_write/Properties) by extension 'ignore_ament_install'
[0.258s] Level 1:colcon.colcon_core.package_identification:_identify(src/DynamixelSDK/c#/protocol2.0/bulk_read_write/win64/bulk_read_write/Properties) by extensions ['colcon_pkg']
[0.258s] Level 1:colcon.colcon_core.package_identification:_identify(src/DynamixelSDK/c#/protocol2.0/bulk_read_write/win64/bulk_read_write/Properties) by extension 'colcon_pkg'
[0.258s] Level 1:colcon.colcon_core.package_identification:_identify(src/DynamixelSDK/c#/protocol2.0/bulk_read_write/win64/bulk_read_write/Properties) by extensions ['colcon_meta']
[0.258s] Level 1:colcon.colcon_core.package_identification:_identify(src/DynamixelSDK/c#/protocol2.0/bulk_read_write/win64/bulk_read_write/Properties) by extension 'colcon_meta'
[0.258s] Level 1:colcon.colcon_core.package_identification:_identify(src/DynamixelSDK/c#/protocol2.0/bulk_read_write/win64/bulk_read_write/Properties) by extensions ['ros']
[0.258s] Level 1:colcon.colcon_core.package_identification:_identify(src/DynamixelSDK/c#/protocol2.0/bulk_read_write/win64/bulk_read_write/Properties) by extension 'ros'
[0.258s] Level 1:colcon.colcon_core.package_identification:_identify(src/DynamixelSDK/c#/protocol2.0/bulk_read_write/win64/bulk_read_write/Properties) by extensions ['cmake', 'python']
[0.258s] Level 1:colcon.colcon_core.package_identification:_identify(src/DynamixelSDK/c#/protocol2.0/bulk_read_write/win64/bulk_read_write/Properties) by extension 'cmake'
[0.258s] Level 1:colcon.colcon_core.package_identification:_identify(src/DynamixelSDK/c#/protocol2.0/bulk_read_write/win64/bulk_read_write/Properties) by extension 'python'
[0.258s] Level 1:colcon.colcon_core.package_identification:_identify(src/DynamixelSDK/c#/protocol2.0/bulk_read_write/win64/bulk_read_write/Properties) by extensions ['python_setup_py']
[0.259s] Level 1:colcon.colcon_core.package_identification:_identify(src/DynamixelSDK/c#/protocol2.0/bulk_read_write/win64/bulk_read_write/Properties) by extension 'python_setup_py'
[0.259s] Level 1:colcon.colcon_core.package_identification:_identify(src/DynamixelSDK/c#/protocol2.0/clear_multi_turn) by extensions ['ignore', 'ignore_ament_install']
[0.259s] Level 1:colcon.colcon_core.package_identification:_identify(src/DynamixelSDK/c#/protocol2.0/clear_multi_turn) by extension 'ignore'
[0.259s] Level 1:colcon.colcon_core.package_identification:_identify(src/DynamixelSDK/c#/protocol2.0/clear_multi_turn) by extension 'ignore_ament_install'
[0.259s] Level 1:colcon.colcon_core.package_identification:_identify(src/DynamixelSDK/c#/protocol2.0/clear_multi_turn) by extensions ['colcon_pkg']
[0.259s] Level 1:colcon.colcon_core.package_identification:_identify(src/DynamixelSDK/c#/protocol2.0/clear_multi_turn) by extension 'colcon_pkg'
[0.259s] Level 1:colcon.colcon_core.package_identification:_identify(src/DynamixelSDK/c#/protocol2.0/clear_multi_turn) by extensions ['colcon_meta']
[0.259s] Level 1:colcon.colcon_core.package_identification:_identify(src/DynamixelSDK/c#/protocol2.0/clear_multi_turn) by extension 'colcon_meta'
[0.259s] Level 1:colcon.colcon_core.package_identification:_identify(src/DynamixelSDK/c#/protocol2.0/clear_multi_turn) by extensions ['ros']
[0.259s] Level 1:colcon.colcon_core.package_identification:_identify(src/DynamixelSDK/c#/protocol2.0/clear_multi_turn) by extension 'ros'
[0.259s] Level 1:colcon.colcon_core.package_identification:_identify(src/DynamixelSDK/c#/protocol2.0/clear_multi_turn) by extensions ['cmake', 'python']
[0.259s] Level 1:colcon.colcon_core.package_identification:_identify(src/DynamixelSDK/c#/protocol2.0/clear_multi_turn) by extension 'cmake'
[0.259s] Level 1:colcon.colcon_core.package_identification:_identify(src/DynamixelSDK/c#/protocol2.0/clear_multi_turn) by extension 'python'
[0.259s] Level 1:colcon.colcon_core.package_identification:_identify(src/DynamixelSDK/c#/protocol2.0/clear_multi_turn) by extensions ['python_setup_py']
[0.259s] Level 1:colcon.colcon_core.package_identification:_identify(src/DynamixelSDK/c#/protocol2.0/clear_multi_turn) by extension 'python_setup_py'
[0.259s] Level 1:colcon.colcon_core.package_identification:_identify(src/DynamixelSDK/c#/protocol2.0/clear_multi_turn/win32) by extensions ['ignore', 'ignore_ament_install']
[0.260s] Level 1:colcon.colcon_core.package_identification:_identify(src/DynamixelSDK/c#/protocol2.0/clear_multi_turn/win32) by extension 'ignore'
[0.260s] Level 1:colcon.colcon_core.package_identification:_identify(src/DynamixelSDK/c#/protocol2.0/clear_multi_turn/win32) by extension 'ignore_ament_install'
[0.260s] Level 1:colcon.colcon_core.package_identification:_identify(src/DynamixelSDK/c#/protocol2.0/clear_multi_turn/win32) by extensions ['colcon_pkg']
[0.260s] Level 1:colcon.colcon_core.package_identification:_identify(src/DynamixelSDK/c#/protocol2.0/clear_multi_turn/win32) by extension 'colcon_pkg'
[0.260s] Level 1:colcon.colcon_core.package_identification:_identify(src/DynamixelSDK/c#/protocol2.0/clear_multi_turn/win32) by extensions ['colcon_meta']
[0.260s] Level 1:colcon.colcon_core.package_identification:_identify(src/DynamixelSDK/c#/protocol2.0/clear_multi_turn/win32) by extension 'colcon_meta'
[0.260s] Level 1:colcon.colcon_core.package_identification:_identify(src/DynamixelSDK/c#/protocol2.0/clear_multi_turn/win32) by extensions ['ros']
[0.260s] Level 1:colcon.colcon_core.package_identification:_identify(src/DynamixelSDK/c#/protocol2.0/clear_multi_turn/win32) by extension 'ros'
[0.260s] Level 1:colcon.colcon_core.package_identification:_identify(src/DynamixelSDK/c#/protocol2.0/clear_multi_turn/win32) by extensions ['cmake', 'python']
[0.260s] Level 1:colcon.colcon_core.package_identification:_identify(src/DynamixelSDK/c#/protocol2.0/clear_multi_turn/win32) by extension 'cmake'
[0.260s] Level 1:colcon.colcon_core.package_identification:_identify(src/DynamixelSDK/c#/protocol2.0/clear_multi_turn/win32) by extension 'python'
[0.260s] Level 1:colcon.colcon_core.package_identification:_identify(src/DynamixelSDK/c#/protocol2.0/clear_multi_turn/win32) by extensions ['python_setup_py']
[0.260s] Level 1:colcon.colcon_core.package_identification:_identify(src/DynamixelSDK/c#/protocol2.0/clear_multi_turn/win32) by extension 'python_setup_py'
[0.260s] Level 1:colcon.colcon_core.package_identification:_identify(src/DynamixelSDK/c#/protocol2.0/clear_multi_turn/win32/clear_multi_turn) by extensions ['ignore', 'ignore_ament_install']
[0.260s] Level 1:colcon.colcon_core.package_identification:_identify(src/DynamixelSDK/c#/protocol2.0/clear_multi_turn/win32/clear_multi_turn) by extension 'ignore'
[0.261s] Level 1:colcon.colcon_core.package_identification:_identify(src/DynamixelSDK/c#/protocol2.0/clear_multi_turn/win32/clear_multi_turn) by extension 'ignore_ament_install'
[0.261s] Level 1:colcon.colcon_core.package_identification:_identify(src/DynamixelSDK/c#/protocol2.0/clear_multi_turn/win32/clear_multi_turn) by extensions ['colcon_pkg']
[0.261s] Level 1:colcon.colcon_core.package_identification:_identify(src/DynamixelSDK/c#/protocol2.0/clear_multi_turn/win32/clear_multi_turn) by extension 'colcon_pkg'
[0.261s] Level 1:colcon.colcon_core.package_identification:_identify(src/DynamixelSDK/c#/protocol2.0/clear_multi_turn/win32/clear_multi_turn) by extensions ['colcon_meta']
[0.261s] Level 1:colcon.colcon_core.package_identification:_identify(src/DynamixelSDK/c#/protocol2.0/clear_multi_turn/win32/clear_multi_turn) by extension 'colcon_meta'
[0.261s] Level 1:colcon.colcon_core.package_identification:_identify(src/DynamixelSDK/c#/protocol2.0/clear_multi_turn/win32/clear_multi_turn) by extensions ['ros']
[0.261s] Level 1:colcon.colcon_core.package_identification:_identify(src/DynamixelSDK/c#/protocol2.0/clear_multi_turn/win32/clear_multi_turn) by extension 'ros'
[0.261s] Level 1:colcon.colcon_core.package_identification:_identify(src/DynamixelSDK/c#/protocol2.0/clear_multi_turn/win32/clear_multi_turn) by extensions ['cmake', 'python']
[0.261s] Level 1:colcon.colcon_core.package_identification:_identify(src/DynamixelSDK/c#/protocol2.0/clear_multi_turn/win32/clear_multi_turn) by extension 'cmake'
[0.261s] Level 1:colcon.colcon_core.package_identification:_identify(src/DynamixelSDK/c#/protocol2.0/clear_multi_turn/win32/clear_multi_turn) by extension 'python'
[0.261s] Level 1:colcon.colcon_core.package_identification:_identify(src/DynamixelSDK/c#/protocol2.0/clear_multi_turn/win32/clear_multi_turn) by extensions ['python_setup_py']
[0.261s] Level 1:colcon.colcon_core.package_identification:_identify(src/DynamixelSDK/c#/protocol2.0/clear_multi_turn/win32/clear_multi_turn) by extension 'python_setup_py'
[0.261s] Level 1:colcon.colcon_core.package_identification:_identify(src/DynamixelSDK/c#/protocol2.0/clear_multi_turn/win32/clear_multi_turn/Properties) by extensions ['ignore', 'ignore_ament_install']
[0.261s] Level 1:colcon.colcon_core.package_identification:_identify(src/DynamixelSDK/c#/protocol2.0/clear_multi_turn/win32/clear_multi_turn/Properties) by extension 'ignore'
[0.261s] Level 1:colcon.colcon_core.package_identification:_identify(src/DynamixelSDK/c#/protocol2.0/clear_multi_turn/win32/clear_multi_turn/Properties) by extension 'ignore_ament_install'
[0.261s] Level 1:colcon.colcon_core.package_identification:_identify(src/DynamixelSDK/c#/protocol2.0/clear_multi_turn/win32/clear_multi_turn/Properties) by extensions ['colcon_pkg']
[0.261s] Level 1:colcon.colcon_core.package_identification:_identify(src/DynamixelSDK/c#/protocol2.0/clear_multi_turn/win32/clear_multi_turn/Properties) by extension 'colcon_pkg'
[0.262s] Level 1:colcon.colcon_core.package_identification:_identify(src/DynamixelSDK/c#/protocol2.0/clear_multi_turn/win32/clear_multi_turn/Properties) by extensions ['colcon_meta']
[0.262s] Level 1:colcon.colcon_core.package_identification:_identify(src/DynamixelSDK/c#/protocol2.0/clear_multi_turn/win32/clear_multi_turn/Properties) by extension 'colcon_meta'
[0.262s] Level 1:colcon.colcon_core.package_identification:_identify(src/DynamixelSDK/c#/protocol2.0/clear_multi_turn/win32/clear_multi_turn/Properties) by extensions ['ros']
[0.262s] Level 1:colcon.colcon_core.package_identification:_identify(src/DynamixelSDK/c#/protocol2.0/clear_multi_turn/win32/clear_multi_turn/Properties) by extension 'ros'
[0.262s] Level 1:colcon.colcon_core.package_identification:_identify(src/DynamixelSDK/c#/protocol2.0/clear_multi_turn/win32/clear_multi_turn/Properties) by extensions ['cmake', 'python']
[0.262s] Level 1:colcon.colcon_core.package_identification:_identify(src/DynamixelSDK/c#/protocol2.0/clear_multi_turn/win32/clear_multi_turn/Properties) by extension 'cmake'
[0.262s] Level 1:colcon.colcon_core.package_identification:_identify(src/DynamixelSDK/c#/protocol2.0/clear_multi_turn/win32/clear_multi_turn/Properties) by extension 'python'
[0.262s] Level 1:colcon.colcon_core.package_identification:_identify(src/DynamixelSDK/c#/protocol2.0/clear_multi_turn/win32/clear_multi_turn/Properties) by extensions ['python_setup_py']
[0.262s] Level 1:colcon.colcon_core.package_identification:_identify(src/DynamixelSDK/c#/protocol2.0/clear_multi_turn/win32/clear_multi_turn/Properties) by extension 'python_setup_py'
[0.262s] Level 1:colcon.colcon_core.package_identification:_identify(src/DynamixelSDK/c#/protocol2.0/clear_multi_turn/win64) by extensions ['ignore', 'ignore_ament_install']
[0.262s] Level 1:colcon.colcon_core.package_identification:_identify(src/DynamixelSDK/c#/protocol2.0/clear_multi_turn/win64) by extension 'ignore'
[0.262s] Level 1:colcon.colcon_core.package_identification:_identify(src/DynamixelSDK/c#/protocol2.0/clear_multi_turn/win64) by extension 'ignore_ament_install'
[0.262s] Level 1:colcon.colcon_core.package_identification:_identify(src/DynamixelSDK/c#/protocol2.0/clear_multi_turn/win64) by extensions ['colcon_pkg']
[0.262s] Level 1:colcon.colcon_core.package_identification:_identify(src/DynamixelSDK/c#/protocol2.0/clear_multi_turn/win64) by extension 'colcon_pkg'
[0.262s] Level 1:colcon.colcon_core.package_identification:_identify(src/DynamixelSDK/c#/protocol2.0/clear_multi_turn/win64) by extensions ['colcon_meta']
[0.262s] Level 1:colcon.colcon_core.package_identification:_identify(src/DynamixelSDK/c#/protocol2.0/clear_multi_turn/win64) by extension 'colcon_meta'
[0.262s] Level 1:colcon.colcon_core.package_identification:_identify(src/DynamixelSDK/c#/protocol2.0/clear_multi_turn/win64) by extensions ['ros']
[0.263s] Level 1:colcon.colcon_core.package_identification:_identify(src/DynamixelSDK/c#/protocol2.0/clear_multi_turn/win64) by extension 'ros'
[0.263s] Level 1:colcon.colcon_core.package_identification:_identify(src/DynamixelSDK/c#/protocol2.0/clear_multi_turn/win64) by extensions ['cmake', 'python']
[0.263s] Level 1:colcon.colcon_core.package_identification:_identify(src/DynamixelSDK/c#/protocol2.0/clear_multi_turn/win64) by extension 'cmake'
[0.263s] Level 1:colcon.colcon_core.package_identification:_identify(src/DynamixelSDK/c#/protocol2.0/clear_multi_turn/win64) by extension 'python'
[0.263s] Level 1:colcon.colcon_core.package_identification:_identify(src/DynamixelSDK/c#/protocol2.0/clear_multi_turn/win64) by extensions ['python_setup_py']
[0.263s] Level 1:colcon.colcon_core.package_identification:_identify(src/DynamixelSDK/c#/protocol2.0/clear_multi_turn/win64) by extension 'python_setup_py'
[0.263s] Level 1:colcon.colcon_core.package_identification:_identify(src/DynamixelSDK/c#/protocol2.0/clear_multi_turn/win64/clear_multi_turn) by extensions ['ignore', 'ignore_ament_install']
[0.263s] Level 1:colcon.colcon_core.package_identification:_identify(src/DynamixelSDK/c#/protocol2.0/clear_multi_turn/win64/clear_multi_turn) by extension 'ignore'
[0.263s] Level 1:colcon.colcon_core.package_identification:_identify(src/DynamixelSDK/c#/protocol2.0/clear_multi_turn/win64/clear_multi_turn) by extension 'ignore_ament_install'
[0.263s] Level 1:colcon.colcon_core.package_identification:_identify(src/DynamixelSDK/c#/protocol2.0/clear_multi_turn/win64/clear_multi_turn) by extensions ['colcon_pkg']
[0.263s] Level 1:colcon.colcon_core.package_identification:_identify(src/DynamixelSDK/c#/protocol2.0/clear_multi_turn/win64/clear_multi_turn) by extension 'colcon_pkg'
[0.263s] Level 1:colcon.colcon_core.package_identification:_identify(src/DynamixelSDK/c#/protocol2.0/clear_multi_turn/win64/clear_multi_turn) by extensions ['colcon_meta']
[0.263s] Level 1:colcon.colcon_core.package_identification:_identify(src/DynamixelSDK/c#/protocol2.0/clear_multi_turn/win64/clear_multi_turn) by extension 'colcon_meta'
[0.263s] Level 1:colcon.colcon_core.package_identification:_identify(src/DynamixelSDK/c#/protocol2.0/clear_multi_turn/win64/clear_multi_turn) by extensions ['ros']
[0.263s] Level 1:colcon.colcon_core.package_identification:_identify(src/DynamixelSDK/c#/protocol2.0/clear_multi_turn/win64/clear_multi_turn) by extension 'ros'
[0.263s] Level 1:colcon.colcon_core.package_identification:_identify(src/DynamixelSDK/c#/protocol2.0/clear_multi_turn/win64/clear_multi_turn) by extensions ['cmake', 'python']
[0.263s] Level 1:colcon.colcon_core.package_identification:_identify(src/DynamixelSDK/c#/protocol2.0/clear_multi_turn/win64/clear_multi_turn) by extension 'cmake'
[0.264s] Level 1:colcon.colcon_core.package_identification:_identify(src/DynamixelSDK/c#/protocol2.0/clear_multi_turn/win64/clear_multi_turn) by extension 'python'
[0.264s] Level 1:colcon.colcon_core.package_identification:_identify(src/DynamixelSDK/c#/protocol2.0/clear_multi_turn/win64/clear_multi_turn) by extensions ['python_setup_py']
[0.264s] Level 1:colcon.colcon_core.package_identification:_identify(src/DynamixelSDK/c#/protocol2.0/clear_multi_turn/win64/clear_multi_turn) by extension 'python_setup_py'
[0.264s] Level 1:colcon.colcon_core.package_identification:_identify(src/DynamixelSDK/c#/protocol2.0/clear_multi_turn/win64/clear_multi_turn/Properties) by extensions ['ignore', 'ignore_ament_install']
[0.264s] Level 1:colcon.colcon_core.package_identification:_identify(src/DynamixelSDK/c#/protocol2.0/clear_multi_turn/win64/clear_multi_turn/Properties) by extension 'ignore'
[0.264s] Level 1:colcon.colcon_core.package_identification:_identify(src/DynamixelSDK/c#/protocol2.0/clear_multi_turn/win64/clear_multi_turn/Properties) by extension 'ignore_ament_install'
[0.264s] Level 1:colcon.colcon_core.package_identification:_identify(src/DynamixelSDK/c#/protocol2.0/clear_multi_turn/win64/clear_multi_turn/Properties) by extensions ['colcon_pkg']
[0.264s] Level 1:colcon.colcon_core.package_identification:_identify(src/DynamixelSDK/c#/protocol2.0/clear_multi_turn/win64/clear_multi_turn/Properties) by extension 'colcon_pkg'
[0.264s] Level 1:colcon.colcon_core.package_identification:_identify(src/DynamixelSDK/c#/protocol2.0/clear_multi_turn/win64/clear_multi_turn/Properties) by extensions ['colcon_meta']
[0.264s] Level 1:colcon.colcon_core.package_identification:_identify(src/DynamixelSDK/c#/protocol2.0/clear_multi_turn/win64/clear_multi_turn/Properties) by extension 'colcon_meta'
[0.264s] Level 1:colcon.colcon_core.package_identification:_identify(src/DynamixelSDK/c#/protocol2.0/clear_multi_turn/win64/clear_multi_turn/Properties) by extensions ['ros']
[0.264s] Level 1:colcon.colcon_core.package_identification:_identify(src/DynamixelSDK/c#/protocol2.0/clear_multi_turn/win64/clear_multi_turn/Properties) by extension 'ros'
[0.264s] Level 1:colcon.colcon_core.package_identification:_identify(src/DynamixelSDK/c#/protocol2.0/clear_multi_turn/win64/clear_multi_turn/Properties) by extensions ['cmake', 'python']
[0.264s] Level 1:colcon.colcon_core.package_identification:_identify(src/DynamixelSDK/c#/protocol2.0/clear_multi_turn/win64/clear_multi_turn/Properties) by extension 'cmake'
[0.264s] Level 1:colcon.colcon_core.package_identification:_identify(src/DynamixelSDK/c#/protocol2.0/clear_multi_turn/win64/clear_multi_turn/Properties) by extension 'python'
[0.264s] Level 1:colcon.colcon_core.package_identification:_identify(src/DynamixelSDK/c#/protocol2.0/clear_multi_turn/win64/clear_multi_turn/Properties) by extensions ['python_setup_py']
[0.265s] Level 1:colcon.colcon_core.package_identification:_identify(src/DynamixelSDK/c#/protocol2.0/clear_multi_turn/win64/clear_multi_turn/Properties) by extension 'python_setup_py'
[0.265s] Level 1:colcon.colcon_core.package_identification:_identify(src/DynamixelSDK/c#/protocol2.0/factory_reset) by extensions ['ignore', 'ignore_ament_install']
[0.265s] Level 1:colcon.colcon_core.package_identification:_identify(src/DynamixelSDK/c#/protocol2.0/factory_reset) by extension 'ignore'
[0.265s] Level 1:colcon.colcon_core.package_identification:_identify(src/DynamixelSDK/c#/protocol2.0/factory_reset) by extension 'ignore_ament_install'
[0.265s] Level 1:colcon.colcon_core.package_identification:_identify(src/DynamixelSDK/c#/protocol2.0/factory_reset) by extensions ['colcon_pkg']
[0.265s] Level 1:colcon.colcon_core.package_identification:_identify(src/DynamixelSDK/c#/protocol2.0/factory_reset) by extension 'colcon_pkg'
[0.265s] Level 1:colcon.colcon_core.package_identification:_identify(src/DynamixelSDK/c#/protocol2.0/factory_reset) by extensions ['colcon_meta']
[0.265s] Level 1:colcon.colcon_core.package_identification:_identify(src/DynamixelSDK/c#/protocol2.0/factory_reset) by extension 'colcon_meta'
[0.265s] Level 1:colcon.colcon_core.package_identification:_identify(src/DynamixelSDK/c#/protocol2.0/factory_reset) by extensions ['ros']
[0.265s] Level 1:colcon.colcon_core.package_identification:_identify(src/DynamixelSDK/c#/protocol2.0/factory_reset) by extension 'ros'
[0.265s] Level 1:colcon.colcon_core.package_identification:_identify(src/DynamixelSDK/c#/protocol2.0/factory_reset) by extensions ['cmake', 'python']
[0.265s] Level 1:colcon.colcon_core.package_identification:_identify(src/DynamixelSDK/c#/protocol2.0/factory_reset) by extension 'cmake'
[0.265s] Level 1:colcon.colcon_core.package_identification:_identify(src/DynamixelSDK/c#/protocol2.0/factory_reset) by extension 'python'
[0.265s] Level 1:colcon.colcon_core.package_identification:_identify(src/DynamixelSDK/c#/protocol2.0/factory_reset) by extensions ['python_setup_py']
[0.265s] Level 1:colcon.colcon_core.package_identification:_identify(src/DynamixelSDK/c#/protocol2.0/factory_reset) by extension 'python_setup_py'
[0.266s] Level 1:colcon.colcon_core.package_identification:_identify(src/DynamixelSDK/c#/protocol2.0/factory_reset/win32) by extensions ['ignore', 'ignore_ament_install']
[0.266s] Level 1:colcon.colcon_core.package_identification:_identify(src/DynamixelSDK/c#/protocol2.0/factory_reset/win32) by extension 'ignore'
[0.266s] Level 1:colcon.colcon_core.package_identification:_identify(src/DynamixelSDK/c#/protocol2.0/factory_reset/win32) by extension 'ignore_ament_install'
[0.266s] Level 1:colcon.colcon_core.package_identification:_identify(src/DynamixelSDK/c#/protocol2.0/factory_reset/win32) by extensions ['colcon_pkg']
[0.266s] Level 1:colcon.colcon_core.package_identification:_identify(src/DynamixelSDK/c#/protocol2.0/factory_reset/win32) by extension 'colcon_pkg'
[0.266s] Level 1:colcon.colcon_core.package_identification:_identify(src/DynamixelSDK/c#/protocol2.0/factory_reset/win32) by extensions ['colcon_meta']
[0.266s] Level 1:colcon.colcon_core.package_identification:_identify(src/DynamixelSDK/c#/protocol2.0/factory_reset/win32) by extension 'colcon_meta'
[0.266s] Level 1:colcon.colcon_core.package_identification:_identify(src/DynamixelSDK/c#/protocol2.0/factory_reset/win32) by extensions ['ros']
[0.266s] Level 1:colcon.colcon_core.package_identification:_identify(src/DynamixelSDK/c#/protocol2.0/factory_reset/win32) by extension 'ros'
[0.266s] Level 1:colcon.colcon_core.package_identification:_identify(src/DynamixelSDK/c#/protocol2.0/factory_reset/win32) by extensions ['cmake', 'python']
[0.266s] Level 1:colcon.colcon_core.package_identification:_identify(src/DynamixelSDK/c#/protocol2.0/factory_reset/win32) by extension 'cmake'
[0.266s] Level 1:colcon.colcon_core.package_identification:_identify(src/DynamixelSDK/c#/protocol2.0/factory_reset/win32) by extension 'python'
[0.266s] Level 1:colcon.colcon_core.package_identification:_identify(src/DynamixelSDK/c#/protocol2.0/factory_reset/win32) by extensions ['python_setup_py']
[0.266s] Level 1:colcon.colcon_core.package_identification:_identify(src/DynamixelSDK/c#/protocol2.0/factory_reset/win32) by extension 'python_setup_py'
[0.266s] Level 1:colcon.colcon_core.package_identification:_identify(src/DynamixelSDK/c#/protocol2.0/factory_reset/win32/factory_reset) by extensions ['ignore', 'ignore_ament_install']
[0.266s] Level 1:colcon.colcon_core.package_identification:_identify(src/DynamixelSDK/c#/protocol2.0/factory_reset/win32/factory_reset) by extension 'ignore'
[0.267s] Level 1:colcon.colcon_core.package_identification:_identify(src/DynamixelSDK/c#/protocol2.0/factory_reset/win32/factory_reset) by extension 'ignore_ament_install'
[0.267s] Level 1:colcon.colcon_core.package_identification:_identify(src/DynamixelSDK/c#/protocol2.0/factory_reset/win32/factory_reset) by extensions ['colcon_pkg']
[0.267s] Level 1:colcon.colcon_core.package_identification:_identify(src/DynamixelSDK/c#/protocol2.0/factory_reset/win32/factory_reset) by extension 'colcon_pkg'
[0.267s] Level 1:colcon.colcon_core.package_identification:_identify(src/DynamixelSDK/c#/protocol2.0/factory_reset/win32/factory_reset) by extensions ['colcon_meta']
[0.267s] Level 1:colcon.colcon_core.package_identification:_identify(src/DynamixelSDK/c#/protocol2.0/factory_reset/win32/factory_reset) by extension 'colcon_meta'
[0.267s] Level 1:colcon.colcon_core.package_identification:_identify(src/DynamixelSDK/c#/protocol2.0/factory_reset/win32/factory_reset) by extensions ['ros']
[0.267s] Level 1:colcon.colcon_core.package_identification:_identify(src/DynamixelSDK/c#/protocol2.0/factory_reset/win32/factory_reset) by extension 'ros'
[0.267s] Level 1:colcon.colcon_core.package_identification:_identify(src/DynamixelSDK/c#/protocol2.0/factory_reset/win32/factory_reset) by extensions ['cmake', 'python']
[0.267s] Level 1:colcon.colcon_core.package_identification:_identify(src/DynamixelSDK/c#/protocol2.0/factory_reset/win32/factory_reset) by extension 'cmake'
[0.267s] Level 1:colcon.colcon_core.package_identification:_identify(src/DynamixelSDK/c#/protocol2.0/factory_reset/win32/factory_reset) by extension 'python'
[0.267s] Level 1:colcon.colcon_core.package_identification:_identify(src/DynamixelSDK/c#/protocol2.0/factory_reset/win32/factory_reset) by extensions ['python_setup_py']
[0.267s] Level 1:colcon.colcon_core.package_identification:_identify(src/DynamixelSDK/c#/protocol2.0/factory_reset/win32/factory_reset) by extension 'python_setup_py'
[0.267s] Level 1:colcon.colcon_core.package_identification:_identify(src/DynamixelSDK/c#/protocol2.0/factory_reset/win32/factory_reset/Properties) by extensions ['ignore', 'ignore_ament_install']
[0.267s] Level 1:colcon.colcon_core.package_identification:_identify(src/DynamixelSDK/c#/protocol2.0/factory_reset/win32/factory_reset/Properties) by extension 'ignore'
[0.267s] Level 1:colcon.colcon_core.package_identification:_identify(src/DynamixelSDK/c#/protocol2.0/factory_reset/win32/factory_reset/Properties) by extension 'ignore_ament_install'
[0.267s] Level 1:colcon.colcon_core.package_identification:_identify(src/DynamixelSDK/c#/protocol2.0/factory_reset/win32/factory_reset/Properties) by extensions ['colcon_pkg']
[0.267s] Level 1:colcon.colcon_core.package_identification:_identify(src/DynamixelSDK/c#/protocol2.0/factory_reset/win32/factory_reset/Properties) by extension 'colcon_pkg'
[0.268s] Level 1:colcon.colcon_core.package_identification:_identify(src/DynamixelSDK/c#/protocol2.0/factory_reset/win32/factory_reset/Properties) by extensions ['colcon_meta']
[0.268s] Level 1:colcon.colcon_core.package_identification:_identify(src/DynamixelSDK/c#/protocol2.0/factory_reset/win32/factory_reset/Properties) by extension 'colcon_meta'
[0.268s] Level 1:colcon.colcon_core.package_identification:_identify(src/DynamixelSDK/c#/protocol2.0/factory_reset/win32/factory_reset/Properties) by extensions ['ros']
[0.268s] Level 1:colcon.colcon_core.package_identification:_identify(src/DynamixelSDK/c#/protocol2.0/factory_reset/win32/factory_reset/Properties) by extension 'ros'
[0.268s] Level 1:colcon.colcon_core.package_identification:_identify(src/DynamixelSDK/c#/protocol2.0/factory_reset/win32/factory_reset/Properties) by extensions ['cmake', 'python']
[0.268s] Level 1:colcon.colcon_core.package_identification:_identify(src/DynamixelSDK/c#/protocol2.0/factory_reset/win32/factory_reset/Properties) by extension 'cmake'
[0.268s] Level 1:colcon.colcon_core.package_identification:_identify(src/DynamixelSDK/c#/protocol2.0/factory_reset/win32/factory_reset/Properties) by extension 'python'
[0.268s] Level 1:colcon.colcon_core.package_identification:_identify(src/DynamixelSDK/c#/protocol2.0/factory_reset/win32/factory_reset/Properties) by extensions ['python_setup_py']
[0.268s] Level 1:colcon.colcon_core.package_identification:_identify(src/DynamixelSDK/c#/protocol2.0/factory_reset/win32/factory_reset/Properties) by extension 'python_setup_py'
[0.268s] Level 1:colcon.colcon_core.package_identification:_identify(src/DynamixelSDK/c#/protocol2.0/factory_reset/win64) by extensions ['ignore', 'ignore_ament_install']
[0.268s] Level 1:colcon.colcon_core.package_identification:_identify(src/DynamixelSDK/c#/protocol2.0/factory_reset/win64) by extension 'ignore'
[0.268s] Level 1:colcon.colcon_core.package_identification:_identify(src/DynamixelSDK/c#/protocol2.0/factory_reset/win64) by extension 'ignore_ament_install'
[0.268s] Level 1:colcon.colcon_core.package_identification:_identify(src/DynamixelSDK/c#/protocol2.0/factory_reset/win64) by extensions ['colcon_pkg']
[0.268s] Level 1:colcon.colcon_core.package_identification:_identify(src/DynamixelSDK/c#/protocol2.0/factory_reset/win64) by extension 'colcon_pkg'
[0.268s] Level 1:colcon.colcon_core.package_identification:_identify(src/DynamixelSDK/c#/protocol2.0/factory_reset/win64) by extensions ['colcon_meta']
[0.268s] Level 1:colcon.colcon_core.package_identification:_identify(src/DynamixelSDK/c#/protocol2.0/factory_reset/win64) by extension 'colcon_meta'
[0.268s] Level 1:colcon.colcon_core.package_identification:_identify(src/DynamixelSDK/c#/protocol2.0/factory_reset/win64) by extensions ['ros']
[0.269s] Level 1:colcon.colcon_core.package_identification:_identify(src/DynamixelSDK/c#/protocol2.0/factory_reset/win64) by extension 'ros'
[0.269s] Level 1:colcon.colcon_core.package_identification:_identify(src/DynamixelSDK/c#/protocol2.0/factory_reset/win64) by extensions ['cmake', 'python']
[0.269s] Level 1:colcon.colcon_core.package_identification:_identify(src/DynamixelSDK/c#/protocol2.0/factory_reset/win64) by extension 'cmake'
[0.269s] Level 1:colcon.colcon_core.package_identification:_identify(src/DynamixelSDK/c#/protocol2.0/factory_reset/win64) by extension 'python'
[0.269s] Level 1:colcon.colcon_core.package_identification:_identify(src/DynamixelSDK/c#/protocol2.0/factory_reset/win64) by extensions ['python_setup_py']
[0.269s] Level 1:colcon.colcon_core.package_identification:_identify(src/DynamixelSDK/c#/protocol2.0/factory_reset/win64) by extension 'python_setup_py'
[0.269s] Level 1:colcon.colcon_core.package_identification:_identify(src/DynamixelSDK/c#/protocol2.0/factory_reset/win64/factory_reset) by extensions ['ignore', 'ignore_ament_install']
[0.269s] Level 1:colcon.colcon_core.package_identification:_identify(src/DynamixelSDK/c#/protocol2.0/factory_reset/win64/factory_reset) by extension 'ignore'
[0.269s] Level 1:colcon.colcon_core.package_identification:_identify(src/DynamixelSDK/c#/protocol2.0/factory_reset/win64/factory_reset) by extension 'ignore_ament_install'
[0.269s] Level 1:colcon.colcon_core.package_identification:_identify(src/DynamixelSDK/c#/protocol2.0/factory_reset/win64/factory_reset) by extensions ['colcon_pkg']
[0.269s] Level 1:colcon.colcon_core.package_identification:_identify(src/DynamixelSDK/c#/protocol2.0/factory_reset/win64/factory_reset) by extension 'colcon_pkg'
[0.269s] Level 1:colcon.colcon_core.package_identification:_identify(src/DynamixelSDK/c#/protocol2.0/factory_reset/win64/factory_reset) by extensions ['colcon_meta']
[0.269s] Level 1:colcon.colcon_core.package_identification:_identify(src/DynamixelSDK/c#/protocol2.0/factory_reset/win64/factory_reset) by extension 'colcon_meta'
[0.269s] Level 1:colcon.colcon_core.package_identification:_identify(src/DynamixelSDK/c#/protocol2.0/factory_reset/win64/factory_reset) by extensions ['ros']
[0.269s] Level 1:colcon.colcon_core.package_identification:_identify(src/DynamixelSDK/c#/protocol2.0/factory_reset/win64/factory_reset) by extension 'ros'
[0.269s] Level 1:colcon.colcon_core.package_identification:_identify(src/DynamixelSDK/c#/protocol2.0/factory_reset/win64/factory_reset) by extensions ['cmake', 'python']
[0.269s] Level 1:colcon.colcon_core.package_identification:_identify(src/DynamixelSDK/c#/protocol2.0/factory_reset/win64/factory_reset) by extension 'cmake'
[0.270s] Level 1:colcon.colcon_core.package_identification:_identify(src/DynamixelSDK/c#/protocol2.0/factory_reset/win64/factory_reset) by extension 'python'
[0.270s] Level 1:colcon.colcon_core.package_identification:_identify(src/DynamixelSDK/c#/protocol2.0/factory_reset/win64/factory_reset) by extensions ['python_setup_py']
[0.270s] Level 1:colcon.colcon_core.package_identification:_identify(src/DynamixelSDK/c#/protocol2.0/factory_reset/win64/factory_reset) by extension 'python_setup_py'
[0.270s] Level 1:colcon.colcon_core.package_identification:_identify(src/DynamixelSDK/c#/protocol2.0/factory_reset/win64/factory_reset/Properties) by extensions ['ignore', 'ignore_ament_install']
[0.270s] Level 1:colcon.colcon_core.package_identification:_identify(src/DynamixelSDK/c#/protocol2.0/factory_reset/win64/factory_reset/Properties) by extension 'ignore'
[0.270s] Level 1:colcon.colcon_core.package_identification:_identify(src/DynamixelSDK/c#/protocol2.0/factory_reset/win64/factory_reset/Properties) by extension 'ignore_ament_install'
[0.270s] Level 1:colcon.colcon_core.package_identification:_identify(src/DynamixelSDK/c#/protocol2.0/factory_reset/win64/factory_reset/Properties) by extensions ['colcon_pkg']
[0.270s] Level 1:colcon.colcon_core.package_identification:_identify(src/DynamixelSDK/c#/protocol2.0/factory_reset/win64/factory_reset/Properties) by extension 'colcon_pkg'
[0.270s] Level 1:colcon.colcon_core.package_identification:_identify(src/DynamixelSDK/c#/protocol2.0/factory_reset/win64/factory_reset/Properties) by extensions ['colcon_meta']
[0.270s] Level 1:colcon.colcon_core.package_identification:_identify(src/DynamixelSDK/c#/protocol2.0/factory_reset/win64/factory_reset/Properties) by extension 'colcon_meta'
[0.270s] Level 1:colcon.colcon_core.package_identification:_identify(src/DynamixelSDK/c#/protocol2.0/factory_reset/win64/factory_reset/Properties) by extensions ['ros']
[0.270s] Level 1:colcon.colcon_core.package_identification:_identify(src/DynamixelSDK/c#/protocol2.0/factory_reset/win64/factory_reset/Properties) by extension 'ros'
[0.270s] Level 1:colcon.colcon_core.package_identification:_identify(src/DynamixelSDK/c#/protocol2.0/factory_reset/win64/factory_reset/Properties) by extensions ['cmake', 'python']
[0.270s] Level 1:colcon.colcon_core.package_identification:_identify(src/DynamixelSDK/c#/protocol2.0/factory_reset/win64/factory_reset/Properties) by extension 'cmake'
[0.271s] Level 1:colcon.colcon_core.package_identification:_identify(src/DynamixelSDK/c#/protocol2.0/factory_reset/win64/factory_reset/Properties) by extension 'python'
[0.271s] Level 1:colcon.colcon_core.package_identification:_identify(src/DynamixelSDK/c#/protocol2.0/factory_reset/win64/factory_reset/Properties) by extensions ['python_setup_py']
[0.271s] Level 1:colcon.colcon_core.package_identification:_identify(src/DynamixelSDK/c#/protocol2.0/factory_reset/win64/factory_reset/Properties) by extension 'python_setup_py'
[0.271s] Level 1:colcon.colcon_core.package_identification:_identify(src/DynamixelSDK/c#/protocol2.0/indirect_address) by extensions ['ignore', 'ignore_ament_install']
[0.271s] Level 1:colcon.colcon_core.package_identification:_identify(src/DynamixelSDK/c#/protocol2.0/indirect_address) by extension 'ignore'
[0.271s] Level 1:colcon.colcon_core.package_identification:_identify(src/DynamixelSDK/c#/protocol2.0/indirect_address) by extension 'ignore_ament_install'
[0.271s] Level 1:colcon.colcon_core.package_identification:_identify(src/DynamixelSDK/c#/protocol2.0/indirect_address) by extensions ['colcon_pkg']
[0.271s] Level 1:colcon.colcon_core.package_identification:_identify(src/DynamixelSDK/c#/protocol2.0/indirect_address) by extension 'colcon_pkg'
[0.271s] Level 1:colcon.colcon_core.package_identification:_identify(src/DynamixelSDK/c#/protocol2.0/indirect_address) by extensions ['colcon_meta']
[0.271s] Level 1:colcon.colcon_core.package_identification:_identify(src/DynamixelSDK/c#/protocol2.0/indirect_address) by extension 'colcon_meta'
[0.272s] Level 1:colcon.colcon_core.package_identification:_identify(src/DynamixelSDK/c#/protocol2.0/indirect_address) by extensions ['ros']
[0.272s] Level 1:colcon.colcon_core.package_identification:_identify(src/DynamixelSDK/c#/protocol2.0/indirect_address) by extension 'ros'
[0.272s] Level 1:colcon.colcon_core.package_identification:_identify(src/DynamixelSDK/c#/protocol2.0/indirect_address) by extensions ['cmake', 'python']
[0.272s] Level 1:colcon.colcon_core.package_identification:_identify(src/DynamixelSDK/c#/protocol2.0/indirect_address) by extension 'cmake'
[0.272s] Level 1:colcon.colcon_core.package_identification:_identify(src/DynamixelSDK/c#/protocol2.0/indirect_address) by extension 'python'
[0.272s] Level 1:colcon.colcon_core.package_identification:_identify(src/DynamixelSDK/c#/protocol2.0/indirect_address) by extensions ['python_setup_py']
[0.272s] Level 1:colcon.colcon_core.package_identification:_identify(src/DynamixelSDK/c#/protocol2.0/indirect_address) by extension 'python_setup_py'
[0.272s] Level 1:colcon.colcon_core.package_identification:_identify(src/DynamixelSDK/c#/protocol2.0/indirect_address/win32) by extensions ['ignore', 'ignore_ament_install']
[0.272s] Level 1:colcon.colcon_core.package_identification:_identify(src/DynamixelSDK/c#/protocol2.0/indirect_address/win32) by extension 'ignore'
[0.272s] Level 1:colcon.colcon_core.package_identification:_identify(src/DynamixelSDK/c#/protocol2.0/indirect_address/win32) by extension 'ignore_ament_install'
[0.272s] Level 1:colcon.colcon_core.package_identification:_identify(src/DynamixelSDK/c#/protocol2.0/indirect_address/win32) by extensions ['colcon_pkg']
[0.272s] Level 1:colcon.colcon_core.package_identification:_identify(src/DynamixelSDK/c#/protocol2.0/indirect_address/win32) by extension 'colcon_pkg'
[0.272s] Level 1:colcon.colcon_core.package_identification:_identify(src/DynamixelSDK/c#/protocol2.0/indirect_address/win32) by extensions ['colcon_meta']
[0.272s] Level 1:colcon.colcon_core.package_identification:_identify(src/DynamixelSDK/c#/protocol2.0/indirect_address/win32) by extension 'colcon_meta'
[0.272s] Level 1:colcon.colcon_core.package_identification:_identify(src/DynamixelSDK/c#/protocol2.0/indirect_address/win32) by extensions ['ros']
[0.272s] Level 1:colcon.colcon_core.package_identification:_identify(src/DynamixelSDK/c#/protocol2.0/indirect_address/win32) by extension 'ros'
[0.273s] Level 1:colcon.colcon_core.package_identification:_identify(src/DynamixelSDK/c#/protocol2.0/indirect_address/win32) by extensions ['cmake', 'python']
[0.273s] Level 1:colcon.colcon_core.package_identification:_identify(src/DynamixelSDK/c#/protocol2.0/indirect_address/win32) by extension 'cmake'
[0.273s] Level 1:colcon.colcon_core.package_identification:_identify(src/DynamixelSDK/c#/protocol2.0/indirect_address/win32) by extension 'python'
[0.273s] Level 1:colcon.colcon_core.package_identification:_identify(src/DynamixelSDK/c#/protocol2.0/indirect_address/win32) by extensions ['python_setup_py']
[0.273s] Level 1:colcon.colcon_core.package_identification:_identify(src/DynamixelSDK/c#/protocol2.0/indirect_address/win32) by extension 'python_setup_py'
[0.273s] Level 1:colcon.colcon_core.package_identification:_identify(src/DynamixelSDK/c#/protocol2.0/indirect_address/win32/indirect_address) by extensions ['ignore', 'ignore_ament_install']
[0.273s] Level 1:colcon.colcon_core.package_identification:_identify(src/DynamixelSDK/c#/protocol2.0/indirect_address/win32/indirect_address) by extension 'ignore'
[0.273s] Level 1:colcon.colcon_core.package_identification:_identify(src/DynamixelSDK/c#/protocol2.0/indirect_address/win32/indirect_address) by extension 'ignore_ament_install'
[0.273s] Level 1:colcon.colcon_core.package_identification:_identify(src/DynamixelSDK/c#/protocol2.0/indirect_address/win32/indirect_address) by extensions ['colcon_pkg']
[0.273s] Level 1:colcon.colcon_core.package_identification:_identify(src/DynamixelSDK/c#/protocol2.0/indirect_address/win32/indirect_address) by extension 'colcon_pkg'
[0.273s] Level 1:colcon.colcon_core.package_identification:_identify(src/DynamixelSDK/c#/protocol2.0/indirect_address/win32/indirect_address) by extensions ['colcon_meta']
[0.273s] Level 1:colcon.colcon_core.package_identification:_identify(src/DynamixelSDK/c#/protocol2.0/indirect_address/win32/indirect_address) by extension 'colcon_meta'
[0.273s] Level 1:colcon.colcon_core.package_identification:_identify(src/DynamixelSDK/c#/protocol2.0/indirect_address/win32/indirect_address) by extensions ['ros']
[0.273s] Level 1:colcon.colcon_core.package_identification:_identify(src/DynamixelSDK/c#/protocol2.0/indirect_address/win32/indirect_address) by extension 'ros'
[0.273s] Level 1:colcon.colcon_core.package_identification:_identify(src/DynamixelSDK/c#/protocol2.0/indirect_address/win32/indirect_address) by extensions ['cmake', 'python']
[0.273s] Level 1:colcon.colcon_core.package_identification:_identify(src/DynamixelSDK/c#/protocol2.0/indirect_address/win32/indirect_address) by extension 'cmake'
[0.274s] Level 1:colcon.colcon_core.package_identification:_identify(src/DynamixelSDK/c#/protocol2.0/indirect_address/win32/indirect_address) by extension 'python'
[0.274s] Level 1:colcon.colcon_core.package_identification:_identify(src/DynamixelSDK/c#/protocol2.0/indirect_address/win32/indirect_address) by extensions ['python_setup_py']
[0.274s] Level 1:colcon.colcon_core.package_identification:_identify(src/DynamixelSDK/c#/protocol2.0/indirect_address/win32/indirect_address) by extension 'python_setup_py'
[0.274s] Level 1:colcon.colcon_core.package_identification:_identify(src/DynamixelSDK/c#/protocol2.0/indirect_address/win32/indirect_address/Properties) by extensions ['ignore', 'ignore_ament_install']
[0.274s] Level 1:colcon.colcon_core.package_identification:_identify(src/DynamixelSDK/c#/protocol2.0/indirect_address/win32/indirect_address/Properties) by extension 'ignore'
[0.274s] Level 1:colcon.colcon_core.package_identification:_identify(src/DynamixelSDK/c#/protocol2.0/indirect_address/win32/indirect_address/Properties) by extension 'ignore_ament_install'
[0.274s] Level 1:colcon.colcon_core.package_identification:_identify(src/DynamixelSDK/c#/protocol2.0/indirect_address/win32/indirect_address/Properties) by extensions ['colcon_pkg']
[0.274s] Level 1:colcon.colcon_core.package_identification:_identify(src/DynamixelSDK/c#/protocol2.0/indirect_address/win32/indirect_address/Properties) by extension 'colcon_pkg'
[0.274s] Level 1:colcon.colcon_core.package_identification:_identify(src/DynamixelSDK/c#/protocol2.0/indirect_address/win32/indirect_address/Properties) by extensions ['colcon_meta']
[0.274s] Level 1:colcon.colcon_core.package_identification:_identify(src/DynamixelSDK/c#/protocol2.0/indirect_address/win32/indirect_address/Properties) by extension 'colcon_meta'
[0.274s] Level 1:colcon.colcon_core.package_identification:_identify(src/DynamixelSDK/c#/protocol2.0/indirect_address/win32/indirect_address/Properties) by extensions ['ros']
[0.274s] Level 1:colcon.colcon_core.package_identification:_identify(src/DynamixelSDK/c#/protocol2.0/indirect_address/win32/indirect_address/Properties) by extension 'ros'
[0.274s] Level 1:colcon.colcon_core.package_identification:_identify(src/DynamixelSDK/c#/protocol2.0/indirect_address/win32/indirect_address/Properties) by extensions ['cmake', 'python']
[0.274s] Level 1:colcon.colcon_core.package_identification:_identify(src/DynamixelSDK/c#/protocol2.0/indirect_address/win32/indirect_address/Properties) by extension 'cmake'
[0.274s] Level 1:colcon.colcon_core.package_identification:_identify(src/DynamixelSDK/c#/protocol2.0/indirect_address/win32/indirect_address/Properties) by extension 'python'
[0.274s] Level 1:colcon.colcon_core.package_identification:_identify(src/DynamixelSDK/c#/protocol2.0/indirect_address/win32/indirect_address/Properties) by extensions ['python_setup_py']
[0.274s] Level 1:colcon.colcon_core.package_identification:_identify(src/DynamixelSDK/c#/protocol2.0/indirect_address/win32/indirect_address/Properties) by extension 'python_setup_py'
[0.275s] Level 1:colcon.colcon_core.package_identification:_identify(src/DynamixelSDK/c#/protocol2.0/indirect_address/win64) by extensions ['ignore', 'ignore_ament_install']
[0.275s] Level 1:colcon.colcon_core.package_identification:_identify(src/DynamixelSDK/c#/protocol2.0/indirect_address/win64) by extension 'ignore'
[0.275s] Level 1:colcon.colcon_core.package_identification:_identify(src/DynamixelSDK/c#/protocol2.0/indirect_address/win64) by extension 'ignore_ament_install'
[0.275s] Level 1:colcon.colcon_core.package_identification:_identify(src/DynamixelSDK/c#/protocol2.0/indirect_address/win64) by extensions ['colcon_pkg']
[0.275s] Level 1:colcon.colcon_core.package_identification:_identify(src/DynamixelSDK/c#/protocol2.0/indirect_address/win64) by extension 'colcon_pkg'
[0.275s] Level 1:colcon.colcon_core.package_identification:_identify(src/DynamixelSDK/c#/protocol2.0/indirect_address/win64) by extensions ['colcon_meta']
[0.275s] Level 1:colcon.colcon_core.package_identification:_identify(src/DynamixelSDK/c#/protocol2.0/indirect_address/win64) by extension 'colcon_meta'
[0.275s] Level 1:colcon.colcon_core.package_identification:_identify(src/DynamixelSDK/c#/protocol2.0/indirect_address/win64) by extensions ['ros']
[0.275s] Level 1:colcon.colcon_core.package_identification:_identify(src/DynamixelSDK/c#/protocol2.0/indirect_address/win64) by extension 'ros'
[0.275s] Level 1:colcon.colcon_core.package_identification:_identify(src/DynamixelSDK/c#/protocol2.0/indirect_address/win64) by extensions ['cmake', 'python']
[0.275s] Level 1:colcon.colcon_core.package_identification:_identify(src/DynamixelSDK/c#/protocol2.0/indirect_address/win64) by extension 'cmake'
[0.275s] Level 1:colcon.colcon_core.package_identification:_identify(src/DynamixelSDK/c#/protocol2.0/indirect_address/win64) by extension 'python'
[0.275s] Level 1:colcon.colcon_core.package_identification:_identify(src/DynamixelSDK/c#/protocol2.0/indirect_address/win64) by extensions ['python_setup_py']
[0.275s] Level 1:colcon.colcon_core.package_identification:_identify(src/DynamixelSDK/c#/protocol2.0/indirect_address/win64) by extension 'python_setup_py'
[0.275s] Level 1:colcon.colcon_core.package_identification:_identify(src/DynamixelSDK/c#/protocol2.0/indirect_address/win64/indirect_address) by extensions ['ignore', 'ignore_ament_install']
[0.276s] Level 1:colcon.colcon_core.package_identification:_identify(src/DynamixelSDK/c#/protocol2.0/indirect_address/win64/indirect_address) by extension 'ignore'
[0.276s] Level 1:colcon.colcon_core.package_identification:_identify(src/DynamixelSDK/c#/protocol2.0/indirect_address/win64/indirect_address) by extension 'ignore_ament_install'
[0.276s] Level 1:colcon.colcon_core.package_identification:_identify(src/DynamixelSDK/c#/protocol2.0/indirect_address/win64/indirect_address) by extensions ['colcon_pkg']
[0.276s] Level 1:colcon.colcon_core.package_identification:_identify(src/DynamixelSDK/c#/protocol2.0/indirect_address/win64/indirect_address) by extension 'colcon_pkg'
[0.276s] Level 1:colcon.colcon_core.package_identification:_identify(src/DynamixelSDK/c#/protocol2.0/indirect_address/win64/indirect_address) by extensions ['colcon_meta']
[0.276s] Level 1:colcon.colcon_core.package_identification:_identify(src/DynamixelSDK/c#/protocol2.0/indirect_address/win64/indirect_address) by extension 'colcon_meta'
[0.276s] Level 1:colcon.colcon_core.package_identification:_identify(src/DynamixelSDK/c#/protocol2.0/indirect_address/win64/indirect_address) by extensions ['ros']
[0.276s] Level 1:colcon.colcon_core.package_identification:_identify(src/DynamixelSDK/c#/protocol2.0/indirect_address/win64/indirect_address) by extension 'ros'
[0.276s] Level 1:colcon.colcon_core.package_identification:_identify(src/DynamixelSDK/c#/protocol2.0/indirect_address/win64/indirect_address) by extensions ['cmake', 'python']
[0.276s] Level 1:colcon.colcon_core.package_identification:_identify(src/DynamixelSDK/c#/protocol2.0/indirect_address/win64/indirect_address) by extension 'cmake'
[0.276s] Level 1:colcon.colcon_core.package_identification:_identify(src/DynamixelSDK/c#/protocol2.0/indirect_address/win64/indirect_address) by extension 'python'
[0.276s] Level 1:colcon.colcon_core.package_identification:_identify(src/DynamixelSDK/c#/protocol2.0/indirect_address/win64/indirect_address) by extensions ['python_setup_py']
[0.276s] Level 1:colcon.colcon_core.package_identification:_identify(src/DynamixelSDK/c#/protocol2.0/indirect_address/win64/indirect_address) by extension 'python_setup_py'
[0.276s] Level 1:colcon.colcon_core.package_identification:_identify(src/DynamixelSDK/c#/protocol2.0/indirect_address/win64/indirect_address/Properties) by extensions ['ignore', 'ignore_ament_install']
[0.276s] Level 1:colcon.colcon_core.package_identification:_identify(src/DynamixelSDK/c#/protocol2.0/indirect_address/win64/indirect_address/Properties) by extension 'ignore'
[0.276s] Level 1:colcon.colcon_core.package_identification:_identify(src/DynamixelSDK/c#/protocol2.0/indirect_address/win64/indirect_address/Properties) by extension 'ignore_ament_install'
[0.277s] Level 1:colcon.colcon_core.package_identification:_identify(src/DynamixelSDK/c#/protocol2.0/indirect_address/win64/indirect_address/Properties) by extensions ['colcon_pkg']
[0.277s] Level 1:colcon.colcon_core.package_identification:_identify(src/DynamixelSDK/c#/protocol2.0/indirect_address/win64/indirect_address/Properties) by extension 'colcon_pkg'
[0.277s] Level 1:colcon.colcon_core.package_identification:_identify(src/DynamixelSDK/c#/protocol2.0/indirect_address/win64/indirect_address/Properties) by extensions ['colcon_meta']
[0.277s] Level 1:colcon.colcon_core.package_identification:_identify(src/DynamixelSDK/c#/protocol2.0/indirect_address/win64/indirect_address/Properties) by extension 'colcon_meta'
[0.277s] Level 1:colcon.colcon_core.package_identification:_identify(src/DynamixelSDK/c#/protocol2.0/indirect_address/win64/indirect_address/Properties) by extensions ['ros']
[0.277s] Level 1:colcon.colcon_core.package_identification:_identify(src/DynamixelSDK/c#/protocol2.0/indirect_address/win64/indirect_address/Properties) by extension 'ros'
[0.277s] Level 1:colcon.colcon_core.package_identification:_identify(src/DynamixelSDK/c#/protocol2.0/indirect_address/win64/indirect_address/Properties) by extensions ['cmake', 'python']
[0.277s] Level 1:colcon.colcon_core.package_identification:_identify(src/DynamixelSDK/c#/protocol2.0/indirect_address/win64/indirect_address/Properties) by extension 'cmake'
[0.277s] Level 1:colcon.colcon_core.package_identification:_identify(src/DynamixelSDK/c#/protocol2.0/indirect_address/win64/indirect_address/Properties) by extension 'python'
[0.277s] Level 1:colcon.colcon_core.package_identification:_identify(src/DynamixelSDK/c#/protocol2.0/indirect_address/win64/indirect_address/Properties) by extensions ['python_setup_py']
[0.277s] Level 1:colcon.colcon_core.package_identification:_identify(src/DynamixelSDK/c#/protocol2.0/indirect_address/win64/indirect_address/Properties) by extension 'python_setup_py'
[0.277s] Level 1:colcon.colcon_core.package_identification:_identify(src/DynamixelSDK/c#/protocol2.0/multi_port) by extensions ['ignore', 'ignore_ament_install']
[0.277s] Level 1:colcon.colcon_core.package_identification:_identify(src/DynamixelSDK/c#/protocol2.0/multi_port) by extension 'ignore'
[0.277s] Level 1:colcon.colcon_core.package_identification:_identify(src/DynamixelSDK/c#/protocol2.0/multi_port) by extension 'ignore_ament_install'
[0.277s] Level 1:colcon.colcon_core.package_identification:_identify(src/DynamixelSDK/c#/protocol2.0/multi_port) by extensions ['colcon_pkg']
[0.277s] Level 1:colcon.colcon_core.package_identification:_identify(src/DynamixelSDK/c#/protocol2.0/multi_port) by extension 'colcon_pkg'
[0.277s] Level 1:colcon.colcon_core.package_identification:_identify(src/DynamixelSDK/c#/protocol2.0/multi_port) by extensions ['colcon_meta']
[0.277s] Level 1:colcon.colcon_core.package_identification:_identify(src/DynamixelSDK/c#/protocol2.0/multi_port) by extension 'colcon_meta'
[0.278s] Level 1:colcon.colcon_core.package_identification:_identify(src/DynamixelSDK/c#/protocol2.0/multi_port) by extensions ['ros']
[0.278s] Level 1:colcon.colcon_core.package_identification:_identify(src/DynamixelSDK/c#/protocol2.0/multi_port) by extension 'ros'
[0.278s] Level 1:colcon.colcon_core.package_identification:_identify(src/DynamixelSDK/c#/protocol2.0/multi_port) by extensions ['cmake', 'python']
[0.278s] Level 1:colcon.colcon_core.package_identification:_identify(src/DynamixelSDK/c#/protocol2.0/multi_port) by extension 'cmake'
[0.278s] Level 1:colcon.colcon_core.package_identification:_identify(src/DynamixelSDK/c#/protocol2.0/multi_port) by extension 'python'
[0.278s] Level 1:colcon.colcon_core.package_identification:_identify(src/DynamixelSDK/c#/protocol2.0/multi_port) by extensions ['python_setup_py']
[0.278s] Level 1:colcon.colcon_core.package_identification:_identify(src/DynamixelSDK/c#/protocol2.0/multi_port) by extension 'python_setup_py'
[0.278s] Level 1:colcon.colcon_core.package_identification:_identify(src/DynamixelSDK/c#/protocol2.0/multi_port/win32) by extensions ['ignore', 'ignore_ament_install']
[0.278s] Level 1:colcon.colcon_core.package_identification:_identify(src/DynamixelSDK/c#/protocol2.0/multi_port/win32) by extension 'ignore'
[0.278s] Level 1:colcon.colcon_core.package_identification:_identify(src/DynamixelSDK/c#/protocol2.0/multi_port/win32) by extension 'ignore_ament_install'
[0.278s] Level 1:colcon.colcon_core.package_identification:_identify(src/DynamixelSDK/c#/protocol2.0/multi_port/win32) by extensions ['colcon_pkg']
[0.278s] Level 1:colcon.colcon_core.package_identification:_identify(src/DynamixelSDK/c#/protocol2.0/multi_port/win32) by extension 'colcon_pkg'
[0.278s] Level 1:colcon.colcon_core.package_identification:_identify(src/DynamixelSDK/c#/protocol2.0/multi_port/win32) by extensions ['colcon_meta']
[0.278s] Level 1:colcon.colcon_core.package_identification:_identify(src/DynamixelSDK/c#/protocol2.0/multi_port/win32) by extension 'colcon_meta'
[0.278s] Level 1:colcon.colcon_core.package_identification:_identify(src/DynamixelSDK/c#/protocol2.0/multi_port/win32) by extensions ['ros']
[0.278s] Level 1:colcon.colcon_core.package_identification:_identify(src/DynamixelSDK/c#/protocol2.0/multi_port/win32) by extension 'ros'
[0.279s] Level 1:colcon.colcon_core.package_identification:_identify(src/DynamixelSDK/c#/protocol2.0/multi_port/win32) by extensions ['cmake', 'python']
[0.279s] Level 1:colcon.colcon_core.package_identification:_identify(src/DynamixelSDK/c#/protocol2.0/multi_port/win32) by extension 'cmake'
[0.279s] Level 1:colcon.colcon_core.package_identification:_identify(src/DynamixelSDK/c#/protocol2.0/multi_port/win32) by extension 'python'
[0.279s] Level 1:colcon.colcon_core.package_identification:_identify(src/DynamixelSDK/c#/protocol2.0/multi_port/win32) by extensions ['python_setup_py']
[0.279s] Level 1:colcon.colcon_core.package_identification:_identify(src/DynamixelSDK/c#/protocol2.0/multi_port/win32) by extension 'python_setup_py'
[0.279s] Level 1:colcon.colcon_core.package_identification:_identify(src/DynamixelSDK/c#/protocol2.0/multi_port/win32/multi_port) by extensions ['ignore', 'ignore_ament_install']
[0.279s] Level 1:colcon.colcon_core.package_identification:_identify(src/DynamixelSDK/c#/protocol2.0/multi_port/win32/multi_port) by extension 'ignore'
[0.279s] Level 1:colcon.colcon_core.package_identification:_identify(src/DynamixelSDK/c#/protocol2.0/multi_port/win32/multi_port) by extension 'ignore_ament_install'
[0.279s] Level 1:colcon.colcon_core.package_identification:_identify(src/DynamixelSDK/c#/protocol2.0/multi_port/win32/multi_port) by extensions ['colcon_pkg']
[0.279s] Level 1:colcon.colcon_core.package_identification:_identify(src/DynamixelSDK/c#/protocol2.0/multi_port/win32/multi_port) by extension 'colcon_pkg'
[0.279s] Level 1:colcon.colcon_core.package_identification:_identify(src/DynamixelSDK/c#/protocol2.0/multi_port/win32/multi_port) by extensions ['colcon_meta']
[0.279s] Level 1:colcon.colcon_core.package_identification:_identify(src/DynamixelSDK/c#/protocol2.0/multi_port/win32/multi_port) by extension 'colcon_meta'
[0.279s] Level 1:colcon.colcon_core.package_identification:_identify(src/DynamixelSDK/c#/protocol2.0/multi_port/win32/multi_port) by extensions ['ros']
[0.279s] Level 1:colcon.colcon_core.package_identification:_identify(src/DynamixelSDK/c#/protocol2.0/multi_port/win32/multi_port) by extension 'ros'
[0.279s] Level 1:colcon.colcon_core.package_identification:_identify(src/DynamixelSDK/c#/protocol2.0/multi_port/win32/multi_port) by extensions ['cmake', 'python']
[0.279s] Level 1:colcon.colcon_core.package_identification:_identify(src/DynamixelSDK/c#/protocol2.0/multi_port/win32/multi_port) by extension 'cmake'
[0.279s] Level 1:colcon.colcon_core.package_identification:_identify(src/DynamixelSDK/c#/protocol2.0/multi_port/win32/multi_port) by extension 'python'
[0.280s] Level 1:colcon.colcon_core.package_identification:_identify(src/DynamixelSDK/c#/protocol2.0/multi_port/win32/multi_port) by extensions ['python_setup_py']
[0.280s] Level 1:colcon.colcon_core.package_identification:_identify(src/DynamixelSDK/c#/protocol2.0/multi_port/win32/multi_port) by extension 'python_setup_py'
[0.280s] Level 1:colcon.colcon_core.package_identification:_identify(src/DynamixelSDK/c#/protocol2.0/multi_port/win32/multi_port/Properties) by extensions ['ignore', 'ignore_ament_install']
[0.280s] Level 1:colcon.colcon_core.package_identification:_identify(src/DynamixelSDK/c#/protocol2.0/multi_port/win32/multi_port/Properties) by extension 'ignore'
[0.280s] Level 1:colcon.colcon_core.package_identification:_identify(src/DynamixelSDK/c#/protocol2.0/multi_port/win32/multi_port/Properties) by extension 'ignore_ament_install'
[0.280s] Level 1:colcon.colcon_core.package_identification:_identify(src/DynamixelSDK/c#/protocol2.0/multi_port/win32/multi_port/Properties) by extensions ['colcon_pkg']
[0.280s] Level 1:colcon.colcon_core.package_identification:_identify(src/DynamixelSDK/c#/protocol2.0/multi_port/win32/multi_port/Properties) by extension 'colcon_pkg'
[0.280s] Level 1:colcon.colcon_core.package_identification:_identify(src/DynamixelSDK/c#/protocol2.0/multi_port/win32/multi_port/Properties) by extensions ['colcon_meta']
[0.280s] Level 1:colcon.colcon_core.package_identification:_identify(src/DynamixelSDK/c#/protocol2.0/multi_port/win32/multi_port/Properties) by extension 'colcon_meta'
[0.280s] Level 1:colcon.colcon_core.package_identification:_identify(src/DynamixelSDK/c#/protocol2.0/multi_port/win32/multi_port/Properties) by extensions ['ros']
[0.280s] Level 1:colcon.colcon_core.package_identification:_identify(src/DynamixelSDK/c#/protocol2.0/multi_port/win32/multi_port/Properties) by extension 'ros'
[0.280s] Level 1:colcon.colcon_core.package_identification:_identify(src/DynamixelSDK/c#/protocol2.0/multi_port/win32/multi_port/Properties) by extensions ['cmake', 'python']
[0.280s] Level 1:colcon.colcon_core.package_identification:_identify(src/DynamixelSDK/c#/protocol2.0/multi_port/win32/multi_port/Properties) by extension 'cmake'
[0.280s] Level 1:colcon.colcon_core.package_identification:_identify(src/DynamixelSDK/c#/protocol2.0/multi_port/win32/multi_port/Properties) by extension 'python'
[0.280s] Level 1:colcon.colcon_core.package_identification:_identify(src/DynamixelSDK/c#/protocol2.0/multi_port/win32/multi_port/Properties) by extensions ['python_setup_py']
[0.280s] Level 1:colcon.colcon_core.package_identification:_identify(src/DynamixelSDK/c#/protocol2.0/multi_port/win32/multi_port/Properties) by extension 'python_setup_py'
[0.281s] Level 1:colcon.colcon_core.package_identification:_identify(src/DynamixelSDK/c#/protocol2.0/multi_port/win64) by extensions ['ignore', 'ignore_ament_install']
[0.281s] Level 1:colcon.colcon_core.package_identification:_identify(src/DynamixelSDK/c#/protocol2.0/multi_port/win64) by extension 'ignore'
[0.281s] Level 1:colcon.colcon_core.package_identification:_identify(src/DynamixelSDK/c#/protocol2.0/multi_port/win64) by extension 'ignore_ament_install'
[0.281s] Level 1:colcon.colcon_core.package_identification:_identify(src/DynamixelSDK/c#/protocol2.0/multi_port/win64) by extensions ['colcon_pkg']
[0.281s] Level 1:colcon.colcon_core.package_identification:_identify(src/DynamixelSDK/c#/protocol2.0/multi_port/win64) by extension 'colcon_pkg'
[0.281s] Level 1:colcon.colcon_core.package_identification:_identify(src/DynamixelSDK/c#/protocol2.0/multi_port/win64) by extensions ['colcon_meta']
[0.281s] Level 1:colcon.colcon_core.package_identification:_identify(src/DynamixelSDK/c#/protocol2.0/multi_port/win64) by extension 'colcon_meta'
[0.281s] Level 1:colcon.colcon_core.package_identification:_identify(src/DynamixelSDK/c#/protocol2.0/multi_port/win64) by extensions ['ros']
[0.281s] Level 1:colcon.colcon_core.package_identification:_identify(src/DynamixelSDK/c#/protocol2.0/multi_port/win64) by extension 'ros'
[0.281s] Level 1:colcon.colcon_core.package_identification:_identify(src/DynamixelSDK/c#/protocol2.0/multi_port/win64) by extensions ['cmake', 'python']
[0.281s] Level 1:colcon.colcon_core.package_identification:_identify(src/DynamixelSDK/c#/protocol2.0/multi_port/win64) by extension 'cmake'
[0.281s] Level 1:colcon.colcon_core.package_identification:_identify(src/DynamixelSDK/c#/protocol2.0/multi_port/win64) by extension 'python'
[0.281s] Level 1:colcon.colcon_core.package_identification:_identify(src/DynamixelSDK/c#/protocol2.0/multi_port/win64) by extensions ['python_setup_py']
[0.281s] Level 1:colcon.colcon_core.package_identification:_identify(src/DynamixelSDK/c#/protocol2.0/multi_port/win64) by extension 'python_setup_py'
[0.281s] Level 1:colcon.colcon_core.package_identification:_identify(src/DynamixelSDK/c#/protocol2.0/multi_port/win64/multi_port) by extensions ['ignore', 'ignore_ament_install']
[0.281s] Level 1:colcon.colcon_core.package_identification:_identify(src/DynamixelSDK/c#/protocol2.0/multi_port/win64/multi_port) by extension 'ignore'
[0.282s] Level 1:colcon.colcon_core.package_identification:_identify(src/DynamixelSDK/c#/protocol2.0/multi_port/win64/multi_port) by extension 'ignore_ament_install'
[0.282s] Level 1:colcon.colcon_core.package_identification:_identify(src/DynamixelSDK/c#/protocol2.0/multi_port/win64/multi_port) by extensions ['colcon_pkg']
[0.282s] Level 1:colcon.colcon_core.package_identification:_identify(src/DynamixelSDK/c#/protocol2.0/multi_port/win64/multi_port) by extension 'colcon_pkg'
[0.282s] Level 1:colcon.colcon_core.package_identification:_identify(src/DynamixelSDK/c#/protocol2.0/multi_port/win64/multi_port) by extensions ['colcon_meta']
[0.282s] Level 1:colcon.colcon_core.package_identification:_identify(src/DynamixelSDK/c#/protocol2.0/multi_port/win64/multi_port) by extension 'colcon_meta'
[0.282s] Level 1:colcon.colcon_core.package_identification:_identify(src/DynamixelSDK/c#/protocol2.0/multi_port/win64/multi_port) by extensions ['ros']
[0.282s] Level 1:colcon.colcon_core.package_identification:_identify(src/DynamixelSDK/c#/protocol2.0/multi_port/win64/multi_port) by extension 'ros'
[0.282s] Level 1:colcon.colcon_core.package_identification:_identify(src/DynamixelSDK/c#/protocol2.0/multi_port/win64/multi_port) by extensions ['cmake', 'python']
[0.282s] Level 1:colcon.colcon_core.package_identification:_identify(src/DynamixelSDK/c#/protocol2.0/multi_port/win64/multi_port) by extension 'cmake'
[0.282s] Level 1:colcon.colcon_core.package_identification:_identify(src/DynamixelSDK/c#/protocol2.0/multi_port/win64/multi_port) by extension 'python'
[0.282s] Level 1:colcon.colcon_core.package_identification:_identify(src/DynamixelSDK/c#/protocol2.0/multi_port/win64/multi_port) by extensions ['python_setup_py']
[0.282s] Level 1:colcon.colcon_core.package_identification:_identify(src/DynamixelSDK/c#/protocol2.0/multi_port/win64/multi_port) by extension 'python_setup_py'
[0.282s] Level 1:colcon.colcon_core.package_identification:_identify(src/DynamixelSDK/c#/protocol2.0/multi_port/win64/multi_port/Properties) by extensions ['ignore', 'ignore_ament_install']
[0.282s] Level 1:colcon.colcon_core.package_identification:_identify(src/DynamixelSDK/c#/protocol2.0/multi_port/win64/multi_port/Properties) by extension 'ignore'
[0.282s] Level 1:colcon.colcon_core.package_identification:_identify(src/DynamixelSDK/c#/protocol2.0/multi_port/win64/multi_port/Properties) by extension 'ignore_ament_install'
[0.282s] Level 1:colcon.colcon_core.package_identification:_identify(src/DynamixelSDK/c#/protocol2.0/multi_port/win64/multi_port/Properties) by extensions ['colcon_pkg']
[0.282s] Level 1:colcon.colcon_core.package_identification:_identify(src/DynamixelSDK/c#/protocol2.0/multi_port/win64/multi_port/Properties) by extension 'colcon_pkg'
[0.282s] Level 1:colcon.colcon_core.package_identification:_identify(src/DynamixelSDK/c#/protocol2.0/multi_port/win64/multi_port/Properties) by extensions ['colcon_meta']
[0.283s] Level 1:colcon.colcon_core.package_identification:_identify(src/DynamixelSDK/c#/protocol2.0/multi_port/win64/multi_port/Properties) by extension 'colcon_meta'
[0.283s] Level 1:colcon.colcon_core.package_identification:_identify(src/DynamixelSDK/c#/protocol2.0/multi_port/win64/multi_port/Properties) by extensions ['ros']
[0.283s] Level 1:colcon.colcon_core.package_identification:_identify(src/DynamixelSDK/c#/protocol2.0/multi_port/win64/multi_port/Properties) by extension 'ros'
[0.283s] Level 1:colcon.colcon_core.package_identification:_identify(src/DynamixelSDK/c#/protocol2.0/multi_port/win64/multi_port/Properties) by extensions ['cmake', 'python']
[0.283s] Level 1:colcon.colcon_core.package_identification:_identify(src/DynamixelSDK/c#/protocol2.0/multi_port/win64/multi_port/Properties) by extension 'cmake'
[0.283s] Level 1:colcon.colcon_core.package_identification:_identify(src/DynamixelSDK/c#/protocol2.0/multi_port/win64/multi_port/Properties) by extension 'python'
[0.283s] Level 1:colcon.colcon_core.package_identification:_identify(src/DynamixelSDK/c#/protocol2.0/multi_port/win64/multi_port/Properties) by extensions ['python_setup_py']
[0.283s] Level 1:colcon.colcon_core.package_identification:_identify(src/DynamixelSDK/c#/protocol2.0/multi_port/win64/multi_port/Properties) by extension 'python_setup_py'
[0.283s] Level 1:colcon.colcon_core.package_identification:_identify(src/DynamixelSDK/c#/protocol2.0/ping) by extensions ['ignore', 'ignore_ament_install']
[0.283s] Level 1:colcon.colcon_core.package_identification:_identify(src/DynamixelSDK/c#/protocol2.0/ping) by extension 'ignore'
[0.283s] Level 1:colcon.colcon_core.package_identification:_identify(src/DynamixelSDK/c#/protocol2.0/ping) by extension 'ignore_ament_install'
[0.283s] Level 1:colcon.colcon_core.package_identification:_identify(src/DynamixelSDK/c#/protocol2.0/ping) by extensions ['colcon_pkg']
[0.283s] Level 1:colcon.colcon_core.package_identification:_identify(src/DynamixelSDK/c#/protocol2.0/ping) by extension 'colcon_pkg'
[0.283s] Level 1:colcon.colcon_core.package_identification:_identify(src/DynamixelSDK/c#/protocol2.0/ping) by extensions ['colcon_meta']
[0.283s] Level 1:colcon.colcon_core.package_identification:_identify(src/DynamixelSDK/c#/protocol2.0/ping) by extension 'colcon_meta'
[0.283s] Level 1:colcon.colcon_core.package_identification:_identify(src/DynamixelSDK/c#/protocol2.0/ping) by extensions ['ros']
[0.283s] Level 1:colcon.colcon_core.package_identification:_identify(src/DynamixelSDK/c#/protocol2.0/ping) by extension 'ros'
[0.284s] Level 1:colcon.colcon_core.package_identification:_identify(src/DynamixelSDK/c#/protocol2.0/ping) by extensions ['cmake', 'python']
[0.284s] Level 1:colcon.colcon_core.package_identification:_identify(src/DynamixelSDK/c#/protocol2.0/ping) by extension 'cmake'
[0.284s] Level 1:colcon.colcon_core.package_identification:_identify(src/DynamixelSDK/c#/protocol2.0/ping) by extension 'python'
[0.284s] Level 1:colcon.colcon_core.package_identification:_identify(src/DynamixelSDK/c#/protocol2.0/ping) by extensions ['python_setup_py']
[0.284s] Level 1:colcon.colcon_core.package_identification:_identify(src/DynamixelSDK/c#/protocol2.0/ping) by extension 'python_setup_py'
[0.284s] Level 1:colcon.colcon_core.package_identification:_identify(src/DynamixelSDK/c#/protocol2.0/ping/win32) by extensions ['ignore', 'ignore_ament_install']
[0.284s] Level 1:colcon.colcon_core.package_identification:_identify(src/DynamixelSDK/c#/protocol2.0/ping/win32) by extension 'ignore'
[0.284s] Level 1:colcon.colcon_core.package_identification:_identify(src/DynamixelSDK/c#/protocol2.0/ping/win32) by extension 'ignore_ament_install'
[0.284s] Level 1:colcon.colcon_core.package_identification:_identify(src/DynamixelSDK/c#/protocol2.0/ping/win32) by extensions ['colcon_pkg']
[0.284s] Level 1:colcon.colcon_core.package_identification:_identify(src/DynamixelSDK/c#/protocol2.0/ping/win32) by extension 'colcon_pkg'
[0.284s] Level 1:colcon.colcon_core.package_identification:_identify(src/DynamixelSDK/c#/protocol2.0/ping/win32) by extensions ['colcon_meta']
[0.284s] Level 1:colcon.colcon_core.package_identification:_identify(src/DynamixelSDK/c#/protocol2.0/ping/win32) by extension 'colcon_meta'
[0.284s] Level 1:colcon.colcon_core.package_identification:_identify(src/DynamixelSDK/c#/protocol2.0/ping/win32) by extensions ['ros']
[0.284s] Level 1:colcon.colcon_core.package_identification:_identify(src/DynamixelSDK/c#/protocol2.0/ping/win32) by extension 'ros'
[0.284s] Level 1:colcon.colcon_core.package_identification:_identify(src/DynamixelSDK/c#/protocol2.0/ping/win32) by extensions ['cmake', 'python']
[0.284s] Level 1:colcon.colcon_core.package_identification:_identify(src/DynamixelSDK/c#/protocol2.0/ping/win32) by extension 'cmake'
[0.284s] Level 1:colcon.colcon_core.package_identification:_identify(src/DynamixelSDK/c#/protocol2.0/ping/win32) by extension 'python'
[0.284s] Level 1:colcon.colcon_core.package_identification:_identify(src/DynamixelSDK/c#/protocol2.0/ping/win32) by extensions ['python_setup_py']
[0.285s] Level 1:colcon.colcon_core.package_identification:_identify(src/DynamixelSDK/c#/protocol2.0/ping/win32) by extension 'python_setup_py'
[0.285s] Level 1:colcon.colcon_core.package_identification:_identify(src/DynamixelSDK/c#/protocol2.0/ping/win32/ping) by extensions ['ignore', 'ignore_ament_install']
[0.285s] Level 1:colcon.colcon_core.package_identification:_identify(src/DynamixelSDK/c#/protocol2.0/ping/win32/ping) by extension 'ignore'
[0.285s] Level 1:colcon.colcon_core.package_identification:_identify(src/DynamixelSDK/c#/protocol2.0/ping/win32/ping) by extension 'ignore_ament_install'
[0.285s] Level 1:colcon.colcon_core.package_identification:_identify(src/DynamixelSDK/c#/protocol2.0/ping/win32/ping) by extensions ['colcon_pkg']
[0.285s] Level 1:colcon.colcon_core.package_identification:_identify(src/DynamixelSDK/c#/protocol2.0/ping/win32/ping) by extension 'colcon_pkg'
[0.285s] Level 1:colcon.colcon_core.package_identification:_identify(src/DynamixelSDK/c#/protocol2.0/ping/win32/ping) by extensions ['colcon_meta']
[0.285s] Level 1:colcon.colcon_core.package_identification:_identify(src/DynamixelSDK/c#/protocol2.0/ping/win32/ping) by extension 'colcon_meta'
[0.285s] Level 1:colcon.colcon_core.package_identification:_identify(src/DynamixelSDK/c#/protocol2.0/ping/win32/ping) by extensions ['ros']
[0.285s] Level 1:colcon.colcon_core.package_identification:_identify(src/DynamixelSDK/c#/protocol2.0/ping/win32/ping) by extension 'ros'
[0.285s] Level 1:colcon.colcon_core.package_identification:_identify(src/DynamixelSDK/c#/protocol2.0/ping/win32/ping) by extensions ['cmake', 'python']
[0.285s] Level 1:colcon.colcon_core.package_identification:_identify(src/DynamixelSDK/c#/protocol2.0/ping/win32/ping) by extension 'cmake'
[0.285s] Level 1:colcon.colcon_core.package_identification:_identify(src/DynamixelSDK/c#/protocol2.0/ping/win32/ping) by extension 'python'
[0.285s] Level 1:colcon.colcon_core.package_identification:_identify(src/DynamixelSDK/c#/protocol2.0/ping/win32/ping) by extensions ['python_setup_py']
[0.285s] Level 1:colcon.colcon_core.package_identification:_identify(src/DynamixelSDK/c#/protocol2.0/ping/win32/ping) by extension 'python_setup_py'
[0.285s] Level 1:colcon.colcon_core.package_identification:_identify(src/DynamixelSDK/c#/protocol2.0/ping/win32/ping/Properties) by extensions ['ignore', 'ignore_ament_install']
[0.286s] Level 1:colcon.colcon_core.package_identification:_identify(src/DynamixelSDK/c#/protocol2.0/ping/win32/ping/Properties) by extension 'ignore'
[0.286s] Level 1:colcon.colcon_core.package_identification:_identify(src/DynamixelSDK/c#/protocol2.0/ping/win32/ping/Properties) by extension 'ignore_ament_install'
[0.286s] Level 1:colcon.colcon_core.package_identification:_identify(src/DynamixelSDK/c#/protocol2.0/ping/win32/ping/Properties) by extensions ['colcon_pkg']
[0.286s] Level 1:colcon.colcon_core.package_identification:_identify(src/DynamixelSDK/c#/protocol2.0/ping/win32/ping/Properties) by extension 'colcon_pkg'
[0.286s] Level 1:colcon.colcon_core.package_identification:_identify(src/DynamixelSDK/c#/protocol2.0/ping/win32/ping/Properties) by extensions ['colcon_meta']
[0.286s] Level 1:colcon.colcon_core.package_identification:_identify(src/DynamixelSDK/c#/protocol2.0/ping/win32/ping/Properties) by extension 'colcon_meta'
[0.286s] Level 1:colcon.colcon_core.package_identification:_identify(src/DynamixelSDK/c#/protocol2.0/ping/win32/ping/Properties) by extensions ['ros']
[0.286s] Level 1:colcon.colcon_core.package_identification:_identify(src/DynamixelSDK/c#/protocol2.0/ping/win32/ping/Properties) by extension 'ros'
[0.286s] Level 1:colcon.colcon_core.package_identification:_identify(src/DynamixelSDK/c#/protocol2.0/ping/win32/ping/Properties) by extensions ['cmake', 'python']
[0.286s] Level 1:colcon.colcon_core.package_identification:_identify(src/DynamixelSDK/c#/protocol2.0/ping/win32/ping/Properties) by extension 'cmake'
[0.286s] Level 1:colcon.colcon_core.package_identification:_identify(src/DynamixelSDK/c#/protocol2.0/ping/win32/ping/Properties) by extension 'python'
[0.286s] Level 1:colcon.colcon_core.package_identification:_identify(src/DynamixelSDK/c#/protocol2.0/ping/win32/ping/Properties) by extensions ['python_setup_py']
[0.286s] Level 1:colcon.colcon_core.package_identification:_identify(src/DynamixelSDK/c#/protocol2.0/ping/win32/ping/Properties) by extension 'python_setup_py'
[0.286s] Level 1:colcon.colcon_core.package_identification:_identify(src/DynamixelSDK/c#/protocol2.0/ping/win64) by extensions ['ignore', 'ignore_ament_install']
[0.286s] Level 1:colcon.colcon_core.package_identification:_identify(src/DynamixelSDK/c#/protocol2.0/ping/win64) by extension 'ignore'
[0.286s] Level 1:colcon.colcon_core.package_identification:_identify(src/DynamixelSDK/c#/protocol2.0/ping/win64) by extension 'ignore_ament_install'
[0.287s] Level 1:colcon.colcon_core.package_identification:_identify(src/DynamixelSDK/c#/protocol2.0/ping/win64) by extensions ['colcon_pkg']
[0.287s] Level 1:colcon.colcon_core.package_identification:_identify(src/DynamixelSDK/c#/protocol2.0/ping/win64) by extension 'colcon_pkg'
[0.287s] Level 1:colcon.colcon_core.package_identification:_identify(src/DynamixelSDK/c#/protocol2.0/ping/win64) by extensions ['colcon_meta']
[0.287s] Level 1:colcon.colcon_core.package_identification:_identify(src/DynamixelSDK/c#/protocol2.0/ping/win64) by extension 'colcon_meta'
[0.287s] Level 1:colcon.colcon_core.package_identification:_identify(src/DynamixelSDK/c#/protocol2.0/ping/win64) by extensions ['ros']
[0.287s] Level 1:colcon.colcon_core.package_identification:_identify(src/DynamixelSDK/c#/protocol2.0/ping/win64) by extension 'ros'
[0.287s] Level 1:colcon.colcon_core.package_identification:_identify(src/DynamixelSDK/c#/protocol2.0/ping/win64) by extensions ['cmake', 'python']
[0.287s] Level 1:colcon.colcon_core.package_identification:_identify(src/DynamixelSDK/c#/protocol2.0/ping/win64) by extension 'cmake'
[0.287s] Level 1:colcon.colcon_core.package_identification:_identify(src/DynamixelSDK/c#/protocol2.0/ping/win64) by extension 'python'
[0.287s] Level 1:colcon.colcon_core.package_identification:_identify(src/DynamixelSDK/c#/protocol2.0/ping/win64) by extensions ['python_setup_py']
[0.287s] Level 1:colcon.colcon_core.package_identification:_identify(src/DynamixelSDK/c#/protocol2.0/ping/win64) by extension 'python_setup_py'
[0.287s] Level 1:colcon.colcon_core.package_identification:_identify(src/DynamixelSDK/c#/protocol2.0/ping/win64/ping) by extensions ['ignore', 'ignore_ament_install']
[0.287s] Level 1:colcon.colcon_core.package_identification:_identify(src/DynamixelSDK/c#/protocol2.0/ping/win64/ping) by extension 'ignore'
[0.287s] Level 1:colcon.colcon_core.package_identification:_identify(src/DynamixelSDK/c#/protocol2.0/ping/win64/ping) by extension 'ignore_ament_install'
[0.287s] Level 1:colcon.colcon_core.package_identification:_identify(src/DynamixelSDK/c#/protocol2.0/ping/win64/ping) by extensions ['colcon_pkg']
[0.287s] Level 1:colcon.colcon_core.package_identification:_identify(src/DynamixelSDK/c#/protocol2.0/ping/win64/ping) by extension 'colcon_pkg'
[0.287s] Level 1:colcon.colcon_core.package_identification:_identify(src/DynamixelSDK/c#/protocol2.0/ping/win64/ping) by extensions ['colcon_meta']
[0.287s] Level 1:colcon.colcon_core.package_identification:_identify(src/DynamixelSDK/c#/protocol2.0/ping/win64/ping) by extension 'colcon_meta'
[0.288s] Level 1:colcon.colcon_core.package_identification:_identify(src/DynamixelSDK/c#/protocol2.0/ping/win64/ping) by extensions ['ros']
[0.288s] Level 1:colcon.colcon_core.package_identification:_identify(src/DynamixelSDK/c#/protocol2.0/ping/win64/ping) by extension 'ros'
[0.288s] Level 1:colcon.colcon_core.package_identification:_identify(src/DynamixelSDK/c#/protocol2.0/ping/win64/ping) by extensions ['cmake', 'python']
[0.288s] Level 1:colcon.colcon_core.package_identification:_identify(src/DynamixelSDK/c#/protocol2.0/ping/win64/ping) by extension 'cmake'
[0.288s] Level 1:colcon.colcon_core.package_identification:_identify(src/DynamixelSDK/c#/protocol2.0/ping/win64/ping) by extension 'python'
[0.288s] Level 1:colcon.colcon_core.package_identification:_identify(src/DynamixelSDK/c#/protocol2.0/ping/win64/ping) by extensions ['python_setup_py']
[0.288s] Level 1:colcon.colcon_core.package_identification:_identify(src/DynamixelSDK/c#/protocol2.0/ping/win64/ping) by extension 'python_setup_py'
[0.288s] Level 1:colcon.colcon_core.package_identification:_identify(src/DynamixelSDK/c#/protocol2.0/ping/win64/ping/Properties) by extensions ['ignore', 'ignore_ament_install']
[0.288s] Level 1:colcon.colcon_core.package_identification:_identify(src/DynamixelSDK/c#/protocol2.0/ping/win64/ping/Properties) by extension 'ignore'
[0.288s] Level 1:colcon.colcon_core.package_identification:_identify(src/DynamixelSDK/c#/protocol2.0/ping/win64/ping/Properties) by extension 'ignore_ament_install'
[0.288s] Level 1:colcon.colcon_core.package_identification:_identify(src/DynamixelSDK/c#/protocol2.0/ping/win64/ping/Properties) by extensions ['colcon_pkg']
[0.288s] Level 1:colcon.colcon_core.package_identification:_identify(src/DynamixelSDK/c#/protocol2.0/ping/win64/ping/Properties) by extension 'colcon_pkg'
[0.288s] Level 1:colcon.colcon_core.package_identification:_identify(src/DynamixelSDK/c#/protocol2.0/ping/win64/ping/Properties) by extensions ['colcon_meta']
[0.288s] Level 1:colcon.colcon_core.package_identification:_identify(src/DynamixelSDK/c#/protocol2.0/ping/win64/ping/Properties) by extension 'colcon_meta'
[0.288s] Level 1:colcon.colcon_core.package_identification:_identify(src/DynamixelSDK/c#/protocol2.0/ping/win64/ping/Properties) by extensions ['ros']
[0.288s] Level 1:colcon.colcon_core.package_identification:_identify(src/DynamixelSDK/c#/protocol2.0/ping/win64/ping/Properties) by extension 'ros'
[0.289s] Level 1:colcon.colcon_core.package_identification:_identify(src/DynamixelSDK/c#/protocol2.0/ping/win64/ping/Properties) by extensions ['cmake', 'python']
[0.289s] Level 1:colcon.colcon_core.package_identification:_identify(src/DynamixelSDK/c#/protocol2.0/ping/win64/ping/Properties) by extension 'cmake'
[0.289s] Level 1:colcon.colcon_core.package_identification:_identify(src/DynamixelSDK/c#/protocol2.0/ping/win64/ping/Properties) by extension 'python'
[0.289s] Level 1:colcon.colcon_core.package_identification:_identify(src/DynamixelSDK/c#/protocol2.0/ping/win64/ping/Properties) by extensions ['python_setup_py']
[0.289s] Level 1:colcon.colcon_core.package_identification:_identify(src/DynamixelSDK/c#/protocol2.0/ping/win64/ping/Properties) by extension 'python_setup_py'
[0.289s] Level 1:colcon.colcon_core.package_identification:_identify(src/DynamixelSDK/c#/protocol2.0/read_write) by extensions ['ignore', 'ignore_ament_install']
[0.289s] Level 1:colcon.colcon_core.package_identification:_identify(src/DynamixelSDK/c#/protocol2.0/read_write) by extension 'ignore'
[0.289s] Level 1:colcon.colcon_core.package_identification:_identify(src/DynamixelSDK/c#/protocol2.0/read_write) by extension 'ignore_ament_install'
[0.289s] Level 1:colcon.colcon_core.package_identification:_identify(src/DynamixelSDK/c#/protocol2.0/read_write) by extensions ['colcon_pkg']
[0.289s] Level 1:colcon.colcon_core.package_identification:_identify(src/DynamixelSDK/c#/protocol2.0/read_write) by extension 'colcon_pkg'
[0.289s] Level 1:colcon.colcon_core.package_identification:_identify(src/DynamixelSDK/c#/protocol2.0/read_write) by extensions ['colcon_meta']
[0.289s] Level 1:colcon.colcon_core.package_identification:_identify(src/DynamixelSDK/c#/protocol2.0/read_write) by extension 'colcon_meta'
[0.289s] Level 1:colcon.colcon_core.package_identification:_identify(src/DynamixelSDK/c#/protocol2.0/read_write) by extensions ['ros']
[0.289s] Level 1:colcon.colcon_core.package_identification:_identify(src/DynamixelSDK/c#/protocol2.0/read_write) by extension 'ros'
[0.289s] Level 1:colcon.colcon_core.package_identification:_identify(src/DynamixelSDK/c#/protocol2.0/read_write) by extensions ['cmake', 'python']
[0.289s] Level 1:colcon.colcon_core.package_identification:_identify(src/DynamixelSDK/c#/protocol2.0/read_write) by extension 'cmake'
[0.289s] Level 1:colcon.colcon_core.package_identification:_identify(src/DynamixelSDK/c#/protocol2.0/read_write) by extension 'python'
[0.289s] Level 1:colcon.colcon_core.package_identification:_identify(src/DynamixelSDK/c#/protocol2.0/read_write) by extensions ['python_setup_py']
[0.290s] Level 1:colcon.colcon_core.package_identification:_identify(src/DynamixelSDK/c#/protocol2.0/read_write) by extension 'python_setup_py'
[0.290s] Level 1:colcon.colcon_core.package_identification:_identify(src/DynamixelSDK/c#/protocol2.0/read_write/win32) by extensions ['ignore', 'ignore_ament_install']
[0.290s] Level 1:colcon.colcon_core.package_identification:_identify(src/DynamixelSDK/c#/protocol2.0/read_write/win32) by extension 'ignore'
[0.290s] Level 1:colcon.colcon_core.package_identification:_identify(src/DynamixelSDK/c#/protocol2.0/read_write/win32) by extension 'ignore_ament_install'
[0.290s] Level 1:colcon.colcon_core.package_identification:_identify(src/DynamixelSDK/c#/protocol2.0/read_write/win32) by extensions ['colcon_pkg']
[0.290s] Level 1:colcon.colcon_core.package_identification:_identify(src/DynamixelSDK/c#/protocol2.0/read_write/win32) by extension 'colcon_pkg'
[0.290s] Level 1:colcon.colcon_core.package_identification:_identify(src/DynamixelSDK/c#/protocol2.0/read_write/win32) by extensions ['colcon_meta']
[0.290s] Level 1:colcon.colcon_core.package_identification:_identify(src/DynamixelSDK/c#/protocol2.0/read_write/win32) by extension 'colcon_meta'
[0.290s] Level 1:colcon.colcon_core.package_identification:_identify(src/DynamixelSDK/c#/protocol2.0/read_write/win32) by extensions ['ros']
[0.290s] Level 1:colcon.colcon_core.package_identification:_identify(src/DynamixelSDK/c#/protocol2.0/read_write/win32) by extension 'ros'
[0.290s] Level 1:colcon.colcon_core.package_identification:_identify(src/DynamixelSDK/c#/protocol2.0/read_write/win32) by extensions ['cmake', 'python']
[0.290s] Level 1:colcon.colcon_core.package_identification:_identify(src/DynamixelSDK/c#/protocol2.0/read_write/win32) by extension 'cmake'
[0.290s] Level 1:colcon.colcon_core.package_identification:_identify(src/DynamixelSDK/c#/protocol2.0/read_write/win32) by extension 'python'
[0.290s] Level 1:colcon.colcon_core.package_identification:_identify(src/DynamixelSDK/c#/protocol2.0/read_write/win32) by extensions ['python_setup_py']
[0.290s] Level 1:colcon.colcon_core.package_identification:_identify(src/DynamixelSDK/c#/protocol2.0/read_write/win32) by extension 'python_setup_py'
[0.290s] Level 1:colcon.colcon_core.package_identification:_identify(src/DynamixelSDK/c#/protocol2.0/read_write/win32/read_write) by extensions ['ignore', 'ignore_ament_install']
[0.291s] Level 1:colcon.colcon_core.package_identification:_identify(src/DynamixelSDK/c#/protocol2.0/read_write/win32/read_write) by extension 'ignore'
[0.291s] Level 1:colcon.colcon_core.package_identification:_identify(src/DynamixelSDK/c#/protocol2.0/read_write/win32/read_write) by extension 'ignore_ament_install'
[0.291s] Level 1:colcon.colcon_core.package_identification:_identify(src/DynamixelSDK/c#/protocol2.0/read_write/win32/read_write) by extensions ['colcon_pkg']
[0.291s] Level 1:colcon.colcon_core.package_identification:_identify(src/DynamixelSDK/c#/protocol2.0/read_write/win32/read_write) by extension 'colcon_pkg'
[0.291s] Level 1:colcon.colcon_core.package_identification:_identify(src/DynamixelSDK/c#/protocol2.0/read_write/win32/read_write) by extensions ['colcon_meta']
[0.291s] Level 1:colcon.colcon_core.package_identification:_identify(src/DynamixelSDK/c#/protocol2.0/read_write/win32/read_write) by extension 'colcon_meta'
[0.291s] Level 1:colcon.colcon_core.package_identification:_identify(src/DynamixelSDK/c#/protocol2.0/read_write/win32/read_write) by extensions ['ros']
[0.291s] Level 1:colcon.colcon_core.package_identification:_identify(src/DynamixelSDK/c#/protocol2.0/read_write/win32/read_write) by extension 'ros'
[0.291s] Level 1:colcon.colcon_core.package_identification:_identify(src/DynamixelSDK/c#/protocol2.0/read_write/win32/read_write) by extensions ['cmake', 'python']
[0.291s] Level 1:colcon.colcon_core.package_identification:_identify(src/DynamixelSDK/c#/protocol2.0/read_write/win32/read_write) by extension 'cmake'
[0.291s] Level 1:colcon.colcon_core.package_identification:_identify(src/DynamixelSDK/c#/protocol2.0/read_write/win32/read_write) by extension 'python'
[0.291s] Level 1:colcon.colcon_core.package_identification:_identify(src/DynamixelSDK/c#/protocol2.0/read_write/win32/read_write) by extensions ['python_setup_py']
[0.291s] Level 1:colcon.colcon_core.package_identification:_identify(src/DynamixelSDK/c#/protocol2.0/read_write/win32/read_write) by extension 'python_setup_py'
[0.291s] Level 1:colcon.colcon_core.package_identification:_identify(src/DynamixelSDK/c#/protocol2.0/read_write/win32/read_write/Properties) by extensions ['ignore', 'ignore_ament_install']
[0.291s] Level 1:colcon.colcon_core.package_identification:_identify(src/DynamixelSDK/c#/protocol2.0/read_write/win32/read_write/Properties) by extension 'ignore'
[0.291s] Level 1:colcon.colcon_core.package_identification:_identify(src/DynamixelSDK/c#/protocol2.0/read_write/win32/read_write/Properties) by extension 'ignore_ament_install'
[0.291s] Level 1:colcon.colcon_core.package_identification:_identify(src/DynamixelSDK/c#/protocol2.0/read_write/win32/read_write/Properties) by extensions ['colcon_pkg']
[0.292s] Level 1:colcon.colcon_core.package_identification:_identify(src/DynamixelSDK/c#/protocol2.0/read_write/win32/read_write/Properties) by extension 'colcon_pkg'
[0.292s] Level 1:colcon.colcon_core.package_identification:_identify(src/DynamixelSDK/c#/protocol2.0/read_write/win32/read_write/Properties) by extensions ['colcon_meta']
[0.292s] Level 1:colcon.colcon_core.package_identification:_identify(src/DynamixelSDK/c#/protocol2.0/read_write/win32/read_write/Properties) by extension 'colcon_meta'
[0.292s] Level 1:colcon.colcon_core.package_identification:_identify(src/DynamixelSDK/c#/protocol2.0/read_write/win32/read_write/Properties) by extensions ['ros']
[0.292s] Level 1:colcon.colcon_core.package_identification:_identify(src/DynamixelSDK/c#/protocol2.0/read_write/win32/read_write/Properties) by extension 'ros'
[0.292s] Level 1:colcon.colcon_core.package_identification:_identify(src/DynamixelSDK/c#/protocol2.0/read_write/win32/read_write/Properties) by extensions ['cmake', 'python']
[0.292s] Level 1:colcon.colcon_core.package_identification:_identify(src/DynamixelSDK/c#/protocol2.0/read_write/win32/read_write/Properties) by extension 'cmake'
[0.292s] Level 1:colcon.colcon_core.package_identification:_identify(src/DynamixelSDK/c#/protocol2.0/read_write/win32/read_write/Properties) by extension 'python'
[0.292s] Level 1:colcon.colcon_core.package_identification:_identify(src/DynamixelSDK/c#/protocol2.0/read_write/win32/read_write/Properties) by extensions ['python_setup_py']
[0.292s] Level 1:colcon.colcon_core.package_identification:_identify(src/DynamixelSDK/c#/protocol2.0/read_write/win32/read_write/Properties) by extension 'python_setup_py'
[0.292s] Level 1:colcon.colcon_core.package_identification:_identify(src/DynamixelSDK/c#/protocol2.0/read_write/win64) by extensions ['ignore', 'ignore_ament_install']
[0.292s] Level 1:colcon.colcon_core.package_identification:_identify(src/DynamixelSDK/c#/protocol2.0/read_write/win64) by extension 'ignore'
[0.292s] Level 1:colcon.colcon_core.package_identification:_identify(src/DynamixelSDK/c#/protocol2.0/read_write/win64) by extension 'ignore_ament_install'
[0.292s] Level 1:colcon.colcon_core.package_identification:_identify(src/DynamixelSDK/c#/protocol2.0/read_write/win64) by extensions ['colcon_pkg']
[0.292s] Level 1:colcon.colcon_core.package_identification:_identify(src/DynamixelSDK/c#/protocol2.0/read_write/win64) by extension 'colcon_pkg'
[0.292s] Level 1:colcon.colcon_core.package_identification:_identify(src/DynamixelSDK/c#/protocol2.0/read_write/win64) by extensions ['colcon_meta']
[0.292s] Level 1:colcon.colcon_core.package_identification:_identify(src/DynamixelSDK/c#/protocol2.0/read_write/win64) by extension 'colcon_meta'
[0.293s] Level 1:colcon.colcon_core.package_identification:_identify(src/DynamixelSDK/c#/protocol2.0/read_write/win64) by extensions ['ros']
[0.293s] Level 1:colcon.colcon_core.package_identification:_identify(src/DynamixelSDK/c#/protocol2.0/read_write/win64) by extension 'ros'
[0.293s] Level 1:colcon.colcon_core.package_identification:_identify(src/DynamixelSDK/c#/protocol2.0/read_write/win64) by extensions ['cmake', 'python']
[0.293s] Level 1:colcon.colcon_core.package_identification:_identify(src/DynamixelSDK/c#/protocol2.0/read_write/win64) by extension 'cmake'
[0.293s] Level 1:colcon.colcon_core.package_identification:_identify(src/DynamixelSDK/c#/protocol2.0/read_write/win64) by extension 'python'
[0.293s] Level 1:colcon.colcon_core.package_identification:_identify(src/DynamixelSDK/c#/protocol2.0/read_write/win64) by extensions ['python_setup_py']
[0.293s] Level 1:colcon.colcon_core.package_identification:_identify(src/DynamixelSDK/c#/protocol2.0/read_write/win64) by extension 'python_setup_py'
[0.293s] Level 1:colcon.colcon_core.package_identification:_identify(src/DynamixelSDK/c#/protocol2.0/read_write/win64/read_write) by extensions ['ignore', 'ignore_ament_install']
[0.293s] Level 1:colcon.colcon_core.package_identification:_identify(src/DynamixelSDK/c#/protocol2.0/read_write/win64/read_write) by extension 'ignore'
[0.293s] Level 1:colcon.colcon_core.package_identification:_identify(src/DynamixelSDK/c#/protocol2.0/read_write/win64/read_write) by extension 'ignore_ament_install'
[0.293s] Level 1:colcon.colcon_core.package_identification:_identify(src/DynamixelSDK/c#/protocol2.0/read_write/win64/read_write) by extensions ['colcon_pkg']
[0.293s] Level 1:colcon.colcon_core.package_identification:_identify(src/DynamixelSDK/c#/protocol2.0/read_write/win64/read_write) by extension 'colcon_pkg'
[0.293s] Level 1:colcon.colcon_core.package_identification:_identify(src/DynamixelSDK/c#/protocol2.0/read_write/win64/read_write) by extensions ['colcon_meta']
[0.293s] Level 1:colcon.colcon_core.package_identification:_identify(src/DynamixelSDK/c#/protocol2.0/read_write/win64/read_write) by extension 'colcon_meta'
[0.293s] Level 1:colcon.colcon_core.package_identification:_identify(src/DynamixelSDK/c#/protocol2.0/read_write/win64/read_write) by extensions ['ros']
[0.293s] Level 1:colcon.colcon_core.package_identification:_identify(src/DynamixelSDK/c#/protocol2.0/read_write/win64/read_write) by extension 'ros'
[0.293s] Level 1:colcon.colcon_core.package_identification:_identify(src/DynamixelSDK/c#/protocol2.0/read_write/win64/read_write) by extensions ['cmake', 'python']
[0.293s] Level 1:colcon.colcon_core.package_identification:_identify(src/DynamixelSDK/c#/protocol2.0/read_write/win64/read_write) by extension 'cmake'
[0.294s] Level 1:colcon.colcon_core.package_identification:_identify(src/DynamixelSDK/c#/protocol2.0/read_write/win64/read_write) by extension 'python'
[0.294s] Level 1:colcon.colcon_core.package_identification:_identify(src/DynamixelSDK/c#/protocol2.0/read_write/win64/read_write) by extensions ['python_setup_py']
[0.294s] Level 1:colcon.colcon_core.package_identification:_identify(src/DynamixelSDK/c#/protocol2.0/read_write/win64/read_write) by extension 'python_setup_py'
[0.294s] Level 1:colcon.colcon_core.package_identification:_identify(src/DynamixelSDK/c#/protocol2.0/read_write/win64/read_write/Properties) by extensions ['ignore', 'ignore_ament_install']
[0.294s] Level 1:colcon.colcon_core.package_identification:_identify(src/DynamixelSDK/c#/protocol2.0/read_write/win64/read_write/Properties) by extension 'ignore'
[0.294s] Level 1:colcon.colcon_core.package_identification:_identify(src/DynamixelSDK/c#/protocol2.0/read_write/win64/read_write/Properties) by extension 'ignore_ament_install'
[0.294s] Level 1:colcon.colcon_core.package_identification:_identify(src/DynamixelSDK/c#/protocol2.0/read_write/win64/read_write/Properties) by extensions ['colcon_pkg']
[0.294s] Level 1:colcon.colcon_core.package_identification:_identify(src/DynamixelSDK/c#/protocol2.0/read_write/win64/read_write/Properties) by extension 'colcon_pkg'
[0.294s] Level 1:colcon.colcon_core.package_identification:_identify(src/DynamixelSDK/c#/protocol2.0/read_write/win64/read_write/Properties) by extensions ['colcon_meta']
[0.294s] Level 1:colcon.colcon_core.package_identification:_identify(src/DynamixelSDK/c#/protocol2.0/read_write/win64/read_write/Properties) by extension 'colcon_meta'
[0.294s] Level 1:colcon.colcon_core.package_identification:_identify(src/DynamixelSDK/c#/protocol2.0/read_write/win64/read_write/Properties) by extensions ['ros']
[0.294s] Level 1:colcon.colcon_core.package_identification:_identify(src/DynamixelSDK/c#/protocol2.0/read_write/win64/read_write/Properties) by extension 'ros'
[0.294s] Level 1:colcon.colcon_core.package_identification:_identify(src/DynamixelSDK/c#/protocol2.0/read_write/win64/read_write/Properties) by extensions ['cmake', 'python']
[0.294s] Level 1:colcon.colcon_core.package_identification:_identify(src/DynamixelSDK/c#/protocol2.0/read_write/win64/read_write/Properties) by extension 'cmake'
[0.294s] Level 1:colcon.colcon_core.package_identification:_identify(src/DynamixelSDK/c#/protocol2.0/read_write/win64/read_write/Properties) by extension 'python'
[0.294s] Level 1:colcon.colcon_core.package_identification:_identify(src/DynamixelSDK/c#/protocol2.0/read_write/win64/read_write/Properties) by extensions ['python_setup_py']
[0.295s] Level 1:colcon.colcon_core.package_identification:_identify(src/DynamixelSDK/c#/protocol2.0/read_write/win64/read_write/Properties) by extension 'python_setup_py'
[0.295s] Level 1:colcon.colcon_core.package_identification:_identify(src/DynamixelSDK/c#/protocol2.0/reboot) by extensions ['ignore', 'ignore_ament_install']
[0.295s] Level 1:colcon.colcon_core.package_identification:_identify(src/DynamixelSDK/c#/protocol2.0/reboot) by extension 'ignore'
[0.295s] Level 1:colcon.colcon_core.package_identification:_identify(src/DynamixelSDK/c#/protocol2.0/reboot) by extension 'ignore_ament_install'
[0.295s] Level 1:colcon.colcon_core.package_identification:_identify(src/DynamixelSDK/c#/protocol2.0/reboot) by extensions ['colcon_pkg']
[0.295s] Level 1:colcon.colcon_core.package_identification:_identify(src/DynamixelSDK/c#/protocol2.0/reboot) by extension 'colcon_pkg'
[0.295s] Level 1:colcon.colcon_core.package_identification:_identify(src/DynamixelSDK/c#/protocol2.0/reboot) by extensions ['colcon_meta']
[0.295s] Level 1:colcon.colcon_core.package_identification:_identify(src/DynamixelSDK/c#/protocol2.0/reboot) by extension 'colcon_meta'
[0.295s] Level 1:colcon.colcon_core.package_identification:_identify(src/DynamixelSDK/c#/protocol2.0/reboot) by extensions ['ros']
[0.295s] Level 1:colcon.colcon_core.package_identification:_identify(src/DynamixelSDK/c#/protocol2.0/reboot) by extension 'ros'
[0.295s] Level 1:colcon.colcon_core.package_identification:_identify(src/DynamixelSDK/c#/protocol2.0/reboot) by extensions ['cmake', 'python']
[0.295s] Level 1:colcon.colcon_core.package_identification:_identify(src/DynamixelSDK/c#/protocol2.0/reboot) by extension 'cmake'
[0.295s] Level 1:colcon.colcon_core.package_identification:_identify(src/DynamixelSDK/c#/protocol2.0/reboot) by extension 'python'
[0.295s] Level 1:colcon.colcon_core.package_identification:_identify(src/DynamixelSDK/c#/protocol2.0/reboot) by extensions ['python_setup_py']
[0.295s] Level 1:colcon.colcon_core.package_identification:_identify(src/DynamixelSDK/c#/protocol2.0/reboot) by extension 'python_setup_py'
[0.296s] Level 1:colcon.colcon_core.package_identification:_identify(src/DynamixelSDK/c#/protocol2.0/reboot/win32) by extensions ['ignore', 'ignore_ament_install']
[0.296s] Level 1:colcon.colcon_core.package_identification:_identify(src/DynamixelSDK/c#/protocol2.0/reboot/win32) by extension 'ignore'
[0.296s] Level 1:colcon.colcon_core.package_identification:_identify(src/DynamixelSDK/c#/protocol2.0/reboot/win32) by extension 'ignore_ament_install'
[0.296s] Level 1:colcon.colcon_core.package_identification:_identify(src/DynamixelSDK/c#/protocol2.0/reboot/win32) by extensions ['colcon_pkg']
[0.296s] Level 1:colcon.colcon_core.package_identification:_identify(src/DynamixelSDK/c#/protocol2.0/reboot/win32) by extension 'colcon_pkg'
[0.296s] Level 1:colcon.colcon_core.package_identification:_identify(src/DynamixelSDK/c#/protocol2.0/reboot/win32) by extensions ['colcon_meta']
[0.296s] Level 1:colcon.colcon_core.package_identification:_identify(src/DynamixelSDK/c#/protocol2.0/reboot/win32) by extension 'colcon_meta'
[0.296s] Level 1:colcon.colcon_core.package_identification:_identify(src/DynamixelSDK/c#/protocol2.0/reboot/win32) by extensions ['ros']
[0.296s] Level 1:colcon.colcon_core.package_identification:_identify(src/DynamixelSDK/c#/protocol2.0/reboot/win32) by extension 'ros'
[0.296s] Level 1:colcon.colcon_core.package_identification:_identify(src/DynamixelSDK/c#/protocol2.0/reboot/win32) by extensions ['cmake', 'python']
[0.296s] Level 1:colcon.colcon_core.package_identification:_identify(src/DynamixelSDK/c#/protocol2.0/reboot/win32) by extension 'cmake'
[0.296s] Level 1:colcon.colcon_core.package_identification:_identify(src/DynamixelSDK/c#/protocol2.0/reboot/win32) by extension 'python'
[0.296s] Level 1:colcon.colcon_core.package_identification:_identify(src/DynamixelSDK/c#/protocol2.0/reboot/win32) by extensions ['python_setup_py']
[0.296s] Level 1:colcon.colcon_core.package_identification:_identify(src/DynamixelSDK/c#/protocol2.0/reboot/win32) by extension 'python_setup_py'
[0.296s] Level 1:colcon.colcon_core.package_identification:_identify(src/DynamixelSDK/c#/protocol2.0/reboot/win32/reboot) by extensions ['ignore', 'ignore_ament_install']
[0.296s] Level 1:colcon.colcon_core.package_identification:_identify(src/DynamixelSDK/c#/protocol2.0/reboot/win32/reboot) by extension 'ignore'
[0.297s] Level 1:colcon.colcon_core.package_identification:_identify(src/DynamixelSDK/c#/protocol2.0/reboot/win32/reboot) by extension 'ignore_ament_install'
[0.297s] Level 1:colcon.colcon_core.package_identification:_identify(src/DynamixelSDK/c#/protocol2.0/reboot/win32/reboot) by extensions ['colcon_pkg']
[0.297s] Level 1:colcon.colcon_core.package_identification:_identify(src/DynamixelSDK/c#/protocol2.0/reboot/win32/reboot) by extension 'colcon_pkg'
[0.297s] Level 1:colcon.colcon_core.package_identification:_identify(src/DynamixelSDK/c#/protocol2.0/reboot/win32/reboot) by extensions ['colcon_meta']
[0.297s] Level 1:colcon.colcon_core.package_identification:_identify(src/DynamixelSDK/c#/protocol2.0/reboot/win32/reboot) by extension 'colcon_meta'
[0.297s] Level 1:colcon.colcon_core.package_identification:_identify(src/DynamixelSDK/c#/protocol2.0/reboot/win32/reboot) by extensions ['ros']
[0.297s] Level 1:colcon.colcon_core.package_identification:_identify(src/DynamixelSDK/c#/protocol2.0/reboot/win32/reboot) by extension 'ros'
[0.297s] Level 1:colcon.colcon_core.package_identification:_identify(src/DynamixelSDK/c#/protocol2.0/reboot/win32/reboot) by extensions ['cmake', 'python']
[0.297s] Level 1:colcon.colcon_core.package_identification:_identify(src/DynamixelSDK/c#/protocol2.0/reboot/win32/reboot) by extension 'cmake'
[0.297s] Level 1:colcon.colcon_core.package_identification:_identify(src/DynamixelSDK/c#/protocol2.0/reboot/win32/reboot) by extension 'python'
[0.297s] Level 1:colcon.colcon_core.package_identification:_identify(src/DynamixelSDK/c#/protocol2.0/reboot/win32/reboot) by extensions ['python_setup_py']
[0.297s] Level 1:colcon.colcon_core.package_identification:_identify(src/DynamixelSDK/c#/protocol2.0/reboot/win32/reboot) by extension 'python_setup_py'
[0.297s] Level 1:colcon.colcon_core.package_identification:_identify(src/DynamixelSDK/c#/protocol2.0/reboot/win32/reboot/Properties) by extensions ['ignore', 'ignore_ament_install']
[0.297s] Level 1:colcon.colcon_core.package_identification:_identify(src/DynamixelSDK/c#/protocol2.0/reboot/win32/reboot/Properties) by extension 'ignore'
[0.297s] Level 1:colcon.colcon_core.package_identification:_identify(src/DynamixelSDK/c#/protocol2.0/reboot/win32/reboot/Properties) by extension 'ignore_ament_install'
[0.297s] Level 1:colcon.colcon_core.package_identification:_identify(src/DynamixelSDK/c#/protocol2.0/reboot/win32/reboot/Properties) by extensions ['colcon_pkg']
[0.297s] Level 1:colcon.colcon_core.package_identification:_identify(src/DynamixelSDK/c#/protocol2.0/reboot/win32/reboot/Properties) by extension 'colcon_pkg'
[0.298s] Level 1:colcon.colcon_core.package_identification:_identify(src/DynamixelSDK/c#/protocol2.0/reboot/win32/reboot/Properties) by extensions ['colcon_meta']
[0.298s] Level 1:colcon.colcon_core.package_identification:_identify(src/DynamixelSDK/c#/protocol2.0/reboot/win32/reboot/Properties) by extension 'colcon_meta'
[0.298s] Level 1:colcon.colcon_core.package_identification:_identify(src/DynamixelSDK/c#/protocol2.0/reboot/win32/reboot/Properties) by extensions ['ros']
[0.298s] Level 1:colcon.colcon_core.package_identification:_identify(src/DynamixelSDK/c#/protocol2.0/reboot/win32/reboot/Properties) by extension 'ros'
[0.298s] Level 1:colcon.colcon_core.package_identification:_identify(src/DynamixelSDK/c#/protocol2.0/reboot/win32/reboot/Properties) by extensions ['cmake', 'python']
[0.298s] Level 1:colcon.colcon_core.package_identification:_identify(src/DynamixelSDK/c#/protocol2.0/reboot/win32/reboot/Properties) by extension 'cmake'
[0.298s] Level 1:colcon.colcon_core.package_identification:_identify(src/DynamixelSDK/c#/protocol2.0/reboot/win32/reboot/Properties) by extension 'python'
[0.298s] Level 1:colcon.colcon_core.package_identification:_identify(src/DynamixelSDK/c#/protocol2.0/reboot/win32/reboot/Properties) by extensions ['python_setup_py']
[0.298s] Level 1:colcon.colcon_core.package_identification:_identify(src/DynamixelSDK/c#/protocol2.0/reboot/win32/reboot/Properties) by extension 'python_setup_py'
[0.298s] Level 1:colcon.colcon_core.package_identification:_identify(src/DynamixelSDK/c#/protocol2.0/reboot/win64) by extensions ['ignore', 'ignore_ament_install']
[0.298s] Level 1:colcon.colcon_core.package_identification:_identify(src/DynamixelSDK/c#/protocol2.0/reboot/win64) by extension 'ignore'
[0.298s] Level 1:colcon.colcon_core.package_identification:_identify(src/DynamixelSDK/c#/protocol2.0/reboot/win64) by extension 'ignore_ament_install'
[0.298s] Level 1:colcon.colcon_core.package_identification:_identify(src/DynamixelSDK/c#/protocol2.0/reboot/win64) by extensions ['colcon_pkg']
[0.298s] Level 1:colcon.colcon_core.package_identification:_identify(src/DynamixelSDK/c#/protocol2.0/reboot/win64) by extension 'colcon_pkg'
[0.298s] Level 1:colcon.colcon_core.package_identification:_identify(src/DynamixelSDK/c#/protocol2.0/reboot/win64) by extensions ['colcon_meta']
[0.298s] Level 1:colcon.colcon_core.package_identification:_identify(src/DynamixelSDK/c#/protocol2.0/reboot/win64) by extension 'colcon_meta'
[0.299s] Level 1:colcon.colcon_core.package_identification:_identify(src/DynamixelSDK/c#/protocol2.0/reboot/win64) by extensions ['ros']
[0.299s] Level 1:colcon.colcon_core.package_identification:_identify(src/DynamixelSDK/c#/protocol2.0/reboot/win64) by extension 'ros'
[0.299s] Level 1:colcon.colcon_core.package_identification:_identify(src/DynamixelSDK/c#/protocol2.0/reboot/win64) by extensions ['cmake', 'python']
[0.299s] Level 1:colcon.colcon_core.package_identification:_identify(src/DynamixelSDK/c#/protocol2.0/reboot/win64) by extension 'cmake'
[0.299s] Level 1:colcon.colcon_core.package_identification:_identify(src/DynamixelSDK/c#/protocol2.0/reboot/win64) by extension 'python'
[0.299s] Level 1:colcon.colcon_core.package_identification:_identify(src/DynamixelSDK/c#/protocol2.0/reboot/win64) by extensions ['python_setup_py']
[0.299s] Level 1:colcon.colcon_core.package_identification:_identify(src/DynamixelSDK/c#/protocol2.0/reboot/win64) by extension 'python_setup_py'
[0.299s] Level 1:colcon.colcon_core.package_identification:_identify(src/DynamixelSDK/c#/protocol2.0/reboot/win64/reboot) by extensions ['ignore', 'ignore_ament_install']
[0.299s] Level 1:colcon.colcon_core.package_identification:_identify(src/DynamixelSDK/c#/protocol2.0/reboot/win64/reboot) by extension 'ignore'
[0.299s] Level 1:colcon.colcon_core.package_identification:_identify(src/DynamixelSDK/c#/protocol2.0/reboot/win64/reboot) by extension 'ignore_ament_install'
[0.299s] Level 1:colcon.colcon_core.package_identification:_identify(src/DynamixelSDK/c#/protocol2.0/reboot/win64/reboot) by extensions ['colcon_pkg']
[0.299s] Level 1:colcon.colcon_core.package_identification:_identify(src/DynamixelSDK/c#/protocol2.0/reboot/win64/reboot) by extension 'colcon_pkg'
[0.299s] Level 1:colcon.colcon_core.package_identification:_identify(src/DynamixelSDK/c#/protocol2.0/reboot/win64/reboot) by extensions ['colcon_meta']
[0.299s] Level 1:colcon.colcon_core.package_identification:_identify(src/DynamixelSDK/c#/protocol2.0/reboot/win64/reboot) by extension 'colcon_meta'
[0.299s] Level 1:colcon.colcon_core.package_identification:_identify(src/DynamixelSDK/c#/protocol2.0/reboot/win64/reboot) by extensions ['ros']
[0.299s] Level 1:colcon.colcon_core.package_identification:_identify(src/DynamixelSDK/c#/protocol2.0/reboot/win64/reboot) by extension 'ros'
[0.300s] Level 1:colcon.colcon_core.package_identification:_identify(src/DynamixelSDK/c#/protocol2.0/reboot/win64/reboot) by extensions ['cmake', 'python']
[0.300s] Level 1:colcon.colcon_core.package_identification:_identify(src/DynamixelSDK/c#/protocol2.0/reboot/win64/reboot) by extension 'cmake'
[0.300s] Level 1:colcon.colcon_core.package_identification:_identify(src/DynamixelSDK/c#/protocol2.0/reboot/win64/reboot) by extension 'python'
[0.300s] Level 1:colcon.colcon_core.package_identification:_identify(src/DynamixelSDK/c#/protocol2.0/reboot/win64/reboot) by extensions ['python_setup_py']
[0.300s] Level 1:colcon.colcon_core.package_identification:_identify(src/DynamixelSDK/c#/protocol2.0/reboot/win64/reboot) by extension 'python_setup_py'
[0.300s] Level 1:colcon.colcon_core.package_identification:_identify(src/DynamixelSDK/c#/protocol2.0/reboot/win64/reboot/Properties) by extensions ['ignore', 'ignore_ament_install']
[0.300s] Level 1:colcon.colcon_core.package_identification:_identify(src/DynamixelSDK/c#/protocol2.0/reboot/win64/reboot/Properties) by extension 'ignore'
[0.300s] Level 1:colcon.colcon_core.package_identification:_identify(src/DynamixelSDK/c#/protocol2.0/reboot/win64/reboot/Properties) by extension 'ignore_ament_install'
[0.300s] Level 1:colcon.colcon_core.package_identification:_identify(src/DynamixelSDK/c#/protocol2.0/reboot/win64/reboot/Properties) by extensions ['colcon_pkg']
[0.300s] Level 1:colcon.colcon_core.package_identification:_identify(src/DynamixelSDK/c#/protocol2.0/reboot/win64/reboot/Properties) by extension 'colcon_pkg'
[0.300s] Level 1:colcon.colcon_core.package_identification:_identify(src/DynamixelSDK/c#/protocol2.0/reboot/win64/reboot/Properties) by extensions ['colcon_meta']
[0.300s] Level 1:colcon.colcon_core.package_identification:_identify(src/DynamixelSDK/c#/protocol2.0/reboot/win64/reboot/Properties) by extension 'colcon_meta'
[0.300s] Level 1:colcon.colcon_core.package_identification:_identify(src/DynamixelSDK/c#/protocol2.0/reboot/win64/reboot/Properties) by extensions ['ros']
[0.300s] Level 1:colcon.colcon_core.package_identification:_identify(src/DynamixelSDK/c#/protocol2.0/reboot/win64/reboot/Properties) by extension 'ros'
[0.300s] Level 1:colcon.colcon_core.package_identification:_identify(src/DynamixelSDK/c#/protocol2.0/reboot/win64/reboot/Properties) by extensions ['cmake', 'python']
[0.300s] Level 1:colcon.colcon_core.package_identification:_identify(src/DynamixelSDK/c#/protocol2.0/reboot/win64/reboot/Properties) by extension 'cmake'
[0.300s] Level 1:colcon.colcon_core.package_identification:_identify(src/DynamixelSDK/c#/protocol2.0/reboot/win64/reboot/Properties) by extension 'python'
[0.301s] Level 1:colcon.colcon_core.package_identification:_identify(src/DynamixelSDK/c#/protocol2.0/reboot/win64/reboot/Properties) by extensions ['python_setup_py']
[0.301s] Level 1:colcon.colcon_core.package_identification:_identify(src/DynamixelSDK/c#/protocol2.0/reboot/win64/reboot/Properties) by extension 'python_setup_py'
[0.301s] Level 1:colcon.colcon_core.package_identification:_identify(src/DynamixelSDK/c#/protocol2.0/sync_read_write) by extensions ['ignore', 'ignore_ament_install']
[0.301s] Level 1:colcon.colcon_core.package_identification:_identify(src/DynamixelSDK/c#/protocol2.0/sync_read_write) by extension 'ignore'
[0.301s] Level 1:colcon.colcon_core.package_identification:_identify(src/DynamixelSDK/c#/protocol2.0/sync_read_write) by extension 'ignore_ament_install'
[0.301s] Level 1:colcon.colcon_core.package_identification:_identify(src/DynamixelSDK/c#/protocol2.0/sync_read_write) by extensions ['colcon_pkg']
[0.301s] Level 1:colcon.colcon_core.package_identification:_identify(src/DynamixelSDK/c#/protocol2.0/sync_read_write) by extension 'colcon_pkg'
[0.301s] Level 1:colcon.colcon_core.package_identification:_identify(src/DynamixelSDK/c#/protocol2.0/sync_read_write) by extensions ['colcon_meta']
[0.301s] Level 1:colcon.colcon_core.package_identification:_identify(src/DynamixelSDK/c#/protocol2.0/sync_read_write) by extension 'colcon_meta'
[0.301s] Level 1:colcon.colcon_core.package_identification:_identify(src/DynamixelSDK/c#/protocol2.0/sync_read_write) by extensions ['ros']
[0.301s] Level 1:colcon.colcon_core.package_identification:_identify(src/DynamixelSDK/c#/protocol2.0/sync_read_write) by extension 'ros'
[0.301s] Level 1:colcon.colcon_core.package_identification:_identify(src/DynamixelSDK/c#/protocol2.0/sync_read_write) by extensions ['cmake', 'python']
[0.301s] Level 1:colcon.colcon_core.package_identification:_identify(src/DynamixelSDK/c#/protocol2.0/sync_read_write) by extension 'cmake'
[0.301s] Level 1:colcon.colcon_core.package_identification:_identify(src/DynamixelSDK/c#/protocol2.0/sync_read_write) by extension 'python'
[0.301s] Level 1:colcon.colcon_core.package_identification:_identify(src/DynamixelSDK/c#/protocol2.0/sync_read_write) by extensions ['python_setup_py']
[0.301s] Level 1:colcon.colcon_core.package_identification:_identify(src/DynamixelSDK/c#/protocol2.0/sync_read_write) by extension 'python_setup_py'
[0.302s] Level 1:colcon.colcon_core.package_identification:_identify(src/DynamixelSDK/c#/protocol2.0/sync_read_write/win32) by extensions ['ignore', 'ignore_ament_install']
[0.302s] Level 1:colcon.colcon_core.package_identification:_identify(src/DynamixelSDK/c#/protocol2.0/sync_read_write/win32) by extension 'ignore'
[0.302s] Level 1:colcon.colcon_core.package_identification:_identify(src/DynamixelSDK/c#/protocol2.0/sync_read_write/win32) by extension 'ignore_ament_install'
[0.302s] Level 1:colcon.colcon_core.package_identification:_identify(src/DynamixelSDK/c#/protocol2.0/sync_read_write/win32) by extensions ['colcon_pkg']
[0.302s] Level 1:colcon.colcon_core.package_identification:_identify(src/DynamixelSDK/c#/protocol2.0/sync_read_write/win32) by extension 'colcon_pkg'
[0.302s] Level 1:colcon.colcon_core.package_identification:_identify(src/DynamixelSDK/c#/protocol2.0/sync_read_write/win32) by extensions ['colcon_meta']
[0.302s] Level 1:colcon.colcon_core.package_identification:_identify(src/DynamixelSDK/c#/protocol2.0/sync_read_write/win32) by extension 'colcon_meta'
[0.302s] Level 1:colcon.colcon_core.package_identification:_identify(src/DynamixelSDK/c#/protocol2.0/sync_read_write/win32) by extensions ['ros']
[0.302s] Level 1:colcon.colcon_core.package_identification:_identify(src/DynamixelSDK/c#/protocol2.0/sync_read_write/win32) by extension 'ros'
[0.302s] Level 1:colcon.colcon_core.package_identification:_identify(src/DynamixelSDK/c#/protocol2.0/sync_read_write/win32) by extensions ['cmake', 'python']
[0.302s] Level 1:colcon.colcon_core.package_identification:_identify(src/DynamixelSDK/c#/protocol2.0/sync_read_write/win32) by extension 'cmake'
[0.302s] Level 1:colcon.colcon_core.package_identification:_identify(src/DynamixelSDK/c#/protocol2.0/sync_read_write/win32) by extension 'python'
[0.302s] Level 1:colcon.colcon_core.package_identification:_identify(src/DynamixelSDK/c#/protocol2.0/sync_read_write/win32) by extensions ['python_setup_py']
[0.302s] Level 1:colcon.colcon_core.package_identification:_identify(src/DynamixelSDK/c#/protocol2.0/sync_read_write/win32) by extension 'python_setup_py'
[0.302s] Level 1:colcon.colcon_core.package_identification:_identify(src/DynamixelSDK/c#/protocol2.0/sync_read_write/win32/sync_read_write) by extensions ['ignore', 'ignore_ament_install']
[0.302s] Level 1:colcon.colcon_core.package_identification:_identify(src/DynamixelSDK/c#/protocol2.0/sync_read_write/win32/sync_read_write) by extension 'ignore'
[0.303s] Level 1:colcon.colcon_core.package_identification:_identify(src/DynamixelSDK/c#/protocol2.0/sync_read_write/win32/sync_read_write) by extension 'ignore_ament_install'
[0.303s] Level 1:colcon.colcon_core.package_identification:_identify(src/DynamixelSDK/c#/protocol2.0/sync_read_write/win32/sync_read_write) by extensions ['colcon_pkg']
[0.303s] Level 1:colcon.colcon_core.package_identification:_identify(src/DynamixelSDK/c#/protocol2.0/sync_read_write/win32/sync_read_write) by extension 'colcon_pkg'
[0.303s] Level 1:colcon.colcon_core.package_identification:_identify(src/DynamixelSDK/c#/protocol2.0/sync_read_write/win32/sync_read_write) by extensions ['colcon_meta']
[0.303s] Level 1:colcon.colcon_core.package_identification:_identify(src/DynamixelSDK/c#/protocol2.0/sync_read_write/win32/sync_read_write) by extension 'colcon_meta'
[0.303s] Level 1:colcon.colcon_core.package_identification:_identify(src/DynamixelSDK/c#/protocol2.0/sync_read_write/win32/sync_read_write) by extensions ['ros']
[0.303s] Level 1:colcon.colcon_core.package_identification:_identify(src/DynamixelSDK/c#/protocol2.0/sync_read_write/win32/sync_read_write) by extension 'ros'
[0.303s] Level 1:colcon.colcon_core.package_identification:_identify(src/DynamixelSDK/c#/protocol2.0/sync_read_write/win32/sync_read_write) by extensions ['cmake', 'python']
[0.303s] Level 1:colcon.colcon_core.package_identification:_identify(src/DynamixelSDK/c#/protocol2.0/sync_read_write/win32/sync_read_write) by extension 'cmake'
[0.303s] Level 1:colcon.colcon_core.package_identification:_identify(src/DynamixelSDK/c#/protocol2.0/sync_read_write/win32/sync_read_write) by extension 'python'
[0.303s] Level 1:colcon.colcon_core.package_identification:_identify(src/DynamixelSDK/c#/protocol2.0/sync_read_write/win32/sync_read_write) by extensions ['python_setup_py']
[0.303s] Level 1:colcon.colcon_core.package_identification:_identify(src/DynamixelSDK/c#/protocol2.0/sync_read_write/win32/sync_read_write) by extension 'python_setup_py'
[0.303s] Level 1:colcon.colcon_core.package_identification:_identify(src/DynamixelSDK/c#/protocol2.0/sync_read_write/win32/sync_read_write/Properties) by extensions ['ignore', 'ignore_ament_install']
[0.303s] Level 1:colcon.colcon_core.package_identification:_identify(src/DynamixelSDK/c#/protocol2.0/sync_read_write/win32/sync_read_write/Properties) by extension 'ignore'
[0.303s] Level 1:colcon.colcon_core.package_identification:_identify(src/DynamixelSDK/c#/protocol2.0/sync_read_write/win32/sync_read_write/Properties) by extension 'ignore_ament_install'
[0.303s] Level 1:colcon.colcon_core.package_identification:_identify(src/DynamixelSDK/c#/protocol2.0/sync_read_write/win32/sync_read_write/Properties) by extensions ['colcon_pkg']
[0.303s] Level 1:colcon.colcon_core.package_identification:_identify(src/DynamixelSDK/c#/protocol2.0/sync_read_write/win32/sync_read_write/Properties) by extension 'colcon_pkg'
[0.304s] Level 1:colcon.colcon_core.package_identification:_identify(src/DynamixelSDK/c#/protocol2.0/sync_read_write/win32/sync_read_write/Properties) by extensions ['colcon_meta']
[0.304s] Level 1:colcon.colcon_core.package_identification:_identify(src/DynamixelSDK/c#/protocol2.0/sync_read_write/win32/sync_read_write/Properties) by extension 'colcon_meta'
[0.304s] Level 1:colcon.colcon_core.package_identification:_identify(src/DynamixelSDK/c#/protocol2.0/sync_read_write/win32/sync_read_write/Properties) by extensions ['ros']
[0.304s] Level 1:colcon.colcon_core.package_identification:_identify(src/DynamixelSDK/c#/protocol2.0/sync_read_write/win32/sync_read_write/Properties) by extension 'ros'
[0.304s] Level 1:colcon.colcon_core.package_identification:_identify(src/DynamixelSDK/c#/protocol2.0/sync_read_write/win32/sync_read_write/Properties) by extensions ['cmake', 'python']
[0.304s] Level 1:colcon.colcon_core.package_identification:_identify(src/DynamixelSDK/c#/protocol2.0/sync_read_write/win32/sync_read_write/Properties) by extension 'cmake'
[0.304s] Level 1:colcon.colcon_core.package_identification:_identify(src/DynamixelSDK/c#/protocol2.0/sync_read_write/win32/sync_read_write/Properties) by extension 'python'
[0.304s] Level 1:colcon.colcon_core.package_identification:_identify(src/DynamixelSDK/c#/protocol2.0/sync_read_write/win32/sync_read_write/Properties) by extensions ['python_setup_py']
[0.304s] Level 1:colcon.colcon_core.package_identification:_identify(src/DynamixelSDK/c#/protocol2.0/sync_read_write/win32/sync_read_write/Properties) by extension 'python_setup_py'
[0.304s] Level 1:colcon.colcon_core.package_identification:_identify(src/DynamixelSDK/c#/protocol2.0/sync_read_write/win64) by extensions ['ignore', 'ignore_ament_install']
[0.304s] Level 1:colcon.colcon_core.package_identification:_identify(src/DynamixelSDK/c#/protocol2.0/sync_read_write/win64) by extension 'ignore'
[0.304s] Level 1:colcon.colcon_core.package_identification:_identify(src/DynamixelSDK/c#/protocol2.0/sync_read_write/win64) by extension 'ignore_ament_install'
[0.304s] Level 1:colcon.colcon_core.package_identification:_identify(src/DynamixelSDK/c#/protocol2.0/sync_read_write/win64) by extensions ['colcon_pkg']
[0.304s] Level 1:colcon.colcon_core.package_identification:_identify(src/DynamixelSDK/c#/protocol2.0/sync_read_write/win64) by extension 'colcon_pkg'
[0.304s] Level 1:colcon.colcon_core.package_identification:_identify(src/DynamixelSDK/c#/protocol2.0/sync_read_write/win64) by extensions ['colcon_meta']
[0.304s] Level 1:colcon.colcon_core.package_identification:_identify(src/DynamixelSDK/c#/protocol2.0/sync_read_write/win64) by extension 'colcon_meta'
[0.304s] Level 1:colcon.colcon_core.package_identification:_identify(src/DynamixelSDK/c#/protocol2.0/sync_read_write/win64) by extensions ['ros']
[0.305s] Level 1:colcon.colcon_core.package_identification:_identify(src/DynamixelSDK/c#/protocol2.0/sync_read_write/win64) by extension 'ros'
[0.305s] Level 1:colcon.colcon_core.package_identification:_identify(src/DynamixelSDK/c#/protocol2.0/sync_read_write/win64) by extensions ['cmake', 'python']
[0.305s] Level 1:colcon.colcon_core.package_identification:_identify(src/DynamixelSDK/c#/protocol2.0/sync_read_write/win64) by extension 'cmake'
[0.305s] Level 1:colcon.colcon_core.package_identification:_identify(src/DynamixelSDK/c#/protocol2.0/sync_read_write/win64) by extension 'python'
[0.305s] Level 1:colcon.colcon_core.package_identification:_identify(src/DynamixelSDK/c#/protocol2.0/sync_read_write/win64) by extensions ['python_setup_py']
[0.305s] Level 1:colcon.colcon_core.package_identification:_identify(src/DynamixelSDK/c#/protocol2.0/sync_read_write/win64) by extension 'python_setup_py'
[0.305s] Level 1:colcon.colcon_core.package_identification:_identify(src/DynamixelSDK/c#/protocol2.0/sync_read_write/win64/sync_read_write) by extensions ['ignore', 'ignore_ament_install']
[0.305s] Level 1:colcon.colcon_core.package_identification:_identify(src/DynamixelSDK/c#/protocol2.0/sync_read_write/win64/sync_read_write) by extension 'ignore'
[0.305s] Level 1:colcon.colcon_core.package_identification:_identify(src/DynamixelSDK/c#/protocol2.0/sync_read_write/win64/sync_read_write) by extension 'ignore_ament_install'
[0.305s] Level 1:colcon.colcon_core.package_identification:_identify(src/DynamixelSDK/c#/protocol2.0/sync_read_write/win64/sync_read_write) by extensions ['colcon_pkg']
[0.305s] Level 1:colcon.colcon_core.package_identification:_identify(src/DynamixelSDK/c#/protocol2.0/sync_read_write/win64/sync_read_write) by extension 'colcon_pkg'
[0.305s] Level 1:colcon.colcon_core.package_identification:_identify(src/DynamixelSDK/c#/protocol2.0/sync_read_write/win64/sync_read_write) by extensions ['colcon_meta']
[0.305s] Level 1:colcon.colcon_core.package_identification:_identify(src/DynamixelSDK/c#/protocol2.0/sync_read_write/win64/sync_read_write) by extension 'colcon_meta'
[0.305s] Level 1:colcon.colcon_core.package_identification:_identify(src/DynamixelSDK/c#/protocol2.0/sync_read_write/win64/sync_read_write) by extensions ['ros']
[0.305s] Level 1:colcon.colcon_core.package_identification:_identify(src/DynamixelSDK/c#/protocol2.0/sync_read_write/win64/sync_read_write) by extension 'ros'
[0.305s] Level 1:colcon.colcon_core.package_identification:_identify(src/DynamixelSDK/c#/protocol2.0/sync_read_write/win64/sync_read_write) by extensions ['cmake', 'python']
[0.305s] Level 1:colcon.colcon_core.package_identification:_identify(src/DynamixelSDK/c#/protocol2.0/sync_read_write/win64/sync_read_write) by extension 'cmake'
[0.306s] Level 1:colcon.colcon_core.package_identification:_identify(src/DynamixelSDK/c#/protocol2.0/sync_read_write/win64/sync_read_write) by extension 'python'
[0.306s] Level 1:colcon.colcon_core.package_identification:_identify(src/DynamixelSDK/c#/protocol2.0/sync_read_write/win64/sync_read_write) by extensions ['python_setup_py']
[0.306s] Level 1:colcon.colcon_core.package_identification:_identify(src/DynamixelSDK/c#/protocol2.0/sync_read_write/win64/sync_read_write) by extension 'python_setup_py'
[0.306s] Level 1:colcon.colcon_core.package_identification:_identify(src/DynamixelSDK/c#/protocol2.0/sync_read_write/win64/sync_read_write/Properties) by extensions ['ignore', 'ignore_ament_install']
[0.306s] Level 1:colcon.colcon_core.package_identification:_identify(src/DynamixelSDK/c#/protocol2.0/sync_read_write/win64/sync_read_write/Properties) by extension 'ignore'
[0.306s] Level 1:colcon.colcon_core.package_identification:_identify(src/DynamixelSDK/c#/protocol2.0/sync_read_write/win64/sync_read_write/Properties) by extension 'ignore_ament_install'
[0.306s] Level 1:colcon.colcon_core.package_identification:_identify(src/DynamixelSDK/c#/protocol2.0/sync_read_write/win64/sync_read_write/Properties) by extensions ['colcon_pkg']
[0.306s] Level 1:colcon.colcon_core.package_identification:_identify(src/DynamixelSDK/c#/protocol2.0/sync_read_write/win64/sync_read_write/Properties) by extension 'colcon_pkg'
[0.306s] Level 1:colcon.colcon_core.package_identification:_identify(src/DynamixelSDK/c#/protocol2.0/sync_read_write/win64/sync_read_write/Properties) by extensions ['colcon_meta']
[0.306s] Level 1:colcon.colcon_core.package_identification:_identify(src/DynamixelSDK/c#/protocol2.0/sync_read_write/win64/sync_read_write/Properties) by extension 'colcon_meta'
[0.306s] Level 1:colcon.colcon_core.package_identification:_identify(src/DynamixelSDK/c#/protocol2.0/sync_read_write/win64/sync_read_write/Properties) by extensions ['ros']
[0.306s] Level 1:colcon.colcon_core.package_identification:_identify(src/DynamixelSDK/c#/protocol2.0/sync_read_write/win64/sync_read_write/Properties) by extension 'ros'
[0.306s] Level 1:colcon.colcon_core.package_identification:_identify(src/DynamixelSDK/c#/protocol2.0/sync_read_write/win64/sync_read_write/Properties) by extensions ['cmake', 'python']
[0.306s] Level 1:colcon.colcon_core.package_identification:_identify(src/DynamixelSDK/c#/protocol2.0/sync_read_write/win64/sync_read_write/Properties) by extension 'cmake'
[0.306s] Level 1:colcon.colcon_core.package_identification:_identify(src/DynamixelSDK/c#/protocol2.0/sync_read_write/win64/sync_read_write/Properties) by extension 'python'
[0.306s] Level 1:colcon.colcon_core.package_identification:_identify(src/DynamixelSDK/c#/protocol2.0/sync_read_write/win64/sync_read_write/Properties) by extensions ['python_setup_py']
[0.306s] Level 1:colcon.colcon_core.package_identification:_identify(src/DynamixelSDK/c#/protocol2.0/sync_read_write/win64/sync_read_write/Properties) by extension 'python_setup_py'
[0.307s] Level 1:colcon.colcon_core.package_identification:_identify(src/DynamixelSDK/c#/protocol_combined) by extensions ['ignore', 'ignore_ament_install']
[0.307s] Level 1:colcon.colcon_core.package_identification:_identify(src/DynamixelSDK/c#/protocol_combined) by extension 'ignore'
[0.307s] Level 1:colcon.colcon_core.package_identification:_identify(src/DynamixelSDK/c#/protocol_combined) by extension 'ignore_ament_install'
[0.307s] Level 1:colcon.colcon_core.package_identification:_identify(src/DynamixelSDK/c#/protocol_combined) by extensions ['colcon_pkg']
[0.307s] Level 1:colcon.colcon_core.package_identification:_identify(src/DynamixelSDK/c#/protocol_combined) by extension 'colcon_pkg'
[0.307s] Level 1:colcon.colcon_core.package_identification:_identify(src/DynamixelSDK/c#/protocol_combined) by extensions ['colcon_meta']
[0.307s] Level 1:colcon.colcon_core.package_identification:_identify(src/DynamixelSDK/c#/protocol_combined) by extension 'colcon_meta'
[0.307s] Level 1:colcon.colcon_core.package_identification:_identify(src/DynamixelSDK/c#/protocol_combined) by extensions ['ros']
[0.307s] Level 1:colcon.colcon_core.package_identification:_identify(src/DynamixelSDK/c#/protocol_combined) by extension 'ros'
[0.307s] Level 1:colcon.colcon_core.package_identification:_identify(src/DynamixelSDK/c#/protocol_combined) by extensions ['cmake', 'python']
[0.307s] Level 1:colcon.colcon_core.package_identification:_identify(src/DynamixelSDK/c#/protocol_combined) by extension 'cmake'
[0.307s] Level 1:colcon.colcon_core.package_identification:_identify(src/DynamixelSDK/c#/protocol_combined) by extension 'python'
[0.307s] Level 1:colcon.colcon_core.package_identification:_identify(src/DynamixelSDK/c#/protocol_combined) by extensions ['python_setup_py']
[0.307s] Level 1:colcon.colcon_core.package_identification:_identify(src/DynamixelSDK/c#/protocol_combined) by extension 'python_setup_py'
[0.307s] Level 1:colcon.colcon_core.package_identification:_identify(src/DynamixelSDK/c#/protocol_combined/win32) by extensions ['ignore', 'ignore_ament_install']
[0.307s] Level 1:colcon.colcon_core.package_identification:_identify(src/DynamixelSDK/c#/protocol_combined/win32) by extension 'ignore'
[0.308s] Level 1:colcon.colcon_core.package_identification:_identify(src/DynamixelSDK/c#/protocol_combined/win32) by extension 'ignore_ament_install'
[0.308s] Level 1:colcon.colcon_core.package_identification:_identify(src/DynamixelSDK/c#/protocol_combined/win32) by extensions ['colcon_pkg']
[0.308s] Level 1:colcon.colcon_core.package_identification:_identify(src/DynamixelSDK/c#/protocol_combined/win32) by extension 'colcon_pkg'
[0.308s] Level 1:colcon.colcon_core.package_identification:_identify(src/DynamixelSDK/c#/protocol_combined/win32) by extensions ['colcon_meta']
[0.308s] Level 1:colcon.colcon_core.package_identification:_identify(src/DynamixelSDK/c#/protocol_combined/win32) by extension 'colcon_meta'
[0.308s] Level 1:colcon.colcon_core.package_identification:_identify(src/DynamixelSDK/c#/protocol_combined/win32) by extensions ['ros']
[0.308s] Level 1:colcon.colcon_core.package_identification:_identify(src/DynamixelSDK/c#/protocol_combined/win32) by extension 'ros'
[0.308s] Level 1:colcon.colcon_core.package_identification:_identify(src/DynamixelSDK/c#/protocol_combined/win32) by extensions ['cmake', 'python']
[0.308s] Level 1:colcon.colcon_core.package_identification:_identify(src/DynamixelSDK/c#/protocol_combined/win32) by extension 'cmake'
[0.308s] Level 1:colcon.colcon_core.package_identification:_identify(src/DynamixelSDK/c#/protocol_combined/win32) by extension 'python'
[0.308s] Level 1:colcon.colcon_core.package_identification:_identify(src/DynamixelSDK/c#/protocol_combined/win32) by extensions ['python_setup_py']
[0.308s] Level 1:colcon.colcon_core.package_identification:_identify(src/DynamixelSDK/c#/protocol_combined/win32) by extension 'python_setup_py'
[0.308s] Level 1:colcon.colcon_core.package_identification:_identify(src/DynamixelSDK/c#/protocol_combined/win32/protocol_combined) by extensions ['ignore', 'ignore_ament_install']
[0.308s] Level 1:colcon.colcon_core.package_identification:_identify(src/DynamixelSDK/c#/protocol_combined/win32/protocol_combined) by extension 'ignore'
[0.308s] Level 1:colcon.colcon_core.package_identification:_identify(src/DynamixelSDK/c#/protocol_combined/win32/protocol_combined) by extension 'ignore_ament_install'
[0.308s] Level 1:colcon.colcon_core.package_identification:_identify(src/DynamixelSDK/c#/protocol_combined/win32/protocol_combined) by extensions ['colcon_pkg']
[0.308s] Level 1:colcon.colcon_core.package_identification:_identify(src/DynamixelSDK/c#/protocol_combined/win32/protocol_combined) by extension 'colcon_pkg'
[0.309s] Level 1:colcon.colcon_core.package_identification:_identify(src/DynamixelSDK/c#/protocol_combined/win32/protocol_combined) by extensions ['colcon_meta']
[0.309s] Level 1:colcon.colcon_core.package_identification:_identify(src/DynamixelSDK/c#/protocol_combined/win32/protocol_combined) by extension 'colcon_meta'
[0.309s] Level 1:colcon.colcon_core.package_identification:_identify(src/DynamixelSDK/c#/protocol_combined/win32/protocol_combined) by extensions ['ros']
[0.309s] Level 1:colcon.colcon_core.package_identification:_identify(src/DynamixelSDK/c#/protocol_combined/win32/protocol_combined) by extension 'ros'
[0.309s] Level 1:colcon.colcon_core.package_identification:_identify(src/DynamixelSDK/c#/protocol_combined/win32/protocol_combined) by extensions ['cmake', 'python']
[0.309s] Level 1:colcon.colcon_core.package_identification:_identify(src/DynamixelSDK/c#/protocol_combined/win32/protocol_combined) by extension 'cmake'
[0.309s] Level 1:colcon.colcon_core.package_identification:_identify(src/DynamixelSDK/c#/protocol_combined/win32/protocol_combined) by extension 'python'
[0.309s] Level 1:colcon.colcon_core.package_identification:_identify(src/DynamixelSDK/c#/protocol_combined/win32/protocol_combined) by extensions ['python_setup_py']
[0.309s] Level 1:colcon.colcon_core.package_identification:_identify(src/DynamixelSDK/c#/protocol_combined/win32/protocol_combined) by extension 'python_setup_py'
[0.309s] Level 1:colcon.colcon_core.package_identification:_identify(src/DynamixelSDK/c#/protocol_combined/win32/protocol_combined/Properties) by extensions ['ignore', 'ignore_ament_install']
[0.309s] Level 1:colcon.colcon_core.package_identification:_identify(src/DynamixelSDK/c#/protocol_combined/win32/protocol_combined/Properties) by extension 'ignore'
[0.309s] Level 1:colcon.colcon_core.package_identification:_identify(src/DynamixelSDK/c#/protocol_combined/win32/protocol_combined/Properties) by extension 'ignore_ament_install'
[0.309s] Level 1:colcon.colcon_core.package_identification:_identify(src/DynamixelSDK/c#/protocol_combined/win32/protocol_combined/Properties) by extensions ['colcon_pkg']
[0.309s] Level 1:colcon.colcon_core.package_identification:_identify(src/DynamixelSDK/c#/protocol_combined/win32/protocol_combined/Properties) by extension 'colcon_pkg'
[0.309s] Level 1:colcon.colcon_core.package_identification:_identify(src/DynamixelSDK/c#/protocol_combined/win32/protocol_combined/Properties) by extensions ['colcon_meta']
[0.309s] Level 1:colcon.colcon_core.package_identification:_identify(src/DynamixelSDK/c#/protocol_combined/win32/protocol_combined/Properties) by extension 'colcon_meta'
[0.309s] Level 1:colcon.colcon_core.package_identification:_identify(src/DynamixelSDK/c#/protocol_combined/win32/protocol_combined/Properties) by extensions ['ros']
[0.309s] Level 1:colcon.colcon_core.package_identification:_identify(src/DynamixelSDK/c#/protocol_combined/win32/protocol_combined/Properties) by extension 'ros'
[0.310s] Level 1:colcon.colcon_core.package_identification:_identify(src/DynamixelSDK/c#/protocol_combined/win32/protocol_combined/Properties) by extensions ['cmake', 'python']
[0.310s] Level 1:colcon.colcon_core.package_identification:_identify(src/DynamixelSDK/c#/protocol_combined/win32/protocol_combined/Properties) by extension 'cmake'
[0.310s] Level 1:colcon.colcon_core.package_identification:_identify(src/DynamixelSDK/c#/protocol_combined/win32/protocol_combined/Properties) by extension 'python'
[0.310s] Level 1:colcon.colcon_core.package_identification:_identify(src/DynamixelSDK/c#/protocol_combined/win32/protocol_combined/Properties) by extensions ['python_setup_py']
[0.310s] Level 1:colcon.colcon_core.package_identification:_identify(src/DynamixelSDK/c#/protocol_combined/win32/protocol_combined/Properties) by extension 'python_setup_py'
[0.310s] Level 1:colcon.colcon_core.package_identification:_identify(src/DynamixelSDK/c#/protocol_combined/win32/protocol_combined/obj) by extensions ['ignore', 'ignore_ament_install']
[0.310s] Level 1:colcon.colcon_core.package_identification:_identify(src/DynamixelSDK/c#/protocol_combined/win32/protocol_combined/obj) by extension 'ignore'
[0.310s] Level 1:colcon.colcon_core.package_identification:_identify(src/DynamixelSDK/c#/protocol_combined/win32/protocol_combined/obj) by extension 'ignore_ament_install'
[0.310s] Level 1:colcon.colcon_core.package_identification:_identify(src/DynamixelSDK/c#/protocol_combined/win32/protocol_combined/obj) by extensions ['colcon_pkg']
[0.310s] Level 1:colcon.colcon_core.package_identification:_identify(src/DynamixelSDK/c#/protocol_combined/win32/protocol_combined/obj) by extension 'colcon_pkg'
[0.310s] Level 1:colcon.colcon_core.package_identification:_identify(src/DynamixelSDK/c#/protocol_combined/win32/protocol_combined/obj) by extensions ['colcon_meta']
[0.310s] Level 1:colcon.colcon_core.package_identification:_identify(src/DynamixelSDK/c#/protocol_combined/win32/protocol_combined/obj) by extension 'colcon_meta'
[0.310s] Level 1:colcon.colcon_core.package_identification:_identify(src/DynamixelSDK/c#/protocol_combined/win32/protocol_combined/obj) by extensions ['ros']
[0.310s] Level 1:colcon.colcon_core.package_identification:_identify(src/DynamixelSDK/c#/protocol_combined/win32/protocol_combined/obj) by extension 'ros'
[0.310s] Level 1:colcon.colcon_core.package_identification:_identify(src/DynamixelSDK/c#/protocol_combined/win32/protocol_combined/obj) by extensions ['cmake', 'python']
[0.310s] Level 1:colcon.colcon_core.package_identification:_identify(src/DynamixelSDK/c#/protocol_combined/win32/protocol_combined/obj) by extension 'cmake'
[0.311s] Level 1:colcon.colcon_core.package_identification:_identify(src/DynamixelSDK/c#/protocol_combined/win32/protocol_combined/obj) by extension 'python'
[0.311s] Level 1:colcon.colcon_core.package_identification:_identify(src/DynamixelSDK/c#/protocol_combined/win32/protocol_combined/obj) by extensions ['python_setup_py']
[0.311s] Level 1:colcon.colcon_core.package_identification:_identify(src/DynamixelSDK/c#/protocol_combined/win32/protocol_combined/obj) by extension 'python_setup_py'
[0.311s] Level 1:colcon.colcon_core.package_identification:_identify(src/DynamixelSDK/c#/protocol_combined/win32/protocol_combined/obj/Debug) by extensions ['ignore', 'ignore_ament_install']
[0.311s] Level 1:colcon.colcon_core.package_identification:_identify(src/DynamixelSDK/c#/protocol_combined/win32/protocol_combined/obj/Debug) by extension 'ignore'
[0.311s] Level 1:colcon.colcon_core.package_identification:_identify(src/DynamixelSDK/c#/protocol_combined/win32/protocol_combined/obj/Debug) by extension 'ignore_ament_install'
[0.311s] Level 1:colcon.colcon_core.package_identification:_identify(src/DynamixelSDK/c#/protocol_combined/win32/protocol_combined/obj/Debug) by extensions ['colcon_pkg']
[0.311s] Level 1:colcon.colcon_core.package_identification:_identify(src/DynamixelSDK/c#/protocol_combined/win32/protocol_combined/obj/Debug) by extension 'colcon_pkg'
[0.311s] Level 1:colcon.colcon_core.package_identification:_identify(src/DynamixelSDK/c#/protocol_combined/win32/protocol_combined/obj/Debug) by extensions ['colcon_meta']
[0.311s] Level 1:colcon.colcon_core.package_identification:_identify(src/DynamixelSDK/c#/protocol_combined/win32/protocol_combined/obj/Debug) by extension 'colcon_meta'
[0.311s] Level 1:colcon.colcon_core.package_identification:_identify(src/DynamixelSDK/c#/protocol_combined/win32/protocol_combined/obj/Debug) by extensions ['ros']
[0.311s] Level 1:colcon.colcon_core.package_identification:_identify(src/DynamixelSDK/c#/protocol_combined/win32/protocol_combined/obj/Debug) by extension 'ros'
[0.311s] Level 1:colcon.colcon_core.package_identification:_identify(src/DynamixelSDK/c#/protocol_combined/win32/protocol_combined/obj/Debug) by extensions ['cmake', 'python']
[0.311s] Level 1:colcon.colcon_core.package_identification:_identify(src/DynamixelSDK/c#/protocol_combined/win32/protocol_combined/obj/Debug) by extension 'cmake'
[0.311s] Level 1:colcon.colcon_core.package_identification:_identify(src/DynamixelSDK/c#/protocol_combined/win32/protocol_combined/obj/Debug) by extension 'python'
[0.311s] Level 1:colcon.colcon_core.package_identification:_identify(src/DynamixelSDK/c#/protocol_combined/win32/protocol_combined/obj/Debug) by extensions ['python_setup_py']
[0.312s] Level 1:colcon.colcon_core.package_identification:_identify(src/DynamixelSDK/c#/protocol_combined/win32/protocol_combined/obj/Debug) by extension 'python_setup_py'
[0.312s] Level 1:colcon.colcon_core.package_identification:_identify(src/DynamixelSDK/c#/protocol_combined/win32/protocol_combined/obj/Release) by extensions ['ignore', 'ignore_ament_install']
[0.312s] Level 1:colcon.colcon_core.package_identification:_identify(src/DynamixelSDK/c#/protocol_combined/win32/protocol_combined/obj/Release) by extension 'ignore'
[0.312s] Level 1:colcon.colcon_core.package_identification:_identify(src/DynamixelSDK/c#/protocol_combined/win32/protocol_combined/obj/Release) by extension 'ignore_ament_install'
[0.312s] Level 1:colcon.colcon_core.package_identification:_identify(src/DynamixelSDK/c#/protocol_combined/win32/protocol_combined/obj/Release) by extensions ['colcon_pkg']
[0.312s] Level 1:colcon.colcon_core.package_identification:_identify(src/DynamixelSDK/c#/protocol_combined/win32/protocol_combined/obj/Release) by extension 'colcon_pkg'
[0.312s] Level 1:colcon.colcon_core.package_identification:_identify(src/DynamixelSDK/c#/protocol_combined/win32/protocol_combined/obj/Release) by extensions ['colcon_meta']
[0.312s] Level 1:colcon.colcon_core.package_identification:_identify(src/DynamixelSDK/c#/protocol_combined/win32/protocol_combined/obj/Release) by extension 'colcon_meta'
[0.312s] Level 1:colcon.colcon_core.package_identification:_identify(src/DynamixelSDK/c#/protocol_combined/win32/protocol_combined/obj/Release) by extensions ['ros']
[0.312s] Level 1:colcon.colcon_core.package_identification:_identify(src/DynamixelSDK/c#/protocol_combined/win32/protocol_combined/obj/Release) by extension 'ros'
[0.312s] Level 1:colcon.colcon_core.package_identification:_identify(src/DynamixelSDK/c#/protocol_combined/win32/protocol_combined/obj/Release) by extensions ['cmake', 'python']
[0.312s] Level 1:colcon.colcon_core.package_identification:_identify(src/DynamixelSDK/c#/protocol_combined/win32/protocol_combined/obj/Release) by extension 'cmake'
[0.312s] Level 1:colcon.colcon_core.package_identification:_identify(src/DynamixelSDK/c#/protocol_combined/win32/protocol_combined/obj/Release) by extension 'python'
[0.312s] Level 1:colcon.colcon_core.package_identification:_identify(src/DynamixelSDK/c#/protocol_combined/win32/protocol_combined/obj/Release) by extensions ['python_setup_py']
[0.312s] Level 1:colcon.colcon_core.package_identification:_identify(src/DynamixelSDK/c#/protocol_combined/win32/protocol_combined/obj/Release) by extension 'python_setup_py'
[0.313s] Level 1:colcon.colcon_core.package_identification:_identify(src/DynamixelSDK/c#/protocol_combined/win32/protocol_combined/obj/x86) by extensions ['ignore', 'ignore_ament_install']
[0.313s] Level 1:colcon.colcon_core.package_identification:_identify(src/DynamixelSDK/c#/protocol_combined/win32/protocol_combined/obj/x86) by extension 'ignore'
[0.313s] Level 1:colcon.colcon_core.package_identification:_identify(src/DynamixelSDK/c#/protocol_combined/win32/protocol_combined/obj/x86) by extension 'ignore_ament_install'
[0.313s] Level 1:colcon.colcon_core.package_identification:_identify(src/DynamixelSDK/c#/protocol_combined/win32/protocol_combined/obj/x86) by extensions ['colcon_pkg']
[0.313s] Level 1:colcon.colcon_core.package_identification:_identify(src/DynamixelSDK/c#/protocol_combined/win32/protocol_combined/obj/x86) by extension 'colcon_pkg'
[0.313s] Level 1:colcon.colcon_core.package_identification:_identify(src/DynamixelSDK/c#/protocol_combined/win32/protocol_combined/obj/x86) by extensions ['colcon_meta']
[0.313s] Level 1:colcon.colcon_core.package_identification:_identify(src/DynamixelSDK/c#/protocol_combined/win32/protocol_combined/obj/x86) by extension 'colcon_meta'
[0.313s] Level 1:colcon.colcon_core.package_identification:_identify(src/DynamixelSDK/c#/protocol_combined/win32/protocol_combined/obj/x86) by extensions ['ros']
[0.313s] Level 1:colcon.colcon_core.package_identification:_identify(src/DynamixelSDK/c#/protocol_combined/win32/protocol_combined/obj/x86) by extension 'ros'
[0.313s] Level 1:colcon.colcon_core.package_identification:_identify(src/DynamixelSDK/c#/protocol_combined/win32/protocol_combined/obj/x86) by extensions ['cmake', 'python']
[0.313s] Level 1:colcon.colcon_core.package_identification:_identify(src/DynamixelSDK/c#/protocol_combined/win32/protocol_combined/obj/x86) by extension 'cmake'
[0.313s] Level 1:colcon.colcon_core.package_identification:_identify(src/DynamixelSDK/c#/protocol_combined/win32/protocol_combined/obj/x86) by extension 'python'
[0.313s] Level 1:colcon.colcon_core.package_identification:_identify(src/DynamixelSDK/c#/protocol_combined/win32/protocol_combined/obj/x86) by extensions ['python_setup_py']
[0.313s] Level 1:colcon.colcon_core.package_identification:_identify(src/DynamixelSDK/c#/protocol_combined/win32/protocol_combined/obj/x86) by extension 'python_setup_py'
[0.313s] Level 1:colcon.colcon_core.package_identification:_identify(src/DynamixelSDK/c#/protocol_combined/win32/protocol_combined/obj/x86/Debug) by extensions ['ignore', 'ignore_ament_install']
[0.313s] Level 1:colcon.colcon_core.package_identification:_identify(src/DynamixelSDK/c#/protocol_combined/win32/protocol_combined/obj/x86/Debug) by extension 'ignore'
[0.314s] Level 1:colcon.colcon_core.package_identification:_identify(src/DynamixelSDK/c#/protocol_combined/win32/protocol_combined/obj/x86/Debug) by extension 'ignore_ament_install'
[0.314s] Level 1:colcon.colcon_core.package_identification:_identify(src/DynamixelSDK/c#/protocol_combined/win32/protocol_combined/obj/x86/Debug) by extensions ['colcon_pkg']
[0.314s] Level 1:colcon.colcon_core.package_identification:_identify(src/DynamixelSDK/c#/protocol_combined/win32/protocol_combined/obj/x86/Debug) by extension 'colcon_pkg'
[0.314s] Level 1:colcon.colcon_core.package_identification:_identify(src/DynamixelSDK/c#/protocol_combined/win32/protocol_combined/obj/x86/Debug) by extensions ['colcon_meta']
[0.314s] Level 1:colcon.colcon_core.package_identification:_identify(src/DynamixelSDK/c#/protocol_combined/win32/protocol_combined/obj/x86/Debug) by extension 'colcon_meta'
[0.314s] Level 1:colcon.colcon_core.package_identification:_identify(src/DynamixelSDK/c#/protocol_combined/win32/protocol_combined/obj/x86/Debug) by extensions ['ros']
[0.314s] Level 1:colcon.colcon_core.package_identification:_identify(src/DynamixelSDK/c#/protocol_combined/win32/protocol_combined/obj/x86/Debug) by extension 'ros'
[0.314s] Level 1:colcon.colcon_core.package_identification:_identify(src/DynamixelSDK/c#/protocol_combined/win32/protocol_combined/obj/x86/Debug) by extensions ['cmake', 'python']
[0.314s] Level 1:colcon.colcon_core.package_identification:_identify(src/DynamixelSDK/c#/protocol_combined/win32/protocol_combined/obj/x86/Debug) by extension 'cmake'
[0.314s] Level 1:colcon.colcon_core.package_identification:_identify(src/DynamixelSDK/c#/protocol_combined/win32/protocol_combined/obj/x86/Debug) by extension 'python'
[0.314s] Level 1:colcon.colcon_core.package_identification:_identify(src/DynamixelSDK/c#/protocol_combined/win32/protocol_combined/obj/x86/Debug) by extensions ['python_setup_py']
[0.314s] Level 1:colcon.colcon_core.package_identification:_identify(src/DynamixelSDK/c#/protocol_combined/win32/protocol_combined/obj/x86/Debug) by extension 'python_setup_py'
[0.314s] Level 1:colcon.colcon_core.package_identification:_identify(src/DynamixelSDK/c#/protocol_combined/win32/protocol_combined/obj/x86/Release) by extensions ['ignore', 'ignore_ament_install']
[0.314s] Level 1:colcon.colcon_core.package_identification:_identify(src/DynamixelSDK/c#/protocol_combined/win32/protocol_combined/obj/x86/Release) by extension 'ignore'
[0.314s] Level 1:colcon.colcon_core.package_identification:_identify(src/DynamixelSDK/c#/protocol_combined/win32/protocol_combined/obj/x86/Release) by extension 'ignore_ament_install'
[0.314s] Level 1:colcon.colcon_core.package_identification:_identify(src/DynamixelSDK/c#/protocol_combined/win32/protocol_combined/obj/x86/Release) by extensions ['colcon_pkg']
[0.315s] Level 1:colcon.colcon_core.package_identification:_identify(src/DynamixelSDK/c#/protocol_combined/win32/protocol_combined/obj/x86/Release) by extension 'colcon_pkg'
[0.315s] Level 1:colcon.colcon_core.package_identification:_identify(src/DynamixelSDK/c#/protocol_combined/win32/protocol_combined/obj/x86/Release) by extensions ['colcon_meta']
[0.315s] Level 1:colcon.colcon_core.package_identification:_identify(src/DynamixelSDK/c#/protocol_combined/win32/protocol_combined/obj/x86/Release) by extension 'colcon_meta'
[0.315s] Level 1:colcon.colcon_core.package_identification:_identify(src/DynamixelSDK/c#/protocol_combined/win32/protocol_combined/obj/x86/Release) by extensions ['ros']
[0.315s] Level 1:colcon.colcon_core.package_identification:_identify(src/DynamixelSDK/c#/protocol_combined/win32/protocol_combined/obj/x86/Release) by extension 'ros'
[0.315s] Level 1:colcon.colcon_core.package_identification:_identify(src/DynamixelSDK/c#/protocol_combined/win32/protocol_combined/obj/x86/Release) by extensions ['cmake', 'python']
[0.315s] Level 1:colcon.colcon_core.package_identification:_identify(src/DynamixelSDK/c#/protocol_combined/win32/protocol_combined/obj/x86/Release) by extension 'cmake'
[0.315s] Level 1:colcon.colcon_core.package_identification:_identify(src/DynamixelSDK/c#/protocol_combined/win32/protocol_combined/obj/x86/Release) by extension 'python'
[0.315s] Level 1:colcon.colcon_core.package_identification:_identify(src/DynamixelSDK/c#/protocol_combined/win32/protocol_combined/obj/x86/Release) by extensions ['python_setup_py']
[0.315s] Level 1:colcon.colcon_core.package_identification:_identify(src/DynamixelSDK/c#/protocol_combined/win32/protocol_combined/obj/x86/Release) by extension 'python_setup_py'
[0.315s] Level 1:colcon.colcon_core.package_identification:_identify(src/DynamixelSDK/c#/protocol_combined/win64) by extensions ['ignore', 'ignore_ament_install']
[0.315s] Level 1:colcon.colcon_core.package_identification:_identify(src/DynamixelSDK/c#/protocol_combined/win64) by extension 'ignore'
[0.315s] Level 1:colcon.colcon_core.package_identification:_identify(src/DynamixelSDK/c#/protocol_combined/win64) by extension 'ignore_ament_install'
[0.315s] Level 1:colcon.colcon_core.package_identification:_identify(src/DynamixelSDK/c#/protocol_combined/win64) by extensions ['colcon_pkg']
[0.315s] Level 1:colcon.colcon_core.package_identification:_identify(src/DynamixelSDK/c#/protocol_combined/win64) by extension 'colcon_pkg'
[0.315s] Level 1:colcon.colcon_core.package_identification:_identify(src/DynamixelSDK/c#/protocol_combined/win64) by extensions ['colcon_meta']
[0.315s] Level 1:colcon.colcon_core.package_identification:_identify(src/DynamixelSDK/c#/protocol_combined/win64) by extension 'colcon_meta'
[0.316s] Level 1:colcon.colcon_core.package_identification:_identify(src/DynamixelSDK/c#/protocol_combined/win64) by extensions ['ros']
[0.316s] Level 1:colcon.colcon_core.package_identification:_identify(src/DynamixelSDK/c#/protocol_combined/win64) by extension 'ros'
[0.316s] Level 1:colcon.colcon_core.package_identification:_identify(src/DynamixelSDK/c#/protocol_combined/win64) by extensions ['cmake', 'python']
[0.316s] Level 1:colcon.colcon_core.package_identification:_identify(src/DynamixelSDK/c#/protocol_combined/win64) by extension 'cmake'
[0.316s] Level 1:colcon.colcon_core.package_identification:_identify(src/DynamixelSDK/c#/protocol_combined/win64) by extension 'python'
[0.316s] Level 1:colcon.colcon_core.package_identification:_identify(src/DynamixelSDK/c#/protocol_combined/win64) by extensions ['python_setup_py']
[0.316s] Level 1:colcon.colcon_core.package_identification:_identify(src/DynamixelSDK/c#/protocol_combined/win64) by extension 'python_setup_py'
[0.316s] Level 1:colcon.colcon_core.package_identification:_identify(src/DynamixelSDK/c#/protocol_combined/win64/protocol_combined) by extensions ['ignore', 'ignore_ament_install']
[0.316s] Level 1:colcon.colcon_core.package_identification:_identify(src/DynamixelSDK/c#/protocol_combined/win64/protocol_combined) by extension 'ignore'
[0.316s] Level 1:colcon.colcon_core.package_identification:_identify(src/DynamixelSDK/c#/protocol_combined/win64/protocol_combined) by extension 'ignore_ament_install'
[0.316s] Level 1:colcon.colcon_core.package_identification:_identify(src/DynamixelSDK/c#/protocol_combined/win64/protocol_combined) by extensions ['colcon_pkg']
[0.316s] Level 1:colcon.colcon_core.package_identification:_identify(src/DynamixelSDK/c#/protocol_combined/win64/protocol_combined) by extension 'colcon_pkg'
[0.316s] Level 1:colcon.colcon_core.package_identification:_identify(src/DynamixelSDK/c#/protocol_combined/win64/protocol_combined) by extensions ['colcon_meta']
[0.316s] Level 1:colcon.colcon_core.package_identification:_identify(src/DynamixelSDK/c#/protocol_combined/win64/protocol_combined) by extension 'colcon_meta'
[0.316s] Level 1:colcon.colcon_core.package_identification:_identify(src/DynamixelSDK/c#/protocol_combined/win64/protocol_combined) by extensions ['ros']
[0.316s] Level 1:colcon.colcon_core.package_identification:_identify(src/DynamixelSDK/c#/protocol_combined/win64/protocol_combined) by extension 'ros'
[0.316s] Level 1:colcon.colcon_core.package_identification:_identify(src/DynamixelSDK/c#/protocol_combined/win64/protocol_combined) by extensions ['cmake', 'python']
[0.316s] Level 1:colcon.colcon_core.package_identification:_identify(src/DynamixelSDK/c#/protocol_combined/win64/protocol_combined) by extension 'cmake'
[0.317s] Level 1:colcon.colcon_core.package_identification:_identify(src/DynamixelSDK/c#/protocol_combined/win64/protocol_combined) by extension 'python'
[0.317s] Level 1:colcon.colcon_core.package_identification:_identify(src/DynamixelSDK/c#/protocol_combined/win64/protocol_combined) by extensions ['python_setup_py']
[0.317s] Level 1:colcon.colcon_core.package_identification:_identify(src/DynamixelSDK/c#/protocol_combined/win64/protocol_combined) by extension 'python_setup_py'
[0.317s] Level 1:colcon.colcon_core.package_identification:_identify(src/DynamixelSDK/c#/protocol_combined/win64/protocol_combined/Properties) by extensions ['ignore', 'ignore_ament_install']
[0.317s] Level 1:colcon.colcon_core.package_identification:_identify(src/DynamixelSDK/c#/protocol_combined/win64/protocol_combined/Properties) by extension 'ignore'
[0.317s] Level 1:colcon.colcon_core.package_identification:_identify(src/DynamixelSDK/c#/protocol_combined/win64/protocol_combined/Properties) by extension 'ignore_ament_install'
[0.317s] Level 1:colcon.colcon_core.package_identification:_identify(src/DynamixelSDK/c#/protocol_combined/win64/protocol_combined/Properties) by extensions ['colcon_pkg']
[0.317s] Level 1:colcon.colcon_core.package_identification:_identify(src/DynamixelSDK/c#/protocol_combined/win64/protocol_combined/Properties) by extension 'colcon_pkg'
[0.317s] Level 1:colcon.colcon_core.package_identification:_identify(src/DynamixelSDK/c#/protocol_combined/win64/protocol_combined/Properties) by extensions ['colcon_meta']
[0.317s] Level 1:colcon.colcon_core.package_identification:_identify(src/DynamixelSDK/c#/protocol_combined/win64/protocol_combined/Properties) by extension 'colcon_meta'
[0.317s] Level 1:colcon.colcon_core.package_identification:_identify(src/DynamixelSDK/c#/protocol_combined/win64/protocol_combined/Properties) by extensions ['ros']
[0.317s] Level 1:colcon.colcon_core.package_identification:_identify(src/DynamixelSDK/c#/protocol_combined/win64/protocol_combined/Properties) by extension 'ros'
[0.317s] Level 1:colcon.colcon_core.package_identification:_identify(src/DynamixelSDK/c#/protocol_combined/win64/protocol_combined/Properties) by extensions ['cmake', 'python']
[0.317s] Level 1:colcon.colcon_core.package_identification:_identify(src/DynamixelSDK/c#/protocol_combined/win64/protocol_combined/Properties) by extension 'cmake'
[0.317s] Level 1:colcon.colcon_core.package_identification:_identify(src/DynamixelSDK/c#/protocol_combined/win64/protocol_combined/Properties) by extension 'python'
[0.317s] Level 1:colcon.colcon_core.package_identification:_identify(src/DynamixelSDK/c#/protocol_combined/win64/protocol_combined/Properties) by extensions ['python_setup_py']
[0.317s] Level 1:colcon.colcon_core.package_identification:_identify(src/DynamixelSDK/c#/protocol_combined/win64/protocol_combined/Properties) by extension 'python_setup_py'
[0.318s] Level 1:colcon.colcon_core.package_identification:_identify(src/DynamixelSDK/c#/protocol_combined/win64/protocol_combined/obj) by extensions ['ignore', 'ignore_ament_install']
[0.318s] Level 1:colcon.colcon_core.package_identification:_identify(src/DynamixelSDK/c#/protocol_combined/win64/protocol_combined/obj) by extension 'ignore'
[0.318s] Level 1:colcon.colcon_core.package_identification:_identify(src/DynamixelSDK/c#/protocol_combined/win64/protocol_combined/obj) by extension 'ignore_ament_install'
[0.318s] Level 1:colcon.colcon_core.package_identification:_identify(src/DynamixelSDK/c#/protocol_combined/win64/protocol_combined/obj) by extensions ['colcon_pkg']
[0.318s] Level 1:colcon.colcon_core.package_identification:_identify(src/DynamixelSDK/c#/protocol_combined/win64/protocol_combined/obj) by extension 'colcon_pkg'
[0.318s] Level 1:colcon.colcon_core.package_identification:_identify(src/DynamixelSDK/c#/protocol_combined/win64/protocol_combined/obj) by extensions ['colcon_meta']
[0.318s] Level 1:colcon.colcon_core.package_identification:_identify(src/DynamixelSDK/c#/protocol_combined/win64/protocol_combined/obj) by extension 'colcon_meta'
[0.318s] Level 1:colcon.colcon_core.package_identification:_identify(src/DynamixelSDK/c#/protocol_combined/win64/protocol_combined/obj) by extensions ['ros']
[0.318s] Level 1:colcon.colcon_core.package_identification:_identify(src/DynamixelSDK/c#/protocol_combined/win64/protocol_combined/obj) by extension 'ros'
[0.318s] Level 1:colcon.colcon_core.package_identification:_identify(src/DynamixelSDK/c#/protocol_combined/win64/protocol_combined/obj) by extensions ['cmake', 'python']
[0.318s] Level 1:colcon.colcon_core.package_identification:_identify(src/DynamixelSDK/c#/protocol_combined/win64/protocol_combined/obj) by extension 'cmake'
[0.318s] Level 1:colcon.colcon_core.package_identification:_identify(src/DynamixelSDK/c#/protocol_combined/win64/protocol_combined/obj) by extension 'python'
[0.318s] Level 1:colcon.colcon_core.package_identification:_identify(src/DynamixelSDK/c#/protocol_combined/win64/protocol_combined/obj) by extensions ['python_setup_py']
[0.318s] Level 1:colcon.colcon_core.package_identification:_identify(src/DynamixelSDK/c#/protocol_combined/win64/protocol_combined/obj) by extension 'python_setup_py'
[0.318s] Level 1:colcon.colcon_core.package_identification:_identify(src/DynamixelSDK/c#/protocol_combined/win64/protocol_combined/obj/Debug) by extensions ['ignore', 'ignore_ament_install']
[0.318s] Level 1:colcon.colcon_core.package_identification:_identify(src/DynamixelSDK/c#/protocol_combined/win64/protocol_combined/obj/Debug) by extension 'ignore'
[0.319s] Level 1:colcon.colcon_core.package_identification:_identify(src/DynamixelSDK/c#/protocol_combined/win64/protocol_combined/obj/Debug) by extension 'ignore_ament_install'
[0.319s] Level 1:colcon.colcon_core.package_identification:_identify(src/DynamixelSDK/c#/protocol_combined/win64/protocol_combined/obj/Debug) by extensions ['colcon_pkg']
[0.319s] Level 1:colcon.colcon_core.package_identification:_identify(src/DynamixelSDK/c#/protocol_combined/win64/protocol_combined/obj/Debug) by extension 'colcon_pkg'
[0.319s] Level 1:colcon.colcon_core.package_identification:_identify(src/DynamixelSDK/c#/protocol_combined/win64/protocol_combined/obj/Debug) by extensions ['colcon_meta']
[0.319s] Level 1:colcon.colcon_core.package_identification:_identify(src/DynamixelSDK/c#/protocol_combined/win64/protocol_combined/obj/Debug) by extension 'colcon_meta'
[0.319s] Level 1:colcon.colcon_core.package_identification:_identify(src/DynamixelSDK/c#/protocol_combined/win64/protocol_combined/obj/Debug) by extensions ['ros']
[0.319s] Level 1:colcon.colcon_core.package_identification:_identify(src/DynamixelSDK/c#/protocol_combined/win64/protocol_combined/obj/Debug) by extension 'ros'
[0.319s] Level 1:colcon.colcon_core.package_identification:_identify(src/DynamixelSDK/c#/protocol_combined/win64/protocol_combined/obj/Debug) by extensions ['cmake', 'python']
[0.319s] Level 1:colcon.colcon_core.package_identification:_identify(src/DynamixelSDK/c#/protocol_combined/win64/protocol_combined/obj/Debug) by extension 'cmake'
[0.319s] Level 1:colcon.colcon_core.package_identification:_identify(src/DynamixelSDK/c#/protocol_combined/win64/protocol_combined/obj/Debug) by extension 'python'
[0.319s] Level 1:colcon.colcon_core.package_identification:_identify(src/DynamixelSDK/c#/protocol_combined/win64/protocol_combined/obj/Debug) by extensions ['python_setup_py']
[0.319s] Level 1:colcon.colcon_core.package_identification:_identify(src/DynamixelSDK/c#/protocol_combined/win64/protocol_combined/obj/Debug) by extension 'python_setup_py'
[0.319s] Level 1:colcon.colcon_core.package_identification:_identify(src/DynamixelSDK/c#/protocol_combined/win64/protocol_combined/obj/Release) by extensions ['ignore', 'ignore_ament_install']
[0.319s] Level 1:colcon.colcon_core.package_identification:_identify(src/DynamixelSDK/c#/protocol_combined/win64/protocol_combined/obj/Release) by extension 'ignore'
[0.319s] Level 1:colcon.colcon_core.package_identification:_identify(src/DynamixelSDK/c#/protocol_combined/win64/protocol_combined/obj/Release) by extension 'ignore_ament_install'
[0.320s] Level 1:colcon.colcon_core.package_identification:_identify(src/DynamixelSDK/c#/protocol_combined/win64/protocol_combined/obj/Release) by extensions ['colcon_pkg']
[0.320s] Level 1:colcon.colcon_core.package_identification:_identify(src/DynamixelSDK/c#/protocol_combined/win64/protocol_combined/obj/Release) by extension 'colcon_pkg'
[0.320s] Level 1:colcon.colcon_core.package_identification:_identify(src/DynamixelSDK/c#/protocol_combined/win64/protocol_combined/obj/Release) by extensions ['colcon_meta']
[0.320s] Level 1:colcon.colcon_core.package_identification:_identify(src/DynamixelSDK/c#/protocol_combined/win64/protocol_combined/obj/Release) by extension 'colcon_meta'
[0.320s] Level 1:colcon.colcon_core.package_identification:_identify(src/DynamixelSDK/c#/protocol_combined/win64/protocol_combined/obj/Release) by extensions ['ros']
[0.320s] Level 1:colcon.colcon_core.package_identification:_identify(src/DynamixelSDK/c#/protocol_combined/win64/protocol_combined/obj/Release) by extension 'ros'
[0.320s] Level 1:colcon.colcon_core.package_identification:_identify(src/DynamixelSDK/c#/protocol_combined/win64/protocol_combined/obj/Release) by extensions ['cmake', 'python']
[0.320s] Level 1:colcon.colcon_core.package_identification:_identify(src/DynamixelSDK/c#/protocol_combined/win64/protocol_combined/obj/Release) by extension 'cmake'
[0.320s] Level 1:colcon.colcon_core.package_identification:_identify(src/DynamixelSDK/c#/protocol_combined/win64/protocol_combined/obj/Release) by extension 'python'
[0.320s] Level 1:colcon.colcon_core.package_identification:_identify(src/DynamixelSDK/c#/protocol_combined/win64/protocol_combined/obj/Release) by extensions ['python_setup_py']
[0.320s] Level 1:colcon.colcon_core.package_identification:_identify(src/DynamixelSDK/c#/protocol_combined/win64/protocol_combined/obj/Release) by extension 'python_setup_py'
[0.320s] Level 1:colcon.colcon_core.package_identification:_identify(src/DynamixelSDK/c#/protocol_combined/win64/protocol_combined/obj/x64) by extensions ['ignore', 'ignore_ament_install']
[0.320s] Level 1:colcon.colcon_core.package_identification:_identify(src/DynamixelSDK/c#/protocol_combined/win64/protocol_combined/obj/x64) by extension 'ignore'
[0.320s] Level 1:colcon.colcon_core.package_identification:_identify(src/DynamixelSDK/c#/protocol_combined/win64/protocol_combined/obj/x64) by extension 'ignore_ament_install'
[0.320s] Level 1:colcon.colcon_core.package_identification:_identify(src/DynamixelSDK/c#/protocol_combined/win64/protocol_combined/obj/x64) by extensions ['colcon_pkg']
[0.320s] Level 1:colcon.colcon_core.package_identification:_identify(src/DynamixelSDK/c#/protocol_combined/win64/protocol_combined/obj/x64) by extension 'colcon_pkg'
[0.320s] Level 1:colcon.colcon_core.package_identification:_identify(src/DynamixelSDK/c#/protocol_combined/win64/protocol_combined/obj/x64) by extensions ['colcon_meta']
[0.320s] Level 1:colcon.colcon_core.package_identification:_identify(src/DynamixelSDK/c#/protocol_combined/win64/protocol_combined/obj/x64) by extension 'colcon_meta'
[0.321s] Level 1:colcon.colcon_core.package_identification:_identify(src/DynamixelSDK/c#/protocol_combined/win64/protocol_combined/obj/x64) by extensions ['ros']
[0.321s] Level 1:colcon.colcon_core.package_identification:_identify(src/DynamixelSDK/c#/protocol_combined/win64/protocol_combined/obj/x64) by extension 'ros'
[0.321s] Level 1:colcon.colcon_core.package_identification:_identify(src/DynamixelSDK/c#/protocol_combined/win64/protocol_combined/obj/x64) by extensions ['cmake', 'python']
[0.321s] Level 1:colcon.colcon_core.package_identification:_identify(src/DynamixelSDK/c#/protocol_combined/win64/protocol_combined/obj/x64) by extension 'cmake'
[0.321s] Level 1:colcon.colcon_core.package_identification:_identify(src/DynamixelSDK/c#/protocol_combined/win64/protocol_combined/obj/x64) by extension 'python'
[0.321s] Level 1:colcon.colcon_core.package_identification:_identify(src/DynamixelSDK/c#/protocol_combined/win64/protocol_combined/obj/x64) by extensions ['python_setup_py']
[0.321s] Level 1:colcon.colcon_core.package_identification:_identify(src/DynamixelSDK/c#/protocol_combined/win64/protocol_combined/obj/x64) by extension 'python_setup_py'
[0.321s] Level 1:colcon.colcon_core.package_identification:_identify(src/DynamixelSDK/c#/protocol_combined/win64/protocol_combined/obj/x64/Debug) by extensions ['ignore', 'ignore_ament_install']
[0.321s] Level 1:colcon.colcon_core.package_identification:_identify(src/DynamixelSDK/c#/protocol_combined/win64/protocol_combined/obj/x64/Debug) by extension 'ignore'
[0.321s] Level 1:colcon.colcon_core.package_identification:_identify(src/DynamixelSDK/c#/protocol_combined/win64/protocol_combined/obj/x64/Debug) by extension 'ignore_ament_install'
[0.321s] Level 1:colcon.colcon_core.package_identification:_identify(src/DynamixelSDK/c#/protocol_combined/win64/protocol_combined/obj/x64/Debug) by extensions ['colcon_pkg']
[0.321s] Level 1:colcon.colcon_core.package_identification:_identify(src/DynamixelSDK/c#/protocol_combined/win64/protocol_combined/obj/x64/Debug) by extension 'colcon_pkg'
[0.321s] Level 1:colcon.colcon_core.package_identification:_identify(src/DynamixelSDK/c#/protocol_combined/win64/protocol_combined/obj/x64/Debug) by extensions ['colcon_meta']
[0.321s] Level 1:colcon.colcon_core.package_identification:_identify(src/DynamixelSDK/c#/protocol_combined/win64/protocol_combined/obj/x64/Debug) by extension 'colcon_meta'
[0.321s] Level 1:colcon.colcon_core.package_identification:_identify(src/DynamixelSDK/c#/protocol_combined/win64/protocol_combined/obj/x64/Debug) by extensions ['ros']
[0.321s] Level 1:colcon.colcon_core.package_identification:_identify(src/DynamixelSDK/c#/protocol_combined/win64/protocol_combined/obj/x64/Debug) by extension 'ros'
[0.322s] Level 1:colcon.colcon_core.package_identification:_identify(src/DynamixelSDK/c#/protocol_combined/win64/protocol_combined/obj/x64/Debug) by extensions ['cmake', 'python']
[0.322s] Level 1:colcon.colcon_core.package_identification:_identify(src/DynamixelSDK/c#/protocol_combined/win64/protocol_combined/obj/x64/Debug) by extension 'cmake'
[0.322s] Level 1:colcon.colcon_core.package_identification:_identify(src/DynamixelSDK/c#/protocol_combined/win64/protocol_combined/obj/x64/Debug) by extension 'python'
[0.322s] Level 1:colcon.colcon_core.package_identification:_identify(src/DynamixelSDK/c#/protocol_combined/win64/protocol_combined/obj/x64/Debug) by extensions ['python_setup_py']
[0.322s] Level 1:colcon.colcon_core.package_identification:_identify(src/DynamixelSDK/c#/protocol_combined/win64/protocol_combined/obj/x64/Debug) by extension 'python_setup_py'
[0.322s] Level 1:colcon.colcon_core.package_identification:_identify(src/DynamixelSDK/c#/protocol_combined/win64/protocol_combined/obj/x64/Release) by extensions ['ignore', 'ignore_ament_install']
[0.322s] Level 1:colcon.colcon_core.package_identification:_identify(src/DynamixelSDK/c#/protocol_combined/win64/protocol_combined/obj/x64/Release) by extension 'ignore'
[0.322s] Level 1:colcon.colcon_core.package_identification:_identify(src/DynamixelSDK/c#/protocol_combined/win64/protocol_combined/obj/x64/Release) by extension 'ignore_ament_install'
[0.322s] Level 1:colcon.colcon_core.package_identification:_identify(src/DynamixelSDK/c#/protocol_combined/win64/protocol_combined/obj/x64/Release) by extensions ['colcon_pkg']
[0.322s] Level 1:colcon.colcon_core.package_identification:_identify(src/DynamixelSDK/c#/protocol_combined/win64/protocol_combined/obj/x64/Release) by extension 'colcon_pkg'
[0.322s] Level 1:colcon.colcon_core.package_identification:_identify(src/DynamixelSDK/c#/protocol_combined/win64/protocol_combined/obj/x64/Release) by extensions ['colcon_meta']
[0.322s] Level 1:colcon.colcon_core.package_identification:_identify(src/DynamixelSDK/c#/protocol_combined/win64/protocol_combined/obj/x64/Release) by extension 'colcon_meta'
[0.322s] Level 1:colcon.colcon_core.package_identification:_identify(src/DynamixelSDK/c#/protocol_combined/win64/protocol_combined/obj/x64/Release) by extensions ['ros']
[0.322s] Level 1:colcon.colcon_core.package_identification:_identify(src/DynamixelSDK/c#/protocol_combined/win64/protocol_combined/obj/x64/Release) by extension 'ros'
[0.322s] Level 1:colcon.colcon_core.package_identification:_identify(src/DynamixelSDK/c#/protocol_combined/win64/protocol_combined/obj/x64/Release) by extensions ['cmake', 'python']
[0.322s] Level 1:colcon.colcon_core.package_identification:_identify(src/DynamixelSDK/c#/protocol_combined/win64/protocol_combined/obj/x64/Release) by extension 'cmake'
[0.322s] Level 1:colcon.colcon_core.package_identification:_identify(src/DynamixelSDK/c#/protocol_combined/win64/protocol_combined/obj/x64/Release) by extension 'python'
[0.323s] Level 1:colcon.colcon_core.package_identification:_identify(src/DynamixelSDK/c#/protocol_combined/win64/protocol_combined/obj/x64/Release) by extensions ['python_setup_py']
[0.323s] Level 1:colcon.colcon_core.package_identification:_identify(src/DynamixelSDK/c#/protocol_combined/win64/protocol_combined/obj/x64/Release) by extension 'python_setup_py'
[0.323s] Level 1:colcon.colcon_core.package_identification:_identify(src/DynamixelSDK/c++) by extensions ['ignore', 'ignore_ament_install']
[0.323s] Level 1:colcon.colcon_core.package_identification:_identify(src/DynamixelSDK/c++) by extension 'ignore'
[0.323s] Level 1:colcon.colcon_core.package_identification:_identify(src/DynamixelSDK/c++) ignored
[0.323s] Level 1:colcon.colcon_core.package_identification:_identify(src/DynamixelSDK/control_table) by extensions ['ignore', 'ignore_ament_install']
[0.323s] Level 1:colcon.colcon_core.package_identification:_identify(src/DynamixelSDK/control_table) by extension 'ignore'
[0.323s] Level 1:colcon.colcon_core.package_identification:_identify(src/DynamixelSDK/control_table) by extension 'ignore_ament_install'
[0.323s] Level 1:colcon.colcon_core.package_identification:_identify(src/DynamixelSDK/control_table) by extensions ['colcon_pkg']
[0.323s] Level 1:colcon.colcon_core.package_identification:_identify(src/DynamixelSDK/control_table) by extension 'colcon_pkg'
[0.323s] Level 1:colcon.colcon_core.package_identification:_identify(src/DynamixelSDK/control_table) by extensions ['colcon_meta']
[0.323s] Level 1:colcon.colcon_core.package_identification:_identify(src/DynamixelSDK/control_table) by extension 'colcon_meta'
[0.323s] Level 1:colcon.colcon_core.package_identification:_identify(src/DynamixelSDK/control_table) by extensions ['ros']
[0.323s] Level 1:colcon.colcon_core.package_identification:_identify(src/DynamixelSDK/control_table) by extension 'ros'
[0.323s] Level 1:colcon.colcon_core.package_identification:_identify(src/DynamixelSDK/control_table) by extensions ['cmake', 'python']
[0.324s] Level 1:colcon.colcon_core.package_identification:_identify(src/DynamixelSDK/control_table) by extension 'cmake'
[0.324s] Level 1:colcon.colcon_core.package_identification:_identify(src/DynamixelSDK/control_table) by extension 'python'
[0.324s] Level 1:colcon.colcon_core.package_identification:_identify(src/DynamixelSDK/control_table) by extensions ['python_setup_py']
[0.324s] Level 1:colcon.colcon_core.package_identification:_identify(src/DynamixelSDK/control_table) by extension 'python_setup_py'
[0.324s] Level 1:colcon.colcon_core.package_identification:_identify(src/DynamixelSDK/documents) by extensions ['ignore', 'ignore_ament_install']
[0.324s] Level 1:colcon.colcon_core.package_identification:_identify(src/DynamixelSDK/documents) by extension 'ignore'
[0.324s] Level 1:colcon.colcon_core.package_identification:_identify(src/DynamixelSDK/documents) by extension 'ignore_ament_install'
[0.324s] Level 1:colcon.colcon_core.package_identification:_identify(src/DynamixelSDK/documents) by extensions ['colcon_pkg']
[0.324s] Level 1:colcon.colcon_core.package_identification:_identify(src/DynamixelSDK/documents) by extension 'colcon_pkg'
[0.324s] Level 1:colcon.colcon_core.package_identification:_identify(src/DynamixelSDK/documents) by extensions ['colcon_meta']
[0.324s] Level 1:colcon.colcon_core.package_identification:_identify(src/DynamixelSDK/documents) by extension 'colcon_meta'
[0.324s] Level 1:colcon.colcon_core.package_identification:_identify(src/DynamixelSDK/documents) by extensions ['ros']
[0.324s] Level 1:colcon.colcon_core.package_identification:_identify(src/DynamixelSDK/documents) by extension 'ros'
[0.324s] Level 1:colcon.colcon_core.package_identification:_identify(src/DynamixelSDK/documents) by extensions ['cmake', 'python']
[0.324s] Level 1:colcon.colcon_core.package_identification:_identify(src/DynamixelSDK/documents) by extension 'cmake'
[0.324s] Level 1:colcon.colcon_core.package_identification:_identify(src/DynamixelSDK/documents) by extension 'python'
[0.324s] Level 1:colcon.colcon_core.package_identification:_identify(src/DynamixelSDK/documents) by extensions ['python_setup_py']
[0.324s] Level 1:colcon.colcon_core.package_identification:_identify(src/DynamixelSDK/documents) by extension 'python_setup_py'
[0.325s] Level 1:colcon.colcon_core.package_identification:_identify(src/DynamixelSDK/documents/cpp) by extensions ['ignore', 'ignore_ament_install']
[0.325s] Level 1:colcon.colcon_core.package_identification:_identify(src/DynamixelSDK/documents/cpp) by extension 'ignore'
[0.325s] Level 1:colcon.colcon_core.package_identification:_identify(src/DynamixelSDK/documents/cpp) by extension 'ignore_ament_install'
[0.325s] Level 1:colcon.colcon_core.package_identification:_identify(src/DynamixelSDK/documents/cpp) by extensions ['colcon_pkg']
[0.325s] Level 1:colcon.colcon_core.package_identification:_identify(src/DynamixelSDK/documents/cpp) by extension 'colcon_pkg'
[0.325s] Level 1:colcon.colcon_core.package_identification:_identify(src/DynamixelSDK/documents/cpp) by extensions ['colcon_meta']
[0.325s] Level 1:colcon.colcon_core.package_identification:_identify(src/DynamixelSDK/documents/cpp) by extension 'colcon_meta'
[0.325s] Level 1:colcon.colcon_core.package_identification:_identify(src/DynamixelSDK/documents/cpp) by extensions ['ros']
[0.325s] Level 1:colcon.colcon_core.package_identification:_identify(src/DynamixelSDK/documents/cpp) by extension 'ros'
[0.325s] Level 1:colcon.colcon_core.package_identification:_identify(src/DynamixelSDK/documents/cpp) by extensions ['cmake', 'python']
[0.325s] Level 1:colcon.colcon_core.package_identification:_identify(src/DynamixelSDK/documents/cpp) by extension 'cmake'
[0.325s] Level 1:colcon.colcon_core.package_identification:_identify(src/DynamixelSDK/documents/cpp) by extension 'python'
[0.325s] Level 1:colcon.colcon_core.package_identification:_identify(src/DynamixelSDK/documents/cpp) by extensions ['python_setup_py']
[0.325s] Level 1:colcon.colcon_core.package_identification:_identify(src/DynamixelSDK/documents/cpp) by extension 'python_setup_py'
[0.325s] Level 1:colcon.colcon_core.package_identification:_identify(src/DynamixelSDK/documents/cpp/html) by extensions ['ignore', 'ignore_ament_install']
[0.325s] Level 1:colcon.colcon_core.package_identification:_identify(src/DynamixelSDK/documents/cpp/html) by extension 'ignore'
[0.326s] Level 1:colcon.colcon_core.package_identification:_identify(src/DynamixelSDK/documents/cpp/html) by extension 'ignore_ament_install'
[0.326s] Level 1:colcon.colcon_core.package_identification:_identify(src/DynamixelSDK/documents/cpp/html) by extensions ['colcon_pkg']
[0.326s] Level 1:colcon.colcon_core.package_identification:_identify(src/DynamixelSDK/documents/cpp/html) by extension 'colcon_pkg'
[0.326s] Level 1:colcon.colcon_core.package_identification:_identify(src/DynamixelSDK/documents/cpp/html) by extensions ['colcon_meta']
[0.326s] Level 1:colcon.colcon_core.package_identification:_identify(src/DynamixelSDK/documents/cpp/html) by extension 'colcon_meta'
[0.326s] Level 1:colcon.colcon_core.package_identification:_identify(src/DynamixelSDK/documents/cpp/html) by extensions ['ros']
[0.326s] Level 1:colcon.colcon_core.package_identification:_identify(src/DynamixelSDK/documents/cpp/html) by extension 'ros'
[0.326s] Level 1:colcon.colcon_core.package_identification:_identify(src/DynamixelSDK/documents/cpp/html) by extensions ['cmake', 'python']
[0.326s] Level 1:colcon.colcon_core.package_identification:_identify(src/DynamixelSDK/documents/cpp/html) by extension 'cmake'
[0.326s] Level 1:colcon.colcon_core.package_identification:_identify(src/DynamixelSDK/documents/cpp/html) by extension 'python'
[0.326s] Level 1:colcon.colcon_core.package_identification:_identify(src/DynamixelSDK/documents/cpp/html) by extensions ['python_setup_py']
[0.326s] Level 1:colcon.colcon_core.package_identification:_identify(src/DynamixelSDK/documents/cpp/html) by extension 'python_setup_py'
[0.326s] Level 1:colcon.colcon_core.package_identification:_identify(src/DynamixelSDK/documents/cpp/html/search) by extensions ['ignore', 'ignore_ament_install']
[0.326s] Level 1:colcon.colcon_core.package_identification:_identify(src/DynamixelSDK/documents/cpp/html/search) by extension 'ignore'
[0.326s] Level 1:colcon.colcon_core.package_identification:_identify(src/DynamixelSDK/documents/cpp/html/search) by extension 'ignore_ament_install'
[0.327s] Level 1:colcon.colcon_core.package_identification:_identify(src/DynamixelSDK/documents/cpp/html/search) by extensions ['colcon_pkg']
[0.327s] Level 1:colcon.colcon_core.package_identification:_identify(src/DynamixelSDK/documents/cpp/html/search) by extension 'colcon_pkg'
[0.327s] Level 1:colcon.colcon_core.package_identification:_identify(src/DynamixelSDK/documents/cpp/html/search) by extensions ['colcon_meta']
[0.327s] Level 1:colcon.colcon_core.package_identification:_identify(src/DynamixelSDK/documents/cpp/html/search) by extension 'colcon_meta'
[0.327s] Level 1:colcon.colcon_core.package_identification:_identify(src/DynamixelSDK/documents/cpp/html/search) by extensions ['ros']
[0.327s] Level 1:colcon.colcon_core.package_identification:_identify(src/DynamixelSDK/documents/cpp/html/search) by extension 'ros'
[0.327s] Level 1:colcon.colcon_core.package_identification:_identify(src/DynamixelSDK/documents/cpp/html/search) by extensions ['cmake', 'python']
[0.327s] Level 1:colcon.colcon_core.package_identification:_identify(src/DynamixelSDK/documents/cpp/html/search) by extension 'cmake'
[0.327s] Level 1:colcon.colcon_core.package_identification:_identify(src/DynamixelSDK/documents/cpp/html/search) by extension 'python'
[0.327s] Level 1:colcon.colcon_core.package_identification:_identify(src/DynamixelSDK/documents/cpp/html/search) by extensions ['python_setup_py']
[0.327s] Level 1:colcon.colcon_core.package_identification:_identify(src/DynamixelSDK/documents/cpp/html/search) by extension 'python_setup_py'
[0.327s] Level 1:colcon.colcon_core.package_identification:_identify(src/DynamixelSDK/java) by extensions ['ignore', 'ignore_ament_install']
[0.327s] Level 1:colcon.colcon_core.package_identification:_identify(src/DynamixelSDK/java) by extension 'ignore'
[0.327s] Level 1:colcon.colcon_core.package_identification:_identify(src/DynamixelSDK/java) by extension 'ignore_ament_install'
[0.328s] Level 1:colcon.colcon_core.package_identification:_identify(src/DynamixelSDK/java) by extensions ['colcon_pkg']
[0.328s] Level 1:colcon.colcon_core.package_identification:_identify(src/DynamixelSDK/java) by extension 'colcon_pkg'
[0.328s] Level 1:colcon.colcon_core.package_identification:_identify(src/DynamixelSDK/java) by extensions ['colcon_meta']
[0.328s] Level 1:colcon.colcon_core.package_identification:_identify(src/DynamixelSDK/java) by extension 'colcon_meta'
[0.328s] Level 1:colcon.colcon_core.package_identification:_identify(src/DynamixelSDK/java) by extensions ['ros']
[0.328s] Level 1:colcon.colcon_core.package_identification:_identify(src/DynamixelSDK/java) by extension 'ros'
[0.328s] Level 1:colcon.colcon_core.package_identification:_identify(src/DynamixelSDK/java) by extensions ['cmake', 'python']
[0.328s] Level 1:colcon.colcon_core.package_identification:_identify(src/DynamixelSDK/java) by extension 'cmake'
[0.328s] Level 1:colcon.colcon_core.package_identification:_identify(src/DynamixelSDK/java) by extension 'python'
[0.328s] Level 1:colcon.colcon_core.package_identification:_identify(src/DynamixelSDK/java) by extensions ['python_setup_py']
[0.328s] Level 1:colcon.colcon_core.package_identification:_identify(src/DynamixelSDK/java) by extension 'python_setup_py'
[0.328s] Level 1:colcon.colcon_core.package_identification:_identify(src/DynamixelSDK/java/dynamixel_functions_java) by extensions ['ignore', 'ignore_ament_install']
[0.328s] Level 1:colcon.colcon_core.package_identification:_identify(src/DynamixelSDK/java/dynamixel_functions_java) by extension 'ignore'
[0.328s] Level 1:colcon.colcon_core.package_identification:_identify(src/DynamixelSDK/java/dynamixel_functions_java) by extension 'ignore_ament_install'
[0.328s] Level 1:colcon.colcon_core.package_identification:_identify(src/DynamixelSDK/java/dynamixel_functions_java) by extensions ['colcon_pkg']
[0.329s] Level 1:colcon.colcon_core.package_identification:_identify(src/DynamixelSDK/java/dynamixel_functions_java) by extension 'colcon_pkg'
[0.329s] Level 1:colcon.colcon_core.package_identification:_identify(src/DynamixelSDK/java/dynamixel_functions_java) by extensions ['colcon_meta']
[0.329s] Level 1:colcon.colcon_core.package_identification:_identify(src/DynamixelSDK/java/dynamixel_functions_java) by extension 'colcon_meta'
[0.329s] Level 1:colcon.colcon_core.package_identification:_identify(src/DynamixelSDK/java/dynamixel_functions_java) by extensions ['ros']
[0.329s] Level 1:colcon.colcon_core.package_identification:_identify(src/DynamixelSDK/java/dynamixel_functions_java) by extension 'ros'
[0.329s] Level 1:colcon.colcon_core.package_identification:_identify(src/DynamixelSDK/java/dynamixel_functions_java) by extensions ['cmake', 'python']
[0.329s] Level 1:colcon.colcon_core.package_identification:_identify(src/DynamixelSDK/java/dynamixel_functions_java) by extension 'cmake'
[0.329s] Level 1:colcon.colcon_core.package_identification:_identify(src/DynamixelSDK/java/dynamixel_functions_java) by extension 'python'
[0.329s] Level 1:colcon.colcon_core.package_identification:_identify(src/DynamixelSDK/java/dynamixel_functions_java) by extensions ['python_setup_py']
[0.329s] Level 1:colcon.colcon_core.package_identification:_identify(src/DynamixelSDK/java/dynamixel_functions_java) by extension 'python_setup_py'
[0.329s] Level 1:colcon.colcon_core.package_identification:_identify(src/DynamixelSDK/java/dynamixel_functions_java/mac_x64) by extensions ['ignore', 'ignore_ament_install']
[0.329s] Level 1:colcon.colcon_core.package_identification:_identify(src/DynamixelSDK/java/dynamixel_functions_java/mac_x64) by extension 'ignore'
[0.329s] Level 1:colcon.colcon_core.package_identification:_identify(src/DynamixelSDK/java/dynamixel_functions_java/mac_x64) by extension 'ignore_ament_install'
[0.329s] Level 1:colcon.colcon_core.package_identification:_identify(src/DynamixelSDK/java/dynamixel_functions_java/mac_x64) by extensions ['colcon_pkg']
[0.329s] Level 1:colcon.colcon_core.package_identification:_identify(src/DynamixelSDK/java/dynamixel_functions_java/mac_x64) by extension 'colcon_pkg'
[0.329s] Level 1:colcon.colcon_core.package_identification:_identify(src/DynamixelSDK/java/dynamixel_functions_java/mac_x64) by extensions ['colcon_meta']
[0.329s] Level 1:colcon.colcon_core.package_identification:_identify(src/DynamixelSDK/java/dynamixel_functions_java/mac_x64) by extension 'colcon_meta'
[0.329s] Level 1:colcon.colcon_core.package_identification:_identify(src/DynamixelSDK/java/dynamixel_functions_java/mac_x64) by extensions ['ros']
[0.329s] Level 1:colcon.colcon_core.package_identification:_identify(src/DynamixelSDK/java/dynamixel_functions_java/mac_x64) by extension 'ros'
[0.330s] Level 1:colcon.colcon_core.package_identification:_identify(src/DynamixelSDK/java/dynamixel_functions_java/mac_x64) by extensions ['cmake', 'python']
[0.330s] Level 1:colcon.colcon_core.package_identification:_identify(src/DynamixelSDK/java/dynamixel_functions_java/mac_x64) by extension 'cmake'
[0.330s] Level 1:colcon.colcon_core.package_identification:_identify(src/DynamixelSDK/java/dynamixel_functions_java/mac_x64) by extension 'python'
[0.330s] Level 1:colcon.colcon_core.package_identification:_identify(src/DynamixelSDK/java/dynamixel_functions_java/mac_x64) by extensions ['python_setup_py']
[0.330s] Level 1:colcon.colcon_core.package_identification:_identify(src/DynamixelSDK/java/dynamixel_functions_java/mac_x64) by extension 'python_setup_py'
[0.330s] Level 1:colcon.colcon_core.package_identification:_identify(src/DynamixelSDK/java/dynamixel_functions_java/x64) by extensions ['ignore', 'ignore_ament_install']
[0.330s] Level 1:colcon.colcon_core.package_identification:_identify(src/DynamixelSDK/java/dynamixel_functions_java/x64) by extension 'ignore'
[0.330s] Level 1:colcon.colcon_core.package_identification:_identify(src/DynamixelSDK/java/dynamixel_functions_java/x64) by extension 'ignore_ament_install'
[0.330s] Level 1:colcon.colcon_core.package_identification:_identify(src/DynamixelSDK/java/dynamixel_functions_java/x64) by extensions ['colcon_pkg']
[0.330s] Level 1:colcon.colcon_core.package_identification:_identify(src/DynamixelSDK/java/dynamixel_functions_java/x64) by extension 'colcon_pkg'
[0.330s] Level 1:colcon.colcon_core.package_identification:_identify(src/DynamixelSDK/java/dynamixel_functions_java/x64) by extensions ['colcon_meta']
[0.330s] Level 1:colcon.colcon_core.package_identification:_identify(src/DynamixelSDK/java/dynamixel_functions_java/x64) by extension 'colcon_meta'
[0.330s] Level 1:colcon.colcon_core.package_identification:_identify(src/DynamixelSDK/java/dynamixel_functions_java/x64) by extensions ['ros']
[0.330s] Level 1:colcon.colcon_core.package_identification:_identify(src/DynamixelSDK/java/dynamixel_functions_java/x64) by extension 'ros'
[0.330s] Level 1:colcon.colcon_core.package_identification:_identify(src/DynamixelSDK/java/dynamixel_functions_java/x64) by extensions ['cmake', 'python']
[0.330s] Level 1:colcon.colcon_core.package_identification:_identify(src/DynamixelSDK/java/dynamixel_functions_java/x64) by extension 'cmake'
[0.330s] Level 1:colcon.colcon_core.package_identification:_identify(src/DynamixelSDK/java/dynamixel_functions_java/x64) by extension 'python'
[0.331s] Level 1:colcon.colcon_core.package_identification:_identify(src/DynamixelSDK/java/dynamixel_functions_java/x64) by extensions ['python_setup_py']
[0.331s] Level 1:colcon.colcon_core.package_identification:_identify(src/DynamixelSDK/java/dynamixel_functions_java/x64) by extension 'python_setup_py'
[0.331s] Level 1:colcon.colcon_core.package_identification:_identify(src/DynamixelSDK/java/dynamixel_functions_java/x86) by extensions ['ignore', 'ignore_ament_install']
[0.331s] Level 1:colcon.colcon_core.package_identification:_identify(src/DynamixelSDK/java/dynamixel_functions_java/x86) by extension 'ignore'
[0.331s] Level 1:colcon.colcon_core.package_identification:_identify(src/DynamixelSDK/java/dynamixel_functions_java/x86) by extension 'ignore_ament_install'
[0.331s] Level 1:colcon.colcon_core.package_identification:_identify(src/DynamixelSDK/java/dynamixel_functions_java/x86) by extensions ['colcon_pkg']
[0.331s] Level 1:colcon.colcon_core.package_identification:_identify(src/DynamixelSDK/java/dynamixel_functions_java/x86) by extension 'colcon_pkg'
[0.331s] Level 1:colcon.colcon_core.package_identification:_identify(src/DynamixelSDK/java/dynamixel_functions_java/x86) by extensions ['colcon_meta']
[0.331s] Level 1:colcon.colcon_core.package_identification:_identify(src/DynamixelSDK/java/dynamixel_functions_java/x86) by extension 'colcon_meta'
[0.331s] Level 1:colcon.colcon_core.package_identification:_identify(src/DynamixelSDK/java/dynamixel_functions_java/x86) by extensions ['ros']
[0.331s] Level 1:colcon.colcon_core.package_identification:_identify(src/DynamixelSDK/java/dynamixel_functions_java/x86) by extension 'ros'
[0.331s] Level 1:colcon.colcon_core.package_identification:_identify(src/DynamixelSDK/java/dynamixel_functions_java/x86) by extensions ['cmake', 'python']
[0.331s] Level 1:colcon.colcon_core.package_identification:_identify(src/DynamixelSDK/java/dynamixel_functions_java/x86) by extension 'cmake'
[0.331s] Level 1:colcon.colcon_core.package_identification:_identify(src/DynamixelSDK/java/dynamixel_functions_java/x86) by extension 'python'
[0.331s] Level 1:colcon.colcon_core.package_identification:_identify(src/DynamixelSDK/java/dynamixel_functions_java/x86) by extensions ['python_setup_py']
[0.331s] Level 1:colcon.colcon_core.package_identification:_identify(src/DynamixelSDK/java/dynamixel_functions_java/x86) by extension 'python_setup_py'
[0.332s] Level 1:colcon.colcon_core.package_identification:_identify(src/DynamixelSDK/java/protocol1.0) by extensions ['ignore', 'ignore_ament_install']
[0.332s] Level 1:colcon.colcon_core.package_identification:_identify(src/DynamixelSDK/java/protocol1.0) by extension 'ignore'
[0.332s] Level 1:colcon.colcon_core.package_identification:_identify(src/DynamixelSDK/java/protocol1.0) by extension 'ignore_ament_install'
[0.332s] Level 1:colcon.colcon_core.package_identification:_identify(src/DynamixelSDK/java/protocol1.0) by extensions ['colcon_pkg']
[0.332s] Level 1:colcon.colcon_core.package_identification:_identify(src/DynamixelSDK/java/protocol1.0) by extension 'colcon_pkg'
[0.332s] Level 1:colcon.colcon_core.package_identification:_identify(src/DynamixelSDK/java/protocol1.0) by extensions ['colcon_meta']
[0.332s] Level 1:colcon.colcon_core.package_identification:_identify(src/DynamixelSDK/java/protocol1.0) by extension 'colcon_meta'
[0.332s] Level 1:colcon.colcon_core.package_identification:_identify(src/DynamixelSDK/java/protocol1.0) by extensions ['ros']
[0.332s] Level 1:colcon.colcon_core.package_identification:_identify(src/DynamixelSDK/java/protocol1.0) by extension 'ros'
[0.332s] Level 1:colcon.colcon_core.package_identification:_identify(src/DynamixelSDK/java/protocol1.0) by extensions ['cmake', 'python']
[0.332s] Level 1:colcon.colcon_core.package_identification:_identify(src/DynamixelSDK/java/protocol1.0) by extension 'cmake'
[0.332s] Level 1:colcon.colcon_core.package_identification:_identify(src/DynamixelSDK/java/protocol1.0) by extension 'python'
[0.332s] Level 1:colcon.colcon_core.package_identification:_identify(src/DynamixelSDK/java/protocol1.0) by extensions ['python_setup_py']
[0.332s] Level 1:colcon.colcon_core.package_identification:_identify(src/DynamixelSDK/java/protocol1.0) by extension 'python_setup_py'
[0.332s] Level 1:colcon.colcon_core.package_identification:_identify(src/DynamixelSDK/java/protocol1.0/bulk_read) by extensions ['ignore', 'ignore_ament_install']
[0.332s] Level 1:colcon.colcon_core.package_identification:_identify(src/DynamixelSDK/java/protocol1.0/bulk_read) by extension 'ignore'
[0.333s] Level 1:colcon.colcon_core.package_identification:_identify(src/DynamixelSDK/java/protocol1.0/bulk_read) by extension 'ignore_ament_install'
[0.333s] Level 1:colcon.colcon_core.package_identification:_identify(src/DynamixelSDK/java/protocol1.0/bulk_read) by extensions ['colcon_pkg']
[0.333s] Level 1:colcon.colcon_core.package_identification:_identify(src/DynamixelSDK/java/protocol1.0/bulk_read) by extension 'colcon_pkg'
[0.333s] Level 1:colcon.colcon_core.package_identification:_identify(src/DynamixelSDK/java/protocol1.0/bulk_read) by extensions ['colcon_meta']
[0.333s] Level 1:colcon.colcon_core.package_identification:_identify(src/DynamixelSDK/java/protocol1.0/bulk_read) by extension 'colcon_meta'
[0.333s] Level 1:colcon.colcon_core.package_identification:_identify(src/DynamixelSDK/java/protocol1.0/bulk_read) by extensions ['ros']
[0.333s] Level 1:colcon.colcon_core.package_identification:_identify(src/DynamixelSDK/java/protocol1.0/bulk_read) by extension 'ros'
[0.333s] Level 1:colcon.colcon_core.package_identification:_identify(src/DynamixelSDK/java/protocol1.0/bulk_read) by extensions ['cmake', 'python']
[0.333s] Level 1:colcon.colcon_core.package_identification:_identify(src/DynamixelSDK/java/protocol1.0/bulk_read) by extension 'cmake'
[0.333s] Level 1:colcon.colcon_core.package_identification:_identify(src/DynamixelSDK/java/protocol1.0/bulk_read) by extension 'python'
[0.333s] Level 1:colcon.colcon_core.package_identification:_identify(src/DynamixelSDK/java/protocol1.0/bulk_read) by extensions ['python_setup_py']
[0.333s] Level 1:colcon.colcon_core.package_identification:_identify(src/DynamixelSDK/java/protocol1.0/bulk_read) by extension 'python_setup_py'
[0.333s] Level 1:colcon.colcon_core.package_identification:_identify(src/DynamixelSDK/java/protocol1.0/multi_port) by extensions ['ignore', 'ignore_ament_install']
[0.333s] Level 1:colcon.colcon_core.package_identification:_identify(src/DynamixelSDK/java/protocol1.0/multi_port) by extension 'ignore'
[0.333s] Level 1:colcon.colcon_core.package_identification:_identify(src/DynamixelSDK/java/protocol1.0/multi_port) by extension 'ignore_ament_install'
[0.333s] Level 1:colcon.colcon_core.package_identification:_identify(src/DynamixelSDK/java/protocol1.0/multi_port) by extensions ['colcon_pkg']
[0.333s] Level 1:colcon.colcon_core.package_identification:_identify(src/DynamixelSDK/java/protocol1.0/multi_port) by extension 'colcon_pkg'
[0.333s] Level 1:colcon.colcon_core.package_identification:_identify(src/DynamixelSDK/java/protocol1.0/multi_port) by extensions ['colcon_meta']
[0.334s] Level 1:colcon.colcon_core.package_identification:_identify(src/DynamixelSDK/java/protocol1.0/multi_port) by extension 'colcon_meta'
[0.334s] Level 1:colcon.colcon_core.package_identification:_identify(src/DynamixelSDK/java/protocol1.0/multi_port) by extensions ['ros']
[0.334s] Level 1:colcon.colcon_core.package_identification:_identify(src/DynamixelSDK/java/protocol1.0/multi_port) by extension 'ros'
[0.334s] Level 1:colcon.colcon_core.package_identification:_identify(src/DynamixelSDK/java/protocol1.0/multi_port) by extensions ['cmake', 'python']
[0.334s] Level 1:colcon.colcon_core.package_identification:_identify(src/DynamixelSDK/java/protocol1.0/multi_port) by extension 'cmake'
[0.334s] Level 1:colcon.colcon_core.package_identification:_identify(src/DynamixelSDK/java/protocol1.0/multi_port) by extension 'python'
[0.334s] Level 1:colcon.colcon_core.package_identification:_identify(src/DynamixelSDK/java/protocol1.0/multi_port) by extensions ['python_setup_py']
[0.334s] Level 1:colcon.colcon_core.package_identification:_identify(src/DynamixelSDK/java/protocol1.0/multi_port) by extension 'python_setup_py'
[0.334s] Level 1:colcon.colcon_core.package_identification:_identify(src/DynamixelSDK/java/protocol1.0/ping) by extensions ['ignore', 'ignore_ament_install']
[0.334s] Level 1:colcon.colcon_core.package_identification:_identify(src/DynamixelSDK/java/protocol1.0/ping) by extension 'ignore'
[0.334s] Level 1:colcon.colcon_core.package_identification:_identify(src/DynamixelSDK/java/protocol1.0/ping) by extension 'ignore_ament_install'
[0.334s] Level 1:colcon.colcon_core.package_identification:_identify(src/DynamixelSDK/java/protocol1.0/ping) by extensions ['colcon_pkg']
[0.334s] Level 1:colcon.colcon_core.package_identification:_identify(src/DynamixelSDK/java/protocol1.0/ping) by extension 'colcon_pkg'
[0.334s] Level 1:colcon.colcon_core.package_identification:_identify(src/DynamixelSDK/java/protocol1.0/ping) by extensions ['colcon_meta']
[0.334s] Level 1:colcon.colcon_core.package_identification:_identify(src/DynamixelSDK/java/protocol1.0/ping) by extension 'colcon_meta'
[0.334s] Level 1:colcon.colcon_core.package_identification:_identify(src/DynamixelSDK/java/protocol1.0/ping) by extensions ['ros']
[0.334s] Level 1:colcon.colcon_core.package_identification:_identify(src/DynamixelSDK/java/protocol1.0/ping) by extension 'ros'
[0.335s] Level 1:colcon.colcon_core.package_identification:_identify(src/DynamixelSDK/java/protocol1.0/ping) by extensions ['cmake', 'python']
[0.335s] Level 1:colcon.colcon_core.package_identification:_identify(src/DynamixelSDK/java/protocol1.0/ping) by extension 'cmake'
[0.335s] Level 1:colcon.colcon_core.package_identification:_identify(src/DynamixelSDK/java/protocol1.0/ping) by extension 'python'
[0.335s] Level 1:colcon.colcon_core.package_identification:_identify(src/DynamixelSDK/java/protocol1.0/ping) by extensions ['python_setup_py']
[0.335s] Level 1:colcon.colcon_core.package_identification:_identify(src/DynamixelSDK/java/protocol1.0/ping) by extension 'python_setup_py'
[0.335s] Level 1:colcon.colcon_core.package_identification:_identify(src/DynamixelSDK/java/protocol1.0/read_write) by extensions ['ignore', 'ignore_ament_install']
[0.335s] Level 1:colcon.colcon_core.package_identification:_identify(src/DynamixelSDK/java/protocol1.0/read_write) by extension 'ignore'
[0.335s] Level 1:colcon.colcon_core.package_identification:_identify(src/DynamixelSDK/java/protocol1.0/read_write) by extension 'ignore_ament_install'
[0.335s] Level 1:colcon.colcon_core.package_identification:_identify(src/DynamixelSDK/java/protocol1.0/read_write) by extensions ['colcon_pkg']
[0.335s] Level 1:colcon.colcon_core.package_identification:_identify(src/DynamixelSDK/java/protocol1.0/read_write) by extension 'colcon_pkg'
[0.335s] Level 1:colcon.colcon_core.package_identification:_identify(src/DynamixelSDK/java/protocol1.0/read_write) by extensions ['colcon_meta']
[0.335s] Level 1:colcon.colcon_core.package_identification:_identify(src/DynamixelSDK/java/protocol1.0/read_write) by extension 'colcon_meta'
[0.335s] Level 1:colcon.colcon_core.package_identification:_identify(src/DynamixelSDK/java/protocol1.0/read_write) by extensions ['ros']
[0.335s] Level 1:colcon.colcon_core.package_identification:_identify(src/DynamixelSDK/java/protocol1.0/read_write) by extension 'ros'
[0.335s] Level 1:colcon.colcon_core.package_identification:_identify(src/DynamixelSDK/java/protocol1.0/read_write) by extensions ['cmake', 'python']
[0.335s] Level 1:colcon.colcon_core.package_identification:_identify(src/DynamixelSDK/java/protocol1.0/read_write) by extension 'cmake'
[0.335s] Level 1:colcon.colcon_core.package_identification:_identify(src/DynamixelSDK/java/protocol1.0/read_write) by extension 'python'
[0.335s] Level 1:colcon.colcon_core.package_identification:_identify(src/DynamixelSDK/java/protocol1.0/read_write) by extensions ['python_setup_py']
[0.335s] Level 1:colcon.colcon_core.package_identification:_identify(src/DynamixelSDK/java/protocol1.0/read_write) by extension 'python_setup_py'
[0.336s] Level 1:colcon.colcon_core.package_identification:_identify(src/DynamixelSDK/java/protocol1.0/reset) by extensions ['ignore', 'ignore_ament_install']
[0.336s] Level 1:colcon.colcon_core.package_identification:_identify(src/DynamixelSDK/java/protocol1.0/reset) by extension 'ignore'
[0.336s] Level 1:colcon.colcon_core.package_identification:_identify(src/DynamixelSDK/java/protocol1.0/reset) by extension 'ignore_ament_install'
[0.336s] Level 1:colcon.colcon_core.package_identification:_identify(src/DynamixelSDK/java/protocol1.0/reset) by extensions ['colcon_pkg']
[0.336s] Level 1:colcon.colcon_core.package_identification:_identify(src/DynamixelSDK/java/protocol1.0/reset) by extension 'colcon_pkg'
[0.336s] Level 1:colcon.colcon_core.package_identification:_identify(src/DynamixelSDK/java/protocol1.0/reset) by extensions ['colcon_meta']
[0.336s] Level 1:colcon.colcon_core.package_identification:_identify(src/DynamixelSDK/java/protocol1.0/reset) by extension 'colcon_meta'
[0.336s] Level 1:colcon.colcon_core.package_identification:_identify(src/DynamixelSDK/java/protocol1.0/reset) by extensions ['ros']
[0.336s] Level 1:colcon.colcon_core.package_identification:_identify(src/DynamixelSDK/java/protocol1.0/reset) by extension 'ros'
[0.336s] Level 1:colcon.colcon_core.package_identification:_identify(src/DynamixelSDK/java/protocol1.0/reset) by extensions ['cmake', 'python']
[0.336s] Level 1:colcon.colcon_core.package_identification:_identify(src/DynamixelSDK/java/protocol1.0/reset) by extension 'cmake'
[0.336s] Level 1:colcon.colcon_core.package_identification:_identify(src/DynamixelSDK/java/protocol1.0/reset) by extension 'python'
[0.336s] Level 1:colcon.colcon_core.package_identification:_identify(src/DynamixelSDK/java/protocol1.0/reset) by extensions ['python_setup_py']
[0.336s] Level 1:colcon.colcon_core.package_identification:_identify(src/DynamixelSDK/java/protocol1.0/reset) by extension 'python_setup_py'
[0.336s] Level 1:colcon.colcon_core.package_identification:_identify(src/DynamixelSDK/java/protocol1.0/sync_write) by extensions ['ignore', 'ignore_ament_install']
[0.336s] Level 1:colcon.colcon_core.package_identification:_identify(src/DynamixelSDK/java/protocol1.0/sync_write) by extension 'ignore'
[0.337s] Level 1:colcon.colcon_core.package_identification:_identify(src/DynamixelSDK/java/protocol1.0/sync_write) by extension 'ignore_ament_install'
[0.337s] Level 1:colcon.colcon_core.package_identification:_identify(src/DynamixelSDK/java/protocol1.0/sync_write) by extensions ['colcon_pkg']
[0.337s] Level 1:colcon.colcon_core.package_identification:_identify(src/DynamixelSDK/java/protocol1.0/sync_write) by extension 'colcon_pkg'
[0.337s] Level 1:colcon.colcon_core.package_identification:_identify(src/DynamixelSDK/java/protocol1.0/sync_write) by extensions ['colcon_meta']
[0.337s] Level 1:colcon.colcon_core.package_identification:_identify(src/DynamixelSDK/java/protocol1.0/sync_write) by extension 'colcon_meta'
[0.337s] Level 1:colcon.colcon_core.package_identification:_identify(src/DynamixelSDK/java/protocol1.0/sync_write) by extensions ['ros']
[0.337s] Level 1:colcon.colcon_core.package_identification:_identify(src/DynamixelSDK/java/protocol1.0/sync_write) by extension 'ros'
[0.337s] Level 1:colcon.colcon_core.package_identification:_identify(src/DynamixelSDK/java/protocol1.0/sync_write) by extensions ['cmake', 'python']
[0.337s] Level 1:colcon.colcon_core.package_identification:_identify(src/DynamixelSDK/java/protocol1.0/sync_write) by extension 'cmake'
[0.337s] Level 1:colcon.colcon_core.package_identification:_identify(src/DynamixelSDK/java/protocol1.0/sync_write) by extension 'python'
[0.337s] Level 1:colcon.colcon_core.package_identification:_identify(src/DynamixelSDK/java/protocol1.0/sync_write) by extensions ['python_setup_py']
[0.337s] Level 1:colcon.colcon_core.package_identification:_identify(src/DynamixelSDK/java/protocol1.0/sync_write) by extension 'python_setup_py'
[0.337s] Level 1:colcon.colcon_core.package_identification:_identify(src/DynamixelSDK/java/protocol2.0) by extensions ['ignore', 'ignore_ament_install']
[0.337s] Level 1:colcon.colcon_core.package_identification:_identify(src/DynamixelSDK/java/protocol2.0) by extension 'ignore'
[0.337s] Level 1:colcon.colcon_core.package_identification:_identify(src/DynamixelSDK/java/protocol2.0) by extension 'ignore_ament_install'
[0.337s] Level 1:colcon.colcon_core.package_identification:_identify(src/DynamixelSDK/java/protocol2.0) by extensions ['colcon_pkg']
[0.337s] Level 1:colcon.colcon_core.package_identification:_identify(src/DynamixelSDK/java/protocol2.0) by extension 'colcon_pkg'
[0.337s] Level 1:colcon.colcon_core.package_identification:_identify(src/DynamixelSDK/java/protocol2.0) by extensions ['colcon_meta']
[0.337s] Level 1:colcon.colcon_core.package_identification:_identify(src/DynamixelSDK/java/protocol2.0) by extension 'colcon_meta'
[0.338s] Level 1:colcon.colcon_core.package_identification:_identify(src/DynamixelSDK/java/protocol2.0) by extensions ['ros']
[0.338s] Level 1:colcon.colcon_core.package_identification:_identify(src/DynamixelSDK/java/protocol2.0) by extension 'ros'
[0.338s] Level 1:colcon.colcon_core.package_identification:_identify(src/DynamixelSDK/java/protocol2.0) by extensions ['cmake', 'python']
[0.338s] Level 1:colcon.colcon_core.package_identification:_identify(src/DynamixelSDK/java/protocol2.0) by extension 'cmake'
[0.338s] Level 1:colcon.colcon_core.package_identification:_identify(src/DynamixelSDK/java/protocol2.0) by extension 'python'
[0.338s] Level 1:colcon.colcon_core.package_identification:_identify(src/DynamixelSDK/java/protocol2.0) by extensions ['python_setup_py']
[0.338s] Level 1:colcon.colcon_core.package_identification:_identify(src/DynamixelSDK/java/protocol2.0) by extension 'python_setup_py'
[0.338s] Level 1:colcon.colcon_core.package_identification:_identify(src/DynamixelSDK/java/protocol2.0/broadcast_ping) by extensions ['ignore', 'ignore_ament_install']
[0.338s] Level 1:colcon.colcon_core.package_identification:_identify(src/DynamixelSDK/java/protocol2.0/broadcast_ping) by extension 'ignore'
[0.338s] Level 1:colcon.colcon_core.package_identification:_identify(src/DynamixelSDK/java/protocol2.0/broadcast_ping) by extension 'ignore_ament_install'
[0.338s] Level 1:colcon.colcon_core.package_identification:_identify(src/DynamixelSDK/java/protocol2.0/broadcast_ping) by extensions ['colcon_pkg']
[0.338s] Level 1:colcon.colcon_core.package_identification:_identify(src/DynamixelSDK/java/protocol2.0/broadcast_ping) by extension 'colcon_pkg'
[0.338s] Level 1:colcon.colcon_core.package_identification:_identify(src/DynamixelSDK/java/protocol2.0/broadcast_ping) by extensions ['colcon_meta']
[0.338s] Level 1:colcon.colcon_core.package_identification:_identify(src/DynamixelSDK/java/protocol2.0/broadcast_ping) by extension 'colcon_meta'
[0.338s] Level 1:colcon.colcon_core.package_identification:_identify(src/DynamixelSDK/java/protocol2.0/broadcast_ping) by extensions ['ros']
[0.338s] Level 1:colcon.colcon_core.package_identification:_identify(src/DynamixelSDK/java/protocol2.0/broadcast_ping) by extension 'ros'
[0.339s] Level 1:colcon.colcon_core.package_identification:_identify(src/DynamixelSDK/java/protocol2.0/broadcast_ping) by extensions ['cmake', 'python']
[0.339s] Level 1:colcon.colcon_core.package_identification:_identify(src/DynamixelSDK/java/protocol2.0/broadcast_ping) by extension 'cmake'
[0.339s] Level 1:colcon.colcon_core.package_identification:_identify(src/DynamixelSDK/java/protocol2.0/broadcast_ping) by extension 'python'
[0.339s] Level 1:colcon.colcon_core.package_identification:_identify(src/DynamixelSDK/java/protocol2.0/broadcast_ping) by extensions ['python_setup_py']
[0.339s] Level 1:colcon.colcon_core.package_identification:_identify(src/DynamixelSDK/java/protocol2.0/broadcast_ping) by extension 'python_setup_py'
[0.339s] Level 1:colcon.colcon_core.package_identification:_identify(src/DynamixelSDK/java/protocol2.0/bulk_read_write) by extensions ['ignore', 'ignore_ament_install']
[0.339s] Level 1:colcon.colcon_core.package_identification:_identify(src/DynamixelSDK/java/protocol2.0/bulk_read_write) by extension 'ignore'
[0.339s] Level 1:colcon.colcon_core.package_identification:_identify(src/DynamixelSDK/java/protocol2.0/bulk_read_write) by extension 'ignore_ament_install'
[0.339s] Level 1:colcon.colcon_core.package_identification:_identify(src/DynamixelSDK/java/protocol2.0/bulk_read_write) by extensions ['colcon_pkg']
[0.339s] Level 1:colcon.colcon_core.package_identification:_identify(src/DynamixelSDK/java/protocol2.0/bulk_read_write) by extension 'colcon_pkg'
[0.339s] Level 1:colcon.colcon_core.package_identification:_identify(src/DynamixelSDK/java/protocol2.0/bulk_read_write) by extensions ['colcon_meta']
[0.339s] Level 1:colcon.colcon_core.package_identification:_identify(src/DynamixelSDK/java/protocol2.0/bulk_read_write) by extension 'colcon_meta'
[0.339s] Level 1:colcon.colcon_core.package_identification:_identify(src/DynamixelSDK/java/protocol2.0/bulk_read_write) by extensions ['ros']
[0.339s] Level 1:colcon.colcon_core.package_identification:_identify(src/DynamixelSDK/java/protocol2.0/bulk_read_write) by extension 'ros'
[0.339s] Level 1:colcon.colcon_core.package_identification:_identify(src/DynamixelSDK/java/protocol2.0/bulk_read_write) by extensions ['cmake', 'python']
[0.339s] Level 1:colcon.colcon_core.package_identification:_identify(src/DynamixelSDK/java/protocol2.0/bulk_read_write) by extension 'cmake'
[0.339s] Level 1:colcon.colcon_core.package_identification:_identify(src/DynamixelSDK/java/protocol2.0/bulk_read_write) by extension 'python'
[0.339s] Level 1:colcon.colcon_core.package_identification:_identify(src/DynamixelSDK/java/protocol2.0/bulk_read_write) by extensions ['python_setup_py']
[0.339s] Level 1:colcon.colcon_core.package_identification:_identify(src/DynamixelSDK/java/protocol2.0/bulk_read_write) by extension 'python_setup_py'
[0.340s] Level 1:colcon.colcon_core.package_identification:_identify(src/DynamixelSDK/java/protocol2.0/clear_multi_turn) by extensions ['ignore', 'ignore_ament_install']
[0.340s] Level 1:colcon.colcon_core.package_identification:_identify(src/DynamixelSDK/java/protocol2.0/clear_multi_turn) by extension 'ignore'
[0.340s] Level 1:colcon.colcon_core.package_identification:_identify(src/DynamixelSDK/java/protocol2.0/clear_multi_turn) by extension 'ignore_ament_install'
[0.340s] Level 1:colcon.colcon_core.package_identification:_identify(src/DynamixelSDK/java/protocol2.0/clear_multi_turn) by extensions ['colcon_pkg']
[0.340s] Level 1:colcon.colcon_core.package_identification:_identify(src/DynamixelSDK/java/protocol2.0/clear_multi_turn) by extension 'colcon_pkg'
[0.340s] Level 1:colcon.colcon_core.package_identification:_identify(src/DynamixelSDK/java/protocol2.0/clear_multi_turn) by extensions ['colcon_meta']
[0.340s] Level 1:colcon.colcon_core.package_identification:_identify(src/DynamixelSDK/java/protocol2.0/clear_multi_turn) by extension 'colcon_meta'
[0.340s] Level 1:colcon.colcon_core.package_identification:_identify(src/DynamixelSDK/java/protocol2.0/clear_multi_turn) by extensions ['ros']
[0.340s] Level 1:colcon.colcon_core.package_identification:_identify(src/DynamixelSDK/java/protocol2.0/clear_multi_turn) by extension 'ros'
[0.340s] Level 1:colcon.colcon_core.package_identification:_identify(src/DynamixelSDK/java/protocol2.0/clear_multi_turn) by extensions ['cmake', 'python']
[0.340s] Level 1:colcon.colcon_core.package_identification:_identify(src/DynamixelSDK/java/protocol2.0/clear_multi_turn) by extension 'cmake'
[0.340s] Level 1:colcon.colcon_core.package_identification:_identify(src/DynamixelSDK/java/protocol2.0/clear_multi_turn) by extension 'python'
[0.340s] Level 1:colcon.colcon_core.package_identification:_identify(src/DynamixelSDK/java/protocol2.0/clear_multi_turn) by extensions ['python_setup_py']
[0.340s] Level 1:colcon.colcon_core.package_identification:_identify(src/DynamixelSDK/java/protocol2.0/clear_multi_turn) by extension 'python_setup_py'
[0.340s] Level 1:colcon.colcon_core.package_identification:_identify(src/DynamixelSDK/java/protocol2.0/factory_reset) by extensions ['ignore', 'ignore_ament_install']
[0.340s] Level 1:colcon.colcon_core.package_identification:_identify(src/DynamixelSDK/java/protocol2.0/factory_reset) by extension 'ignore'
[0.341s] Level 1:colcon.colcon_core.package_identification:_identify(src/DynamixelSDK/java/protocol2.0/factory_reset) by extension 'ignore_ament_install'
[0.341s] Level 1:colcon.colcon_core.package_identification:_identify(src/DynamixelSDK/java/protocol2.0/factory_reset) by extensions ['colcon_pkg']
[0.341s] Level 1:colcon.colcon_core.package_identification:_identify(src/DynamixelSDK/java/protocol2.0/factory_reset) by extension 'colcon_pkg'
[0.341s] Level 1:colcon.colcon_core.package_identification:_identify(src/DynamixelSDK/java/protocol2.0/factory_reset) by extensions ['colcon_meta']
[0.341s] Level 1:colcon.colcon_core.package_identification:_identify(src/DynamixelSDK/java/protocol2.0/factory_reset) by extension 'colcon_meta'
[0.341s] Level 1:colcon.colcon_core.package_identification:_identify(src/DynamixelSDK/java/protocol2.0/factory_reset) by extensions ['ros']
[0.341s] Level 1:colcon.colcon_core.package_identification:_identify(src/DynamixelSDK/java/protocol2.0/factory_reset) by extension 'ros'
[0.341s] Level 1:colcon.colcon_core.package_identification:_identify(src/DynamixelSDK/java/protocol2.0/factory_reset) by extensions ['cmake', 'python']
[0.341s] Level 1:colcon.colcon_core.package_identification:_identify(src/DynamixelSDK/java/protocol2.0/factory_reset) by extension 'cmake'
[0.341s] Level 1:colcon.colcon_core.package_identification:_identify(src/DynamixelSDK/java/protocol2.0/factory_reset) by extension 'python'
[0.341s] Level 1:colcon.colcon_core.package_identification:_identify(src/DynamixelSDK/java/protocol2.0/factory_reset) by extensions ['python_setup_py']
[0.341s] Level 1:colcon.colcon_core.package_identification:_identify(src/DynamixelSDK/java/protocol2.0/factory_reset) by extension 'python_setup_py'
[0.341s] Level 1:colcon.colcon_core.package_identification:_identify(src/DynamixelSDK/java/protocol2.0/indirect_address) by extensions ['ignore', 'ignore_ament_install']
[0.341s] Level 1:colcon.colcon_core.package_identification:_identify(src/DynamixelSDK/java/protocol2.0/indirect_address) by extension 'ignore'
[0.341s] Level 1:colcon.colcon_core.package_identification:_identify(src/DynamixelSDK/java/protocol2.0/indirect_address) by extension 'ignore_ament_install'
[0.341s] Level 1:colcon.colcon_core.package_identification:_identify(src/DynamixelSDK/java/protocol2.0/indirect_address) by extensions ['colcon_pkg']
[0.341s] Level 1:colcon.colcon_core.package_identification:_identify(src/DynamixelSDK/java/protocol2.0/indirect_address) by extension 'colcon_pkg'
[0.341s] Level 1:colcon.colcon_core.package_identification:_identify(src/DynamixelSDK/java/protocol2.0/indirect_address) by extensions ['colcon_meta']
[0.342s] Level 1:colcon.colcon_core.package_identification:_identify(src/DynamixelSDK/java/protocol2.0/indirect_address) by extension 'colcon_meta'
[0.342s] Level 1:colcon.colcon_core.package_identification:_identify(src/DynamixelSDK/java/protocol2.0/indirect_address) by extensions ['ros']
[0.342s] Level 1:colcon.colcon_core.package_identification:_identify(src/DynamixelSDK/java/protocol2.0/indirect_address) by extension 'ros'
[0.342s] Level 1:colcon.colcon_core.package_identification:_identify(src/DynamixelSDK/java/protocol2.0/indirect_address) by extensions ['cmake', 'python']
[0.342s] Level 1:colcon.colcon_core.package_identification:_identify(src/DynamixelSDK/java/protocol2.0/indirect_address) by extension 'cmake'
[0.342s] Level 1:colcon.colcon_core.package_identification:_identify(src/DynamixelSDK/java/protocol2.0/indirect_address) by extension 'python'
[0.342s] Level 1:colcon.colcon_core.package_identification:_identify(src/DynamixelSDK/java/protocol2.0/indirect_address) by extensions ['python_setup_py']
[0.342s] Level 1:colcon.colcon_core.package_identification:_identify(src/DynamixelSDK/java/protocol2.0/indirect_address) by extension 'python_setup_py'
[0.342s] Level 1:colcon.colcon_core.package_identification:_identify(src/DynamixelSDK/java/protocol2.0/multi_port) by extensions ['ignore', 'ignore_ament_install']
[0.342s] Level 1:colcon.colcon_core.package_identification:_identify(src/DynamixelSDK/java/protocol2.0/multi_port) by extension 'ignore'
[0.342s] Level 1:colcon.colcon_core.package_identification:_identify(src/DynamixelSDK/java/protocol2.0/multi_port) by extension 'ignore_ament_install'
[0.342s] Level 1:colcon.colcon_core.package_identification:_identify(src/DynamixelSDK/java/protocol2.0/multi_port) by extensions ['colcon_pkg']
[0.342s] Level 1:colcon.colcon_core.package_identification:_identify(src/DynamixelSDK/java/protocol2.0/multi_port) by extension 'colcon_pkg'
[0.342s] Level 1:colcon.colcon_core.package_identification:_identify(src/DynamixelSDK/java/protocol2.0/multi_port) by extensions ['colcon_meta']
[0.342s] Level 1:colcon.colcon_core.package_identification:_identify(src/DynamixelSDK/java/protocol2.0/multi_port) by extension 'colcon_meta'
[0.342s] Level 1:colcon.colcon_core.package_identification:_identify(src/DynamixelSDK/java/protocol2.0/multi_port) by extensions ['ros']
[0.342s] Level 1:colcon.colcon_core.package_identification:_identify(src/DynamixelSDK/java/protocol2.0/multi_port) by extension 'ros'
[0.343s] Level 1:colcon.colcon_core.package_identification:_identify(src/DynamixelSDK/java/protocol2.0/multi_port) by extensions ['cmake', 'python']
[0.343s] Level 1:colcon.colcon_core.package_identification:_identify(src/DynamixelSDK/java/protocol2.0/multi_port) by extension 'cmake'
[0.343s] Level 1:colcon.colcon_core.package_identification:_identify(src/DynamixelSDK/java/protocol2.0/multi_port) by extension 'python'
[0.343s] Level 1:colcon.colcon_core.package_identification:_identify(src/DynamixelSDK/java/protocol2.0/multi_port) by extensions ['python_setup_py']
[0.343s] Level 1:colcon.colcon_core.package_identification:_identify(src/DynamixelSDK/java/protocol2.0/multi_port) by extension 'python_setup_py'
[0.343s] Level 1:colcon.colcon_core.package_identification:_identify(src/DynamixelSDK/java/protocol2.0/ping) by extensions ['ignore', 'ignore_ament_install']
[0.343s] Level 1:colcon.colcon_core.package_identification:_identify(src/DynamixelSDK/java/protocol2.0/ping) by extension 'ignore'
[0.343s] Level 1:colcon.colcon_core.package_identification:_identify(src/DynamixelSDK/java/protocol2.0/ping) by extension 'ignore_ament_install'
[0.343s] Level 1:colcon.colcon_core.package_identification:_identify(src/DynamixelSDK/java/protocol2.0/ping) by extensions ['colcon_pkg']
[0.343s] Level 1:colcon.colcon_core.package_identification:_identify(src/DynamixelSDK/java/protocol2.0/ping) by extension 'colcon_pkg'
[0.343s] Level 1:colcon.colcon_core.package_identification:_identify(src/DynamixelSDK/java/protocol2.0/ping) by extensions ['colcon_meta']
[0.343s] Level 1:colcon.colcon_core.package_identification:_identify(src/DynamixelSDK/java/protocol2.0/ping) by extension 'colcon_meta'
[0.343s] Level 1:colcon.colcon_core.package_identification:_identify(src/DynamixelSDK/java/protocol2.0/ping) by extensions ['ros']
[0.343s] Level 1:colcon.colcon_core.package_identification:_identify(src/DynamixelSDK/java/protocol2.0/ping) by extension 'ros'
[0.344s] Level 1:colcon.colcon_core.package_identification:_identify(src/DynamixelSDK/java/protocol2.0/ping) by extensions ['cmake', 'python']
[0.344s] Level 1:colcon.colcon_core.package_identification:_identify(src/DynamixelSDK/java/protocol2.0/ping) by extension 'cmake'
[0.344s] Level 1:colcon.colcon_core.package_identification:_identify(src/DynamixelSDK/java/protocol2.0/ping) by extension 'python'
[0.344s] Level 1:colcon.colcon_core.package_identification:_identify(src/DynamixelSDK/java/protocol2.0/ping) by extensions ['python_setup_py']
[0.344s] Level 1:colcon.colcon_core.package_identification:_identify(src/DynamixelSDK/java/protocol2.0/ping) by extension 'python_setup_py'
[0.344s] Level 1:colcon.colcon_core.package_identification:_identify(src/DynamixelSDK/java/protocol2.0/read_write) by extensions ['ignore', 'ignore_ament_install']
[0.344s] Level 1:colcon.colcon_core.package_identification:_identify(src/DynamixelSDK/java/protocol2.0/read_write) by extension 'ignore'
[0.344s] Level 1:colcon.colcon_core.package_identification:_identify(src/DynamixelSDK/java/protocol2.0/read_write) by extension 'ignore_ament_install'
[0.344s] Level 1:colcon.colcon_core.package_identification:_identify(src/DynamixelSDK/java/protocol2.0/read_write) by extensions ['colcon_pkg']
[0.344s] Level 1:colcon.colcon_core.package_identification:_identify(src/DynamixelSDK/java/protocol2.0/read_write) by extension 'colcon_pkg'
[0.344s] Level 1:colcon.colcon_core.package_identification:_identify(src/DynamixelSDK/java/protocol2.0/read_write) by extensions ['colcon_meta']
[0.344s] Level 1:colcon.colcon_core.package_identification:_identify(src/DynamixelSDK/java/protocol2.0/read_write) by extension 'colcon_meta'
[0.344s] Level 1:colcon.colcon_core.package_identification:_identify(src/DynamixelSDK/java/protocol2.0/read_write) by extensions ['ros']
[0.344s] Level 1:colcon.colcon_core.package_identification:_identify(src/DynamixelSDK/java/protocol2.0/read_write) by extension 'ros'
[0.344s] Level 1:colcon.colcon_core.package_identification:_identify(src/DynamixelSDK/java/protocol2.0/read_write) by extensions ['cmake', 'python']
[0.344s] Level 1:colcon.colcon_core.package_identification:_identify(src/DynamixelSDK/java/protocol2.0/read_write) by extension 'cmake'
[0.344s] Level 1:colcon.colcon_core.package_identification:_identify(src/DynamixelSDK/java/protocol2.0/read_write) by extension 'python'
[0.345s] Level 1:colcon.colcon_core.package_identification:_identify(src/DynamixelSDK/java/protocol2.0/read_write) by extensions ['python_setup_py']
[0.345s] Level 1:colcon.colcon_core.package_identification:_identify(src/DynamixelSDK/java/protocol2.0/read_write) by extension 'python_setup_py'
[0.345s] Level 1:colcon.colcon_core.package_identification:_identify(src/DynamixelSDK/java/protocol2.0/reboot) by extensions ['ignore', 'ignore_ament_install']
[0.345s] Level 1:colcon.colcon_core.package_identification:_identify(src/DynamixelSDK/java/protocol2.0/reboot) by extension 'ignore'
[0.345s] Level 1:colcon.colcon_core.package_identification:_identify(src/DynamixelSDK/java/protocol2.0/reboot) by extension 'ignore_ament_install'
[0.345s] Level 1:colcon.colcon_core.package_identification:_identify(src/DynamixelSDK/java/protocol2.0/reboot) by extensions ['colcon_pkg']
[0.345s] Level 1:colcon.colcon_core.package_identification:_identify(src/DynamixelSDK/java/protocol2.0/reboot) by extension 'colcon_pkg'
[0.345s] Level 1:colcon.colcon_core.package_identification:_identify(src/DynamixelSDK/java/protocol2.0/reboot) by extensions ['colcon_meta']
[0.345s] Level 1:colcon.colcon_core.package_identification:_identify(src/DynamixelSDK/java/protocol2.0/reboot) by extension 'colcon_meta'
[0.345s] Level 1:colcon.colcon_core.package_identification:_identify(src/DynamixelSDK/java/protocol2.0/reboot) by extensions ['ros']
[0.345s] Level 1:colcon.colcon_core.package_identification:_identify(src/DynamixelSDK/java/protocol2.0/reboot) by extension 'ros'
[0.345s] Level 1:colcon.colcon_core.package_identification:_identify(src/DynamixelSDK/java/protocol2.0/reboot) by extensions ['cmake', 'python']
[0.345s] Level 1:colcon.colcon_core.package_identification:_identify(src/DynamixelSDK/java/protocol2.0/reboot) by extension 'cmake'
[0.345s] Level 1:colcon.colcon_core.package_identification:_identify(src/DynamixelSDK/java/protocol2.0/reboot) by extension 'python'
[0.345s] Level 1:colcon.colcon_core.package_identification:_identify(src/DynamixelSDK/java/protocol2.0/reboot) by extensions ['python_setup_py']
[0.345s] Level 1:colcon.colcon_core.package_identification:_identify(src/DynamixelSDK/java/protocol2.0/reboot) by extension 'python_setup_py'
[0.346s] Level 1:colcon.colcon_core.package_identification:_identify(src/DynamixelSDK/java/protocol2.0/sync_read_write) by extensions ['ignore', 'ignore_ament_install']
[0.346s] Level 1:colcon.colcon_core.package_identification:_identify(src/DynamixelSDK/java/protocol2.0/sync_read_write) by extension 'ignore'
[0.346s] Level 1:colcon.colcon_core.package_identification:_identify(src/DynamixelSDK/java/protocol2.0/sync_read_write) by extension 'ignore_ament_install'
[0.346s] Level 1:colcon.colcon_core.package_identification:_identify(src/DynamixelSDK/java/protocol2.0/sync_read_write) by extensions ['colcon_pkg']
[0.346s] Level 1:colcon.colcon_core.package_identification:_identify(src/DynamixelSDK/java/protocol2.0/sync_read_write) by extension 'colcon_pkg'
[0.346s] Level 1:colcon.colcon_core.package_identification:_identify(src/DynamixelSDK/java/protocol2.0/sync_read_write) by extensions ['colcon_meta']
[0.346s] Level 1:colcon.colcon_core.package_identification:_identify(src/DynamixelSDK/java/protocol2.0/sync_read_write) by extension 'colcon_meta'
[0.346s] Level 1:colcon.colcon_core.package_identification:_identify(src/DynamixelSDK/java/protocol2.0/sync_read_write) by extensions ['ros']
[0.346s] Level 1:colcon.colcon_core.package_identification:_identify(src/DynamixelSDK/java/protocol2.0/sync_read_write) by extension 'ros'
[0.346s] Level 1:colcon.colcon_core.package_identification:_identify(src/DynamixelSDK/java/protocol2.0/sync_read_write) by extensions ['cmake', 'python']
[0.346s] Level 1:colcon.colcon_core.package_identification:_identify(src/DynamixelSDK/java/protocol2.0/sync_read_write) by extension 'cmake'
[0.346s] Level 1:colcon.colcon_core.package_identification:_identify(src/DynamixelSDK/java/protocol2.0/sync_read_write) by extension 'python'
[0.346s] Level 1:colcon.colcon_core.package_identification:_identify(src/DynamixelSDK/java/protocol2.0/sync_read_write) by extensions ['python_setup_py']
[0.346s] Level 1:colcon.colcon_core.package_identification:_identify(src/DynamixelSDK/java/protocol2.0/sync_read_write) by extension 'python_setup_py'
[0.346s] Level 1:colcon.colcon_core.package_identification:_identify(src/DynamixelSDK/java/protocol_combined) by extensions ['ignore', 'ignore_ament_install']
[0.346s] Level 1:colcon.colcon_core.package_identification:_identify(src/DynamixelSDK/java/protocol_combined) by extension 'ignore'
[0.347s] Level 1:colcon.colcon_core.package_identification:_identify(src/DynamixelSDK/java/protocol_combined) by extension 'ignore_ament_install'
[0.347s] Level 1:colcon.colcon_core.package_identification:_identify(src/DynamixelSDK/java/protocol_combined) by extensions ['colcon_pkg']
[0.347s] Level 1:colcon.colcon_core.package_identification:_identify(src/DynamixelSDK/java/protocol_combined) by extension 'colcon_pkg'
[0.347s] Level 1:colcon.colcon_core.package_identification:_identify(src/DynamixelSDK/java/protocol_combined) by extensions ['colcon_meta']
[0.347s] Level 1:colcon.colcon_core.package_identification:_identify(src/DynamixelSDK/java/protocol_combined) by extension 'colcon_meta'
[0.347s] Level 1:colcon.colcon_core.package_identification:_identify(src/DynamixelSDK/java/protocol_combined) by extensions ['ros']
[0.347s] Level 1:colcon.colcon_core.package_identification:_identify(src/DynamixelSDK/java/protocol_combined) by extension 'ros'
[0.347s] Level 1:colcon.colcon_core.package_identification:_identify(src/DynamixelSDK/java/protocol_combined) by extensions ['cmake', 'python']
[0.347s] Level 1:colcon.colcon_core.package_identification:_identify(src/DynamixelSDK/java/protocol_combined) by extension 'cmake'
[0.347s] Level 1:colcon.colcon_core.package_identification:_identify(src/DynamixelSDK/java/protocol_combined) by extension 'python'
[0.347s] Level 1:colcon.colcon_core.package_identification:_identify(src/DynamixelSDK/java/protocol_combined) by extensions ['python_setup_py']
[0.347s] Level 1:colcon.colcon_core.package_identification:_identify(src/DynamixelSDK/java/protocol_combined) by extension 'python_setup_py'
[0.347s] Level 1:colcon.colcon_core.package_identification:_identify(src/DynamixelSDK/labview) by extensions ['ignore', 'ignore_ament_install']
[0.347s] Level 1:colcon.colcon_core.package_identification:_identify(src/DynamixelSDK/labview) by extension 'ignore'
[0.347s] Level 1:colcon.colcon_core.package_identification:_identify(src/DynamixelSDK/labview) by extension 'ignore_ament_install'
[0.347s] Level 1:colcon.colcon_core.package_identification:_identify(src/DynamixelSDK/labview) by extensions ['colcon_pkg']
[0.348s] Level 1:colcon.colcon_core.package_identification:_identify(src/DynamixelSDK/labview) by extension 'colcon_pkg'
[0.348s] Level 1:colcon.colcon_core.package_identification:_identify(src/DynamixelSDK/labview) by extensions ['colcon_meta']
[0.348s] Level 1:colcon.colcon_core.package_identification:_identify(src/DynamixelSDK/labview) by extension 'colcon_meta'
[0.348s] Level 1:colcon.colcon_core.package_identification:_identify(src/DynamixelSDK/labview) by extensions ['ros']
[0.348s] Level 1:colcon.colcon_core.package_identification:_identify(src/DynamixelSDK/labview) by extension 'ros'
[0.348s] Level 1:colcon.colcon_core.package_identification:_identify(src/DynamixelSDK/labview) by extensions ['cmake', 'python']
[0.348s] Level 1:colcon.colcon_core.package_identification:_identify(src/DynamixelSDK/labview) by extension 'cmake'
[0.348s] Level 1:colcon.colcon_core.package_identification:_identify(src/DynamixelSDK/labview) by extension 'python'
[0.348s] Level 1:colcon.colcon_core.package_identification:_identify(src/DynamixelSDK/labview) by extensions ['python_setup_py']
[0.348s] Level 1:colcon.colcon_core.package_identification:_identify(src/DynamixelSDK/labview) by extension 'python_setup_py'
[0.348s] Level 1:colcon.colcon_core.package_identification:_identify(src/DynamixelSDK/labview/dxl_x86_c.lvlib) by extensions ['ignore', 'ignore_ament_install']
[0.348s] Level 1:colcon.colcon_core.package_identification:_identify(src/DynamixelSDK/labview/dxl_x86_c.lvlib) by extension 'ignore'
[0.348s] Level 1:colcon.colcon_core.package_identification:_identify(src/DynamixelSDK/labview/dxl_x86_c.lvlib) by extension 'ignore_ament_install'
[0.348s] Level 1:colcon.colcon_core.package_identification:_identify(src/DynamixelSDK/labview/dxl_x86_c.lvlib) by extensions ['colcon_pkg']
[0.348s] Level 1:colcon.colcon_core.package_identification:_identify(src/DynamixelSDK/labview/dxl_x86_c.lvlib) by extension 'colcon_pkg'
[0.348s] Level 1:colcon.colcon_core.package_identification:_identify(src/DynamixelSDK/labview/dxl_x86_c.lvlib) by extensions ['colcon_meta']
[0.348s] Level 1:colcon.colcon_core.package_identification:_identify(src/DynamixelSDK/labview/dxl_x86_c.lvlib) by extension 'colcon_meta'
[0.349s] Level 1:colcon.colcon_core.package_identification:_identify(src/DynamixelSDK/labview/dxl_x86_c.lvlib) by extensions ['ros']
[0.349s] Level 1:colcon.colcon_core.package_identification:_identify(src/DynamixelSDK/labview/dxl_x86_c.lvlib) by extension 'ros'
[0.349s] Level 1:colcon.colcon_core.package_identification:_identify(src/DynamixelSDK/labview/dxl_x86_c.lvlib) by extensions ['cmake', 'python']
[0.349s] Level 1:colcon.colcon_core.package_identification:_identify(src/DynamixelSDK/labview/dxl_x86_c.lvlib) by extension 'cmake'
[0.349s] Level 1:colcon.colcon_core.package_identification:_identify(src/DynamixelSDK/labview/dxl_x86_c.lvlib) by extension 'python'
[0.349s] Level 1:colcon.colcon_core.package_identification:_identify(src/DynamixelSDK/labview/dxl_x86_c.lvlib) by extensions ['python_setup_py']
[0.349s] Level 1:colcon.colcon_core.package_identification:_identify(src/DynamixelSDK/labview/dxl_x86_c.lvlib) by extension 'python_setup_py'
[0.349s] Level 1:colcon.colcon_core.package_identification:_identify(src/DynamixelSDK/labview/dxl_x86_c.lvlib/VIs) by extensions ['ignore', 'ignore_ament_install']
[0.349s] Level 1:colcon.colcon_core.package_identification:_identify(src/DynamixelSDK/labview/dxl_x86_c.lvlib/VIs) by extension 'ignore'
[0.349s] Level 1:colcon.colcon_core.package_identification:_identify(src/DynamixelSDK/labview/dxl_x86_c.lvlib/VIs) by extension 'ignore_ament_install'
[0.349s] Level 1:colcon.colcon_core.package_identification:_identify(src/DynamixelSDK/labview/dxl_x86_c.lvlib/VIs) by extensions ['colcon_pkg']
[0.349s] Level 1:colcon.colcon_core.package_identification:_identify(src/DynamixelSDK/labview/dxl_x86_c.lvlib/VIs) by extension 'colcon_pkg'
[0.349s] Level 1:colcon.colcon_core.package_identification:_identify(src/DynamixelSDK/labview/dxl_x86_c.lvlib/VIs) by extensions ['colcon_meta']
[0.349s] Level 1:colcon.colcon_core.package_identification:_identify(src/DynamixelSDK/labview/dxl_x86_c.lvlib/VIs) by extension 'colcon_meta'
[0.349s] Level 1:colcon.colcon_core.package_identification:_identify(src/DynamixelSDK/labview/dxl_x86_c.lvlib/VIs) by extensions ['ros']
[0.350s] Level 1:colcon.colcon_core.package_identification:_identify(src/DynamixelSDK/labview/dxl_x86_c.lvlib/VIs) by extension 'ros'
[0.350s] Level 1:colcon.colcon_core.package_identification:_identify(src/DynamixelSDK/labview/dxl_x86_c.lvlib/VIs) by extensions ['cmake', 'python']
[0.350s] Level 1:colcon.colcon_core.package_identification:_identify(src/DynamixelSDK/labview/dxl_x86_c.lvlib/VIs) by extension 'cmake'
[0.350s] Level 1:colcon.colcon_core.package_identification:_identify(src/DynamixelSDK/labview/dxl_x86_c.lvlib/VIs) by extension 'python'
[0.350s] Level 1:colcon.colcon_core.package_identification:_identify(src/DynamixelSDK/labview/dxl_x86_c.lvlib/VIs) by extensions ['python_setup_py']
[0.350s] Level 1:colcon.colcon_core.package_identification:_identify(src/DynamixelSDK/labview/dxl_x86_c.lvlib/VIs) by extension 'python_setup_py'
[0.350s] Level 1:colcon.colcon_core.package_identification:_identify(src/DynamixelSDK/labview/protocol1.0) by extensions ['ignore', 'ignore_ament_install']
[0.350s] Level 1:colcon.colcon_core.package_identification:_identify(src/DynamixelSDK/labview/protocol1.0) by extension 'ignore'
[0.350s] Level 1:colcon.colcon_core.package_identification:_identify(src/DynamixelSDK/labview/protocol1.0) by extension 'ignore_ament_install'
[0.350s] Level 1:colcon.colcon_core.package_identification:_identify(src/DynamixelSDK/labview/protocol1.0) by extensions ['colcon_pkg']
[0.350s] Level 1:colcon.colcon_core.package_identification:_identify(src/DynamixelSDK/labview/protocol1.0) by extension 'colcon_pkg'
[0.350s] Level 1:colcon.colcon_core.package_identification:_identify(src/DynamixelSDK/labview/protocol1.0) by extensions ['colcon_meta']
[0.350s] Level 1:colcon.colcon_core.package_identification:_identify(src/DynamixelSDK/labview/protocol1.0) by extension 'colcon_meta'
[0.350s] Level 1:colcon.colcon_core.package_identification:_identify(src/DynamixelSDK/labview/protocol1.0) by extensions ['ros']
[0.350s] Level 1:colcon.colcon_core.package_identification:_identify(src/DynamixelSDK/labview/protocol1.0) by extension 'ros'
[0.350s] Level 1:colcon.colcon_core.package_identification:_identify(src/DynamixelSDK/labview/protocol1.0) by extensions ['cmake', 'python']
[0.351s] Level 1:colcon.colcon_core.package_identification:_identify(src/DynamixelSDK/labview/protocol1.0) by extension 'cmake'
[0.351s] Level 1:colcon.colcon_core.package_identification:_identify(src/DynamixelSDK/labview/protocol1.0) by extension 'python'
[0.351s] Level 1:colcon.colcon_core.package_identification:_identify(src/DynamixelSDK/labview/protocol1.0) by extensions ['python_setup_py']
[0.351s] Level 1:colcon.colcon_core.package_identification:_identify(src/DynamixelSDK/labview/protocol1.0) by extension 'python_setup_py'
[0.351s] Level 1:colcon.colcon_core.package_identification:_identify(src/DynamixelSDK/labview/protocol2.0) by extensions ['ignore', 'ignore_ament_install']
[0.351s] Level 1:colcon.colcon_core.package_identification:_identify(src/DynamixelSDK/labview/protocol2.0) by extension 'ignore'
[0.351s] Level 1:colcon.colcon_core.package_identification:_identify(src/DynamixelSDK/labview/protocol2.0) by extension 'ignore_ament_install'
[0.351s] Level 1:colcon.colcon_core.package_identification:_identify(src/DynamixelSDK/labview/protocol2.0) by extensions ['colcon_pkg']
[0.351s] Level 1:colcon.colcon_core.package_identification:_identify(src/DynamixelSDK/labview/protocol2.0) by extension 'colcon_pkg'
[0.351s] Level 1:colcon.colcon_core.package_identification:_identify(src/DynamixelSDK/labview/protocol2.0) by extensions ['colcon_meta']
[0.351s] Level 1:colcon.colcon_core.package_identification:_identify(src/DynamixelSDK/labview/protocol2.0) by extension 'colcon_meta'
[0.351s] Level 1:colcon.colcon_core.package_identification:_identify(src/DynamixelSDK/labview/protocol2.0) by extensions ['ros']
[0.351s] Level 1:colcon.colcon_core.package_identification:_identify(src/DynamixelSDK/labview/protocol2.0) by extension 'ros'
[0.351s] Level 1:colcon.colcon_core.package_identification:_identify(src/DynamixelSDK/labview/protocol2.0) by extensions ['cmake', 'python']
[0.351s] Level 1:colcon.colcon_core.package_identification:_identify(src/DynamixelSDK/labview/protocol2.0) by extension 'cmake'
[0.351s] Level 1:colcon.colcon_core.package_identification:_identify(src/DynamixelSDK/labview/protocol2.0) by extension 'python'
[0.351s] Level 1:colcon.colcon_core.package_identification:_identify(src/DynamixelSDK/labview/protocol2.0) by extensions ['python_setup_py']
[0.351s] Level 1:colcon.colcon_core.package_identification:_identify(src/DynamixelSDK/labview/protocol2.0) by extension 'python_setup_py'
[0.352s] Level 1:colcon.colcon_core.package_identification:_identify(src/DynamixelSDK/labview/protocol_combined) by extensions ['ignore', 'ignore_ament_install']
[0.352s] Level 1:colcon.colcon_core.package_identification:_identify(src/DynamixelSDK/labview/protocol_combined) by extension 'ignore'
[0.352s] Level 1:colcon.colcon_core.package_identification:_identify(src/DynamixelSDK/labview/protocol_combined) by extension 'ignore_ament_install'
[0.352s] Level 1:colcon.colcon_core.package_identification:_identify(src/DynamixelSDK/labview/protocol_combined) by extensions ['colcon_pkg']
[0.352s] Level 1:colcon.colcon_core.package_identification:_identify(src/DynamixelSDK/labview/protocol_combined) by extension 'colcon_pkg'
[0.352s] Level 1:colcon.colcon_core.package_identification:_identify(src/DynamixelSDK/labview/protocol_combined) by extensions ['colcon_meta']
[0.352s] Level 1:colcon.colcon_core.package_identification:_identify(src/DynamixelSDK/labview/protocol_combined) by extension 'colcon_meta'
[0.352s] Level 1:colcon.colcon_core.package_identification:_identify(src/DynamixelSDK/labview/protocol_combined) by extensions ['ros']
[0.352s] Level 1:colcon.colcon_core.package_identification:_identify(src/DynamixelSDK/labview/protocol_combined) by extension 'ros'
[0.352s] Level 1:colcon.colcon_core.package_identification:_identify(src/DynamixelSDK/labview/protocol_combined) by extensions ['cmake', 'python']
[0.352s] Level 1:colcon.colcon_core.package_identification:_identify(src/DynamixelSDK/labview/protocol_combined) by extension 'cmake'
[0.352s] Level 1:colcon.colcon_core.package_identification:_identify(src/DynamixelSDK/labview/protocol_combined) by extension 'python'
[0.352s] Level 1:colcon.colcon_core.package_identification:_identify(src/DynamixelSDK/labview/protocol_combined) by extensions ['python_setup_py']
[0.352s] Level 1:colcon.colcon_core.package_identification:_identify(src/DynamixelSDK/labview/protocol_combined) by extension 'python_setup_py'
[0.352s] Level 1:colcon.colcon_core.package_identification:_identify(src/DynamixelSDK/matlab) by extensions ['ignore', 'ignore_ament_install']
[0.353s] Level 1:colcon.colcon_core.package_identification:_identify(src/DynamixelSDK/matlab) by extension 'ignore'
[0.353s] Level 1:colcon.colcon_core.package_identification:_identify(src/DynamixelSDK/matlab) by extension 'ignore_ament_install'
[0.353s] Level 1:colcon.colcon_core.package_identification:_identify(src/DynamixelSDK/matlab) by extensions ['colcon_pkg']
[0.353s] Level 1:colcon.colcon_core.package_identification:_identify(src/DynamixelSDK/matlab) by extension 'colcon_pkg'
[0.353s] Level 1:colcon.colcon_core.package_identification:_identify(src/DynamixelSDK/matlab) by extensions ['colcon_meta']
[0.353s] Level 1:colcon.colcon_core.package_identification:_identify(src/DynamixelSDK/matlab) by extension 'colcon_meta'
[0.353s] Level 1:colcon.colcon_core.package_identification:_identify(src/DynamixelSDK/matlab) by extensions ['ros']
[0.353s] Level 1:colcon.colcon_core.package_identification:_identify(src/DynamixelSDK/matlab) by extension 'ros'
[0.353s] Level 1:colcon.colcon_core.package_identification:_identify(src/DynamixelSDK/matlab) by extensions ['cmake', 'python']
[0.353s] Level 1:colcon.colcon_core.package_identification:_identify(src/DynamixelSDK/matlab) by extension 'cmake'
[0.353s] Level 1:colcon.colcon_core.package_identification:_identify(src/DynamixelSDK/matlab) by extension 'python'
[0.353s] Level 1:colcon.colcon_core.package_identification:_identify(src/DynamixelSDK/matlab) by extensions ['python_setup_py']
[0.353s] Level 1:colcon.colcon_core.package_identification:_identify(src/DynamixelSDK/matlab) by extension 'python_setup_py'
[0.353s] Level 1:colcon.colcon_core.package_identification:_identify(src/DynamixelSDK/matlab/m_basic_function) by extensions ['ignore', 'ignore_ament_install']
[0.353s] Level 1:colcon.colcon_core.package_identification:_identify(src/DynamixelSDK/matlab/m_basic_function) by extension 'ignore'
[0.353s] Level 1:colcon.colcon_core.package_identification:_identify(src/DynamixelSDK/matlab/m_basic_function) by extension 'ignore_ament_install'
[0.354s] Level 1:colcon.colcon_core.package_identification:_identify(src/DynamixelSDK/matlab/m_basic_function) by extensions ['colcon_pkg']
[0.354s] Level 1:colcon.colcon_core.package_identification:_identify(src/DynamixelSDK/matlab/m_basic_function) by extension 'colcon_pkg'
[0.354s] Level 1:colcon.colcon_core.package_identification:_identify(src/DynamixelSDK/matlab/m_basic_function) by extensions ['colcon_meta']
[0.354s] Level 1:colcon.colcon_core.package_identification:_identify(src/DynamixelSDK/matlab/m_basic_function) by extension 'colcon_meta'
[0.354s] Level 1:colcon.colcon_core.package_identification:_identify(src/DynamixelSDK/matlab/m_basic_function) by extensions ['ros']
[0.354s] Level 1:colcon.colcon_core.package_identification:_identify(src/DynamixelSDK/matlab/m_basic_function) by extension 'ros'
[0.354s] Level 1:colcon.colcon_core.package_identification:_identify(src/DynamixelSDK/matlab/m_basic_function) by extensions ['cmake', 'python']
[0.354s] Level 1:colcon.colcon_core.package_identification:_identify(src/DynamixelSDK/matlab/m_basic_function) by extension 'cmake'
[0.354s] Level 1:colcon.colcon_core.package_identification:_identify(src/DynamixelSDK/matlab/m_basic_function) by extension 'python'
[0.354s] Level 1:colcon.colcon_core.package_identification:_identify(src/DynamixelSDK/matlab/m_basic_function) by extensions ['python_setup_py']
[0.354s] Level 1:colcon.colcon_core.package_identification:_identify(src/DynamixelSDK/matlab/m_basic_function) by extension 'python_setup_py'
[0.354s] Level 1:colcon.colcon_core.package_identification:_identify(src/DynamixelSDK/matlab/m_basic_function/group_bulk_read) by extensions ['ignore', 'ignore_ament_install']
[0.354s] Level 1:colcon.colcon_core.package_identification:_identify(src/DynamixelSDK/matlab/m_basic_function/group_bulk_read) by extension 'ignore'
[0.354s] Level 1:colcon.colcon_core.package_identification:_identify(src/DynamixelSDK/matlab/m_basic_function/group_bulk_read) by extension 'ignore_ament_install'
[0.354s] Level 1:colcon.colcon_core.package_identification:_identify(src/DynamixelSDK/matlab/m_basic_function/group_bulk_read) by extensions ['colcon_pkg']
[0.354s] Level 1:colcon.colcon_core.package_identification:_identify(src/DynamixelSDK/matlab/m_basic_function/group_bulk_read) by extension 'colcon_pkg'
[0.354s] Level 1:colcon.colcon_core.package_identification:_identify(src/DynamixelSDK/matlab/m_basic_function/group_bulk_read) by extensions ['colcon_meta']
[0.355s] Level 1:colcon.colcon_core.package_identification:_identify(src/DynamixelSDK/matlab/m_basic_function/group_bulk_read) by extension 'colcon_meta'
[0.355s] Level 1:colcon.colcon_core.package_identification:_identify(src/DynamixelSDK/matlab/m_basic_function/group_bulk_read) by extensions ['ros']
[0.355s] Level 1:colcon.colcon_core.package_identification:_identify(src/DynamixelSDK/matlab/m_basic_function/group_bulk_read) by extension 'ros'
[0.355s] Level 1:colcon.colcon_core.package_identification:_identify(src/DynamixelSDK/matlab/m_basic_function/group_bulk_read) by extensions ['cmake', 'python']
[0.355s] Level 1:colcon.colcon_core.package_identification:_identify(src/DynamixelSDK/matlab/m_basic_function/group_bulk_read) by extension 'cmake'
[0.355s] Level 1:colcon.colcon_core.package_identification:_identify(src/DynamixelSDK/matlab/m_basic_function/group_bulk_read) by extension 'python'
[0.355s] Level 1:colcon.colcon_core.package_identification:_identify(src/DynamixelSDK/matlab/m_basic_function/group_bulk_read) by extensions ['python_setup_py']
[0.355s] Level 1:colcon.colcon_core.package_identification:_identify(src/DynamixelSDK/matlab/m_basic_function/group_bulk_read) by extension 'python_setup_py'
[0.355s] Level 1:colcon.colcon_core.package_identification:_identify(src/DynamixelSDK/matlab/m_basic_function/group_bulk_write) by extensions ['ignore', 'ignore_ament_install']
[0.355s] Level 1:colcon.colcon_core.package_identification:_identify(src/DynamixelSDK/matlab/m_basic_function/group_bulk_write) by extension 'ignore'
[0.355s] Level 1:colcon.colcon_core.package_identification:_identify(src/DynamixelSDK/matlab/m_basic_function/group_bulk_write) by extension 'ignore_ament_install'
[0.355s] Level 1:colcon.colcon_core.package_identification:_identify(src/DynamixelSDK/matlab/m_basic_function/group_bulk_write) by extensions ['colcon_pkg']
[0.355s] Level 1:colcon.colcon_core.package_identification:_identify(src/DynamixelSDK/matlab/m_basic_function/group_bulk_write) by extension 'colcon_pkg'
[0.355s] Level 1:colcon.colcon_core.package_identification:_identify(src/DynamixelSDK/matlab/m_basic_function/group_bulk_write) by extensions ['colcon_meta']
[0.355s] Level 1:colcon.colcon_core.package_identification:_identify(src/DynamixelSDK/matlab/m_basic_function/group_bulk_write) by extension 'colcon_meta'
[0.355s] Level 1:colcon.colcon_core.package_identification:_identify(src/DynamixelSDK/matlab/m_basic_function/group_bulk_write) by extensions ['ros']
[0.356s] Level 1:colcon.colcon_core.package_identification:_identify(src/DynamixelSDK/matlab/m_basic_function/group_bulk_write) by extension 'ros'
[0.356s] Level 1:colcon.colcon_core.package_identification:_identify(src/DynamixelSDK/matlab/m_basic_function/group_bulk_write) by extensions ['cmake', 'python']
[0.356s] Level 1:colcon.colcon_core.package_identification:_identify(src/DynamixelSDK/matlab/m_basic_function/group_bulk_write) by extension 'cmake'
[0.356s] Level 1:colcon.colcon_core.package_identification:_identify(src/DynamixelSDK/matlab/m_basic_function/group_bulk_write) by extension 'python'
[0.356s] Level 1:colcon.colcon_core.package_identification:_identify(src/DynamixelSDK/matlab/m_basic_function/group_bulk_write) by extensions ['python_setup_py']
[0.356s] Level 1:colcon.colcon_core.package_identification:_identify(src/DynamixelSDK/matlab/m_basic_function/group_bulk_write) by extension 'python_setup_py'
[0.356s] Level 1:colcon.colcon_core.package_identification:_identify(src/DynamixelSDK/matlab/m_basic_function/group_sync_read) by extensions ['ignore', 'ignore_ament_install']
[0.356s] Level 1:colcon.colcon_core.package_identification:_identify(src/DynamixelSDK/matlab/m_basic_function/group_sync_read) by extension 'ignore'
[0.356s] Level 1:colcon.colcon_core.package_identification:_identify(src/DynamixelSDK/matlab/m_basic_function/group_sync_read) by extension 'ignore_ament_install'
[0.356s] Level 1:colcon.colcon_core.package_identification:_identify(src/DynamixelSDK/matlab/m_basic_function/group_sync_read) by extensions ['colcon_pkg']
[0.356s] Level 1:colcon.colcon_core.package_identification:_identify(src/DynamixelSDK/matlab/m_basic_function/group_sync_read) by extension 'colcon_pkg'
[0.356s] Level 1:colcon.colcon_core.package_identification:_identify(src/DynamixelSDK/matlab/m_basic_function/group_sync_read) by extensions ['colcon_meta']
[0.356s] Level 1:colcon.colcon_core.package_identification:_identify(src/DynamixelSDK/matlab/m_basic_function/group_sync_read) by extension 'colcon_meta'
[0.356s] Level 1:colcon.colcon_core.package_identification:_identify(src/DynamixelSDK/matlab/m_basic_function/group_sync_read) by extensions ['ros']
[0.356s] Level 1:colcon.colcon_core.package_identification:_identify(src/DynamixelSDK/matlab/m_basic_function/group_sync_read) by extension 'ros'
[0.356s] Level 1:colcon.colcon_core.package_identification:_identify(src/DynamixelSDK/matlab/m_basic_function/group_sync_read) by extensions ['cmake', 'python']
[0.357s] Level 1:colcon.colcon_core.package_identification:_identify(src/DynamixelSDK/matlab/m_basic_function/group_sync_read) by extension 'cmake'
[0.357s] Level 1:colcon.colcon_core.package_identification:_identify(src/DynamixelSDK/matlab/m_basic_function/group_sync_read) by extension 'python'
[0.357s] Level 1:colcon.colcon_core.package_identification:_identify(src/DynamixelSDK/matlab/m_basic_function/group_sync_read) by extensions ['python_setup_py']
[0.357s] Level 1:colcon.colcon_core.package_identification:_identify(src/DynamixelSDK/matlab/m_basic_function/group_sync_read) by extension 'python_setup_py'
[0.357s] Level 1:colcon.colcon_core.package_identification:_identify(src/DynamixelSDK/matlab/m_basic_function/group_sync_write) by extensions ['ignore', 'ignore_ament_install']
[0.357s] Level 1:colcon.colcon_core.package_identification:_identify(src/DynamixelSDK/matlab/m_basic_function/group_sync_write) by extension 'ignore'
[0.357s] Level 1:colcon.colcon_core.package_identification:_identify(src/DynamixelSDK/matlab/m_basic_function/group_sync_write) by extension 'ignore_ament_install'
[0.357s] Level 1:colcon.colcon_core.package_identification:_identify(src/DynamixelSDK/matlab/m_basic_function/group_sync_write) by extensions ['colcon_pkg']
[0.357s] Level 1:colcon.colcon_core.package_identification:_identify(src/DynamixelSDK/matlab/m_basic_function/group_sync_write) by extension 'colcon_pkg'
[0.357s] Level 1:colcon.colcon_core.package_identification:_identify(src/DynamixelSDK/matlab/m_basic_function/group_sync_write) by extensions ['colcon_meta']
[0.357s] Level 1:colcon.colcon_core.package_identification:_identify(src/DynamixelSDK/matlab/m_basic_function/group_sync_write) by extension 'colcon_meta'
[0.357s] Level 1:colcon.colcon_core.package_identification:_identify(src/DynamixelSDK/matlab/m_basic_function/group_sync_write) by extensions ['ros']
[0.357s] Level 1:colcon.colcon_core.package_identification:_identify(src/DynamixelSDK/matlab/m_basic_function/group_sync_write) by extension 'ros'
[0.357s] Level 1:colcon.colcon_core.package_identification:_identify(src/DynamixelSDK/matlab/m_basic_function/group_sync_write) by extensions ['cmake', 'python']
[0.357s] Level 1:colcon.colcon_core.package_identification:_identify(src/DynamixelSDK/matlab/m_basic_function/group_sync_write) by extension 'cmake'
[0.357s] Level 1:colcon.colcon_core.package_identification:_identify(src/DynamixelSDK/matlab/m_basic_function/group_sync_write) by extension 'python'
[0.357s] Level 1:colcon.colcon_core.package_identification:_identify(src/DynamixelSDK/matlab/m_basic_function/group_sync_write) by extensions ['python_setup_py']
[0.358s] Level 1:colcon.colcon_core.package_identification:_identify(src/DynamixelSDK/matlab/m_basic_function/group_sync_write) by extension 'python_setup_py'
[0.358s] Level 1:colcon.colcon_core.package_identification:_identify(src/DynamixelSDK/matlab/m_basic_function/packet_handler) by extensions ['ignore', 'ignore_ament_install']
[0.358s] Level 1:colcon.colcon_core.package_identification:_identify(src/DynamixelSDK/matlab/m_basic_function/packet_handler) by extension 'ignore'
[0.358s] Level 1:colcon.colcon_core.package_identification:_identify(src/DynamixelSDK/matlab/m_basic_function/packet_handler) by extension 'ignore_ament_install'
[0.358s] Level 1:colcon.colcon_core.package_identification:_identify(src/DynamixelSDK/matlab/m_basic_function/packet_handler) by extensions ['colcon_pkg']
[0.358s] Level 1:colcon.colcon_core.package_identification:_identify(src/DynamixelSDK/matlab/m_basic_function/packet_handler) by extension 'colcon_pkg'
[0.358s] Level 1:colcon.colcon_core.package_identification:_identify(src/DynamixelSDK/matlab/m_basic_function/packet_handler) by extensions ['colcon_meta']
[0.358s] Level 1:colcon.colcon_core.package_identification:_identify(src/DynamixelSDK/matlab/m_basic_function/packet_handler) by extension 'colcon_meta'
[0.358s] Level 1:colcon.colcon_core.package_identification:_identify(src/DynamixelSDK/matlab/m_basic_function/packet_handler) by extensions ['ros']
[0.358s] Level 1:colcon.colcon_core.package_identification:_identify(src/DynamixelSDK/matlab/m_basic_function/packet_handler) by extension 'ros'
[0.358s] Level 1:colcon.colcon_core.package_identification:_identify(src/DynamixelSDK/matlab/m_basic_function/packet_handler) by extensions ['cmake', 'python']
[0.358s] Level 1:colcon.colcon_core.package_identification:_identify(src/DynamixelSDK/matlab/m_basic_function/packet_handler) by extension 'cmake'
[0.358s] Level 1:colcon.colcon_core.package_identification:_identify(src/DynamixelSDK/matlab/m_basic_function/packet_handler) by extension 'python'
[0.358s] Level 1:colcon.colcon_core.package_identification:_identify(src/DynamixelSDK/matlab/m_basic_function/packet_handler) by extensions ['python_setup_py']
[0.358s] Level 1:colcon.colcon_core.package_identification:_identify(src/DynamixelSDK/matlab/m_basic_function/packet_handler) by extension 'python_setup_py'
[0.359s] Level 1:colcon.colcon_core.package_identification:_identify(src/DynamixelSDK/matlab/m_basic_function/port_handler) by extensions ['ignore', 'ignore_ament_install']
[0.359s] Level 1:colcon.colcon_core.package_identification:_identify(src/DynamixelSDK/matlab/m_basic_function/port_handler) by extension 'ignore'
[0.359s] Level 1:colcon.colcon_core.package_identification:_identify(src/DynamixelSDK/matlab/m_basic_function/port_handler) by extension 'ignore_ament_install'
[0.359s] Level 1:colcon.colcon_core.package_identification:_identify(src/DynamixelSDK/matlab/m_basic_function/port_handler) by extensions ['colcon_pkg']
[0.359s] Level 1:colcon.colcon_core.package_identification:_identify(src/DynamixelSDK/matlab/m_basic_function/port_handler) by extension 'colcon_pkg'
[0.359s] Level 1:colcon.colcon_core.package_identification:_identify(src/DynamixelSDK/matlab/m_basic_function/port_handler) by extensions ['colcon_meta']
[0.359s] Level 1:colcon.colcon_core.package_identification:_identify(src/DynamixelSDK/matlab/m_basic_function/port_handler) by extension 'colcon_meta'
[0.359s] Level 1:colcon.colcon_core.package_identification:_identify(src/DynamixelSDK/matlab/m_basic_function/port_handler) by extensions ['ros']
[0.359s] Level 1:colcon.colcon_core.package_identification:_identify(src/DynamixelSDK/matlab/m_basic_function/port_handler) by extension 'ros'
[0.359s] Level 1:colcon.colcon_core.package_identification:_identify(src/DynamixelSDK/matlab/m_basic_function/port_handler) by extensions ['cmake', 'python']
[0.359s] Level 1:colcon.colcon_core.package_identification:_identify(src/DynamixelSDK/matlab/m_basic_function/port_handler) by extension 'cmake'
[0.359s] Level 1:colcon.colcon_core.package_identification:_identify(src/DynamixelSDK/matlab/m_basic_function/port_handler) by extension 'python'
[0.359s] Level 1:colcon.colcon_core.package_identification:_identify(src/DynamixelSDK/matlab/m_basic_function/port_handler) by extensions ['python_setup_py']
[0.359s] Level 1:colcon.colcon_core.package_identification:_identify(src/DynamixelSDK/matlab/m_basic_function/port_handler) by extension 'python_setup_py'
[0.359s] Level 1:colcon.colcon_core.package_identification:_identify(src/DynamixelSDK/matlab/protocol1.0) by extensions ['ignore', 'ignore_ament_install']
[0.360s] Level 1:colcon.colcon_core.package_identification:_identify(src/DynamixelSDK/matlab/protocol1.0) by extension 'ignore'
[0.360s] Level 1:colcon.colcon_core.package_identification:_identify(src/DynamixelSDK/matlab/protocol1.0) by extension 'ignore_ament_install'
[0.360s] Level 1:colcon.colcon_core.package_identification:_identify(src/DynamixelSDK/matlab/protocol1.0) by extensions ['colcon_pkg']
[0.360s] Level 1:colcon.colcon_core.package_identification:_identify(src/DynamixelSDK/matlab/protocol1.0) by extension 'colcon_pkg'
[0.360s] Level 1:colcon.colcon_core.package_identification:_identify(src/DynamixelSDK/matlab/protocol1.0) by extensions ['colcon_meta']
[0.360s] Level 1:colcon.colcon_core.package_identification:_identify(src/DynamixelSDK/matlab/protocol1.0) by extension 'colcon_meta'
[0.360s] Level 1:colcon.colcon_core.package_identification:_identify(src/DynamixelSDK/matlab/protocol1.0) by extensions ['ros']
[0.360s] Level 1:colcon.colcon_core.package_identification:_identify(src/DynamixelSDK/matlab/protocol1.0) by extension 'ros'
[0.360s] Level 1:colcon.colcon_core.package_identification:_identify(src/DynamixelSDK/matlab/protocol1.0) by extensions ['cmake', 'python']
[0.360s] Level 1:colcon.colcon_core.package_identification:_identify(src/DynamixelSDK/matlab/protocol1.0) by extension 'cmake'
[0.360s] Level 1:colcon.colcon_core.package_identification:_identify(src/DynamixelSDK/matlab/protocol1.0) by extension 'python'
[0.360s] Level 1:colcon.colcon_core.package_identification:_identify(src/DynamixelSDK/matlab/protocol1.0) by extensions ['python_setup_py']
[0.360s] Level 1:colcon.colcon_core.package_identification:_identify(src/DynamixelSDK/matlab/protocol1.0) by extension 'python_setup_py'
[0.360s] Level 1:colcon.colcon_core.package_identification:_identify(src/DynamixelSDK/matlab/protocol2.0) by extensions ['ignore', 'ignore_ament_install']
[0.360s] Level 1:colcon.colcon_core.package_identification:_identify(src/DynamixelSDK/matlab/protocol2.0) by extension 'ignore'
[0.361s] Level 1:colcon.colcon_core.package_identification:_identify(src/DynamixelSDK/matlab/protocol2.0) by extension 'ignore_ament_install'
[0.361s] Level 1:colcon.colcon_core.package_identification:_identify(src/DynamixelSDK/matlab/protocol2.0) by extensions ['colcon_pkg']
[0.361s] Level 1:colcon.colcon_core.package_identification:_identify(src/DynamixelSDK/matlab/protocol2.0) by extension 'colcon_pkg'
[0.361s] Level 1:colcon.colcon_core.package_identification:_identify(src/DynamixelSDK/matlab/protocol2.0) by extensions ['colcon_meta']
[0.361s] Level 1:colcon.colcon_core.package_identification:_identify(src/DynamixelSDK/matlab/protocol2.0) by extension 'colcon_meta'
[0.361s] Level 1:colcon.colcon_core.package_identification:_identify(src/DynamixelSDK/matlab/protocol2.0) by extensions ['ros']
[0.361s] Level 1:colcon.colcon_core.package_identification:_identify(src/DynamixelSDK/matlab/protocol2.0) by extension 'ros'
[0.361s] Level 1:colcon.colcon_core.package_identification:_identify(src/DynamixelSDK/matlab/protocol2.0) by extensions ['cmake', 'python']
[0.361s] Level 1:colcon.colcon_core.package_identification:_identify(src/DynamixelSDK/matlab/protocol2.0) by extension 'cmake'
[0.361s] Level 1:colcon.colcon_core.package_identification:_identify(src/DynamixelSDK/matlab/protocol2.0) by extension 'python'
[0.361s] Level 1:colcon.colcon_core.package_identification:_identify(src/DynamixelSDK/matlab/protocol2.0) by extensions ['python_setup_py']
[0.361s] Level 1:colcon.colcon_core.package_identification:_identify(src/DynamixelSDK/matlab/protocol2.0) by extension 'python_setup_py'
[0.361s] Level 1:colcon.colcon_core.package_identification:_identify(src/DynamixelSDK/matlab/protocol_combined) by extensions ['ignore', 'ignore_ament_install']
[0.361s] Level 1:colcon.colcon_core.package_identification:_identify(src/DynamixelSDK/matlab/protocol_combined) by extension 'ignore'
[0.361s] Level 1:colcon.colcon_core.package_identification:_identify(src/DynamixelSDK/matlab/protocol_combined) by extension 'ignore_ament_install'
[0.361s] Level 1:colcon.colcon_core.package_identification:_identify(src/DynamixelSDK/matlab/protocol_combined) by extensions ['colcon_pkg']
[0.361s] Level 1:colcon.colcon_core.package_identification:_identify(src/DynamixelSDK/matlab/protocol_combined) by extension 'colcon_pkg'
[0.362s] Level 1:colcon.colcon_core.package_identification:_identify(src/DynamixelSDK/matlab/protocol_combined) by extensions ['colcon_meta']
[0.362s] Level 1:colcon.colcon_core.package_identification:_identify(src/DynamixelSDK/matlab/protocol_combined) by extension 'colcon_meta'
[0.362s] Level 1:colcon.colcon_core.package_identification:_identify(src/DynamixelSDK/matlab/protocol_combined) by extensions ['ros']
[0.362s] Level 1:colcon.colcon_core.package_identification:_identify(src/DynamixelSDK/matlab/protocol_combined) by extension 'ros'
[0.362s] Level 1:colcon.colcon_core.package_identification:_identify(src/DynamixelSDK/matlab/protocol_combined) by extensions ['cmake', 'python']
[0.362s] Level 1:colcon.colcon_core.package_identification:_identify(src/DynamixelSDK/matlab/protocol_combined) by extension 'cmake'
[0.362s] Level 1:colcon.colcon_core.package_identification:_identify(src/DynamixelSDK/matlab/protocol_combined) by extension 'python'
[0.362s] Level 1:colcon.colcon_core.package_identification:_identify(src/DynamixelSDK/matlab/protocol_combined) by extensions ['python_setup_py']
[0.362s] Level 1:colcon.colcon_core.package_identification:_identify(src/DynamixelSDK/matlab/protocol_combined) by extension 'python_setup_py'
[0.362s] Level 1:colcon.colcon_core.package_identification:_identify(src/DynamixelSDK/python) by extensions ['ignore', 'ignore_ament_install']
[0.362s] Level 1:colcon.colcon_core.package_identification:_identify(src/DynamixelSDK/python) by extension 'ignore'
[0.362s] Level 1:colcon.colcon_core.package_identification:_identify(src/DynamixelSDK/python) by extension 'ignore_ament_install'
[0.362s] Level 1:colcon.colcon_core.package_identification:_identify(src/DynamixelSDK/python) by extensions ['colcon_pkg']
[0.362s] Level 1:colcon.colcon_core.package_identification:_identify(src/DynamixelSDK/python) by extension 'colcon_pkg'
[0.362s] Level 1:colcon.colcon_core.package_identification:_identify(src/DynamixelSDK/python) by extensions ['colcon_meta']
[0.362s] Level 1:colcon.colcon_core.package_identification:_identify(src/DynamixelSDK/python) by extension 'colcon_meta'
[0.363s] Level 1:colcon.colcon_core.package_identification:_identify(src/DynamixelSDK/python) by extensions ['ros']
[0.363s] Level 1:colcon.colcon_core.package_identification:_identify(src/DynamixelSDK/python) by extension 'ros'
[0.363s] Level 1:colcon.colcon_core.package_identification:_identify(src/DynamixelSDK/python) ignored
[0.363s] Level 1:colcon.colcon_core.package_identification:_identify(src/DynamixelSDK/ros) by extensions ['ignore', 'ignore_ament_install']
[0.363s] Level 1:colcon.colcon_core.package_identification:_identify(src/DynamixelSDK/ros) by extension 'ignore'
[0.363s] Level 1:colcon.colcon_core.package_identification:_identify(src/DynamixelSDK/ros) by extension 'ignore_ament_install'
[0.363s] Level 1:colcon.colcon_core.package_identification:_identify(src/DynamixelSDK/ros) by extensions ['colcon_pkg']
[0.363s] Level 1:colcon.colcon_core.package_identification:_identify(src/DynamixelSDK/ros) by extension 'colcon_pkg'
[0.363s] Level 1:colcon.colcon_core.package_identification:_identify(src/DynamixelSDK/ros) by extensions ['colcon_meta']
[0.363s] Level 1:colcon.colcon_core.package_identification:_identify(src/DynamixelSDK/ros) by extension 'colcon_meta'
[0.363s] Level 1:colcon.colcon_core.package_identification:_identify(src/DynamixelSDK/ros) by extensions ['ros']
[0.363s] Level 1:colcon.colcon_core.package_identification:_identify(src/DynamixelSDK/ros) by extension 'ros'
[0.363s] Level 1:colcon.colcon_core.package_identification:_identify(src/DynamixelSDK/ros) by extensions ['cmake', 'python']
[0.363s] Level 1:colcon.colcon_core.package_identification:_identify(src/DynamixelSDK/ros) by extension 'cmake'
[0.363s] Level 1:colcon.colcon_core.package_identification:_identify(src/DynamixelSDK/ros) by extension 'python'
[0.363s] Level 1:colcon.colcon_core.package_identification:_identify(src/DynamixelSDK/ros) by extensions ['python_setup_py']
[0.363s] Level 1:colcon.colcon_core.package_identification:_identify(src/DynamixelSDK/ros) by extension 'python_setup_py'
[0.364s] Level 1:colcon.colcon_core.package_identification:_identify(src/DynamixelSDK/ros/dynamixel_sdk) by extensions ['ignore', 'ignore_ament_install']
[0.364s] Level 1:colcon.colcon_core.package_identification:_identify(src/DynamixelSDK/ros/dynamixel_sdk) by extension 'ignore'
[0.364s] Level 1:colcon.colcon_core.package_identification:_identify(src/DynamixelSDK/ros/dynamixel_sdk) by extension 'ignore_ament_install'
[0.364s] Level 1:colcon.colcon_core.package_identification:_identify(src/DynamixelSDK/ros/dynamixel_sdk) by extensions ['colcon_pkg']
[0.364s] Level 1:colcon.colcon_core.package_identification:_identify(src/DynamixelSDK/ros/dynamixel_sdk) by extension 'colcon_pkg'
[0.364s] Level 1:colcon.colcon_core.package_identification:_identify(src/DynamixelSDK/ros/dynamixel_sdk) by extensions ['colcon_meta']
[0.364s] Level 1:colcon.colcon_core.package_identification:_identify(src/DynamixelSDK/ros/dynamixel_sdk) by extension 'colcon_meta'
[0.364s] Level 1:colcon.colcon_core.package_identification:_identify(src/DynamixelSDK/ros/dynamixel_sdk) by extensions ['ros']
[0.364s] Level 1:colcon.colcon_core.package_identification:_identify(src/DynamixelSDK/ros/dynamixel_sdk) by extension 'ros'
[0.367s] DEBUG:colcon.colcon_core.package_identification:Package 'src/DynamixelSDK/ros/dynamixel_sdk' with type 'ros.ament_cmake' and name 'dynamixel_sdk'
[0.367s] Level 1:colcon.colcon_core.package_identification:_identify(src/DynamixelSDK/ros/dynamixel_sdk_custom_interfaces) by extensions ['ignore', 'ignore_ament_install']
[0.367s] Level 1:colcon.colcon_core.package_identification:_identify(src/DynamixelSDK/ros/dynamixel_sdk_custom_interfaces) by extension 'ignore'
[0.367s] Level 1:colcon.colcon_core.package_identification:_identify(src/DynamixelSDK/ros/dynamixel_sdk_custom_interfaces) by extension 'ignore_ament_install'
[0.367s] Level 1:colcon.colcon_core.package_identification:_identify(src/DynamixelSDK/ros/dynamixel_sdk_custom_interfaces) by extensions ['colcon_pkg']
[0.367s] Level 1:colcon.colcon_core.package_identification:_identify(src/DynamixelSDK/ros/dynamixel_sdk_custom_interfaces) by extension 'colcon_pkg'
[0.367s] Level 1:colcon.colcon_core.package_identification:_identify(src/DynamixelSDK/ros/dynamixel_sdk_custom_interfaces) by extensions ['colcon_meta']
[0.367s] Level 1:colcon.colcon_core.package_identification:_identify(src/DynamixelSDK/ros/dynamixel_sdk_custom_interfaces) by extension 'colcon_meta'
[0.368s] Level 1:colcon.colcon_core.package_identification:_identify(src/DynamixelSDK/ros/dynamixel_sdk_custom_interfaces) by extensions ['ros']
[0.368s] Level 1:colcon.colcon_core.package_identification:_identify(src/DynamixelSDK/ros/dynamixel_sdk_custom_interfaces) by extension 'ros'
[0.368s] DEBUG:colcon.colcon_core.package_identification:Package 'src/DynamixelSDK/ros/dynamixel_sdk_custom_interfaces' with type 'ros.ament_cmake' and name 'dynamixel_sdk_custom_interfaces'
[0.368s] Level 1:colcon.colcon_core.package_identification:_identify(src/DynamixelSDK/ros/dynamixel_sdk_examples) by extensions ['ignore', 'ignore_ament_install']
[0.368s] Level 1:colcon.colcon_core.package_identification:_identify(src/DynamixelSDK/ros/dynamixel_sdk_examples) by extension 'ignore'
[0.368s] Level 1:colcon.colcon_core.package_identification:_identify(src/DynamixelSDK/ros/dynamixel_sdk_examples) by extension 'ignore_ament_install'
[0.368s] Level 1:colcon.colcon_core.package_identification:_identify(src/DynamixelSDK/ros/dynamixel_sdk_examples) by extensions ['colcon_pkg']
[0.368s] Level 1:colcon.colcon_core.package_identification:_identify(src/DynamixelSDK/ros/dynamixel_sdk_examples) by extension 'colcon_pkg'
[0.369s] Level 1:colcon.colcon_core.package_identification:_identify(src/DynamixelSDK/ros/dynamixel_sdk_examples) by extensions ['colcon_meta']
[0.369s] Level 1:colcon.colcon_core.package_identification:_identify(src/DynamixelSDK/ros/dynamixel_sdk_examples) by extension 'colcon_meta'
[0.369s] Level 1:colcon.colcon_core.package_identification:_identify(src/DynamixelSDK/ros/dynamixel_sdk_examples) by extensions ['ros']
[0.369s] Level 1:colcon.colcon_core.package_identification:_identify(src/DynamixelSDK/ros/dynamixel_sdk_examples) by extension 'ros'
[0.369s] DEBUG:colcon.colcon_core.package_identification:Package 'src/DynamixelSDK/ros/dynamixel_sdk_examples' with type 'ros.ament_cmake' and name 'dynamixel_sdk_examples'
[0.370s] Level 1:colcon.colcon_core.package_identification:_identify(src/build) by extensions ['ignore', 'ignore_ament_install']
[0.370s] Level 1:colcon.colcon_core.package_identification:_identify(src/build) by extension 'ignore'
[0.370s] Level 1:colcon.colcon_core.package_identification:_identify(src/build) ignored
[0.370s] Level 1:colcon.colcon_core.package_identification:_identify(src/install) by extensions ['ignore', 'ignore_ament_install']
[0.370s] Level 1:colcon.colcon_core.package_identification:_identify(src/install) by extension 'ignore'
[0.370s] Level 1:colcon.colcon_core.package_identification:_identify(src/install) ignored
[0.370s] Level 1:colcon.colcon_core.package_identification:_identify(src/log) by extensions ['ignore', 'ignore_ament_install']
[0.370s] Level 1:colcon.colcon_core.package_identification:_identify(src/log) by extension 'ignore'
[0.370s] Level 1:colcon.colcon_core.package_identification:_identify(src/log) ignored
[0.370s] Level 1:colcon.colcon_core.package_identification:_identify(src/turtlebot3) by extensions ['ignore', 'ignore_ament_install']
[0.370s] Level 1:colcon.colcon_core.package_identification:_identify(src/turtlebot3) by extension 'ignore'
[0.371s] Level 1:colcon.colcon_core.package_identification:_identify(src/turtlebot3) by extension 'ignore_ament_install'
[0.371s] Level 1:colcon.colcon_core.package_identification:_identify(src/turtlebot3) by extensions ['colcon_pkg']
[0.371s] Level 1:colcon.colcon_core.package_identification:_identify(src/turtlebot3) by extension 'colcon_pkg'
[0.371s] Level 1:colcon.colcon_core.package_identification:_identify(src/turtlebot3) by extensions ['colcon_meta']
[0.371s] Level 1:colcon.colcon_core.package_identification:_identify(src/turtlebot3) by extension 'colcon_meta'
[0.371s] Level 1:colcon.colcon_core.package_identification:_identify(src/turtlebot3) by extensions ['ros']
[0.371s] Level 1:colcon.colcon_core.package_identification:_identify(src/turtlebot3) by extension 'ros'
[0.371s] Level 1:colcon.colcon_core.package_identification:_identify(src/turtlebot3) by extensions ['cmake', 'python']
[0.371s] Level 1:colcon.colcon_core.package_identification:_identify(src/turtlebot3) by extension 'cmake'
[0.371s] Level 1:colcon.colcon_core.package_identification:_identify(src/turtlebot3) by extension 'python'
[0.371s] Level 1:colcon.colcon_core.package_identification:_identify(src/turtlebot3) by extensions ['python_setup_py']
[0.371s] Level 1:colcon.colcon_core.package_identification:_identify(src/turtlebot3) by extension 'python_setup_py'
[0.371s] Level 1:colcon.colcon_core.package_identification:_identify(src/turtlebot3/docker) by extensions ['ignore', 'ignore_ament_install']
[0.371s] Level 1:colcon.colcon_core.package_identification:_identify(src/turtlebot3/docker) by extension 'ignore'
[0.371s] Level 1:colcon.colcon_core.package_identification:_identify(src/turtlebot3/docker) by extension 'ignore_ament_install'
[0.371s] Level 1:colcon.colcon_core.package_identification:_identify(src/turtlebot3/docker) by extensions ['colcon_pkg']
[0.371s] Level 1:colcon.colcon_core.package_identification:_identify(src/turtlebot3/docker) by extension 'colcon_pkg'
[0.371s] Level 1:colcon.colcon_core.package_identification:_identify(src/turtlebot3/docker) by extensions ['colcon_meta']
[0.372s] Level 1:colcon.colcon_core.package_identification:_identify(src/turtlebot3/docker) by extension 'colcon_meta'
[0.372s] Level 1:colcon.colcon_core.package_identification:_identify(src/turtlebot3/docker) by extensions ['ros']
[0.372s] Level 1:colcon.colcon_core.package_identification:_identify(src/turtlebot3/docker) by extension 'ros'
[0.372s] Level 1:colcon.colcon_core.package_identification:_identify(src/turtlebot3/docker) by extensions ['cmake', 'python']
[0.372s] Level 1:colcon.colcon_core.package_identification:_identify(src/turtlebot3/docker) by extension 'cmake'
[0.372s] Level 1:colcon.colcon_core.package_identification:_identify(src/turtlebot3/docker) by extension 'python'
[0.372s] Level 1:colcon.colcon_core.package_identification:_identify(src/turtlebot3/docker) by extensions ['python_setup_py']
[0.372s] Level 1:colcon.colcon_core.package_identification:_identify(src/turtlebot3/docker) by extension 'python_setup_py'
[0.372s] Level 1:colcon.colcon_core.package_identification:_identify(src/turtlebot3/docker/humble) by extensions ['ignore', 'ignore_ament_install']
[0.372s] Level 1:colcon.colcon_core.package_identification:_identify(src/turtlebot3/docker/humble) by extension 'ignore'
[0.372s] Level 1:colcon.colcon_core.package_identification:_identify(src/turtlebot3/docker/humble) by extension 'ignore_ament_install'
[0.372s] Level 1:colcon.colcon_core.package_identification:_identify(src/turtlebot3/docker/humble) by extensions ['colcon_pkg']
[0.372s] Level 1:colcon.colcon_core.package_identification:_identify(src/turtlebot3/docker/humble) by extension 'colcon_pkg'
[0.372s] Level 1:colcon.colcon_core.package_identification:_identify(src/turtlebot3/docker/humble) by extensions ['colcon_meta']
[0.372s] Level 1:colcon.colcon_core.package_identification:_identify(src/turtlebot3/docker/humble) by extension 'colcon_meta'
[0.372s] Level 1:colcon.colcon_core.package_identification:_identify(src/turtlebot3/docker/humble) by extensions ['ros']
[0.372s] Level 1:colcon.colcon_core.package_identification:_identify(src/turtlebot3/docker/humble) by extension 'ros'
[0.372s] Level 1:colcon.colcon_core.package_identification:_identify(src/turtlebot3/docker/humble) by extensions ['cmake', 'python']
[0.373s] Level 1:colcon.colcon_core.package_identification:_identify(src/turtlebot3/docker/humble) by extension 'cmake'
[0.373s] Level 1:colcon.colcon_core.package_identification:_identify(src/turtlebot3/docker/humble) by extension 'python'
[0.373s] Level 1:colcon.colcon_core.package_identification:_identify(src/turtlebot3/docker/humble) by extensions ['python_setup_py']
[0.373s] Level 1:colcon.colcon_core.package_identification:_identify(src/turtlebot3/docker/humble) by extension 'python_setup_py'
[0.373s] Level 1:colcon.colcon_core.package_identification:_identify(src/turtlebot3/docker/jazzy) by extensions ['ignore', 'ignore_ament_install']
[0.373s] Level 1:colcon.colcon_core.package_identification:_identify(src/turtlebot3/docker/jazzy) by extension 'ignore'
[0.373s] Level 1:colcon.colcon_core.package_identification:_identify(src/turtlebot3/docker/jazzy) by extension 'ignore_ament_install'
[0.373s] Level 1:colcon.colcon_core.package_identification:_identify(src/turtlebot3/docker/jazzy) by extensions ['colcon_pkg']
[0.373s] Level 1:colcon.colcon_core.package_identification:_identify(src/turtlebot3/docker/jazzy) by extension 'colcon_pkg'
[0.373s] Level 1:colcon.colcon_core.package_identification:_identify(src/turtlebot3/docker/jazzy) by extensions ['colcon_meta']
[0.373s] Level 1:colcon.colcon_core.package_identification:_identify(src/turtlebot3/docker/jazzy) by extension 'colcon_meta'
[0.373s] Level 1:colcon.colcon_core.package_identification:_identify(src/turtlebot3/docker/jazzy) by extensions ['ros']
[0.373s] Level 1:colcon.colcon_core.package_identification:_identify(src/turtlebot3/docker/jazzy) by extension 'ros'
[0.373s] Level 1:colcon.colcon_core.package_identification:_identify(src/turtlebot3/docker/jazzy) by extensions ['cmake', 'python']
[0.373s] Level 1:colcon.colcon_core.package_identification:_identify(src/turtlebot3/docker/jazzy) by extension 'cmake'
[0.373s] Level 1:colcon.colcon_core.package_identification:_identify(src/turtlebot3/docker/jazzy) by extension 'python'
[0.373s] Level 1:colcon.colcon_core.package_identification:_identify(src/turtlebot3/docker/jazzy) by extensions ['python_setup_py']
[0.373s] Level 1:colcon.colcon_core.package_identification:_identify(src/turtlebot3/docker/jazzy) by extension 'python_setup_py'
[0.374s] Level 1:colcon.colcon_core.package_identification:_identify(src/turtlebot3/turtlebot3) by extensions ['ignore', 'ignore_ament_install']
[0.374s] Level 1:colcon.colcon_core.package_identification:_identify(src/turtlebot3/turtlebot3) by extension 'ignore'
[0.374s] Level 1:colcon.colcon_core.package_identification:_identify(src/turtlebot3/turtlebot3) by extension 'ignore_ament_install'
[0.374s] Level 1:colcon.colcon_core.package_identification:_identify(src/turtlebot3/turtlebot3) by extensions ['colcon_pkg']
[0.374s] Level 1:colcon.colcon_core.package_identification:_identify(src/turtlebot3/turtlebot3) by extension 'colcon_pkg'
[0.374s] Level 1:colcon.colcon_core.package_identification:_identify(src/turtlebot3/turtlebot3) by extensions ['colcon_meta']
[0.374s] Level 1:colcon.colcon_core.package_identification:_identify(src/turtlebot3/turtlebot3) by extension 'colcon_meta'
[0.374s] Level 1:colcon.colcon_core.package_identification:_identify(src/turtlebot3/turtlebot3) by extensions ['ros']
[0.374s] Level 1:colcon.colcon_core.package_identification:_identify(src/turtlebot3/turtlebot3) by extension 'ros'
[0.375s] DEBUG:colcon.colcon_core.package_identification:Package 'src/turtlebot3/turtlebot3' with type 'ros.ament_cmake' and name 'turtlebot3'
[0.375s] Level 1:colcon.colcon_core.package_identification:_identify(src/turtlebot3/turtlebot3_bringup) by extensions ['ignore', 'ignore_ament_install']
[0.375s] Level 1:colcon.colcon_core.package_identification:_identify(src/turtlebot3/turtlebot3_bringup) by extension 'ignore'
[0.375s] Level 1:colcon.colcon_core.package_identification:_identify(src/turtlebot3/turtlebot3_bringup) by extension 'ignore_ament_install'
[0.375s] Level 1:colcon.colcon_core.package_identification:_identify(src/turtlebot3/turtlebot3_bringup) by extensions ['colcon_pkg']
[0.375s] Level 1:colcon.colcon_core.package_identification:_identify(src/turtlebot3/turtlebot3_bringup) by extension 'colcon_pkg'
[0.375s] Level 1:colcon.colcon_core.package_identification:_identify(src/turtlebot3/turtlebot3_bringup) by extensions ['colcon_meta']
[0.375s] Level 1:colcon.colcon_core.package_identification:_identify(src/turtlebot3/turtlebot3_bringup) by extension 'colcon_meta'
[0.375s] Level 1:colcon.colcon_core.package_identification:_identify(src/turtlebot3/turtlebot3_bringup) by extensions ['ros']
[0.375s] Level 1:colcon.colcon_core.package_identification:_identify(src/turtlebot3/turtlebot3_bringup) by extension 'ros'
[0.376s] DEBUG:colcon.colcon_core.package_identification:Package 'src/turtlebot3/turtlebot3_bringup' with type 'ros.ament_cmake' and name 'turtlebot3_bringup'
[0.376s] Level 1:colcon.colcon_core.package_identification:_identify(src/turtlebot3/turtlebot3_cartographer) by extensions ['ignore', 'ignore_ament_install']
[0.376s] Level 1:colcon.colcon_core.package_identification:_identify(src/turtlebot3/turtlebot3_cartographer) by extension 'ignore'
[0.376s] Level 1:colcon.colcon_core.package_identification:_identify(src/turtlebot3/turtlebot3_cartographer) by extension 'ignore_ament_install'
[0.376s] Level 1:colcon.colcon_core.package_identification:_identify(src/turtlebot3/turtlebot3_cartographer) by extensions ['colcon_pkg']
[0.376s] Level 1:colcon.colcon_core.package_identification:_identify(src/turtlebot3/turtlebot3_cartographer) by extension 'colcon_pkg'
[0.376s] Level 1:colcon.colcon_core.package_identification:_identify(src/turtlebot3/turtlebot3_cartographer) by extensions ['colcon_meta']
[0.376s] Level 1:colcon.colcon_core.package_identification:_identify(src/turtlebot3/turtlebot3_cartographer) by extension 'colcon_meta'
[0.376s] Level 1:colcon.colcon_core.package_identification:_identify(src/turtlebot3/turtlebot3_cartographer) by extensions ['ros']
[0.376s] Level 1:colcon.colcon_core.package_identification:_identify(src/turtlebot3/turtlebot3_cartographer) by extension 'ros'
[0.377s] DEBUG:colcon.colcon_core.package_identification:Package 'src/turtlebot3/turtlebot3_cartographer' with type 'ros.ament_cmake' and name 'turtlebot3_cartographer'
[0.377s] Level 1:colcon.colcon_core.package_identification:_identify(src/turtlebot3/turtlebot3_description) by extensions ['ignore', 'ignore_ament_install']
[0.377s] Level 1:colcon.colcon_core.package_identification:_identify(src/turtlebot3/turtlebot3_description) by extension 'ignore'
[0.377s] Level 1:colcon.colcon_core.package_identification:_identify(src/turtlebot3/turtlebot3_description) by extension 'ignore_ament_install'
[0.377s] Level 1:colcon.colcon_core.package_identification:_identify(src/turtlebot3/turtlebot3_description) by extensions ['colcon_pkg']
[0.377s] Level 1:colcon.colcon_core.package_identification:_identify(src/turtlebot3/turtlebot3_description) by extension 'colcon_pkg'
[0.377s] Level 1:colcon.colcon_core.package_identification:_identify(src/turtlebot3/turtlebot3_description) by extensions ['colcon_meta']
[0.377s] Level 1:colcon.colcon_core.package_identification:_identify(src/turtlebot3/turtlebot3_description) by extension 'colcon_meta'
[0.377s] Level 1:colcon.colcon_core.package_identification:_identify(src/turtlebot3/turtlebot3_description) by extensions ['ros']
[0.377s] Level 1:colcon.colcon_core.package_identification:_identify(src/turtlebot3/turtlebot3_description) by extension 'ros'
[0.378s] DEBUG:colcon.colcon_core.package_identification:Package 'src/turtlebot3/turtlebot3_description' with type 'ros.ament_cmake' and name 'turtlebot3_description'
[0.378s] Level 1:colcon.colcon_core.package_identification:_identify(src/turtlebot3/turtlebot3_example) by extensions ['ignore', 'ignore_ament_install']
[0.378s] Level 1:colcon.colcon_core.package_identification:_identify(src/turtlebot3/turtlebot3_example) by extension 'ignore'
[0.378s] Level 1:colcon.colcon_core.package_identification:_identify(src/turtlebot3/turtlebot3_example) by extension 'ignore_ament_install'
[0.378s] Level 1:colcon.colcon_core.package_identification:_identify(src/turtlebot3/turtlebot3_example) by extensions ['colcon_pkg']
[0.378s] Level 1:colcon.colcon_core.package_identification:_identify(src/turtlebot3/turtlebot3_example) by extension 'colcon_pkg'
[0.378s] Level 1:colcon.colcon_core.package_identification:_identify(src/turtlebot3/turtlebot3_example) by extensions ['colcon_meta']
[0.378s] Level 1:colcon.colcon_core.package_identification:_identify(src/turtlebot3/turtlebot3_example) by extension 'colcon_meta'
[0.379s] Level 1:colcon.colcon_core.package_identification:_identify(src/turtlebot3/turtlebot3_example) by extensions ['ros']
[0.379s] Level 1:colcon.colcon_core.package_identification:_identify(src/turtlebot3/turtlebot3_example) by extension 'ros'
[0.379s] DEBUG:colcon.colcon_core.package_identification:Package 'src/turtlebot3/turtlebot3_example' with type 'ros.ament_python' and name 'turtlebot3_example'
[0.380s] Level 1:colcon.colcon_core.package_identification:_identify(src/turtlebot3/turtlebot3_navigation2) by extensions ['ignore', 'ignore_ament_install']
[0.380s] Level 1:colcon.colcon_core.package_identification:_identify(src/turtlebot3/turtlebot3_navigation2) by extension 'ignore'
[0.380s] Level 1:colcon.colcon_core.package_identification:_identify(src/turtlebot3/turtlebot3_navigation2) by extension 'ignore_ament_install'
[0.380s] Level 1:colcon.colcon_core.package_identification:_identify(src/turtlebot3/turtlebot3_navigation2) by extensions ['colcon_pkg']
[0.380s] Level 1:colcon.colcon_core.package_identification:_identify(src/turtlebot3/turtlebot3_navigation2) by extension 'colcon_pkg'
[0.380s] Level 1:colcon.colcon_core.package_identification:_identify(src/turtlebot3/turtlebot3_navigation2) by extensions ['colcon_meta']
[0.380s] Level 1:colcon.colcon_core.package_identification:_identify(src/turtlebot3/turtlebot3_navigation2) by extension 'colcon_meta'
[0.380s] Level 1:colcon.colcon_core.package_identification:_identify(src/turtlebot3/turtlebot3_navigation2) by extensions ['ros']
[0.380s] Level 1:colcon.colcon_core.package_identification:_identify(src/turtlebot3/turtlebot3_navigation2) by extension 'ros'
[0.380s] DEBUG:colcon.colcon_core.package_identification:Package 'src/turtlebot3/turtlebot3_navigation2' with type 'ros.ament_cmake' and name 'turtlebot3_navigation2'
[0.381s] Level 1:colcon.colcon_core.package_identification:_identify(src/turtlebot3/turtlebot3_node) by extensions ['ignore', 'ignore_ament_install']
[0.381s] Level 1:colcon.colcon_core.package_identification:_identify(src/turtlebot3/turtlebot3_node) by extension 'ignore'
[0.381s] Level 1:colcon.colcon_core.package_identification:_identify(src/turtlebot3/turtlebot3_node) by extension 'ignore_ament_install'
[0.381s] Level 1:colcon.colcon_core.package_identification:_identify(src/turtlebot3/turtlebot3_node) by extensions ['colcon_pkg']
[0.381s] Level 1:colcon.colcon_core.package_identification:_identify(src/turtlebot3/turtlebot3_node) by extension 'colcon_pkg'
[0.381s] Level 1:colcon.colcon_core.package_identification:_identify(src/turtlebot3/turtlebot3_node) by extensions ['colcon_meta']
[0.381s] Level 1:colcon.colcon_core.package_identification:_identify(src/turtlebot3/turtlebot3_node) by extension 'colcon_meta'
[0.381s] Level 1:colcon.colcon_core.package_identification:_identify(src/turtlebot3/turtlebot3_node) by extensions ['ros']
[0.381s] Level 1:colcon.colcon_core.package_identification:_identify(src/turtlebot3/turtlebot3_node) by extension 'ros'
[0.382s] DEBUG:colcon.colcon_core.package_identification:Package 'src/turtlebot3/turtlebot3_node' with type 'ros.ament_cmake' and name 'turtlebot3_node'
[0.382s] Level 1:colcon.colcon_core.package_identification:_identify(src/turtlebot3/turtlebot3_teleop) by extensions ['ignore', 'ignore_ament_install']
[0.382s] Level 1:colcon.colcon_core.package_identification:_identify(src/turtlebot3/turtlebot3_teleop) by extension 'ignore'
[0.382s] Level 1:colcon.colcon_core.package_identification:_identify(src/turtlebot3/turtlebot3_teleop) by extension 'ignore_ament_install'
[0.382s] Level 1:colcon.colcon_core.package_identification:_identify(src/turtlebot3/turtlebot3_teleop) by extensions ['colcon_pkg']
[0.383s] Level 1:colcon.colcon_core.package_identification:_identify(src/turtlebot3/turtlebot3_teleop) by extension 'colcon_pkg'
[0.383s] Level 1:colcon.colcon_core.package_identification:_identify(src/turtlebot3/turtlebot3_teleop) by extensions ['colcon_meta']
[0.383s] Level 1:colcon.colcon_core.package_identification:_identify(src/turtlebot3/turtlebot3_teleop) by extension 'colcon_meta'
[0.383s] Level 1:colcon.colcon_core.package_identification:_identify(src/turtlebot3/turtlebot3_teleop) by extensions ['ros']
[0.383s] Level 1:colcon.colcon_core.package_identification:_identify(src/turtlebot3/turtlebot3_teleop) by extension 'ros'
[0.383s] DEBUG:colcon.colcon_core.package_identification:Package 'src/turtlebot3/turtlebot3_teleop' with type 'ros.ament_python' and name 'turtlebot3_teleop'
[0.383s] Level 1:colcon.colcon_core.package_identification:_identify(src/turtlebot3_msgs) by extensions ['ignore', 'ignore_ament_install']
[0.383s] Level 1:colcon.colcon_core.package_identification:_identify(src/turtlebot3_msgs) by extension 'ignore'
[0.383s] Level 1:colcon.colcon_core.package_identification:_identify(src/turtlebot3_msgs) by extension 'ignore_ament_install'
[0.384s] Level 1:colcon.colcon_core.package_identification:_identify(src/turtlebot3_msgs) by extensions ['colcon_pkg']
[0.384s] Level 1:colcon.colcon_core.package_identification:_identify(src/turtlebot3_msgs) by extension 'colcon_pkg'
[0.384s] Level 1:colcon.colcon_core.package_identification:_identify(src/turtlebot3_msgs) by extensions ['colcon_meta']
[0.384s] Level 1:colcon.colcon_core.package_identification:_identify(src/turtlebot3_msgs) by extension 'colcon_meta'
[0.384s] Level 1:colcon.colcon_core.package_identification:_identify(src/turtlebot3_msgs) by extensions ['ros']
[0.384s] Level 1:colcon.colcon_core.package_identification:_identify(src/turtlebot3_msgs) by extension 'ros'
[0.384s] DEBUG:colcon.colcon_core.package_identification:Package 'src/turtlebot3_msgs' with type 'ros.ament_cmake' and name 'turtlebot3_msgs'
[0.384s] Level 1:colcon.colcon_core.package_identification:_identify(src/turtlebot3_simulations) by extensions ['ignore', 'ignore_ament_install']
[0.385s] Level 1:colcon.colcon_core.package_identification:_identify(src/turtlebot3_simulations) by extension 'ignore'
[0.385s] Level 1:colcon.colcon_core.package_identification:_identify(src/turtlebot3_simulations) by extension 'ignore_ament_install'
[0.385s] Level 1:colcon.colcon_core.package_identification:_identify(src/turtlebot3_simulations) by extensions ['colcon_pkg']
[0.385s] Level 1:colcon.colcon_core.package_identification:_identify(src/turtlebot3_simulations) by extension 'colcon_pkg'
[0.385s] Level 1:colcon.colcon_core.package_identification:_identify(src/turtlebot3_simulations) by extensions ['colcon_meta']
[0.385s] Level 1:colcon.colcon_core.package_identification:_identify(src/turtlebot3_simulations) by extension 'colcon_meta'
[0.385s] Level 1:colcon.colcon_core.package_identification:_identify(src/turtlebot3_simulations) by extensions ['ros']
[0.385s] Level 1:colcon.colcon_core.package_identification:_identify(src/turtlebot3_simulations) by extension 'ros'
[0.385s] Level 1:colcon.colcon_core.package_identification:_identify(src/turtlebot3_simulations) by extensions ['cmake', 'python']
[0.385s] Level 1:colcon.colcon_core.package_identification:_identify(src/turtlebot3_simulations) by extension 'cmake'
[0.385s] Level 1:colcon.colcon_core.package_identification:_identify(src/turtlebot3_simulations) by extension 'python'
[0.385s] Level 1:colcon.colcon_core.package_identification:_identify(src/turtlebot3_simulations) by extensions ['python_setup_py']
[0.385s] Level 1:colcon.colcon_core.package_identification:_identify(src/turtlebot3_simulations) by extension 'python_setup_py'
[0.385s] Level 1:colcon.colcon_core.package_identification:_identify(src/turtlebot3_simulations/turtlebot3_fake_node) by extensions ['ignore', 'ignore_ament_install']
[0.385s] Level 1:colcon.colcon_core.package_identification:_identify(src/turtlebot3_simulations/turtlebot3_fake_node) by extension 'ignore'
[0.385s] Level 1:colcon.colcon_core.package_identification:_identify(src/turtlebot3_simulations/turtlebot3_fake_node) by extension 'ignore_ament_install'
[0.386s] Level 1:colcon.colcon_core.package_identification:_identify(src/turtlebot3_simulations/turtlebot3_fake_node) by extensions ['colcon_pkg']
[0.386s] Level 1:colcon.colcon_core.package_identification:_identify(src/turtlebot3_simulations/turtlebot3_fake_node) by extension 'colcon_pkg'
[0.386s] Level 1:colcon.colcon_core.package_identification:_identify(src/turtlebot3_simulations/turtlebot3_fake_node) by extensions ['colcon_meta']
[0.386s] Level 1:colcon.colcon_core.package_identification:_identify(src/turtlebot3_simulations/turtlebot3_fake_node) by extension 'colcon_meta'
[0.386s] Level 1:colcon.colcon_core.package_identification:_identify(src/turtlebot3_simulations/turtlebot3_fake_node) by extensions ['ros']
[0.386s] Level 1:colcon.colcon_core.package_identification:_identify(src/turtlebot3_simulations/turtlebot3_fake_node) by extension 'ros'
[0.387s] DEBUG:colcon.colcon_core.package_identification:Package 'src/turtlebot3_simulations/turtlebot3_fake_node' with type 'ros.ament_cmake' and name 'turtlebot3_fake_node'
[0.387s] Level 1:colcon.colcon_core.package_identification:_identify(src/turtlebot3_simulations/turtlebot3_gazebo) by extensions ['ignore', 'ignore_ament_install']
[0.387s] Level 1:colcon.colcon_core.package_identification:_identify(src/turtlebot3_simulations/turtlebot3_gazebo) by extension 'ignore'
[0.387s] Level 1:colcon.colcon_core.package_identification:_identify(src/turtlebot3_simulations/turtlebot3_gazebo) by extension 'ignore_ament_install'
[0.387s] Level 1:colcon.colcon_core.package_identification:_identify(src/turtlebot3_simulations/turtlebot3_gazebo) by extensions ['colcon_pkg']
[0.387s] Level 1:colcon.colcon_core.package_identification:_identify(src/turtlebot3_simulations/turtlebot3_gazebo) by extension 'colcon_pkg'
[0.387s] Level 1:colcon.colcon_core.package_identification:_identify(src/turtlebot3_simulations/turtlebot3_gazebo) by extensions ['colcon_meta']
[0.387s] Level 1:colcon.colcon_core.package_identification:_identify(src/turtlebot3_simulations/turtlebot3_gazebo) by extension 'colcon_meta'
[0.387s] Level 1:colcon.colcon_core.package_identification:_identify(src/turtlebot3_simulations/turtlebot3_gazebo) by extensions ['ros']
[0.387s] Level 1:colcon.colcon_core.package_identification:_identify(src/turtlebot3_simulations/turtlebot3_gazebo) by extension 'ros'
[0.388s] DEBUG:colcon.colcon_core.package_identification:Package 'src/turtlebot3_simulations/turtlebot3_gazebo' with type 'ros.ament_cmake' and name 'turtlebot3_gazebo'
[0.388s] Level 1:colcon.colcon_core.package_identification:_identify(src/turtlebot3_simulations/turtlebot3_simulations) by extensions ['ignore', 'ignore_ament_install']
[0.389s] Level 1:colcon.colcon_core.package_identification:_identify(src/turtlebot3_simulations/turtlebot3_simulations) by extension 'ignore'
[0.389s] Level 1:colcon.colcon_core.package_identification:_identify(src/turtlebot3_simulations/turtlebot3_simulations) by extension 'ignore_ament_install'
[0.389s] Level 1:colcon.colcon_core.package_identification:_identify(src/turtlebot3_simulations/turtlebot3_simulations) by extensions ['colcon_pkg']
[0.389s] Level 1:colcon.colcon_core.package_identification:_identify(src/turtlebot3_simulations/turtlebot3_simulations) by extension 'colcon_pkg'
[0.389s] Level 1:colcon.colcon_core.package_identification:_identify(src/turtlebot3_simulations/turtlebot3_simulations) by extensions ['colcon_meta']
[0.389s] Level 1:colcon.colcon_core.package_identification:_identify(src/turtlebot3_simulations/turtlebot3_simulations) by extension 'colcon_meta'
[0.389s] Level 1:colcon.colcon_core.package_identification:_identify(src/turtlebot3_simulations/turtlebot3_simulations) by extensions ['ros']
[0.389s] Level 1:colcon.colcon_core.package_identification:_identify(src/turtlebot3_simulations/turtlebot3_simulations) by extension 'ros'
[0.389s] DEBUG:colcon.colcon_core.package_identification:Package 'src/turtlebot3_simulations/turtlebot3_simulations' with type 'ros.ament_cmake' and name 'turtlebot3_simulations'
[0.389s] Level 1:colcon.colcon_core.package_discovery:discover_packages(recursive) using defaults
[0.390s] Level 1:colcon.colcon_core.package_discovery:discover_packages(ignore) discover
[0.390s] Level 1:colcon.colcon_core.package_discovery:discover_packages(ignore) using defaults
[0.390s] Level 1:colcon.colcon_core.package_discovery:discover_packages(path) discover
[0.390s] Level 1:colcon.colcon_core.package_discovery:discover_packages(path) using defaults
[0.414s] Level 1:colcon.colcon_core.package_discovery:discover_packages(prefix_path) check parameters
[0.414s] Level 1:colcon.colcon_core.package_discovery:discover_packages(prefix_path) discover
[0.417s] DEBUG:colcon.colcon_installed_package_information.package_discovery:Found 12 installed packages in /home/njoy/rover-simulation/turtlebot3_ws/install
[0.420s] DEBUG:colcon.colcon_installed_package_information.package_discovery:Found 287 installed packages in /opt/ros/jazzy
[0.420s] Level 1:colcon.colcon_core.package_discovery:discover_packages(prefix_path) using defaults
[0.473s] Level 5:colcon.colcon_core.verb:set package 'dynamixel_sdk' build argument 'cmake_args' from command line to 'None'
[0.473s] Level 5:colcon.colcon_core.verb:set package 'dynamixel_sdk' build argument 'cmake_target' from command line to 'None'
[0.473s] Level 5:colcon.colcon_core.verb:set package 'dynamixel_sdk' build argument 'cmake_target_skip_unavailable' from command line to 'False'
[0.473s] Level 5:colcon.colcon_core.verb:set package 'dynamixel_sdk' build argument 'cmake_clean_cache' from command line to 'False'
[0.473s] Level 5:colcon.colcon_core.verb:set package 'dynamixel_sdk' build argument 'cmake_clean_first' from command line to 'False'
[0.473s] Level 5:colcon.colcon_core.verb:set package 'dynamixel_sdk' build argument 'cmake_force_configure' from command line to 'False'
[0.473s] Level 5:colcon.colcon_core.verb:set package 'dynamixel_sdk' build argument 'ament_cmake_args' from command line to 'None'
[0.473s] Level 5:colcon.colcon_core.verb:set package 'dynamixel_sdk' build argument 'catkin_cmake_args' from command line to 'None'
[0.473s] Level 5:colcon.colcon_core.verb:set package 'dynamixel_sdk' build argument 'catkin_skip_building_tests' from command line to 'False'
[0.473s] DEBUG:colcon.colcon_core.verb:Building package 'dynamixel_sdk' with the following arguments: {'ament_cmake_args': None, 'build_base': '/home/njoy/rover-simulation/turtlebot3_ws/build/dynamixel_sdk', 'catkin_cmake_args': None, 'catkin_skip_building_tests': False, 'cmake_args': None, 'cmake_clean_cache': False, 'cmake_clean_first': False, 'cmake_force_configure': False, 'cmake_target': None, 'cmake_target_skip_unavailable': False, 'install_base': '/home/njoy/rover-simulation/turtlebot3_ws/install/dynamixel_sdk', 'merge_install': False, 'path': '/home/njoy/rover-simulation/turtlebot3_ws/src/DynamixelSDK/ros/dynamixel_sdk', 'symlink_install': True, 'test_result_base': None}
[0.474s] Level 5:colcon.colcon_core.verb:set package 'dynamixel_sdk_custom_interfaces' build argument 'cmake_args' from command line to 'None'
[0.474s] Level 5:colcon.colcon_core.verb:set package 'dynamixel_sdk_custom_interfaces' build argument 'cmake_target' from command line to 'None'
[0.474s] Level 5:colcon.colcon_core.verb:set package 'dynamixel_sdk_custom_interfaces' build argument 'cmake_target_skip_unavailable' from command line to 'False'
[0.474s] Level 5:colcon.colcon_core.verb:set package 'dynamixel_sdk_custom_interfaces' build argument 'cmake_clean_cache' from command line to 'False'
[0.474s] Level 5:colcon.colcon_core.verb:set package 'dynamixel_sdk_custom_interfaces' build argument 'cmake_clean_first' from command line to 'False'
[0.474s] Level 5:colcon.colcon_core.verb:set package 'dynamixel_sdk_custom_interfaces' build argument 'cmake_force_configure' from command line to 'False'
[0.474s] Level 5:colcon.colcon_core.verb:set package 'dynamixel_sdk_custom_interfaces' build argument 'ament_cmake_args' from command line to 'None'
[0.474s] Level 5:colcon.colcon_core.verb:set package 'dynamixel_sdk_custom_interfaces' build argument 'catkin_cmake_args' from command line to 'None'
[0.474s] Level 5:colcon.colcon_core.verb:set package 'dynamixel_sdk_custom_interfaces' build argument 'catkin_skip_building_tests' from command line to 'False'
[0.474s] DEBUG:colcon.colcon_core.verb:Building package 'dynamixel_sdk_custom_interfaces' with the following arguments: {'ament_cmake_args': None, 'build_base': '/home/njoy/rover-simulation/turtlebot3_ws/build/dynamixel_sdk_custom_interfaces', 'catkin_cmake_args': None, 'catkin_skip_building_tests': False, 'cmake_args': None, 'cmake_clean_cache': False, 'cmake_clean_first': False, 'cmake_force_configure': False, 'cmake_target': None, 'cmake_target_skip_unavailable': False, 'install_base': '/home/njoy/rover-simulation/turtlebot3_ws/install/dynamixel_sdk_custom_interfaces', 'merge_install': False, 'path': '/home/njoy/rover-simulation/turtlebot3_ws/src/DynamixelSDK/ros/dynamixel_sdk_custom_interfaces', 'symlink_install': True, 'test_result_base': None}
[0.474s] Level 5:colcon.colcon_core.verb:set package 'turtlebot3_cartographer' build argument 'cmake_args' from command line to 'None'
[0.474s] Level 5:colcon.colcon_core.verb:set package 'turtlebot3_cartographer' build argument 'cmake_target' from command line to 'None'
[0.474s] Level 5:colcon.colcon_core.verb:set package 'turtlebot3_cartographer' build argument 'cmake_target_skip_unavailable' from command line to 'False'
[0.474s] Level 5:colcon.colcon_core.verb:set package 'turtlebot3_cartographer' build argument 'cmake_clean_cache' from command line to 'False'
[0.474s] Level 5:colcon.colcon_core.verb:set package 'turtlebot3_cartographer' build argument 'cmake_clean_first' from command line to 'False'
[0.474s] Level 5:colcon.colcon_core.verb:set package 'turtlebot3_cartographer' build argument 'cmake_force_configure' from command line to 'False'
[0.474s] Level 5:colcon.colcon_core.verb:set package 'turtlebot3_cartographer' build argument 'ament_cmake_args' from command line to 'None'
[0.474s] Level 5:colcon.colcon_core.verb:set package 'turtlebot3_cartographer' build argument 'catkin_cmake_args' from command line to 'None'
[0.474s] Level 5:colcon.colcon_core.verb:set package 'turtlebot3_cartographer' build argument 'catkin_skip_building_tests' from command line to 'False'
[0.474s] DEBUG:colcon.colcon_core.verb:Building package 'turtlebot3_cartographer' with the following arguments: {'ament_cmake_args': None, 'build_base': '/home/njoy/rover-simulation/turtlebot3_ws/build/turtlebot3_cartographer', 'catkin_cmake_args': None, 'catkin_skip_building_tests': False, 'cmake_args': None, 'cmake_clean_cache': False, 'cmake_clean_first': False, 'cmake_force_configure': False, 'cmake_target': None, 'cmake_target_skip_unavailable': False, 'install_base': '/home/njoy/rover-simulation/turtlebot3_ws/install/turtlebot3_cartographer', 'merge_install': False, 'path': '/home/njoy/rover-simulation/turtlebot3_ws/src/turtlebot3/turtlebot3_cartographer', 'symlink_install': True, 'test_result_base': None}
[0.475s] Level 5:colcon.colcon_core.verb:set package 'turtlebot3_description' build argument 'cmake_args' from command line to 'None'
[0.475s] Level 5:colcon.colcon_core.verb:set package 'turtlebot3_description' build argument 'cmake_target' from command line to 'None'
[0.475s] Level 5:colcon.colcon_core.verb:set package 'turtlebot3_description' build argument 'cmake_target_skip_unavailable' from command line to 'False'
[0.475s] Level 5:colcon.colcon_core.verb:set package 'turtlebot3_description' build argument 'cmake_clean_cache' from command line to 'False'
[0.475s] Level 5:colcon.colcon_core.verb:set package 'turtlebot3_description' build argument 'cmake_clean_first' from command line to 'False'
[0.475s] Level 5:colcon.colcon_core.verb:set package 'turtlebot3_description' build argument 'cmake_force_configure' from command line to 'False'
[0.475s] Level 5:colcon.colcon_core.verb:set package 'turtlebot3_description' build argument 'ament_cmake_args' from command line to 'None'
[0.475s] Level 5:colcon.colcon_core.verb:set package 'turtlebot3_description' build argument 'catkin_cmake_args' from command line to 'None'
[0.475s] Level 5:colcon.colcon_core.verb:set package 'turtlebot3_description' build argument 'catkin_skip_building_tests' from command line to 'False'
[0.475s] DEBUG:colcon.colcon_core.verb:Building package 'turtlebot3_description' with the following arguments: {'ament_cmake_args': None, 'build_base': '/home/njoy/rover-simulation/turtlebot3_ws/build/turtlebot3_description', 'catkin_cmake_args': None, 'catkin_skip_building_tests': False, 'cmake_args': None, 'cmake_clean_cache': False, 'cmake_clean_first': False, 'cmake_force_configure': False, 'cmake_target': None, 'cmake_target_skip_unavailable': False, 'install_base': '/home/njoy/rover-simulation/turtlebot3_ws/install/turtlebot3_description', 'merge_install': False, 'path': '/home/njoy/rover-simulation/turtlebot3_ws/src/turtlebot3/turtlebot3_description', 'symlink_install': True, 'test_result_base': None}
[0.475s] Level 5:colcon.colcon_core.verb:set package 'turtlebot3_gazebo' build argument 'cmake_args' from command line to 'None'
[0.475s] Level 5:colcon.colcon_core.verb:set package 'turtlebot3_gazebo' build argument 'cmake_target' from command line to 'None'
[0.475s] Level 5:colcon.colcon_core.verb:set package 'turtlebot3_gazebo' build argument 'cmake_target_skip_unavailable' from command line to 'False'
[0.475s] Level 5:colcon.colcon_core.verb:set package 'turtlebot3_gazebo' build argument 'cmake_clean_cache' from command line to 'False'
[0.475s] Level 5:colcon.colcon_core.verb:set package 'turtlebot3_gazebo' build argument 'cmake_clean_first' from command line to 'False'
[0.475s] Level 5:colcon.colcon_core.verb:set package 'turtlebot3_gazebo' build argument 'cmake_force_configure' from command line to 'False'
[0.475s] Level 5:colcon.colcon_core.verb:set package 'turtlebot3_gazebo' build argument 'ament_cmake_args' from command line to 'None'
[0.475s] Level 5:colcon.colcon_core.verb:set package 'turtlebot3_gazebo' build argument 'catkin_cmake_args' from command line to 'None'
[0.475s] Level 5:colcon.colcon_core.verb:set package 'turtlebot3_gazebo' build argument 'catkin_skip_building_tests' from command line to 'False'
[0.475s] DEBUG:colcon.colcon_core.verb:Building package 'turtlebot3_gazebo' with the following arguments: {'ament_cmake_args': None, 'build_base': '/home/njoy/rover-simulation/turtlebot3_ws/build/turtlebot3_gazebo', 'catkin_cmake_args': None, 'catkin_skip_building_tests': False, 'cmake_args': None, 'cmake_clean_cache': False, 'cmake_clean_first': False, 'cmake_force_configure': False, 'cmake_target': None, 'cmake_target_skip_unavailable': False, 'install_base': '/home/njoy/rover-simulation/turtlebot3_ws/install/turtlebot3_gazebo', 'merge_install': False, 'path': '/home/njoy/rover-simulation/turtlebot3_ws/src/turtlebot3_simulations/turtlebot3_gazebo', 'symlink_install': True, 'test_result_base': None}
[0.476s] Level 5:colcon.colcon_core.verb:set package 'turtlebot3_msgs' build argument 'cmake_args' from command line to 'None'
[0.476s] Level 5:colcon.colcon_core.verb:set package 'turtlebot3_msgs' build argument 'cmake_target' from command line to 'None'
[0.476s] Level 5:colcon.colcon_core.verb:set package 'turtlebot3_msgs' build argument 'cmake_target_skip_unavailable' from command line to 'False'
[0.476s] Level 5:colcon.colcon_core.verb:set package 'turtlebot3_msgs' build argument 'cmake_clean_cache' from command line to 'False'
[0.476s] Level 5:colcon.colcon_core.verb:set package 'turtlebot3_msgs' build argument 'cmake_clean_first' from command line to 'False'
[0.476s] Level 5:colcon.colcon_core.verb:set package 'turtlebot3_msgs' build argument 'cmake_force_configure' from command line to 'False'
[0.476s] Level 5:colcon.colcon_core.verb:set package 'turtlebot3_msgs' build argument 'ament_cmake_args' from command line to 'None'
[0.476s] Level 5:colcon.colcon_core.verb:set package 'turtlebot3_msgs' build argument 'catkin_cmake_args' from command line to 'None'
[0.476s] Level 5:colcon.colcon_core.verb:set package 'turtlebot3_msgs' build argument 'catkin_skip_building_tests' from command line to 'False'
[0.476s] DEBUG:colcon.colcon_core.verb:Building package 'turtlebot3_msgs' with the following arguments: {'ament_cmake_args': None, 'build_base': '/home/njoy/rover-simulation/turtlebot3_ws/build/turtlebot3_msgs', 'catkin_cmake_args': None, 'catkin_skip_building_tests': False, 'cmake_args': None, 'cmake_clean_cache': False, 'cmake_clean_first': False, 'cmake_force_configure': False, 'cmake_target': None, 'cmake_target_skip_unavailable': False, 'install_base': '/home/njoy/rover-simulation/turtlebot3_ws/install/turtlebot3_msgs', 'merge_install': False, 'path': '/home/njoy/rover-simulation/turtlebot3_ws/src/turtlebot3_msgs', 'symlink_install': True, 'test_result_base': None}
[0.476s] Level 5:colcon.colcon_core.verb:set package 'turtlebot3_navigation2' build argument 'cmake_args' from command line to 'None'
[0.476s] Level 5:colcon.colcon_core.verb:set package 'turtlebot3_navigation2' build argument 'cmake_target' from command line to 'None'
[0.476s] Level 5:colcon.colcon_core.verb:set package 'turtlebot3_navigation2' build argument 'cmake_target_skip_unavailable' from command line to 'False'
[0.476s] Level 5:colcon.colcon_core.verb:set package 'turtlebot3_navigation2' build argument 'cmake_clean_cache' from command line to 'False'
[0.476s] Level 5:colcon.colcon_core.verb:set package 'turtlebot3_navigation2' build argument 'cmake_clean_first' from command line to 'False'
[0.476s] Level 5:colcon.colcon_core.verb:set package 'turtlebot3_navigation2' build argument 'cmake_force_configure' from command line to 'False'
[0.476s] Level 5:colcon.colcon_core.verb:set package 'turtlebot3_navigation2' build argument 'ament_cmake_args' from command line to 'None'
[0.476s] Level 5:colcon.colcon_core.verb:set package 'turtlebot3_navigation2' build argument 'catkin_cmake_args' from command line to 'None'
[0.476s] Level 5:colcon.colcon_core.verb:set package 'turtlebot3_navigation2' build argument 'catkin_skip_building_tests' from command line to 'False'
[0.477s] DEBUG:colcon.colcon_core.verb:Building package 'turtlebot3_navigation2' with the following arguments: {'ament_cmake_args': None, 'build_base': '/home/njoy/rover-simulation/turtlebot3_ws/build/turtlebot3_navigation2', 'catkin_cmake_args': None, 'catkin_skip_building_tests': False, 'cmake_args': None, 'cmake_clean_cache': False, 'cmake_clean_first': False, 'cmake_force_configure': False, 'cmake_target': None, 'cmake_target_skip_unavailable': False, 'install_base': '/home/njoy/rover-simulation/turtlebot3_ws/install/turtlebot3_navigation2', 'merge_install': False, 'path': '/home/njoy/rover-simulation/turtlebot3_ws/src/turtlebot3/turtlebot3_navigation2', 'symlink_install': True, 'test_result_base': None}
[0.477s] Level 5:colcon.colcon_core.verb:set package 'turtlebot3_teleop' build argument 'cmake_args' from command line to 'None'
[0.477s] Level 5:colcon.colcon_core.verb:set package 'turtlebot3_teleop' build argument 'cmake_target' from command line to 'None'
[0.477s] Level 5:colcon.colcon_core.verb:set package 'turtlebot3_teleop' build argument 'cmake_target_skip_unavailable' from command line to 'False'
[0.477s] Level 5:colcon.colcon_core.verb:set package 'turtlebot3_teleop' build argument 'cmake_clean_cache' from command line to 'False'
[0.477s] Level 5:colcon.colcon_core.verb:set package 'turtlebot3_teleop' build argument 'cmake_clean_first' from command line to 'False'
[0.477s] Level 5:colcon.colcon_core.verb:set package 'turtlebot3_teleop' build argument 'cmake_force_configure' from command line to 'False'
[0.477s] Level 5:colcon.colcon_core.verb:set package 'turtlebot3_teleop' build argument 'ament_cmake_args' from command line to 'None'
[0.477s] Level 5:colcon.colcon_core.verb:set package 'turtlebot3_teleop' build argument 'catkin_cmake_args' from command line to 'None'
[0.477s] Level 5:colcon.colcon_core.verb:set package 'turtlebot3_teleop' build argument 'catkin_skip_building_tests' from command line to 'False'
[0.477s] DEBUG:colcon.colcon_core.verb:Building package 'turtlebot3_teleop' with the following arguments: {'ament_cmake_args': None, 'build_base': '/home/njoy/rover-simulation/turtlebot3_ws/build/turtlebot3_teleop', 'catkin_cmake_args': None, 'catkin_skip_building_tests': False, 'cmake_args': None, 'cmake_clean_cache': False, 'cmake_clean_first': False, 'cmake_force_configure': False, 'cmake_target': None, 'cmake_target_skip_unavailable': False, 'install_base': '/home/njoy/rover-simulation/turtlebot3_ws/install/turtlebot3_teleop', 'merge_install': False, 'path': '/home/njoy/rover-simulation/turtlebot3_ws/src/turtlebot3/turtlebot3_teleop', 'symlink_install': True, 'test_result_base': None}
[0.477s] Level 5:colcon.colcon_core.verb:set package 'dynamixel_sdk_examples' build argument 'cmake_args' from command line to 'None'
[0.477s] Level 5:colcon.colcon_core.verb:set package 'dynamixel_sdk_examples' build argument 'cmake_target' from command line to 'None'
[0.477s] Level 5:colcon.colcon_core.verb:set package 'dynamixel_sdk_examples' build argument 'cmake_target_skip_unavailable' from command line to 'False'
[0.477s] Level 5:colcon.colcon_core.verb:set package 'dynamixel_sdk_examples' build argument 'cmake_clean_cache' from command line to 'False'
[0.477s] Level 5:colcon.colcon_core.verb:set package 'dynamixel_sdk_examples' build argument 'cmake_clean_first' from command line to 'False'
[0.478s] Level 5:colcon.colcon_core.verb:set package 'dynamixel_sdk_examples' build argument 'cmake_force_configure' from command line to 'False'
[0.478s] Level 5:colcon.colcon_core.verb:set package 'dynamixel_sdk_examples' build argument 'ament_cmake_args' from command line to 'None'
[0.478s] Level 5:colcon.colcon_core.verb:set package 'dynamixel_sdk_examples' build argument 'catkin_cmake_args' from command line to 'None'
[0.478s] Level 5:colcon.colcon_core.verb:set package 'dynamixel_sdk_examples' build argument 'catkin_skip_building_tests' from command line to 'False'
[0.478s] DEBUG:colcon.colcon_core.verb:Building package 'dynamixel_sdk_examples' with the following arguments: {'ament_cmake_args': None, 'build_base': '/home/njoy/rover-simulation/turtlebot3_ws/build/dynamixel_sdk_examples', 'catkin_cmake_args': None, 'catkin_skip_building_tests': False, 'cmake_args': None, 'cmake_clean_cache': False, 'cmake_clean_first': False, 'cmake_force_configure': False, 'cmake_target': None, 'cmake_target_skip_unavailable': False, 'install_base': '/home/njoy/rover-simulation/turtlebot3_ws/install/dynamixel_sdk_examples', 'merge_install': False, 'path': '/home/njoy/rover-simulation/turtlebot3_ws/src/DynamixelSDK/ros/dynamixel_sdk_examples', 'symlink_install': True, 'test_result_base': None}
[0.478s] Level 5:colcon.colcon_core.verb:set package 'turtlebot3_example' build argument 'cmake_args' from command line to 'None'
[0.478s] Level 5:colcon.colcon_core.verb:set package 'turtlebot3_example' build argument 'cmake_target' from command line to 'None'
[0.478s] Level 5:colcon.colcon_core.verb:set package 'turtlebot3_example' build argument 'cmake_target_skip_unavailable' from command line to 'False'
[0.478s] Level 5:colcon.colcon_core.verb:set package 'turtlebot3_example' build argument 'cmake_clean_cache' from command line to 'False'
[0.478s] Level 5:colcon.colcon_core.verb:set package 'turtlebot3_example' build argument 'cmake_clean_first' from command line to 'False'
[0.478s] Level 5:colcon.colcon_core.verb:set package 'turtlebot3_example' build argument 'cmake_force_configure' from command line to 'False'
[0.478s] Level 5:colcon.colcon_core.verb:set package 'turtlebot3_example' build argument 'ament_cmake_args' from command line to 'None'
[0.478s] Level 5:colcon.colcon_core.verb:set package 'turtlebot3_example' build argument 'catkin_cmake_args' from command line to 'None'
[0.478s] Level 5:colcon.colcon_core.verb:set package 'turtlebot3_example' build argument 'catkin_skip_building_tests' from command line to 'False'
[0.478s] DEBUG:colcon.colcon_core.verb:Building package 'turtlebot3_example' with the following arguments: {'ament_cmake_args': None, 'build_base': '/home/njoy/rover-simulation/turtlebot3_ws/build/turtlebot3_example', 'catkin_cmake_args': None, 'catkin_skip_building_tests': False, 'cmake_args': None, 'cmake_clean_cache': False, 'cmake_clean_first': False, 'cmake_force_configure': False, 'cmake_target': None, 'cmake_target_skip_unavailable': False, 'install_base': '/home/njoy/rover-simulation/turtlebot3_ws/install/turtlebot3_example', 'merge_install': False, 'path': '/home/njoy/rover-simulation/turtlebot3_ws/src/turtlebot3/turtlebot3_example', 'symlink_install': True, 'test_result_base': None}
[0.479s] Level 5:colcon.colcon_core.verb:set package 'turtlebot3_fake_node' build argument 'cmake_args' from command line to 'None'
[0.479s] Level 5:colcon.colcon_core.verb:set package 'turtlebot3_fake_node' build argument 'cmake_target' from command line to 'None'
[0.479s] Level 5:colcon.colcon_core.verb:set package 'turtlebot3_fake_node' build argument 'cmake_target_skip_unavailable' from command line to 'False'
[0.479s] Level 5:colcon.colcon_core.verb:set package 'turtlebot3_fake_node' build argument 'cmake_clean_cache' from command line to 'False'
[0.479s] Level 5:colcon.colcon_core.verb:set package 'turtlebot3_fake_node' build argument 'cmake_clean_first' from command line to 'False'
[0.479s] Level 5:colcon.colcon_core.verb:set package 'turtlebot3_fake_node' build argument 'cmake_force_configure' from command line to 'False'
[0.479s] Level 5:colcon.colcon_core.verb:set package 'turtlebot3_fake_node' build argument 'ament_cmake_args' from command line to 'None'
[0.479s] Level 5:colcon.colcon_core.verb:set package 'turtlebot3_fake_node' build argument 'catkin_cmake_args' from command line to 'None'
[0.479s] Level 5:colcon.colcon_core.verb:set package 'turtlebot3_fake_node' build argument 'catkin_skip_building_tests' from command line to 'False'
[0.479s] DEBUG:colcon.colcon_core.verb:Building package 'turtlebot3_fake_node' with the following arguments: {'ament_cmake_args': None, 'build_base': '/home/njoy/rover-simulation/turtlebot3_ws/build/turtlebot3_fake_node', 'catkin_cmake_args': None, 'catkin_skip_building_tests': False, 'cmake_args': None, 'cmake_clean_cache': False, 'cmake_clean_first': False, 'cmake_force_configure': False, 'cmake_target': None, 'cmake_target_skip_unavailable': False, 'install_base': '/home/njoy/rover-simulation/turtlebot3_ws/install/turtlebot3_fake_node', 'merge_install': False, 'path': '/home/njoy/rover-simulation/turtlebot3_ws/src/turtlebot3_simulations/turtlebot3_fake_node', 'symlink_install': True, 'test_result_base': None}
[0.479s] Level 5:colcon.colcon_core.verb:set package 'turtlebot3_node' build argument 'cmake_args' from command line to 'None'
[0.479s] Level 5:colcon.colcon_core.verb:set package 'turtlebot3_node' build argument 'cmake_target' from command line to 'None'
[0.479s] Level 5:colcon.colcon_core.verb:set package 'turtlebot3_node' build argument 'cmake_target_skip_unavailable' from command line to 'False'
[0.479s] Level 5:colcon.colcon_core.verb:set package 'turtlebot3_node' build argument 'cmake_clean_cache' from command line to 'False'
[0.479s] Level 5:colcon.colcon_core.verb:set package 'turtlebot3_node' build argument 'cmake_clean_first' from command line to 'False'
[0.479s] Level 5:colcon.colcon_core.verb:set package 'turtlebot3_node' build argument 'cmake_force_configure' from command line to 'False'
[0.480s] Level 5:colcon.colcon_core.verb:set package 'turtlebot3_node' build argument 'ament_cmake_args' from command line to 'None'
[0.480s] Level 5:colcon.colcon_core.verb:set package 'turtlebot3_node' build argument 'catkin_cmake_args' from command line to 'None'
[0.480s] Level 5:colcon.colcon_core.verb:set package 'turtlebot3_node' build argument 'catkin_skip_building_tests' from command line to 'False'
[0.480s] DEBUG:colcon.colcon_core.verb:Building package 'turtlebot3_node' with the following arguments: {'ament_cmake_args': None, 'build_base': '/home/njoy/rover-simulation/turtlebot3_ws/build/turtlebot3_node', 'catkin_cmake_args': None, 'catkin_skip_building_tests': False, 'cmake_args': None, 'cmake_clean_cache': False, 'cmake_clean_first': False, 'cmake_force_configure': False, 'cmake_target': None, 'cmake_target_skip_unavailable': False, 'install_base': '/home/njoy/rover-simulation/turtlebot3_ws/install/turtlebot3_node', 'merge_install': False, 'path': '/home/njoy/rover-simulation/turtlebot3_ws/src/turtlebot3/turtlebot3_node', 'symlink_install': True, 'test_result_base': None}
[0.480s] Level 5:colcon.colcon_core.verb:set package 'turtlebot3_bringup' build argument 'cmake_args' from command line to 'None'
[0.480s] Level 5:colcon.colcon_core.verb:set package 'turtlebot3_bringup' build argument 'cmake_target' from command line to 'None'
[0.480s] Level 5:colcon.colcon_core.verb:set package 'turtlebot3_bringup' build argument 'cmake_target_skip_unavailable' from command line to 'False'
[0.480s] Level 5:colcon.colcon_core.verb:set package 'turtlebot3_bringup' build argument 'cmake_clean_cache' from command line to 'False'
[0.480s] Level 5:colcon.colcon_core.verb:set package 'turtlebot3_bringup' build argument 'cmake_clean_first' from command line to 'False'
[0.480s] Level 5:colcon.colcon_core.verb:set package 'turtlebot3_bringup' build argument 'cmake_force_configure' from command line to 'False'
[0.480s] Level 5:colcon.colcon_core.verb:set package 'turtlebot3_bringup' build argument 'ament_cmake_args' from command line to 'None'
[0.480s] Level 5:colcon.colcon_core.verb:set package 'turtlebot3_bringup' build argument 'catkin_cmake_args' from command line to 'None'
[0.480s] Level 5:colcon.colcon_core.verb:set package 'turtlebot3_bringup' build argument 'catkin_skip_building_tests' from command line to 'False'
[0.480s] DEBUG:colcon.colcon_core.verb:Building package 'turtlebot3_bringup' with the following arguments: {'ament_cmake_args': None, 'build_base': '/home/njoy/rover-simulation/turtlebot3_ws/build/turtlebot3_bringup', 'catkin_cmake_args': None, 'catkin_skip_building_tests': False, 'cmake_args': None, 'cmake_clean_cache': False, 'cmake_clean_first': False, 'cmake_force_configure': False, 'cmake_target': None, 'cmake_target_skip_unavailable': False, 'install_base': '/home/njoy/rover-simulation/turtlebot3_ws/install/turtlebot3_bringup', 'merge_install': False, 'path': '/home/njoy/rover-simulation/turtlebot3_ws/src/turtlebot3/turtlebot3_bringup', 'symlink_install': True, 'test_result_base': None}
[0.481s] Level 5:colcon.colcon_core.verb:set package 'turtlebot3_simulations' build argument 'cmake_args' from command line to 'None'
[0.481s] Level 5:colcon.colcon_core.verb:set package 'turtlebot3_simulations' build argument 'cmake_target' from command line to 'None'
[0.481s] Level 5:colcon.colcon_core.verb:set package 'turtlebot3_simulations' build argument 'cmake_target_skip_unavailable' from command line to 'False'
[0.481s] Level 5:colcon.colcon_core.verb:set package 'turtlebot3_simulations' build argument 'cmake_clean_cache' from command line to 'False'
[0.481s] Level 5:colcon.colcon_core.verb:set package 'turtlebot3_simulations' build argument 'cmake_clean_first' from command line to 'False'
[0.481s] Level 5:colcon.colcon_core.verb:set package 'turtlebot3_simulations' build argument 'cmake_force_configure' from command line to 'False'
[0.481s] Level 5:colcon.colcon_core.verb:set package 'turtlebot3_simulations' build argument 'ament_cmake_args' from command line to 'None'
[0.481s] Level 5:colcon.colcon_core.verb:set package 'turtlebot3_simulations' build argument 'catkin_cmake_args' from command line to 'None'
[0.481s] Level 5:colcon.colcon_core.verb:set package 'turtlebot3_simulations' build argument 'catkin_skip_building_tests' from command line to 'False'
[0.481s] DEBUG:colcon.colcon_core.verb:Building package 'turtlebot3_simulations' with the following arguments: {'ament_cmake_args': None, 'build_base': '/home/njoy/rover-simulation/turtlebot3_ws/build/turtlebot3_simulations', 'catkin_cmake_args': None, 'catkin_skip_building_tests': False, 'cmake_args': None, 'cmake_clean_cache': False, 'cmake_clean_first': False, 'cmake_force_configure': False, 'cmake_target': None, 'cmake_target_skip_unavailable': False, 'install_base': '/home/njoy/rover-simulation/turtlebot3_ws/install/turtlebot3_simulations', 'merge_install': False, 'path': '/home/njoy/rover-simulation/turtlebot3_ws/src/turtlebot3_simulations/turtlebot3_simulations', 'symlink_install': True, 'test_result_base': None}
[0.481s] Level 5:colcon.colcon_core.verb:set package 'turtlebot3' build argument 'cmake_args' from command line to 'None'
[0.481s] Level 5:colcon.colcon_core.verb:set package 'turtlebot3' build argument 'cmake_target' from command line to 'None'
[0.481s] Level 5:colcon.colcon_core.verb:set package 'turtlebot3' build argument 'cmake_target_skip_unavailable' from command line to 'False'
[0.481s] Level 5:colcon.colcon_core.verb:set package 'turtlebot3' build argument 'cmake_clean_cache' from command line to 'False'
[0.481s] Level 5:colcon.colcon_core.verb:set package 'turtlebot3' build argument 'cmake_clean_first' from command line to 'False'
[0.481s] Level 5:colcon.colcon_core.verb:set package 'turtlebot3' build argument 'cmake_force_configure' from command line to 'False'
[0.482s] Level 5:colcon.colcon_core.verb:set package 'turtlebot3' build argument 'ament_cmake_args' from command line to 'None'
[0.482s] Level 5:colcon.colcon_core.verb:set package 'turtlebot3' build argument 'catkin_cmake_args' from command line to 'None'
[0.482s] Level 5:colcon.colcon_core.verb:set package 'turtlebot3' build argument 'catkin_skip_building_tests' from command line to 'False'
[0.482s] DEBUG:colcon.colcon_core.verb:Building package 'turtlebot3' with the following arguments: {'ament_cmake_args': None, 'build_base': '/home/njoy/rover-simulation/turtlebot3_ws/build/turtlebot3', 'catkin_cmake_args': None, 'catkin_skip_building_tests': False, 'cmake_args': None, 'cmake_clean_cache': False, 'cmake_clean_first': False, 'cmake_force_configure': False, 'cmake_target': None, 'cmake_target_skip_unavailable': False, 'install_base': '/home/njoy/rover-simulation/turtlebot3_ws/install/turtlebot3', 'merge_install': False, 'path': '/home/njoy/rover-simulation/turtlebot3_ws/src/turtlebot3/turtlebot3', 'symlink_install': True, 'test_result_base': None}
[0.482s] INFO:colcon.colcon_core.executor:Executing jobs using 'parallel' executor
[0.483s] DEBUG:colcon.colcon_parallel_executor.executor.parallel:run_until_complete
[0.483s] INFO:colcon.colcon_ros.task.ament_cmake.build:Building ROS package in '/home/njoy/rover-simulation/turtlebot3_ws/src/turtlebot3_msgs' with build type 'ament_cmake'
[0.484s] INFO:colcon.colcon_cmake.task.cmake.build:Building CMake package in '/home/njoy/rover-simulation/turtlebot3_ws/src/turtlebot3_msgs'
[0.487s] INFO:colcon.colcon_core.plugin_system:Skipping extension 'colcon_core.shell.bat': Not used on non-Windows systems
[0.487s] INFO:colcon.colcon_core.shell:Skip shell extension 'powershell' for command environment: Not usable outside of PowerShell
[0.487s] DEBUG:colcon.colcon_core.shell:Skip shell extension 'dsv' for command environment
[0.493s] INFO:colcon.colcon_ros.task.ament_cmake.build:Building ROS package in '/home/njoy/rover-simulation/turtlebot3_ws/src/DynamixelSDK/ros/dynamixel_sdk' with build type 'ament_cmake'
[0.493s] INFO:colcon.colcon_cmake.task.cmake.build:Building CMake package in '/home/njoy/rover-simulation/turtlebot3_ws/src/DynamixelSDK/ros/dynamixel_sdk'
[0.493s] INFO:colcon.colcon_core.shell:Skip shell extension 'powershell' for command environment: Not usable outside of PowerShell
[0.493s] DEBUG:colcon.colcon_core.shell:Skip shell extension 'dsv' for command environment
[0.498s] INFO:colcon.colcon_ros.task.ament_cmake.build:Building ROS package in '/home/njoy/rover-simulation/turtlebot3_ws/src/turtlebot3/turtlebot3_description' with build type 'ament_cmake'
[0.498s] INFO:colcon.colcon_cmake.task.cmake.build:Building CMake package in '/home/njoy/rover-simulation/turtlebot3_ws/src/turtlebot3/turtlebot3_description'
[0.498s] INFO:colcon.colcon_core.shell:Skip shell extension 'powershell' for command environment: Not usable outside of PowerShell
[0.499s] DEBUG:colcon.colcon_core.shell:Skip shell extension 'dsv' for command environment
[0.503s] INFO:colcon.colcon_ros.task.ament_cmake.build:Building ROS package in '/home/njoy/rover-simulation/turtlebot3_ws/src/DynamixelSDK/ros/dynamixel_sdk_custom_interfaces' with build type 'ament_cmake'
[0.503s] INFO:colcon.colcon_cmake.task.cmake.build:Building CMake package in '/home/njoy/rover-simulation/turtlebot3_ws/src/DynamixelSDK/ros/dynamixel_sdk_custom_interfaces'
[0.504s] INFO:colcon.colcon_core.shell:Skip shell extension 'powershell' for command environment: Not usable outside of PowerShell
[0.504s] DEBUG:colcon.colcon_core.shell:Skip shell extension 'dsv' for command environment
[0.508s] INFO:colcon.colcon_ros.task.ament_cmake.build:Building ROS package in '/home/njoy/rover-simulation/turtlebot3_ws/src/turtlebot3/turtlebot3_cartographer' with build type 'ament_cmake'
[0.509s] INFO:colcon.colcon_cmake.task.cmake.build:Building CMake package in '/home/njoy/rover-simulation/turtlebot3_ws/src/turtlebot3/turtlebot3_cartographer'
[0.509s] INFO:colcon.colcon_core.shell:Skip shell extension 'powershell' for command environment: Not usable outside of PowerShell
[0.509s] DEBUG:colcon.colcon_core.shell:Skip shell extension 'dsv' for command environment
[0.514s] INFO:colcon.colcon_ros.task.ament_cmake.build:Building ROS package in '/home/njoy/rover-simulation/turtlebot3_ws/src/turtlebot3_simulations/turtlebot3_gazebo' with build type 'ament_cmake'
[0.514s] INFO:colcon.colcon_cmake.task.cmake.build:Building CMake package in '/home/njoy/rover-simulation/turtlebot3_ws/src/turtlebot3_simulations/turtlebot3_gazebo'
[0.514s] INFO:colcon.colcon_core.shell:Skip shell extension 'powershell' for command environment: Not usable outside of PowerShell
[0.514s] DEBUG:colcon.colcon_core.shell:Skip shell extension 'dsv' for command environment
[0.518s] INFO:colcon.colcon_ros.task.ament_cmake.build:Building ROS package in '/home/njoy/rover-simulation/turtlebot3_ws/src/turtlebot3/turtlebot3_navigation2' with build type 'ament_cmake'
[0.519s] INFO:colcon.colcon_cmake.task.cmake.build:Building CMake package in '/home/njoy/rover-simulation/turtlebot3_ws/src/turtlebot3/turtlebot3_navigation2'
[0.519s] INFO:colcon.colcon_core.shell:Skip shell extension 'powershell' for command environment: Not usable outside of PowerShell
[0.519s] DEBUG:colcon.colcon_core.shell:Skip shell extension 'dsv' for command environment
[0.523s] INFO:colcon.colcon_ros.task.ament_python.build:Building ROS package in '/home/njoy/rover-simulation/turtlebot3_ws/src/turtlebot3/turtlebot3_teleop' with build type 'ament_python'
[0.524s] Level 1:colcon.colcon_core.shell:create_environment_hook('turtlebot3_teleop', 'ament_prefix_path')
[0.524s] INFO:colcon.colcon_core.shell:Creating environment hook '/home/njoy/rover-simulation/turtlebot3_ws/install/turtlebot3_teleop/share/turtlebot3_teleop/hook/ament_prefix_path.ps1'
[0.524s] INFO:colcon.colcon_core.shell:Creating environment descriptor '/home/njoy/rover-simulation/turtlebot3_ws/install/turtlebot3_teleop/share/turtlebot3_teleop/hook/ament_prefix_path.dsv'
[0.525s] INFO:colcon.colcon_core.shell:Creating environment hook '/home/njoy/rover-simulation/turtlebot3_ws/install/turtlebot3_teleop/share/turtlebot3_teleop/hook/ament_prefix_path.sh'
[0.525s] INFO:colcon.colcon_core.shell:Skip shell extension 'powershell' for command environment: Not usable outside of PowerShell
[0.525s] DEBUG:colcon.colcon_core.shell:Skip shell extension 'dsv' for command environment
[0.535s] DEBUG:colcon.colcon_core.event_handler.log_command:Invoking command in '/home/njoy/rover-simulation/turtlebot3_ws/build/turtlebot3_msgs': CMAKE_PREFIX_PATH=${CMAKE_PREFIX_PATH}:/home/njoy/rover-simulation/turtlebot3_ws/install/turtlebot3_teleop:/home/njoy/rover-simulation/turtlebot3_ws/install/turtlebot3_example:/opt/ros/jazzy DEBUGINFOD_URLS=ima:enforcing https://debuginfod.fedoraproject.org/ ima:ignore PS1=📦[\u@rover-dev-container \W]$ /usr/bin/cmake --build /home/njoy/rover-simulation/turtlebot3_ws/build/turtlebot3_msgs -- -j16 -l16
[0.540s] DEBUG:colcon.colcon_core.event_handler.log_command:Invoking command in '/home/njoy/rover-simulation/turtlebot3_ws/build/dynamixel_sdk': CMAKE_PREFIX_PATH=${CMAKE_PREFIX_PATH}:/home/njoy/rover-simulation/turtlebot3_ws/install/turtlebot3_teleop:/home/njoy/rover-simulation/turtlebot3_ws/install/turtlebot3_example:/opt/ros/jazzy DEBUGINFOD_URLS=ima:enforcing https://debuginfod.fedoraproject.org/ ima:ignore PS1=📦[\u@rover-dev-container \W]$ /usr/bin/cmake --build /home/njoy/rover-simulation/turtlebot3_ws/build/dynamixel_sdk -- -j16 -l16
[0.542s] DEBUG:colcon.colcon_core.event_handler.log_command:Invoking command in '/home/njoy/rover-simulation/turtlebot3_ws/build/turtlebot3_description': CMAKE_PREFIX_PATH=${CMAKE_PREFIX_PATH}:/home/njoy/rover-simulation/turtlebot3_ws/install/turtlebot3_teleop:/home/njoy/rover-simulation/turtlebot3_ws/install/turtlebot3_example:/opt/ros/jazzy DEBUGINFOD_URLS=ima:enforcing https://debuginfod.fedoraproject.org/ ima:ignore PS1=📦[\u@rover-dev-container \W]$ /usr/bin/cmake --build /home/njoy/rover-simulation/turtlebot3_ws/build/turtlebot3_description -- -j16 -l16
[0.545s] DEBUG:colcon.colcon_core.event_handler.log_command:Invoking command in '/home/njoy/rover-simulation/turtlebot3_ws/build/dynamixel_sdk_custom_interfaces': CMAKE_PREFIX_PATH=${CMAKE_PREFIX_PATH}:/home/njoy/rover-simulation/turtlebot3_ws/install/turtlebot3_teleop:/home/njoy/rover-simulation/turtlebot3_ws/install/turtlebot3_example:/opt/ros/jazzy DEBUGINFOD_URLS=ima:enforcing https://debuginfod.fedoraproject.org/ ima:ignore PS1=📦[\u@rover-dev-container \W]$ /usr/bin/cmake --build /home/njoy/rover-simulation/turtlebot3_ws/build/dynamixel_sdk_custom_interfaces -- -j16 -l16
[0.547s] DEBUG:colcon.colcon_core.event_handler.log_command:Invoking command in '/home/njoy/rover-simulation/turtlebot3_ws/build/turtlebot3_cartographer': CMAKE_PREFIX_PATH=${CMAKE_PREFIX_PATH}:/home/njoy/rover-simulation/turtlebot3_ws/install/turtlebot3_teleop:/home/njoy/rover-simulation/turtlebot3_ws/install/turtlebot3_example:/opt/ros/jazzy DEBUGINFOD_URLS=ima:enforcing https://debuginfod.fedoraproject.org/ ima:ignore PS1=📦[\u@rover-dev-container \W]$ /usr/bin/cmake --build /home/njoy/rover-simulation/turtlebot3_ws/build/turtlebot3_cartographer -- -j16 -l16
[0.549s] DEBUG:colcon.colcon_core.event_handler.log_command:Invoking command in '/home/njoy/rover-simulation/turtlebot3_ws/build/turtlebot3_gazebo': CMAKE_PREFIX_PATH=${CMAKE_PREFIX_PATH}:/home/njoy/rover-simulation/turtlebot3_ws/install/turtlebot3_teleop:/home/njoy/rover-simulation/turtlebot3_ws/install/turtlebot3_example:/opt/ros/jazzy DEBUGINFOD_URLS=ima:enforcing https://debuginfod.fedoraproject.org/ ima:ignore PS1=📦[\u@rover-dev-container \W]$ /usr/bin/cmake /home/njoy/rover-simulation/turtlebot3_ws/src/turtlebot3_simulations/turtlebot3_gazebo -DAMENT_CMAKE_SYMLINK_INSTALL=1 -DCMAKE_INSTALL_PREFIX=/home/njoy/rover-simulation/turtlebot3_ws/install/turtlebot3_gazebo
[0.553s] DEBUG:colcon.colcon_core.event_handler.log_command:Invoking command in '/home/njoy/rover-simulation/turtlebot3_ws/build/turtlebot3_navigation2': CMAKE_PREFIX_PATH=${CMAKE_PREFIX_PATH}:/home/njoy/rover-simulation/turtlebot3_ws/install/turtlebot3_teleop:/home/njoy/rover-simulation/turtlebot3_ws/install/turtlebot3_example:/opt/ros/jazzy DEBUGINFOD_URLS=ima:enforcing https://debuginfod.fedoraproject.org/ ima:ignore PS1=📦[\u@rover-dev-container \W]$ /usr/bin/cmake --build /home/njoy/rover-simulation/turtlebot3_ws/build/turtlebot3_navigation2 -- -j16 -l16
[0.889s] INFO:colcon.colcon_core.task.python.build:Building Python package in '/home/njoy/rover-simulation/turtlebot3_ws/src/turtlebot3/turtlebot3_teleop'
[0.889s] INFO:colcon.colcon_core.shell:Skip shell extension 'powershell' for command environment: Not usable outside of PowerShell
[0.889s] DEBUG:colcon.colcon_core.shell:Skip shell extension 'dsv' for command environment
[0.899s] DEBUG:colcon.colcon_core.event_handler.log_command:Invoked command in '/home/njoy/rover-simulation/turtlebot3_ws/build/turtlebot3_description' returned '0': CMAKE_PREFIX_PATH=${CMAKE_PREFIX_PATH}:/home/njoy/rover-simulation/turtlebot3_ws/install/turtlebot3_teleop:/home/njoy/rover-simulation/turtlebot3_ws/install/turtlebot3_example:/opt/ros/jazzy DEBUGINFOD_URLS=ima:enforcing https://debuginfod.fedoraproject.org/ ima:ignore PS1=📦[\u@rover-dev-container \W]$ /usr/bin/cmake --build /home/njoy/rover-simulation/turtlebot3_ws/build/turtlebot3_description -- -j16 -l16
[0.918s] DEBUG:colcon.colcon_core.event_handler.log_command:Invoking command in '/home/njoy/rover-simulation/turtlebot3_ws/build/turtlebot3_description': CMAKE_PREFIX_PATH=${CMAKE_PREFIX_PATH}:/home/njoy/rover-simulation/turtlebot3_ws/install/turtlebot3_teleop:/home/njoy/rover-simulation/turtlebot3_ws/install/turtlebot3_example:/opt/ros/jazzy DEBUGINFOD_URLS=ima:enforcing https://debuginfod.fedoraproject.org/ ima:ignore PS1=📦[\u@rover-dev-container \W]$ /usr/bin/cmake --install /home/njoy/rover-simulation/turtlebot3_ws/build/turtlebot3_description
[0.919s] DEBUG:colcon.colcon_core.event_handler.log_command:Invoked command in '/home/njoy/rover-simulation/turtlebot3_ws/build/turtlebot3_cartographer' returned '0': CMAKE_PREFIX_PATH=${CMAKE_PREFIX_PATH}:/home/njoy/rover-simulation/turtlebot3_ws/install/turtlebot3_teleop:/home/njoy/rover-simulation/turtlebot3_ws/install/turtlebot3_example:/opt/ros/jazzy DEBUGINFOD_URLS=ima:enforcing https://debuginfod.fedoraproject.org/ ima:ignore PS1=📦[\u@rover-dev-container \W]$ /usr/bin/cmake --build /home/njoy/rover-simulation/turtlebot3_ws/build/turtlebot3_cartographer -- -j16 -l16
[0.920s] DEBUG:colcon.colcon_core.event_handler.log_command:Invoking command in '/home/njoy/rover-simulation/turtlebot3_ws/build/turtlebot3_cartographer': CMAKE_PREFIX_PATH=${CMAKE_PREFIX_PATH}:/home/njoy/rover-simulation/turtlebot3_ws/install/turtlebot3_teleop:/home/njoy/rover-simulation/turtlebot3_ws/install/turtlebot3_example:/opt/ros/jazzy DEBUGINFOD_URLS=ima:enforcing https://debuginfod.fedoraproject.org/ ima:ignore PS1=📦[\u@rover-dev-container \W]$ /usr/bin/cmake --install /home/njoy/rover-simulation/turtlebot3_ws/build/turtlebot3_cartographer
[0.922s] DEBUG:colcon.colcon_core.event_handler.log_command:Invoked command in '/home/njoy/rover-simulation/turtlebot3_ws/build/turtlebot3_navigation2' returned '0': CMAKE_PREFIX_PATH=${CMAKE_PREFIX_PATH}:/home/njoy/rover-simulation/turtlebot3_ws/install/turtlebot3_teleop:/home/njoy/rover-simulation/turtlebot3_ws/install/turtlebot3_example:/opt/ros/jazzy DEBUGINFOD_URLS=ima:enforcing https://debuginfod.fedoraproject.org/ ima:ignore PS1=📦[\u@rover-dev-container \W]$ /usr/bin/cmake --build /home/njoy/rover-simulation/turtlebot3_ws/build/turtlebot3_navigation2 -- -j16 -l16
[0.923s] DEBUG:colcon.colcon_core.event_handler.log_command:Invoking command in '/home/njoy/rover-simulation/turtlebot3_ws/build/turtlebot3_navigation2': CMAKE_PREFIX_PATH=${CMAKE_PREFIX_PATH}:/home/njoy/rover-simulation/turtlebot3_ws/install/turtlebot3_teleop:/home/njoy/rover-simulation/turtlebot3_ws/install/turtlebot3_example:/opt/ros/jazzy DEBUGINFOD_URLS=ima:enforcing https://debuginfod.fedoraproject.org/ ima:ignore PS1=📦[\u@rover-dev-container \W]$ /usr/bin/cmake --install /home/njoy/rover-simulation/turtlebot3_ws/build/turtlebot3_navigation2
[0.958s] Level 1:colcon.colcon_core.environment:create_environment_scripts_only(turtlebot3_cartographer)
[0.961s] DEBUG:colcon.colcon_core.event_handler.log_command:Invoked command in '/home/njoy/rover-simulation/turtlebot3_ws/build/turtlebot3_cartographer' returned '0': CMAKE_PREFIX_PATH=${CMAKE_PREFIX_PATH}:/home/njoy/rover-simulation/turtlebot3_ws/install/turtlebot3_teleop:/home/njoy/rover-simulation/turtlebot3_ws/install/turtlebot3_example:/opt/ros/jazzy DEBUGINFOD_URLS=ima:enforcing https://debuginfod.fedoraproject.org/ ima:ignore PS1=📦[\u@rover-dev-container \W]$ /usr/bin/cmake --install /home/njoy/rover-simulation/turtlebot3_ws/build/turtlebot3_cartographer
[0.964s] Level 1:colcon.colcon_core.environment:checking '/home/njoy/rover-simulation/turtlebot3_ws/install/turtlebot3_cartographer' for CMake module files
[0.965s] Level 1:colcon.colcon_core.environment:checking '/home/njoy/rover-simulation/turtlebot3_ws/install/turtlebot3_cartographer' for CMake config files
[0.966s] Level 1:colcon.colcon_core.shell:create_environment_hook('turtlebot3_cartographer', 'cmake_prefix_path')
[0.966s] INFO:colcon.colcon_core.shell:Creating environment hook '/home/njoy/rover-simulation/turtlebot3_ws/install/turtlebot3_cartographer/share/turtlebot3_cartographer/hook/cmake_prefix_path.ps1'
[0.967s] INFO:colcon.colcon_core.shell:Creating environment descriptor '/home/njoy/rover-simulation/turtlebot3_ws/install/turtlebot3_cartographer/share/turtlebot3_cartographer/hook/cmake_prefix_path.dsv'
[0.967s] INFO:colcon.colcon_core.shell:Creating environment hook '/home/njoy/rover-simulation/turtlebot3_ws/install/turtlebot3_cartographer/share/turtlebot3_cartographer/hook/cmake_prefix_path.sh'
[0.968s] Level 1:colcon.colcon_core.environment:checking '/home/njoy/rover-simulation/turtlebot3_ws/install/turtlebot3_cartographer/bin'
[0.968s] Level 1:colcon.colcon_core.environment:checking '/home/njoy/rover-simulation/turtlebot3_ws/install/turtlebot3_cartographer/lib/pkgconfig/turtlebot3_cartographer.pc'
[0.969s] Level 1:colcon.colcon_core.environment:checking '/home/njoy/rover-simulation/turtlebot3_ws/install/turtlebot3_cartographer/lib/python3.12/site-packages'
[0.969s] Level 1:colcon.colcon_core.environment:checking '/home/njoy/rover-simulation/turtlebot3_ws/install/turtlebot3_cartographer/bin'
[0.970s] INFO:colcon.colcon_core.shell:Creating package script '/home/njoy/rover-simulation/turtlebot3_ws/install/turtlebot3_cartographer/share/turtlebot3_cartographer/package.ps1'
[0.972s] INFO:colcon.colcon_core.shell:Creating package descriptor '/home/njoy/rover-simulation/turtlebot3_ws/install/turtlebot3_cartographer/share/turtlebot3_cartographer/package.dsv'
[0.973s] INFO:colcon.colcon_core.shell:Creating package script '/home/njoy/rover-simulation/turtlebot3_ws/install/turtlebot3_cartographer/share/turtlebot3_cartographer/package.sh'
[0.973s] INFO:colcon.colcon_core.shell:Creating package script '/home/njoy/rover-simulation/turtlebot3_ws/install/turtlebot3_cartographer/share/turtlebot3_cartographer/package.bash'
[0.974s] INFO:colcon.colcon_core.shell:Creating package script '/home/njoy/rover-simulation/turtlebot3_ws/install/turtlebot3_cartographer/share/turtlebot3_cartographer/package.zsh'
[0.975s] Level 1:colcon.colcon_core.environment:create_file_with_runtime_dependencies(/home/njoy/rover-simulation/turtlebot3_ws/install/turtlebot3_cartographer/share/colcon-core/packages/turtlebot3_cartographer)
[0.976s] Level 1:colcon.colcon_core.environment:create_environment_scripts_only(turtlebot3_cartographer)
[0.976s] Level 1:colcon.colcon_core.environment:checking '/home/njoy/rover-simulation/turtlebot3_ws/install/turtlebot3_cartographer' for CMake module files
[0.977s] Level 1:colcon.colcon_core.environment:checking '/home/njoy/rover-simulation/turtlebot3_ws/install/turtlebot3_cartographer' for CMake config files
[0.979s] Level 1:colcon.colcon_core.shell:create_environment_hook('turtlebot3_cartographer', 'cmake_prefix_path')
[0.979s] INFO:colcon.colcon_core.shell:Creating environment hook '/home/njoy/rover-simulation/turtlebot3_ws/install/turtlebot3_cartographer/share/turtlebot3_cartographer/hook/cmake_prefix_path.ps1'
[0.980s] INFO:colcon.colcon_core.shell:Creating environment descriptor '/home/njoy/rover-simulation/turtlebot3_ws/install/turtlebot3_cartographer/share/turtlebot3_cartographer/hook/cmake_prefix_path.dsv'
[0.980s] INFO:colcon.colcon_core.shell:Creating environment hook '/home/njoy/rover-simulation/turtlebot3_ws/install/turtlebot3_cartographer/share/turtlebot3_cartographer/hook/cmake_prefix_path.sh'
[0.981s] Level 1:colcon.colcon_core.environment:checking '/home/njoy/rover-simulation/turtlebot3_ws/install/turtlebot3_cartographer/bin'
[0.981s] Level 1:colcon.colcon_core.environment:checking '/home/njoy/rover-simulation/turtlebot3_ws/install/turtlebot3_cartographer/lib/pkgconfig/turtlebot3_cartographer.pc'
[0.981s] Level 1:colcon.colcon_core.environment:checking '/home/njoy/rover-simulation/turtlebot3_ws/install/turtlebot3_cartographer/lib/python3.12/site-packages'
[0.982s] Level 1:colcon.colcon_core.environment:checking '/home/njoy/rover-simulation/turtlebot3_ws/install/turtlebot3_cartographer/bin'
[0.982s] INFO:colcon.colcon_core.shell:Creating package script '/home/njoy/rover-simulation/turtlebot3_ws/install/turtlebot3_cartographer/share/turtlebot3_cartographer/package.ps1'
[0.983s] INFO:colcon.colcon_core.shell:Creating package descriptor '/home/njoy/rover-simulation/turtlebot3_ws/install/turtlebot3_cartographer/share/turtlebot3_cartographer/package.dsv'
[0.983s] INFO:colcon.colcon_core.shell:Creating package script '/home/njoy/rover-simulation/turtlebot3_ws/install/turtlebot3_cartographer/share/turtlebot3_cartographer/package.sh'
[0.984s] INFO:colcon.colcon_core.shell:Creating package script '/home/njoy/rover-simulation/turtlebot3_ws/install/turtlebot3_cartographer/share/turtlebot3_cartographer/package.bash'
[0.984s] INFO:colcon.colcon_core.shell:Creating package script '/home/njoy/rover-simulation/turtlebot3_ws/install/turtlebot3_cartographer/share/turtlebot3_cartographer/package.zsh'
[0.985s] Level 1:colcon.colcon_core.environment:create_file_with_runtime_dependencies(/home/njoy/rover-simulation/turtlebot3_ws/install/turtlebot3_cartographer/share/colcon-core/packages/turtlebot3_cartographer)
[0.986s] Level 1:colcon.colcon_core.environment:create_environment_scripts_only(turtlebot3_description)
[0.986s] Level 1:colcon.colcon_core.environment:checking '/home/njoy/rover-simulation/turtlebot3_ws/install/turtlebot3_description' for CMake module files
[0.987s] DEBUG:colcon.colcon_core.event_handler.log_command:Invoked command in '/home/njoy/rover-simulation/turtlebot3_ws/build/turtlebot3_description' returned '0': CMAKE_PREFIX_PATH=${CMAKE_PREFIX_PATH}:/home/njoy/rover-simulation/turtlebot3_ws/install/turtlebot3_teleop:/home/njoy/rover-simulation/turtlebot3_ws/install/turtlebot3_example:/opt/ros/jazzy DEBUGINFOD_URLS=ima:enforcing https://debuginfod.fedoraproject.org/ ima:ignore PS1=📦[\u@rover-dev-container \W]$ /usr/bin/cmake --install /home/njoy/rover-simulation/turtlebot3_ws/build/turtlebot3_description
[0.987s] Level 1:colcon.colcon_core.environment:checking '/home/njoy/rover-simulation/turtlebot3_ws/install/turtlebot3_description' for CMake config files
[0.988s] Level 1:colcon.colcon_core.shell:create_environment_hook('turtlebot3_description', 'cmake_prefix_path')
[0.988s] INFO:colcon.colcon_core.shell:Creating environment hook '/home/njoy/rover-simulation/turtlebot3_ws/install/turtlebot3_description/share/turtlebot3_description/hook/cmake_prefix_path.ps1'
[0.989s] INFO:colcon.colcon_core.shell:Creating environment descriptor '/home/njoy/rover-simulation/turtlebot3_ws/install/turtlebot3_description/share/turtlebot3_description/hook/cmake_prefix_path.dsv'
[0.989s] INFO:colcon.colcon_core.shell:Creating environment hook '/home/njoy/rover-simulation/turtlebot3_ws/install/turtlebot3_description/share/turtlebot3_description/hook/cmake_prefix_path.sh'
[0.991s] Level 1:colcon.colcon_core.environment:checking '/home/njoy/rover-simulation/turtlebot3_ws/install/turtlebot3_description/bin'
[0.991s] Level 1:colcon.colcon_core.environment:checking '/home/njoy/rover-simulation/turtlebot3_ws/install/turtlebot3_description/lib/pkgconfig/turtlebot3_description.pc'
[0.991s] Level 1:colcon.colcon_core.environment:checking '/home/njoy/rover-simulation/turtlebot3_ws/install/turtlebot3_description/lib/python3.12/site-packages'
[0.992s] Level 1:colcon.colcon_core.environment:checking '/home/njoy/rover-simulation/turtlebot3_ws/install/turtlebot3_description/bin'
[0.992s] INFO:colcon.colcon_core.shell:Creating package script '/home/njoy/rover-simulation/turtlebot3_ws/install/turtlebot3_description/share/turtlebot3_description/package.ps1'
[0.993s] INFO:colcon.colcon_core.shell:Creating package descriptor '/home/njoy/rover-simulation/turtlebot3_ws/install/turtlebot3_description/share/turtlebot3_description/package.dsv'
[0.993s] INFO:colcon.colcon_core.shell:Creating package script '/home/njoy/rover-simulation/turtlebot3_ws/install/turtlebot3_description/share/turtlebot3_description/package.sh'
[0.994s] INFO:colcon.colcon_core.shell:Creating package script '/home/njoy/rover-simulation/turtlebot3_ws/install/turtlebot3_description/share/turtlebot3_description/package.bash'
[0.994s] INFO:colcon.colcon_core.shell:Creating package script '/home/njoy/rover-simulation/turtlebot3_ws/install/turtlebot3_description/share/turtlebot3_description/package.zsh'
[0.994s] Level 1:colcon.colcon_core.environment:create_file_with_runtime_dependencies(/home/njoy/rover-simulation/turtlebot3_ws/install/turtlebot3_description/share/colcon-core/packages/turtlebot3_description)
[0.995s] Level 1:colcon.colcon_core.environment:create_environment_scripts_only(turtlebot3_description)
[0.995s] Level 1:colcon.colcon_core.environment:checking '/home/njoy/rover-simulation/turtlebot3_ws/install/turtlebot3_description' for CMake module files
[0.996s] Level 1:colcon.colcon_core.environment:checking '/home/njoy/rover-simulation/turtlebot3_ws/install/turtlebot3_description' for CMake config files
[0.996s] Level 1:colcon.colcon_core.shell:create_environment_hook('turtlebot3_description', 'cmake_prefix_path')
[0.997s] INFO:colcon.colcon_core.shell:Creating environment hook '/home/njoy/rover-simulation/turtlebot3_ws/install/turtlebot3_description/share/turtlebot3_description/hook/cmake_prefix_path.ps1'
[0.997s] INFO:colcon.colcon_core.shell:Creating environment descriptor '/home/njoy/rover-simulation/turtlebot3_ws/install/turtlebot3_description/share/turtlebot3_description/hook/cmake_prefix_path.dsv'
[0.997s] INFO:colcon.colcon_core.shell:Creating environment hook '/home/njoy/rover-simulation/turtlebot3_ws/install/turtlebot3_description/share/turtlebot3_description/hook/cmake_prefix_path.sh'
[0.998s] Level 1:colcon.colcon_core.environment:checking '/home/njoy/rover-simulation/turtlebot3_ws/install/turtlebot3_description/bin'
[0.998s] Level 1:colcon.colcon_core.environment:checking '/home/njoy/rover-simulation/turtlebot3_ws/install/turtlebot3_description/lib/pkgconfig/turtlebot3_description.pc'
[0.998s] Level 1:colcon.colcon_core.environment:checking '/home/njoy/rover-simulation/turtlebot3_ws/install/turtlebot3_description/lib/python3.12/site-packages'
[0.999s] Level 1:colcon.colcon_core.environment:checking '/home/njoy/rover-simulation/turtlebot3_ws/install/turtlebot3_description/bin'
[0.999s] INFO:colcon.colcon_core.shell:Creating package script '/home/njoy/rover-simulation/turtlebot3_ws/install/turtlebot3_description/share/turtlebot3_description/package.ps1'
[1.000s] INFO:colcon.colcon_core.shell:Creating package descriptor '/home/njoy/rover-simulation/turtlebot3_ws/install/turtlebot3_description/share/turtlebot3_description/package.dsv'
[1.000s] INFO:colcon.colcon_core.shell:Creating package script '/home/njoy/rover-simulation/turtlebot3_ws/install/turtlebot3_description/share/turtlebot3_description/package.sh'
[1.001s] INFO:colcon.colcon_core.shell:Creating package script '/home/njoy/rover-simulation/turtlebot3_ws/install/turtlebot3_description/share/turtlebot3_description/package.bash'
[1.001s] INFO:colcon.colcon_core.shell:Creating package script '/home/njoy/rover-simulation/turtlebot3_ws/install/turtlebot3_description/share/turtlebot3_description/package.zsh'
[1.002s] Level 1:colcon.colcon_core.environment:create_file_with_runtime_dependencies(/home/njoy/rover-simulation/turtlebot3_ws/install/turtlebot3_description/share/colcon-core/packages/turtlebot3_description)
[1.003s] Level 1:colcon.colcon_core.environment:create_environment_scripts_only(turtlebot3_navigation2)
[1.003s] Level 1:colcon.colcon_core.environment:checking '/home/njoy/rover-simulation/turtlebot3_ws/install/turtlebot3_navigation2' for CMake module files
[1.004s] DEBUG:colcon.colcon_core.event_handler.log_command:Invoked command in '/home/njoy/rover-simulation/turtlebot3_ws/build/turtlebot3_navigation2' returned '0': CMAKE_PREFIX_PATH=${CMAKE_PREFIX_PATH}:/home/njoy/rover-simulation/turtlebot3_ws/install/turtlebot3_teleop:/home/njoy/rover-simulation/turtlebot3_ws/install/turtlebot3_example:/opt/ros/jazzy DEBUGINFOD_URLS=ima:enforcing https://debuginfod.fedoraproject.org/ ima:ignore PS1=📦[\u@rover-dev-container \W]$ /usr/bin/cmake --install /home/njoy/rover-simulation/turtlebot3_ws/build/turtlebot3_navigation2
[1.005s] Level 1:colcon.colcon_core.environment:checking '/home/njoy/rover-simulation/turtlebot3_ws/install/turtlebot3_navigation2' for CMake config files
[1.005s] Level 1:colcon.colcon_core.shell:create_environment_hook('turtlebot3_navigation2', 'cmake_prefix_path')
[1.006s] INFO:colcon.colcon_core.shell:Creating environment hook '/home/njoy/rover-simulation/turtlebot3_ws/install/turtlebot3_navigation2/share/turtlebot3_navigation2/hook/cmake_prefix_path.ps1'
[1.006s] INFO:colcon.colcon_core.shell:Creating environment descriptor '/home/njoy/rover-simulation/turtlebot3_ws/install/turtlebot3_navigation2/share/turtlebot3_navigation2/hook/cmake_prefix_path.dsv'
[1.006s] INFO:colcon.colcon_core.shell:Creating environment hook '/home/njoy/rover-simulation/turtlebot3_ws/install/turtlebot3_navigation2/share/turtlebot3_navigation2/hook/cmake_prefix_path.sh'
[1.007s] Level 1:colcon.colcon_core.environment:checking '/home/njoy/rover-simulation/turtlebot3_ws/install/turtlebot3_navigation2/bin'
[1.007s] Level 1:colcon.colcon_core.environment:checking '/home/njoy/rover-simulation/turtlebot3_ws/install/turtlebot3_navigation2/lib/pkgconfig/turtlebot3_navigation2.pc'
[1.007s] Level 1:colcon.colcon_core.environment:checking '/home/njoy/rover-simulation/turtlebot3_ws/install/turtlebot3_navigation2/lib/python3.12/site-packages'
[1.008s] Level 1:colcon.colcon_core.environment:checking '/home/njoy/rover-simulation/turtlebot3_ws/install/turtlebot3_navigation2/bin'
[1.008s] INFO:colcon.colcon_core.shell:Creating package script '/home/njoy/rover-simulation/turtlebot3_ws/install/turtlebot3_navigation2/share/turtlebot3_navigation2/package.ps1'
[1.009s] INFO:colcon.colcon_core.shell:Creating package descriptor '/home/njoy/rover-simulation/turtlebot3_ws/install/turtlebot3_navigation2/share/turtlebot3_navigation2/package.dsv'
[1.009s] INFO:colcon.colcon_core.shell:Creating package script '/home/njoy/rover-simulation/turtlebot3_ws/install/turtlebot3_navigation2/share/turtlebot3_navigation2/package.sh'
[1.010s] INFO:colcon.colcon_core.shell:Creating package script '/home/njoy/rover-simulation/turtlebot3_ws/install/turtlebot3_navigation2/share/turtlebot3_navigation2/package.bash'
[1.010s] INFO:colcon.colcon_core.shell:Creating package script '/home/njoy/rover-simulation/turtlebot3_ws/install/turtlebot3_navigation2/share/turtlebot3_navigation2/package.zsh'
[1.011s] Level 1:colcon.colcon_core.environment:create_file_with_runtime_dependencies(/home/njoy/rover-simulation/turtlebot3_ws/install/turtlebot3_navigation2/share/colcon-core/packages/turtlebot3_navigation2)
[1.011s] Level 1:colcon.colcon_core.environment:create_environment_scripts_only(turtlebot3_navigation2)
[1.011s] Level 1:colcon.colcon_core.environment:checking '/home/njoy/rover-simulation/turtlebot3_ws/install/turtlebot3_navigation2' for CMake module files
[1.012s] Level 1:colcon.colcon_core.environment:checking '/home/njoy/rover-simulation/turtlebot3_ws/install/turtlebot3_navigation2' for CMake config files
[1.013s] Level 1:colcon.colcon_core.shell:create_environment_hook('turtlebot3_navigation2', 'cmake_prefix_path')
[1.013s] INFO:colcon.colcon_core.shell:Creating environment hook '/home/njoy/rover-simulation/turtlebot3_ws/install/turtlebot3_navigation2/share/turtlebot3_navigation2/hook/cmake_prefix_path.ps1'
[1.013s] INFO:colcon.colcon_core.shell:Creating environment descriptor '/home/njoy/rover-simulation/turtlebot3_ws/install/turtlebot3_navigation2/share/turtlebot3_navigation2/hook/cmake_prefix_path.dsv'
[1.014s] INFO:colcon.colcon_core.shell:Creating environment hook '/home/njoy/rover-simulation/turtlebot3_ws/install/turtlebot3_navigation2/share/turtlebot3_navigation2/hook/cmake_prefix_path.sh'
[1.014s] Level 1:colcon.colcon_core.environment:checking '/home/njoy/rover-simulation/turtlebot3_ws/install/turtlebot3_navigation2/bin'
[1.015s] Level 1:colcon.colcon_core.environment:checking '/home/njoy/rover-simulation/turtlebot3_ws/install/turtlebot3_navigation2/lib/pkgconfig/turtlebot3_navigation2.pc'
[1.015s] Level 1:colcon.colcon_core.environment:checking '/home/njoy/rover-simulation/turtlebot3_ws/install/turtlebot3_navigation2/lib/python3.12/site-packages'
[1.015s] Level 1:colcon.colcon_core.environment:checking '/home/njoy/rover-simulation/turtlebot3_ws/install/turtlebot3_navigation2/bin'
[1.015s] INFO:colcon.colcon_core.shell:Creating package script '/home/njoy/rover-simulation/turtlebot3_ws/install/turtlebot3_navigation2/share/turtlebot3_navigation2/package.ps1'
[1.016s] INFO:colcon.colcon_core.shell:Creating package descriptor '/home/njoy/rover-simulation/turtlebot3_ws/install/turtlebot3_navigation2/share/turtlebot3_navigation2/package.dsv'
[1.016s] INFO:colcon.colcon_core.shell:Creating package script '/home/njoy/rover-simulation/turtlebot3_ws/install/turtlebot3_navigation2/share/turtlebot3_navigation2/package.sh'
[1.017s] INFO:colcon.colcon_core.shell:Creating package script '/home/njoy/rover-simulation/turtlebot3_ws/install/turtlebot3_navigation2/share/turtlebot3_navigation2/package.bash'
[1.017s] INFO:colcon.colcon_core.shell:Creating package script '/home/njoy/rover-simulation/turtlebot3_ws/install/turtlebot3_navigation2/share/turtlebot3_navigation2/package.zsh'
[1.017s] Level 1:colcon.colcon_core.environment:create_file_with_runtime_dependencies(/home/njoy/rover-simulation/turtlebot3_ws/install/turtlebot3_navigation2/share/colcon-core/packages/turtlebot3_navigation2)
[1.099s] DEBUG:colcon.colcon_core.event_handler.log_command:Invoked command in '/home/njoy/rover-simulation/turtlebot3_ws/build/dynamixel_sdk_custom_interfaces' returned '0': CMAKE_PREFIX_PATH=${CMAKE_PREFIX_PATH}:/home/njoy/rover-simulation/turtlebot3_ws/install/turtlebot3_teleop:/home/njoy/rover-simulation/turtlebot3_ws/install/turtlebot3_example:/opt/ros/jazzy DEBUGINFOD_URLS=ima:enforcing https://debuginfod.fedoraproject.org/ ima:ignore PS1=📦[\u@rover-dev-container \W]$ /usr/bin/cmake --build /home/njoy/rover-simulation/turtlebot3_ws/build/dynamixel_sdk_custom_interfaces -- -j16 -l16
[1.101s] DEBUG:colcon.colcon_core.event_handler.log_command:Invoking command in '/home/njoy/rover-simulation/turtlebot3_ws/build/dynamixel_sdk_custom_interfaces': CMAKE_PREFIX_PATH=${CMAKE_PREFIX_PATH}:/home/njoy/rover-simulation/turtlebot3_ws/install/turtlebot3_teleop:/home/njoy/rover-simulation/turtlebot3_ws/install/turtlebot3_example:/opt/ros/jazzy DEBUGINFOD_URLS=ima:enforcing https://debuginfod.fedoraproject.org/ ima:ignore PS1=📦[\u@rover-dev-container \W]$ /usr/bin/cmake --install /home/njoy/rover-simulation/turtlebot3_ws/build/dynamixel_sdk_custom_interfaces
[1.102s] DEBUG:colcon.colcon_core.event_handler.log_command:Invoked command in '/home/njoy/rover-simulation/turtlebot3_ws/build/turtlebot3_msgs' returned '0': CMAKE_PREFIX_PATH=${CMAKE_PREFIX_PATH}:/home/njoy/rover-simulation/turtlebot3_ws/install/turtlebot3_teleop:/home/njoy/rover-simulation/turtlebot3_ws/install/turtlebot3_example:/opt/ros/jazzy DEBUGINFOD_URLS=ima:enforcing https://debuginfod.fedoraproject.org/ ima:ignore PS1=📦[\u@rover-dev-container \W]$ /usr/bin/cmake --build /home/njoy/rover-simulation/turtlebot3_ws/build/turtlebot3_msgs -- -j16 -l16
[1.103s] DEBUG:colcon.colcon_core.event_handler.log_command:Invoking command in '/home/njoy/rover-simulation/turtlebot3_ws/build/turtlebot3_msgs': CMAKE_PREFIX_PATH=${CMAKE_PREFIX_PATH}:/home/njoy/rover-simulation/turtlebot3_ws/install/turtlebot3_teleop:/home/njoy/rover-simulation/turtlebot3_ws/install/turtlebot3_example:/opt/ros/jazzy DEBUGINFOD_URLS=ima:enforcing https://debuginfod.fedoraproject.org/ ima:ignore PS1=📦[\u@rover-dev-container \W]$ /usr/bin/cmake --install /home/njoy/rover-simulation/turtlebot3_ws/build/turtlebot3_msgs
[1.116s] DEBUG:colcon.colcon_core.event_handler.log_command:Invoked command in '/home/njoy/rover-simulation/turtlebot3_ws/build/dynamixel_sdk' returned '0': CMAKE_PREFIX_PATH=${CMAKE_PREFIX_PATH}:/home/njoy/rover-simulation/turtlebot3_ws/install/turtlebot3_teleop:/home/njoy/rover-simulation/turtlebot3_ws/install/turtlebot3_example:/opt/ros/jazzy DEBUGINFOD_URLS=ima:enforcing https://debuginfod.fedoraproject.org/ ima:ignore PS1=📦[\u@rover-dev-container \W]$ /usr/bin/cmake --build /home/njoy/rover-simulation/turtlebot3_ws/build/dynamixel_sdk -- -j16 -l16
[1.118s] DEBUG:colcon.colcon_core.event_handler.log_command:Invoking command in '/home/njoy/rover-simulation/turtlebot3_ws/build/dynamixel_sdk': CMAKE_PREFIX_PATH=${CMAKE_PREFIX_PATH}:/home/njoy/rover-simulation/turtlebot3_ws/install/turtlebot3_teleop:/home/njoy/rover-simulation/turtlebot3_ws/install/turtlebot3_example:/opt/ros/jazzy DEBUGINFOD_URLS=ima:enforcing https://debuginfod.fedoraproject.org/ ima:ignore PS1=📦[\u@rover-dev-container \W]$ /usr/bin/cmake --install /home/njoy/rover-simulation/turtlebot3_ws/build/dynamixel_sdk
[1.210s] Level 1:colcon.colcon_core.environment:create_environment_scripts_only(dynamixel_sdk_custom_interfaces)
[1.210s] Level 1:colcon.colcon_core.environment:checking '/home/njoy/rover-simulation/turtlebot3_ws/install/dynamixel_sdk_custom_interfaces' for CMake module files
[1.211s] DEBUG:colcon.colcon_core.event_handler.log_command:Invoked command in '/home/njoy/rover-simulation/turtlebot3_ws/build/dynamixel_sdk_custom_interfaces' returned '0': CMAKE_PREFIX_PATH=${CMAKE_PREFIX_PATH}:/home/njoy/rover-simulation/turtlebot3_ws/install/turtlebot3_teleop:/home/njoy/rover-simulation/turtlebot3_ws/install/turtlebot3_example:/opt/ros/jazzy DEBUGINFOD_URLS=ima:enforcing https://debuginfod.fedoraproject.org/ ima:ignore PS1=📦[\u@rover-dev-container \W]$ /usr/bin/cmake --install /home/njoy/rover-simulation/turtlebot3_ws/build/dynamixel_sdk_custom_interfaces
[1.212s] Level 1:colcon.colcon_core.environment:checking '/home/njoy/rover-simulation/turtlebot3_ws/install/dynamixel_sdk_custom_interfaces' for CMake config files
[1.212s] Level 1:colcon.colcon_core.shell:create_environment_hook('dynamixel_sdk_custom_interfaces', 'cmake_prefix_path')
[1.212s] INFO:colcon.colcon_core.shell:Creating environment hook '/home/njoy/rover-simulation/turtlebot3_ws/install/dynamixel_sdk_custom_interfaces/share/dynamixel_sdk_custom_interfaces/hook/cmake_prefix_path.ps1'
[1.213s] INFO:colcon.colcon_core.shell:Creating environment descriptor '/home/njoy/rover-simulation/turtlebot3_ws/install/dynamixel_sdk_custom_interfaces/share/dynamixel_sdk_custom_interfaces/hook/cmake_prefix_path.dsv'
[1.213s] INFO:colcon.colcon_core.shell:Creating environment hook '/home/njoy/rover-simulation/turtlebot3_ws/install/dynamixel_sdk_custom_interfaces/share/dynamixel_sdk_custom_interfaces/hook/cmake_prefix_path.sh'
[1.214s] Level 1:colcon.colcon_core.environment:checking '/home/njoy/rover-simulation/turtlebot3_ws/install/dynamixel_sdk_custom_interfaces/lib'
[1.214s] Level 1:colcon.colcon_core.shell:create_environment_hook('dynamixel_sdk_custom_interfaces', 'ld_library_path_lib')
[1.214s] INFO:colcon.colcon_core.shell:Creating environment hook '/home/njoy/rover-simulation/turtlebot3_ws/install/dynamixel_sdk_custom_interfaces/share/dynamixel_sdk_custom_interfaces/hook/ld_library_path_lib.ps1'
[1.214s] INFO:colcon.colcon_core.shell:Creating environment descriptor '/home/njoy/rover-simulation/turtlebot3_ws/install/dynamixel_sdk_custom_interfaces/share/dynamixel_sdk_custom_interfaces/hook/ld_library_path_lib.dsv'
[1.214s] INFO:colcon.colcon_core.shell:Creating environment hook '/home/njoy/rover-simulation/turtlebot3_ws/install/dynamixel_sdk_custom_interfaces/share/dynamixel_sdk_custom_interfaces/hook/ld_library_path_lib.sh'
[1.215s] Level 1:colcon.colcon_core.environment:checking '/home/njoy/rover-simulation/turtlebot3_ws/install/dynamixel_sdk_custom_interfaces/bin'
[1.215s] Level 1:colcon.colcon_core.environment:checking '/home/njoy/rover-simulation/turtlebot3_ws/install/dynamixel_sdk_custom_interfaces/lib/pkgconfig/dynamixel_sdk_custom_interfaces.pc'
[1.215s] Level 1:colcon.colcon_core.environment:checking '/home/njoy/rover-simulation/turtlebot3_ws/install/dynamixel_sdk_custom_interfaces/lib/python3.12/site-packages'
[1.215s] Level 1:colcon.colcon_core.shell:create_environment_hook('dynamixel_sdk_custom_interfaces', 'pythonpath')
[1.215s] INFO:colcon.colcon_core.shell:Creating environment hook '/home/njoy/rover-simulation/turtlebot3_ws/install/dynamixel_sdk_custom_interfaces/share/dynamixel_sdk_custom_interfaces/hook/pythonpath.ps1'
[1.216s] INFO:colcon.colcon_core.shell:Creating environment descriptor '/home/njoy/rover-simulation/turtlebot3_ws/install/dynamixel_sdk_custom_interfaces/share/dynamixel_sdk_custom_interfaces/hook/pythonpath.dsv'
[1.216s] INFO:colcon.colcon_core.shell:Creating environment hook '/home/njoy/rover-simulation/turtlebot3_ws/install/dynamixel_sdk_custom_interfaces/share/dynamixel_sdk_custom_interfaces/hook/pythonpath.sh'
[1.216s] Level 1:colcon.colcon_core.environment:checking '/home/njoy/rover-simulation/turtlebot3_ws/install/dynamixel_sdk_custom_interfaces/bin'
[1.217s] INFO:colcon.colcon_core.shell:Creating package script '/home/njoy/rover-simulation/turtlebot3_ws/install/dynamixel_sdk_custom_interfaces/share/dynamixel_sdk_custom_interfaces/package.ps1'
[1.217s] INFO:colcon.colcon_core.shell:Creating package descriptor '/home/njoy/rover-simulation/turtlebot3_ws/install/dynamixel_sdk_custom_interfaces/share/dynamixel_sdk_custom_interfaces/package.dsv'
[1.218s] INFO:colcon.colcon_core.shell:Creating package script '/home/njoy/rover-simulation/turtlebot3_ws/install/dynamixel_sdk_custom_interfaces/share/dynamixel_sdk_custom_interfaces/package.sh'
[1.218s] INFO:colcon.colcon_core.shell:Creating package script '/home/njoy/rover-simulation/turtlebot3_ws/install/dynamixel_sdk_custom_interfaces/share/dynamixel_sdk_custom_interfaces/package.bash'
[1.218s] INFO:colcon.colcon_core.shell:Creating package script '/home/njoy/rover-simulation/turtlebot3_ws/install/dynamixel_sdk_custom_interfaces/share/dynamixel_sdk_custom_interfaces/package.zsh'
[1.218s] Level 1:colcon.colcon_core.environment:create_file_with_runtime_dependencies(/home/njoy/rover-simulation/turtlebot3_ws/install/dynamixel_sdk_custom_interfaces/share/colcon-core/packages/dynamixel_sdk_custom_interfaces)
[1.219s] Level 1:colcon.colcon_core.environment:create_environment_scripts_only(dynamixel_sdk_custom_interfaces)
[1.219s] Level 1:colcon.colcon_core.environment:checking '/home/njoy/rover-simulation/turtlebot3_ws/install/dynamixel_sdk_custom_interfaces' for CMake module files
[1.220s] Level 1:colcon.colcon_core.environment:checking '/home/njoy/rover-simulation/turtlebot3_ws/install/dynamixel_sdk_custom_interfaces' for CMake config files
[1.221s] Level 1:colcon.colcon_core.shell:create_environment_hook('dynamixel_sdk_custom_interfaces', 'cmake_prefix_path')
[1.221s] INFO:colcon.colcon_core.shell:Creating environment hook '/home/njoy/rover-simulation/turtlebot3_ws/install/dynamixel_sdk_custom_interfaces/share/dynamixel_sdk_custom_interfaces/hook/cmake_prefix_path.ps1'
[1.222s] INFO:colcon.colcon_core.shell:Creating environment descriptor '/home/njoy/rover-simulation/turtlebot3_ws/install/dynamixel_sdk_custom_interfaces/share/dynamixel_sdk_custom_interfaces/hook/cmake_prefix_path.dsv'
[1.222s] INFO:colcon.colcon_core.shell:Creating environment hook '/home/njoy/rover-simulation/turtlebot3_ws/install/dynamixel_sdk_custom_interfaces/share/dynamixel_sdk_custom_interfaces/hook/cmake_prefix_path.sh'
[1.223s] Level 1:colcon.colcon_core.environment:checking '/home/njoy/rover-simulation/turtlebot3_ws/install/dynamixel_sdk_custom_interfaces/lib'
[1.223s] Level 1:colcon.colcon_core.shell:create_environment_hook('dynamixel_sdk_custom_interfaces', 'ld_library_path_lib')
[1.223s] INFO:colcon.colcon_core.shell:Creating environment hook '/home/njoy/rover-simulation/turtlebot3_ws/install/dynamixel_sdk_custom_interfaces/share/dynamixel_sdk_custom_interfaces/hook/ld_library_path_lib.ps1'
[1.224s] INFO:colcon.colcon_core.shell:Creating environment descriptor '/home/njoy/rover-simulation/turtlebot3_ws/install/dynamixel_sdk_custom_interfaces/share/dynamixel_sdk_custom_interfaces/hook/ld_library_path_lib.dsv'
[1.224s] INFO:colcon.colcon_core.shell:Creating environment hook '/home/njoy/rover-simulation/turtlebot3_ws/install/dynamixel_sdk_custom_interfaces/share/dynamixel_sdk_custom_interfaces/hook/ld_library_path_lib.sh'
[1.225s] Level 1:colcon.colcon_core.environment:checking '/home/njoy/rover-simulation/turtlebot3_ws/install/dynamixel_sdk_custom_interfaces/bin'
[1.225s] Level 1:colcon.colcon_core.environment:checking '/home/njoy/rover-simulation/turtlebot3_ws/install/dynamixel_sdk_custom_interfaces/lib/pkgconfig/dynamixel_sdk_custom_interfaces.pc'
[1.225s] Level 1:colcon.colcon_core.environment:checking '/home/njoy/rover-simulation/turtlebot3_ws/install/dynamixel_sdk_custom_interfaces/lib/python3.12/site-packages'
[1.225s] Level 1:colcon.colcon_core.shell:create_environment_hook('dynamixel_sdk_custom_interfaces', 'pythonpath')
[1.226s] INFO:colcon.colcon_core.shell:Creating environment hook '/home/njoy/rover-simulation/turtlebot3_ws/install/dynamixel_sdk_custom_interfaces/share/dynamixel_sdk_custom_interfaces/hook/pythonpath.ps1'
[1.226s] INFO:colcon.colcon_core.shell:Creating environment descriptor '/home/njoy/rover-simulation/turtlebot3_ws/install/dynamixel_sdk_custom_interfaces/share/dynamixel_sdk_custom_interfaces/hook/pythonpath.dsv'
[1.226s] INFO:colcon.colcon_core.shell:Creating environment hook '/home/njoy/rover-simulation/turtlebot3_ws/install/dynamixel_sdk_custom_interfaces/share/dynamixel_sdk_custom_interfaces/hook/pythonpath.sh'
[1.227s] Level 1:colcon.colcon_core.environment:checking '/home/njoy/rover-simulation/turtlebot3_ws/install/dynamixel_sdk_custom_interfaces/bin'
[1.227s] INFO:colcon.colcon_core.shell:Creating package script '/home/njoy/rover-simulation/turtlebot3_ws/install/dynamixel_sdk_custom_interfaces/share/dynamixel_sdk_custom_interfaces/package.ps1'
[1.227s] INFO:colcon.colcon_core.shell:Creating package descriptor '/home/njoy/rover-simulation/turtlebot3_ws/install/dynamixel_sdk_custom_interfaces/share/dynamixel_sdk_custom_interfaces/package.dsv'
[1.228s] INFO:colcon.colcon_core.shell:Creating package script '/home/njoy/rover-simulation/turtlebot3_ws/install/dynamixel_sdk_custom_interfaces/share/dynamixel_sdk_custom_interfaces/package.sh'
[1.228s] INFO:colcon.colcon_core.shell:Creating package script '/home/njoy/rover-simulation/turtlebot3_ws/install/dynamixel_sdk_custom_interfaces/share/dynamixel_sdk_custom_interfaces/package.bash'
[1.228s] INFO:colcon.colcon_core.shell:Creating package script '/home/njoy/rover-simulation/turtlebot3_ws/install/dynamixel_sdk_custom_interfaces/share/dynamixel_sdk_custom_interfaces/package.zsh'
[1.229s] Level 1:colcon.colcon_core.environment:create_file_with_runtime_dependencies(/home/njoy/rover-simulation/turtlebot3_ws/install/dynamixel_sdk_custom_interfaces/share/colcon-core/packages/dynamixel_sdk_custom_interfaces)
[1.230s] Level 1:colcon.colcon_core.environment:create_environment_scripts_only(turtlebot3_msgs)
[1.230s] Level 1:colcon.colcon_core.environment:checking '/home/njoy/rover-simulation/turtlebot3_ws/install/turtlebot3_msgs' for CMake module files
[1.231s] DEBUG:colcon.colcon_core.event_handler.log_command:Invoked command in '/home/njoy/rover-simulation/turtlebot3_ws/build/turtlebot3_msgs' returned '0': CMAKE_PREFIX_PATH=${CMAKE_PREFIX_PATH}:/home/njoy/rover-simulation/turtlebot3_ws/install/turtlebot3_teleop:/home/njoy/rover-simulation/turtlebot3_ws/install/turtlebot3_example:/opt/ros/jazzy DEBUGINFOD_URLS=ima:enforcing https://debuginfod.fedoraproject.org/ ima:ignore PS1=📦[\u@rover-dev-container \W]$ /usr/bin/cmake --install /home/njoy/rover-simulation/turtlebot3_ws/build/turtlebot3_msgs
[1.231s] Level 1:colcon.colcon_core.environment:checking '/home/njoy/rover-simulation/turtlebot3_ws/install/turtlebot3_msgs' for CMake config files
[1.232s] Level 1:colcon.colcon_core.shell:create_environment_hook('turtlebot3_msgs', 'cmake_prefix_path')
[1.232s] INFO:colcon.colcon_core.shell:Creating environment hook '/home/njoy/rover-simulation/turtlebot3_ws/install/turtlebot3_msgs/share/turtlebot3_msgs/hook/cmake_prefix_path.ps1'
[1.232s] INFO:colcon.colcon_core.shell:Creating environment descriptor '/home/njoy/rover-simulation/turtlebot3_ws/install/turtlebot3_msgs/share/turtlebot3_msgs/hook/cmake_prefix_path.dsv'
[1.233s] INFO:colcon.colcon_core.shell:Creating environment hook '/home/njoy/rover-simulation/turtlebot3_ws/install/turtlebot3_msgs/share/turtlebot3_msgs/hook/cmake_prefix_path.sh'
[1.233s] Level 1:colcon.colcon_core.environment:checking '/home/njoy/rover-simulation/turtlebot3_ws/install/turtlebot3_msgs/lib'
[1.233s] Level 1:colcon.colcon_core.shell:create_environment_hook('turtlebot3_msgs', 'ld_library_path_lib')
[1.233s] INFO:colcon.colcon_core.shell:Creating environment hook '/home/njoy/rover-simulation/turtlebot3_ws/install/turtlebot3_msgs/share/turtlebot3_msgs/hook/ld_library_path_lib.ps1'
[1.234s] INFO:colcon.colcon_core.shell:Creating environment descriptor '/home/njoy/rover-simulation/turtlebot3_ws/install/turtlebot3_msgs/share/turtlebot3_msgs/hook/ld_library_path_lib.dsv'
[1.234s] INFO:colcon.colcon_core.shell:Creating environment hook '/home/njoy/rover-simulation/turtlebot3_ws/install/turtlebot3_msgs/share/turtlebot3_msgs/hook/ld_library_path_lib.sh'
[1.234s] Level 1:colcon.colcon_core.environment:checking '/home/njoy/rover-simulation/turtlebot3_ws/install/turtlebot3_msgs/bin'
[1.234s] Level 1:colcon.colcon_core.environment:checking '/home/njoy/rover-simulation/turtlebot3_ws/install/turtlebot3_msgs/lib/pkgconfig/turtlebot3_msgs.pc'
[1.234s] Level 1:colcon.colcon_core.environment:checking '/home/njoy/rover-simulation/turtlebot3_ws/install/turtlebot3_msgs/lib/python3.12/site-packages'
[1.234s] Level 1:colcon.colcon_core.shell:create_environment_hook('turtlebot3_msgs', 'pythonpath')
[1.235s] INFO:colcon.colcon_core.shell:Creating environment hook '/home/njoy/rover-simulation/turtlebot3_ws/install/turtlebot3_msgs/share/turtlebot3_msgs/hook/pythonpath.ps1'
[1.235s] INFO:colcon.colcon_core.shell:Creating environment descriptor '/home/njoy/rover-simulation/turtlebot3_ws/install/turtlebot3_msgs/share/turtlebot3_msgs/hook/pythonpath.dsv'
[1.235s] INFO:colcon.colcon_core.shell:Creating environment hook '/home/njoy/rover-simulation/turtlebot3_ws/install/turtlebot3_msgs/share/turtlebot3_msgs/hook/pythonpath.sh'
[1.236s] Level 1:colcon.colcon_core.environment:checking '/home/njoy/rover-simulation/turtlebot3_ws/install/turtlebot3_msgs/bin'
[1.236s] INFO:colcon.colcon_core.shell:Creating package script '/home/njoy/rover-simulation/turtlebot3_ws/install/turtlebot3_msgs/share/turtlebot3_msgs/package.ps1'
[1.236s] INFO:colcon.colcon_core.shell:Creating package descriptor '/home/njoy/rover-simulation/turtlebot3_ws/install/turtlebot3_msgs/share/turtlebot3_msgs/package.dsv'
[1.237s] INFO:colcon.colcon_core.shell:Creating package script '/home/njoy/rover-simulation/turtlebot3_ws/install/turtlebot3_msgs/share/turtlebot3_msgs/package.sh'
[1.237s] INFO:colcon.colcon_core.shell:Creating package script '/home/njoy/rover-simulation/turtlebot3_ws/install/turtlebot3_msgs/share/turtlebot3_msgs/package.bash'
[1.237s] INFO:colcon.colcon_core.shell:Creating package script '/home/njoy/rover-simulation/turtlebot3_ws/install/turtlebot3_msgs/share/turtlebot3_msgs/package.zsh'
[1.237s] Level 1:colcon.colcon_core.environment:create_file_with_runtime_dependencies(/home/njoy/rover-simulation/turtlebot3_ws/install/turtlebot3_msgs/share/colcon-core/packages/turtlebot3_msgs)
[1.238s] Level 1:colcon.colcon_core.environment:create_environment_scripts_only(turtlebot3_msgs)
[1.238s] Level 1:colcon.colcon_core.environment:checking '/home/njoy/rover-simulation/turtlebot3_ws/install/turtlebot3_msgs' for CMake module files
[1.239s] Level 1:colcon.colcon_core.environment:checking '/home/njoy/rover-simulation/turtlebot3_ws/install/turtlebot3_msgs' for CMake config files
[1.239s] Level 1:colcon.colcon_core.shell:create_environment_hook('turtlebot3_msgs', 'cmake_prefix_path')
[1.239s] INFO:colcon.colcon_core.shell:Creating environment hook '/home/njoy/rover-simulation/turtlebot3_ws/install/turtlebot3_msgs/share/turtlebot3_msgs/hook/cmake_prefix_path.ps1'
[1.240s] INFO:colcon.colcon_core.shell:Creating environment descriptor '/home/njoy/rover-simulation/turtlebot3_ws/install/turtlebot3_msgs/share/turtlebot3_msgs/hook/cmake_prefix_path.dsv'
[1.240s] INFO:colcon.colcon_core.shell:Creating environment hook '/home/njoy/rover-simulation/turtlebot3_ws/install/turtlebot3_msgs/share/turtlebot3_msgs/hook/cmake_prefix_path.sh'
[1.240s] Level 1:colcon.colcon_core.environment:checking '/home/njoy/rover-simulation/turtlebot3_ws/install/turtlebot3_msgs/lib'
[1.240s] Level 1:colcon.colcon_core.shell:create_environment_hook('turtlebot3_msgs', 'ld_library_path_lib')
[1.241s] INFO:colcon.colcon_core.shell:Creating environment hook '/home/njoy/rover-simulation/turtlebot3_ws/install/turtlebot3_msgs/share/turtlebot3_msgs/hook/ld_library_path_lib.ps1'
[1.241s] INFO:colcon.colcon_core.shell:Creating environment descriptor '/home/njoy/rover-simulation/turtlebot3_ws/install/turtlebot3_msgs/share/turtlebot3_msgs/hook/ld_library_path_lib.dsv'
[1.241s] INFO:colcon.colcon_core.shell:Creating environment hook '/home/njoy/rover-simulation/turtlebot3_ws/install/turtlebot3_msgs/share/turtlebot3_msgs/hook/ld_library_path_lib.sh'
[1.241s] Level 1:colcon.colcon_core.environment:checking '/home/njoy/rover-simulation/turtlebot3_ws/install/turtlebot3_msgs/bin'
[1.242s] Level 1:colcon.colcon_core.environment:checking '/home/njoy/rover-simulation/turtlebot3_ws/install/turtlebot3_msgs/lib/pkgconfig/turtlebot3_msgs.pc'
[1.242s] Level 1:colcon.colcon_core.environment:checking '/home/njoy/rover-simulation/turtlebot3_ws/install/turtlebot3_msgs/lib/python3.12/site-packages'
[1.242s] Level 1:colcon.colcon_core.shell:create_environment_hook('turtlebot3_msgs', 'pythonpath')
[1.242s] INFO:colcon.colcon_core.shell:Creating environment hook '/home/njoy/rover-simulation/turtlebot3_ws/install/turtlebot3_msgs/share/turtlebot3_msgs/hook/pythonpath.ps1'
[1.242s] INFO:colcon.colcon_core.shell:Creating environment descriptor '/home/njoy/rover-simulation/turtlebot3_ws/install/turtlebot3_msgs/share/turtlebot3_msgs/hook/pythonpath.dsv'
[1.243s] INFO:colcon.colcon_core.shell:Creating environment hook '/home/njoy/rover-simulation/turtlebot3_ws/install/turtlebot3_msgs/share/turtlebot3_msgs/hook/pythonpath.sh'
[1.243s] Level 1:colcon.colcon_core.environment:checking '/home/njoy/rover-simulation/turtlebot3_ws/install/turtlebot3_msgs/bin'
[1.243s] INFO:colcon.colcon_core.shell:Creating package script '/home/njoy/rover-simulation/turtlebot3_ws/install/turtlebot3_msgs/share/turtlebot3_msgs/package.ps1'
[1.244s] INFO:colcon.colcon_core.shell:Creating package descriptor '/home/njoy/rover-simulation/turtlebot3_ws/install/turtlebot3_msgs/share/turtlebot3_msgs/package.dsv'
[1.244s] INFO:colcon.colcon_core.shell:Creating package script '/home/njoy/rover-simulation/turtlebot3_ws/install/turtlebot3_msgs/share/turtlebot3_msgs/package.sh'
[1.245s] INFO:colcon.colcon_core.shell:Creating package script '/home/njoy/rover-simulation/turtlebot3_ws/install/turtlebot3_msgs/share/turtlebot3_msgs/package.bash'
[1.245s] INFO:colcon.colcon_core.shell:Creating package script '/home/njoy/rover-simulation/turtlebot3_ws/install/turtlebot3_msgs/share/turtlebot3_msgs/package.zsh'
[1.245s] Level 1:colcon.colcon_core.environment:create_file_with_runtime_dependencies(/home/njoy/rover-simulation/turtlebot3_ws/install/turtlebot3_msgs/share/colcon-core/packages/turtlebot3_msgs)
[1.245s] INFO:colcon.colcon_ros.task.ament_python.build:Building ROS package in '/home/njoy/rover-simulation/turtlebot3_ws/src/turtlebot3/turtlebot3_example' with build type 'ament_python'
[1.246s] Level 1:colcon.colcon_core.shell:create_environment_hook('turtlebot3_example', 'ament_prefix_path')
[1.246s] INFO:colcon.colcon_core.shell:Creating environment hook '/home/njoy/rover-simulation/turtlebot3_ws/install/turtlebot3_example/share/turtlebot3_example/hook/ament_prefix_path.ps1'
[1.247s] INFO:colcon.colcon_core.shell:Creating environment descriptor '/home/njoy/rover-simulation/turtlebot3_ws/install/turtlebot3_example/share/turtlebot3_example/hook/ament_prefix_path.dsv'
[1.247s] INFO:colcon.colcon_core.shell:Creating environment hook '/home/njoy/rover-simulation/turtlebot3_ws/install/turtlebot3_example/share/turtlebot3_example/hook/ament_prefix_path.sh'
[1.248s] INFO:colcon.colcon_core.shell:Skip shell extension 'powershell' for command environment: Not usable outside of PowerShell
[1.248s] DEBUG:colcon.colcon_core.shell:Skip shell extension 'dsv' for command environment
[1.252s] INFO:colcon.colcon_ros.task.ament_cmake.build:Building ROS package in '/home/njoy/rover-simulation/turtlebot3_ws/src/turtlebot3_simulations/turtlebot3_fake_node' with build type 'ament_cmake'
[1.253s] INFO:colcon.colcon_cmake.task.cmake.build:Building CMake package in '/home/njoy/rover-simulation/turtlebot3_ws/src/turtlebot3_simulations/turtlebot3_fake_node'
[1.253s] INFO:colcon.colcon_core.shell:Skip shell extension 'powershell' for command environment: Not usable outside of PowerShell
[1.253s] DEBUG:colcon.colcon_core.shell:Skip shell extension 'dsv' for command environment
[1.452s] INFO:colcon.colcon_core.task.python.build:Building Python package in '/home/njoy/rover-simulation/turtlebot3_ws/src/turtlebot3/turtlebot3_example'
[1.452s] INFO:colcon.colcon_core.shell:Skip shell extension 'powershell' for command environment: Not usable outside of PowerShell
[1.452s] DEBUG:colcon.colcon_core.shell:Skip shell extension 'dsv' for command environment
[1.458s] Level 1:colcon.colcon_core.environment:create_environment_scripts_only(dynamixel_sdk)
[1.458s] Level 1:colcon.colcon_core.environment:checking '/home/njoy/rover-simulation/turtlebot3_ws/install/dynamixel_sdk' for CMake module files
[1.459s] DEBUG:colcon.colcon_core.event_handler.log_command:Invoking command in '/home/njoy/rover-simulation/turtlebot3_ws/build/turtlebot3_fake_node': CMAKE_PREFIX_PATH=/home/njoy/rover-simulation/turtlebot3_ws/install/turtlebot3_msgs:/home/njoy/rover-simulation/turtlebot3_ws/install/turtlebot3:/home/njoy/rover-simulation/turtlebot3_ws/install/turtlebot3_bringup:/home/njoy/rover-simulation/turtlebot3_ws/install/turtlebot3_node:/home/njoy/rover-simulation/turtlebot3_ws/install/turtlebot3_navigation2:/home/njoy/rover-simulation/turtlebot3_ws/install/turtlebot3_description:/home/njoy/rover-simulation/turtlebot3_ws/install/turtlebot3_cartographer:/home/njoy/rover-simulation/turtlebot3_ws/install/dynamixel_sdk_examples:/home/njoy/rover-simulation/turtlebot3_ws/install/dynamixel_sdk_custom_interfaces:/home/njoy/rover-simulation/turtlebot3_ws/install/dynamixel_sdk:/opt/ros/jazzy/opt/gz_math_vendor:/opt/ros/jazzy/opt/gz_utils_vendor:/opt/ros/jazzy/opt/gz_cmake_vendor:/home/njoy/rover-simulation/turtlebot3_ws/install/turtlebot3_teleop:/home/njoy/rover-simulation/turtlebot3_ws/install/turtlebot3_example:/opt/ros/jazzy DEBUGINFOD_URLS=ima:enforcing https://debuginfod.fedoraproject.org/ ima:ignore PS1=📦[\u@rover-dev-container \W]$ PYTHONPATH=/home/njoy/rover-simulation/turtlebot3_ws/install/turtlebot3_msgs/lib/python3.12/site-packages:/home/njoy/rover-simulation/turtlebot3_ws/build/turtlebot3_teleop:/home/njoy/rover-simulation/turtlebot3_ws/install/turtlebot3_teleop/lib/python3.12/site-packages:/home/njoy/rover-simulation/turtlebot3_ws/build/turtlebot3_example:/home/njoy/rover-simulation/turtlebot3_ws/install/turtlebot3_example/lib/python3.12/site-packages:/home/njoy/rover-simulation/turtlebot3_ws/install/dynamixel_sdk_custom_interfaces/lib/python3.12/site-packages:/home/njoy/rover-simulation/turtlebot3_ws/install/dynamixel_sdk/lib/python3.12/site-packages:/opt/ros/jazzy/lib/python3.12/site-packages /usr/bin/cmake /home/njoy/rover-simulation/turtlebot3_ws/src/turtlebot3_simulations/turtlebot3_fake_node -DAMENT_CMAKE_SYMLINK_INSTALL=1 -DCMAKE_INSTALL_PREFIX=/home/njoy/rover-simulation/turtlebot3_ws/install/turtlebot3_fake_node
[1.459s] Level 1:colcon.colcon_core.environment:checking '/home/njoy/rover-simulation/turtlebot3_ws/install/dynamixel_sdk' for CMake config files
[1.459s] DEBUG:colcon.colcon_core.event_handler.log_command:Invoked command in '/home/njoy/rover-simulation/turtlebot3_ws/build/dynamixel_sdk' returned '0': CMAKE_PREFIX_PATH=${CMAKE_PREFIX_PATH}:/home/njoy/rover-simulation/turtlebot3_ws/install/turtlebot3_teleop:/home/njoy/rover-simulation/turtlebot3_ws/install/turtlebot3_example:/opt/ros/jazzy DEBUGINFOD_URLS=ima:enforcing https://debuginfod.fedoraproject.org/ ima:ignore PS1=📦[\u@rover-dev-container \W]$ /usr/bin/cmake --install /home/njoy/rover-simulation/turtlebot3_ws/build/dynamixel_sdk
[1.460s] Level 1:colcon.colcon_core.shell:create_environment_hook('dynamixel_sdk', 'cmake_prefix_path')
[1.460s] INFO:colcon.colcon_core.shell:Creating environment hook '/home/njoy/rover-simulation/turtlebot3_ws/install/dynamixel_sdk/share/dynamixel_sdk/hook/cmake_prefix_path.ps1'
[1.461s] INFO:colcon.colcon_core.shell:Creating environment descriptor '/home/njoy/rover-simulation/turtlebot3_ws/install/dynamixel_sdk/share/dynamixel_sdk/hook/cmake_prefix_path.dsv'
[1.461s] INFO:colcon.colcon_core.shell:Creating environment hook '/home/njoy/rover-simulation/turtlebot3_ws/install/dynamixel_sdk/share/dynamixel_sdk/hook/cmake_prefix_path.sh'
[1.462s] Level 1:colcon.colcon_core.environment:checking '/home/njoy/rover-simulation/turtlebot3_ws/install/dynamixel_sdk/lib'
[1.462s] Level 1:colcon.colcon_core.shell:create_environment_hook('dynamixel_sdk', 'ld_library_path_lib')
[1.462s] INFO:colcon.colcon_core.shell:Creating environment hook '/home/njoy/rover-simulation/turtlebot3_ws/install/dynamixel_sdk/share/dynamixel_sdk/hook/ld_library_path_lib.ps1'
[1.462s] INFO:colcon.colcon_core.shell:Creating environment descriptor '/home/njoy/rover-simulation/turtlebot3_ws/install/dynamixel_sdk/share/dynamixel_sdk/hook/ld_library_path_lib.dsv'
[1.462s] INFO:colcon.colcon_core.shell:Creating environment hook '/home/njoy/rover-simulation/turtlebot3_ws/install/dynamixel_sdk/share/dynamixel_sdk/hook/ld_library_path_lib.sh'
[1.463s] Level 1:colcon.colcon_core.environment:checking '/home/njoy/rover-simulation/turtlebot3_ws/install/dynamixel_sdk/bin'
[1.463s] Level 1:colcon.colcon_core.environment:checking '/home/njoy/rover-simulation/turtlebot3_ws/install/dynamixel_sdk/lib/pkgconfig/dynamixel_sdk.pc'
[1.463s] Level 1:colcon.colcon_core.environment:checking '/home/njoy/rover-simulation/turtlebot3_ws/install/dynamixel_sdk/lib/python3.12/site-packages'
[1.463s] Level 1:colcon.colcon_core.shell:create_environment_hook('dynamixel_sdk', 'pythonpath')
[1.463s] INFO:colcon.colcon_core.shell:Creating environment hook '/home/njoy/rover-simulation/turtlebot3_ws/install/dynamixel_sdk/share/dynamixel_sdk/hook/pythonpath.ps1'
[1.463s] INFO:colcon.colcon_core.shell:Creating environment descriptor '/home/njoy/rover-simulation/turtlebot3_ws/install/dynamixel_sdk/share/dynamixel_sdk/hook/pythonpath.dsv'
[1.464s] INFO:colcon.colcon_core.shell:Creating environment hook '/home/njoy/rover-simulation/turtlebot3_ws/install/dynamixel_sdk/share/dynamixel_sdk/hook/pythonpath.sh'
[1.464s] Level 1:colcon.colcon_core.environment:checking '/home/njoy/rover-simulation/turtlebot3_ws/install/dynamixel_sdk/bin'
[1.464s] INFO:colcon.colcon_core.shell:Creating package script '/home/njoy/rover-simulation/turtlebot3_ws/install/dynamixel_sdk/share/dynamixel_sdk/package.ps1'
[1.465s] INFO:colcon.colcon_core.shell:Creating package descriptor '/home/njoy/rover-simulation/turtlebot3_ws/install/dynamixel_sdk/share/dynamixel_sdk/package.dsv'
[1.465s] INFO:colcon.colcon_core.shell:Creating package script '/home/njoy/rover-simulation/turtlebot3_ws/install/dynamixel_sdk/share/dynamixel_sdk/package.sh'
[1.465s] INFO:colcon.colcon_core.shell:Creating package script '/home/njoy/rover-simulation/turtlebot3_ws/install/dynamixel_sdk/share/dynamixel_sdk/package.bash'
[1.466s] INFO:colcon.colcon_core.shell:Creating package script '/home/njoy/rover-simulation/turtlebot3_ws/install/dynamixel_sdk/share/dynamixel_sdk/package.zsh'
[1.466s] Level 1:colcon.colcon_core.environment:create_file_with_runtime_dependencies(/home/njoy/rover-simulation/turtlebot3_ws/install/dynamixel_sdk/share/colcon-core/packages/dynamixel_sdk)
[1.466s] Level 1:colcon.colcon_core.environment:create_environment_scripts_only(dynamixel_sdk)
[1.466s] Level 1:colcon.colcon_core.environment:checking '/home/njoy/rover-simulation/turtlebot3_ws/install/dynamixel_sdk' for CMake module files
[1.467s] Level 1:colcon.colcon_core.environment:checking '/home/njoy/rover-simulation/turtlebot3_ws/install/dynamixel_sdk' for CMake config files
[1.468s] Level 1:colcon.colcon_core.shell:create_environment_hook('dynamixel_sdk', 'cmake_prefix_path')
[1.468s] INFO:colcon.colcon_core.shell:Creating environment hook '/home/njoy/rover-simulation/turtlebot3_ws/install/dynamixel_sdk/share/dynamixel_sdk/hook/cmake_prefix_path.ps1'
[1.468s] INFO:colcon.colcon_core.shell:Creating environment descriptor '/home/njoy/rover-simulation/turtlebot3_ws/install/dynamixel_sdk/share/dynamixel_sdk/hook/cmake_prefix_path.dsv'
[1.468s] INFO:colcon.colcon_core.shell:Creating environment hook '/home/njoy/rover-simulation/turtlebot3_ws/install/dynamixel_sdk/share/dynamixel_sdk/hook/cmake_prefix_path.sh'
[1.469s] Level 1:colcon.colcon_core.environment:checking '/home/njoy/rover-simulation/turtlebot3_ws/install/dynamixel_sdk/lib'
[1.469s] Level 1:colcon.colcon_core.shell:create_environment_hook('dynamixel_sdk', 'ld_library_path_lib')
[1.469s] INFO:colcon.colcon_core.shell:Creating environment hook '/home/njoy/rover-simulation/turtlebot3_ws/install/dynamixel_sdk/share/dynamixel_sdk/hook/ld_library_path_lib.ps1'
[1.469s] INFO:colcon.colcon_core.shell:Creating environment descriptor '/home/njoy/rover-simulation/turtlebot3_ws/install/dynamixel_sdk/share/dynamixel_sdk/hook/ld_library_path_lib.dsv'
[1.469s] INFO:colcon.colcon_core.shell:Creating environment hook '/home/njoy/rover-simulation/turtlebot3_ws/install/dynamixel_sdk/share/dynamixel_sdk/hook/ld_library_path_lib.sh'
[1.470s] Level 1:colcon.colcon_core.environment:checking '/home/njoy/rover-simulation/turtlebot3_ws/install/dynamixel_sdk/bin'
[1.470s] Level 1:colcon.colcon_core.environment:checking '/home/njoy/rover-simulation/turtlebot3_ws/install/dynamixel_sdk/lib/pkgconfig/dynamixel_sdk.pc'
[1.470s] Level 1:colcon.colcon_core.environment:checking '/home/njoy/rover-simulation/turtlebot3_ws/install/dynamixel_sdk/lib/python3.12/site-packages'
[1.470s] Level 1:colcon.colcon_core.shell:create_environment_hook('dynamixel_sdk', 'pythonpath')
[1.470s] INFO:colcon.colcon_core.shell:Creating environment hook '/home/njoy/rover-simulation/turtlebot3_ws/install/dynamixel_sdk/share/dynamixel_sdk/hook/pythonpath.ps1'
[1.470s] INFO:colcon.colcon_core.shell:Creating environment descriptor '/home/njoy/rover-simulation/turtlebot3_ws/install/dynamixel_sdk/share/dynamixel_sdk/hook/pythonpath.dsv'
[1.470s] INFO:colcon.colcon_core.shell:Creating environment hook '/home/njoy/rover-simulation/turtlebot3_ws/install/dynamixel_sdk/share/dynamixel_sdk/hook/pythonpath.sh'
[1.471s] Level 1:colcon.colcon_core.environment:checking '/home/njoy/rover-simulation/turtlebot3_ws/install/dynamixel_sdk/bin'
[1.471s] INFO:colcon.colcon_core.shell:Creating package script '/home/njoy/rover-simulation/turtlebot3_ws/install/dynamixel_sdk/share/dynamixel_sdk/package.ps1'
[1.472s] INFO:colcon.colcon_core.shell:Creating package descriptor '/home/njoy/rover-simulation/turtlebot3_ws/install/dynamixel_sdk/share/dynamixel_sdk/package.dsv'
[1.472s] INFO:colcon.colcon_core.shell:Creating package script '/home/njoy/rover-simulation/turtlebot3_ws/install/dynamixel_sdk/share/dynamixel_sdk/package.sh'
[1.472s] INFO:colcon.colcon_core.shell:Creating package script '/home/njoy/rover-simulation/turtlebot3_ws/install/dynamixel_sdk/share/dynamixel_sdk/package.bash'
[1.473s] INFO:colcon.colcon_core.shell:Creating package script '/home/njoy/rover-simulation/turtlebot3_ws/install/dynamixel_sdk/share/dynamixel_sdk/package.zsh'
[1.473s] Level 1:colcon.colcon_core.environment:create_file_with_runtime_dependencies(/home/njoy/rover-simulation/turtlebot3_ws/install/dynamixel_sdk/share/colcon-core/packages/dynamixel_sdk)
[1.473s] INFO:colcon.colcon_ros.task.ament_cmake.build:Building ROS package in '/home/njoy/rover-simulation/turtlebot3_ws/src/turtlebot3/turtlebot3_node' with build type 'ament_cmake'
[1.474s] INFO:colcon.colcon_cmake.task.cmake.build:Building CMake package in '/home/njoy/rover-simulation/turtlebot3_ws/src/turtlebot3/turtlebot3_node'
[1.474s] INFO:colcon.colcon_core.shell:Skip shell extension 'powershell' for command environment: Not usable outside of PowerShell
[1.474s] DEBUG:colcon.colcon_core.shell:Skip shell extension 'dsv' for command environment
[1.478s] INFO:colcon.colcon_ros.task.ament_cmake.build:Building ROS package in '/home/njoy/rover-simulation/turtlebot3_ws/src/DynamixelSDK/ros/dynamixel_sdk_examples' with build type 'ament_cmake'
[1.478s] INFO:colcon.colcon_cmake.task.cmake.build:Building CMake package in '/home/njoy/rover-simulation/turtlebot3_ws/src/DynamixelSDK/ros/dynamixel_sdk_examples'
[1.478s] INFO:colcon.colcon_core.shell:Skip shell extension 'powershell' for command environment: Not usable outside of PowerShell
[1.478s] DEBUG:colcon.colcon_core.shell:Skip shell extension 'dsv' for command environment
[1.489s] DEBUG:colcon.colcon_core.event_handler.log_command:Invoking command in '/home/njoy/rover-simulation/turtlebot3_ws/build/turtlebot3_node': CMAKE_PREFIX_PATH=/home/njoy/rover-simulation/turtlebot3_ws/install/turtlebot3_msgs:/home/njoy/rover-simulation/turtlebot3_ws/install/dynamixel_sdk:/home/njoy/rover-simulation/turtlebot3_ws/install/turtlebot3:/home/njoy/rover-simulation/turtlebot3_ws/install/turtlebot3_bringup:/home/njoy/rover-simulation/turtlebot3_ws/install/turtlebot3_node:/home/njoy/rover-simulation/turtlebot3_ws/install/turtlebot3_navigation2:/home/njoy/rover-simulation/turtlebot3_ws/install/turtlebot3_description:/home/njoy/rover-simulation/turtlebot3_ws/install/turtlebot3_cartographer:/home/njoy/rover-simulation/turtlebot3_ws/install/dynamixel_sdk_examples:/home/njoy/rover-simulation/turtlebot3_ws/install/dynamixel_sdk_custom_interfaces:/opt/ros/jazzy/opt/gz_math_vendor:/opt/ros/jazzy/opt/gz_utils_vendor:/opt/ros/jazzy/opt/gz_cmake_vendor:/home/njoy/rover-simulation/turtlebot3_ws/install/turtlebot3_teleop:/home/njoy/rover-simulation/turtlebot3_ws/install/turtlebot3_example:/opt/ros/jazzy DEBUGINFOD_URLS=ima:enforcing https://debuginfod.fedoraproject.org/ ima:ignore LD_LIBRARY_PATH=/home/njoy/rover-simulation/turtlebot3_ws/install/turtlebot3_msgs/lib:/home/njoy/rover-simulation/turtlebot3_ws/install/dynamixel_sdk/lib:/home/njoy/rover-simulation/turtlebot3_ws/install/dynamixel_sdk_custom_interfaces/lib:/opt/ros/jazzy/opt/rviz_ogre_vendor/lib:/opt/ros/jazzy/lib/x86_64-linux-gnu:/opt/ros/jazzy/opt/gz_math_vendor/lib:/opt/ros/jazzy/opt/gz_utils_vendor/lib:/opt/ros/jazzy/opt/gz_cmake_vendor/lib:/opt/ros/jazzy/lib PS1=📦[\u@rover-dev-container \W]$ PYTHONPATH=/home/njoy/rover-simulation/turtlebot3_ws/install/turtlebot3_msgs/lib/python3.12/site-packages:/home/njoy/rover-simulation/turtlebot3_ws/install/dynamixel_sdk/lib/python3.12/site-packages:/home/njoy/rover-simulation/turtlebot3_ws/build/turtlebot3_teleop:/home/njoy/rover-simulation/turtlebot3_ws/install/turtlebot3_teleop/lib/python3.12/site-packages:/home/njoy/rover-simulation/turtlebot3_ws/build/turtlebot3_example:/home/njoy/rover-simulation/turtlebot3_ws/install/turtlebot3_example/lib/python3.12/site-packages:/home/njoy/rover-simulation/turtlebot3_ws/install/dynamixel_sdk_custom_interfaces/lib/python3.12/site-packages:/opt/ros/jazzy/lib/python3.12/site-packages /usr/bin/cmake --build /home/njoy/rover-simulation/turtlebot3_ws/build/turtlebot3_node -- -j16 -l16
[1.493s] DEBUG:colcon.colcon_core.event_handler.log_command:Invoking command in '/home/njoy/rover-simulation/turtlebot3_ws/build/dynamixel_sdk_examples': CMAKE_PREFIX_PATH=/home/njoy/rover-simulation/turtlebot3_ws/install/dynamixel_sdk_custom_interfaces:/home/njoy/rover-simulation/turtlebot3_ws/install/dynamixel_sdk:/home/njoy/rover-simulation/turtlebot3_ws/install/turtlebot3:/home/njoy/rover-simulation/turtlebot3_ws/install/turtlebot3_bringup:/home/njoy/rover-simulation/turtlebot3_ws/install/turtlebot3_node:/home/njoy/rover-simulation/turtlebot3_ws/install/turtlebot3_navigation2:/home/njoy/rover-simulation/turtlebot3_ws/install/turtlebot3_msgs:/home/njoy/rover-simulation/turtlebot3_ws/install/turtlebot3_description:/home/njoy/rover-simulation/turtlebot3_ws/install/turtlebot3_cartographer:/home/njoy/rover-simulation/turtlebot3_ws/install/dynamixel_sdk_examples:/opt/ros/jazzy/opt/gz_math_vendor:/opt/ros/jazzy/opt/gz_utils_vendor:/opt/ros/jazzy/opt/gz_cmake_vendor:/home/njoy/rover-simulation/turtlebot3_ws/install/turtlebot3_teleop:/home/njoy/rover-simulation/turtlebot3_ws/install/turtlebot3_example:/opt/ros/jazzy DEBUGINFOD_URLS=ima:enforcing https://debuginfod.fedoraproject.org/ ima:ignore LD_LIBRARY_PATH=/home/njoy/rover-simulation/turtlebot3_ws/install/dynamixel_sdk_custom_interfaces/lib:/home/njoy/rover-simulation/turtlebot3_ws/install/dynamixel_sdk/lib:/home/njoy/rover-simulation/turtlebot3_ws/install/turtlebot3_msgs/lib:/opt/ros/jazzy/opt/rviz_ogre_vendor/lib:/opt/ros/jazzy/lib/x86_64-linux-gnu:/opt/ros/jazzy/opt/gz_math_vendor/lib:/opt/ros/jazzy/opt/gz_utils_vendor/lib:/opt/ros/jazzy/opt/gz_cmake_vendor/lib:/opt/ros/jazzy/lib PS1=📦[\u@rover-dev-container \W]$ PYTHONPATH=/home/njoy/rover-simulation/turtlebot3_ws/install/dynamixel_sdk_custom_interfaces/lib/python3.12/site-packages:/home/njoy/rover-simulation/turtlebot3_ws/install/dynamixel_sdk/lib/python3.12/site-packages:/home/njoy/rover-simulation/turtlebot3_ws/build/turtlebot3_teleop:/home/njoy/rover-simulation/turtlebot3_ws/install/turtlebot3_teleop/lib/python3.12/site-packages:/home/njoy/rover-simulation/turtlebot3_ws/build/turtlebot3_example:/home/njoy/rover-simulation/turtlebot3_ws/install/turtlebot3_example/lib/python3.12/site-packages:/home/njoy/rover-simulation/turtlebot3_ws/install/turtlebot3_msgs/lib/python3.12/site-packages:/opt/ros/jazzy/lib/python3.12/site-packages /usr/bin/cmake --build /home/njoy/rover-simulation/turtlebot3_ws/build/dynamixel_sdk_examples -- -j16 -l16
[1.499s] DEBUG:colcon.colcon_core.event_handler.log_command:Invoked command in '/home/njoy/rover-simulation/turtlebot3_ws/build/turtlebot3_gazebo' returned '1': CMAKE_PREFIX_PATH=${CMAKE_PREFIX_PATH}:/home/njoy/rover-simulation/turtlebot3_ws/install/turtlebot3_teleop:/home/njoy/rover-simulation/turtlebot3_ws/install/turtlebot3_example:/opt/ros/jazzy DEBUGINFOD_URLS=ima:enforcing https://debuginfod.fedoraproject.org/ ima:ignore PS1=📦[\u@rover-dev-container \W]$ /usr/bin/cmake /home/njoy/rover-simulation/turtlebot3_ws/src/turtlebot3_simulations/turtlebot3_gazebo -DAMENT_CMAKE_SYMLINK_INSTALL=1 -DCMAKE_INSTALL_PREFIX=/home/njoy/rover-simulation/turtlebot3_ws/install/turtlebot3_gazebo
[1.514s] Level 1:colcon.colcon_core.environment:create_environment_scripts_only(turtlebot3_gazebo)
[1.515s] Level 1:colcon.colcon_core.environment:checking '/home/njoy/rover-simulation/turtlebot3_ws/install/turtlebot3_gazebo' for CMake module files
[1.515s] Level 1:colcon.colcon_core.environment:checking '/home/njoy/rover-simulation/turtlebot3_ws/install/turtlebot3_gazebo' for CMake config files
[1.515s] Level 1:colcon.colcon_core.environment:checking '/home/njoy/rover-simulation/turtlebot3_ws/install/turtlebot3_gazebo/bin'
[1.516s] Level 1:colcon.colcon_core.environment:checking '/home/njoy/rover-simulation/turtlebot3_ws/install/turtlebot3_gazebo/lib/pkgconfig/turtlebot3_gazebo.pc'
[1.516s] Level 1:colcon.colcon_core.environment:checking '/home/njoy/rover-simulation/turtlebot3_ws/install/turtlebot3_gazebo/lib/python3.12/site-packages'
[1.516s] Level 1:colcon.colcon_core.environment:checking '/home/njoy/rover-simulation/turtlebot3_ws/install/turtlebot3_gazebo/bin'
[1.516s] INFO:colcon.colcon_core.shell:Creating package script '/home/njoy/rover-simulation/turtlebot3_ws/install/turtlebot3_gazebo/share/turtlebot3_gazebo/package.ps1'
[1.517s] INFO:colcon.colcon_core.shell:Creating package descriptor '/home/njoy/rover-simulation/turtlebot3_ws/install/turtlebot3_gazebo/share/turtlebot3_gazebo/package.dsv'
[1.517s] INFO:colcon.colcon_core.shell:Creating package script '/home/njoy/rover-simulation/turtlebot3_ws/install/turtlebot3_gazebo/share/turtlebot3_gazebo/package.sh'
[1.517s] INFO:colcon.colcon_core.shell:Creating package script '/home/njoy/rover-simulation/turtlebot3_ws/install/turtlebot3_gazebo/share/turtlebot3_gazebo/package.bash'
[1.518s] INFO:colcon.colcon_core.shell:Creating package script '/home/njoy/rover-simulation/turtlebot3_ws/install/turtlebot3_gazebo/share/turtlebot3_gazebo/package.zsh'
[1.518s] Level 1:colcon.colcon_core.environment:create_file_with_runtime_dependencies(/home/njoy/rover-simulation/turtlebot3_ws/install/turtlebot3_gazebo/share/colcon-core/packages/turtlebot3_gazebo)
[2.897s] DEBUG:colcon.colcon_parallel_executor.executor.parallel:closing loop
[2.897s] DEBUG:colcon.colcon_parallel_executor.executor.parallel:loop closed
[2.898s] DEBUG:colcon.colcon_parallel_executor.executor.parallel:run_until_complete finished with '1'
[2.898s] DEBUG:colcon.colcon_core.event_reactor:joining thread
[2.904s] INFO:colcon.colcon_core.plugin_system:Skipping extension 'colcon_notification.desktop_notification.notify_send': Could not find 'notify-send'
[2.904s] INFO:colcon.colcon_core.plugin_system:Skipping extension 'colcon_notification.desktop_notification.terminal_notifier': Not used on non-Darwin systems
[2.904s] INFO:colcon.colcon_core.plugin_system:Skipping extension 'colcon_notification.desktop_notification.win32': Not used on non-Windows systems
[2.904s] INFO:colcon.colcon_notification.desktop_notification:Sending desktop notification using 'notify2'
[2.919s] DEBUG:colcon.colcon_core.event_reactor:joined thread
[2.919s] INFO:colcon.colcon_core.shell:Creating prefix script '/home/njoy/rover-simulation/turtlebot3_ws/install/local_setup.ps1'
[2.920s] INFO:colcon.colcon_core.shell:Creating prefix util module '/home/njoy/rover-simulation/turtlebot3_ws/install/_local_setup_util_ps1.py'
[2.921s] INFO:colcon.colcon_core.shell:Creating prefix chain script '/home/njoy/rover-simulation/turtlebot3_ws/install/setup.ps1'
[2.922s] INFO:colcon.colcon_core.shell:Creating prefix script '/home/njoy/rover-simulation/turtlebot3_ws/install/local_setup.sh'
[2.923s] INFO:colcon.colcon_core.shell:Creating prefix util module '/home/njoy/rover-simulation/turtlebot3_ws/install/_local_setup_util_sh.py'
[2.924s] INFO:colcon.colcon_core.shell:Creating prefix chain script '/home/njoy/rover-simulation/turtlebot3_ws/install/setup.sh'
[2.925s] INFO:colcon.colcon_core.shell:Creating prefix script '/home/njoy/rover-simulation/turtlebot3_ws/install/local_setup.bash'
[2.925s] INFO:colcon.colcon_core.shell:Creating prefix chain script '/home/njoy/rover-simulation/turtlebot3_ws/install/setup.bash'
[2.926s] INFO:colcon.colcon_core.shell:Creating prefix script '/home/njoy/rover-simulation/turtlebot3_ws/install/local_setup.zsh'
[2.927s] INFO:colcon.colcon_core.shell:Creating prefix chain script '/home/njoy/rover-simulation/turtlebot3_ws/install/setup.zsh'
